{
    "patch": "/home/mmartinez/xTestCluster/Patches/Patches_Wang902/Patches_ICSE/Doverfitting/Arja/Chart/patch1-Chart-25-Arja-plusible.patch",
    "project": "Chart",
    "bugid": "25",
    "dataset": "Patches_ICSE",
    "date": "2022-12-21T23:45:51.112284",
    "project_checked": "ok",
    "compiledProjectModified": "ok",
    "patchApplied": "ok",
    "arrive_end": "ok",
    "patched_project_pass_all_test": "no",
    "test_execution": [
        {
            "patch": "/home/mmartinez/xTestCluster/Patches/Patches_Wang902/Patches_ICSE/Doverfitting/Arja/Chart/patch1-Chart-25-Arja-plusible.patch",
            "test": "test_from_WangICSE_patch1-Chart-25-Kali-plausible",
            "failing": 1,
            "testrun": 60,
            "failings": [
                "test49(org.jfree.data.statistics.DefaultStatisticalCategoryDataset_ESTest)"
            ],
            "status": "ok",
            "test_executed": [
                "org.jfree.data.statistics.DefaultStatisticalCategoryDataset_ESTest"
            ],
            "failing_assertions": [
                "java.lang.NullPointerException"
            ],
            "failing_lines": [
                [
                    "org.jfree.data.statistics.DefaultStatisticalCategoryDataset_ESTest.test49(DefaultStatisticalCategoryDataset_ESTest.java:565)"
                ]
            ]
        },
        {
            "patch": "/home/mmartinez/xTestCluster/Patches/Patches_Wang902/Patches_ICSE/Doverfitting/Arja/Chart/patch1-Chart-25-Arja-plusible.patch",
            "test": "test_from_WangICSE_patch1-Chart-25-FixMiner-plausible",
            "failing": 5,
            "testrun": 61,
            "failings": [
                "test50(org.jfree.data.statistics.DefaultStatisticalCategoryDataset_ESTest)",
                "test51(org.jfree.data.statistics.DefaultStatisticalCategoryDataset_ESTest)",
                "test45(org.jfree.data.statistics.DefaultStatisticalCategoryDataset_ESTest)",
                "test49(org.jfree.data.statistics.DefaultStatisticalCategoryDataset_ESTest)",
                "test35(org.jfree.data.statistics.DefaultStatisticalCategoryDataset_ESTest)"
            ],
            "status": "ok",
            "test_executed": [
                "org.jfree.data.statistics.DefaultStatisticalCategoryDataset_ESTest"
            ],
            "failing_assertions": [
                "java.lang.ArrayIndexOutOfBoundsException: -1094",
                "java.lang.IndexOutOfBoundsException: Index: 1436, Size: 1",
                "java.lang.IndexOutOfBoundsException: Index: 911, Size: 1",
                "java.lang.AssertionError: expected same:<null> was not:<0>",
                "java.lang.NullPointerException"
            ],
            "failing_lines": [
                [
                    "org.jfree.data.statistics.DefaultStatisticalCategoryDataset_ESTest.test50(DefaultStatisticalCategoryDataset_ESTest.java:553)"
                ],
                [
                    "org.jfree.data.statistics.DefaultStatisticalCategoryDataset_ESTest.test51(DefaultStatisticalCategoryDataset_ESTest.java:563)"
                ],
                [
                    "org.jfree.data.statistics.DefaultStatisticalCategoryDataset_ESTest.test45(DefaultStatisticalCategoryDataset_ESTest.java:501)"
                ],
                [
                    "org.jfree.data.statistics.DefaultStatisticalCategoryDataset_ESTest.test49(DefaultStatisticalCategoryDataset_ESTest.java:545)"
                ],
                [
                    "org.jfree.data.statistics.DefaultStatisticalCategoryDataset_ESTest.test35(DefaultStatisticalCategoryDataset_ESTest.java:415)"
                ]
            ]
        },
        {
            "patch": "/home/mmartinez/xTestCluster/Patches/Patches_Wang902/Patches_ICSE/Doverfitting/Arja/Chart/patch1-Chart-25-Arja-plusible.patch",
            "test": "test_from_WangICSE_patch1-Chart-25-jKali-plausible",
            "failing": 7,
            "testrun": 22,
            "failings": [
                "test15(org.jfree.chart.renderer.category.StatisticalBarRenderer_ESTest)",
                "test05(org.jfree.chart.renderer.category.StatisticalBarRenderer_ESTest)",
                "test02(org.jfree.chart.renderer.category.StatisticalBarRenderer_ESTest)",
                "test03(org.jfree.chart.renderer.category.StatisticalBarRenderer_ESTest)",
                "test14(org.jfree.chart.renderer.category.StatisticalBarRenderer_ESTest)",
                "test00(org.jfree.chart.renderer.category.StatisticalBarRenderer_ESTest)",
                "test12(org.jfree.chart.renderer.category.StatisticalBarRenderer_ESTest)"
            ],
            "status": "ok",
            "test_executed": [
                "org.jfree.chart.renderer.category.StatisticalBarRenderer_ESTest"
            ],
            "failing_assertions": [
                "java.lang.NullPointerException",
                "java.lang.NullPointerException",
                "java.lang.NullPointerException",
                "java.lang.NullPointerException",
                "java.lang.NullPointerException",
                "java.lang.NullPointerException",
                "java.lang.NullPointerException"
            ],
            "failing_lines": [
                [
                    "org.jfree.chart.renderer.category.StatisticalBarRenderer_ESTest.test15(StatisticalBarRenderer_ESTest.java:274)"
                ],
                [
                    "org.jfree.chart.renderer.category.StatisticalBarRenderer_ESTest.test05(StatisticalBarRenderer_ESTest.java:131)"
                ],
                [
                    "org.jfree.chart.renderer.category.StatisticalBarRenderer_ESTest.test02(StatisticalBarRenderer_ESTest.java:90)"
                ],
                [
                    "org.jfree.chart.renderer.category.StatisticalBarRenderer_ESTest.test03(StatisticalBarRenderer_ESTest.java:105)"
                ],
                [
                    "org.jfree.chart.renderer.category.StatisticalBarRenderer_ESTest.test14(StatisticalBarRenderer_ESTest.java:260)"
                ],
                [
                    "org.jfree.chart.renderer.category.StatisticalBarRenderer_ESTest.test00(StatisticalBarRenderer_ESTest.java:55)"
                ],
                [
                    "org.jfree.chart.renderer.category.StatisticalBarRenderer_ESTest.test12(StatisticalBarRenderer_ESTest.java:223)"
                ]
            ]
        },
        {
            "patch": "/home/mmartinez/xTestCluster/Patches/Patches_Wang902/Patches_ICSE/Doverfitting/Arja/Chart/patch1-Chart-25-Arja-plusible.patch",
            "test": "test_from_WangICSE_patch1-Chart-25-jGenProg-plausible",
            "failing": 3,
            "testrun": 17,
            "failings": [
                "test04(org.jfree.chart.renderer.category.StatisticalBarRenderer_ESTest)",
                "test12(org.jfree.chart.renderer.category.StatisticalBarRenderer_ESTest)",
                "test10(org.jfree.chart.renderer.category.StatisticalBarRenderer_ESTest)"
            ],
            "status": "ok",
            "test_executed": [
                "org.jfree.chart.renderer.category.StatisticalBarRenderer_ESTest"
            ],
            "failing_assertions": [
                "java.lang.NullPointerException",
                "java.lang.IndexOutOfBoundsException: Index: 10, Size: 0",
                "java.lang.NullPointerException"
            ],
            "failing_lines": [
                [
                    "org.jfree.chart.renderer.category.StatisticalBarRenderer_ESTest.test04(StatisticalBarRenderer_ESTest.java:142)"
                ],
                [
                    "org.jfree.chart.renderer.category.StatisticalBarRenderer_ESTest.test12(StatisticalBarRenderer_ESTest.java:272)"
                ],
                [
                    "org.jfree.chart.renderer.category.StatisticalBarRenderer_ESTest.test10(StatisticalBarRenderer_ESTest.java:225)"
                ]
            ]
        },
        {
            "patch": "/home/mmartinez/xTestCluster/Patches/Patches_Wang902/Patches_ICSE/Doverfitting/Arja/Chart/patch1-Chart-25-Arja-plusible.patch",
            "test": "test_from_WangICSE_patch1-Chart-25-RSRepair-plausible",
            "failing": 3,
            "testrun": 79,
            "failings": [
                "test09(org.jfree.chart.renderer.category.StatisticalBarRenderer_ESTest)",
                "test02(org.jfree.chart.renderer.category.StatisticalBarRenderer_ESTest)",
                "test49(org.jfree.data.statistics.DefaultStatisticalCategoryDataset_ESTest)"
            ],
            "status": "ok",
            "test_executed": [
                "org.jfree.chart.renderer.category.StatisticalBarRenderer_ESTest",
                "org.jfree.data.statistics.DefaultStatisticalCategoryDataset_ESTest"
            ],
            "failing_assertions": [
                "java.lang.NullPointerException",
                "java.lang.NullPointerException",
                "java.lang.NullPointerException"
            ],
            "failing_lines": [
                [
                    "org.jfree.chart.renderer.category.StatisticalBarRenderer_ESTest.test09(StatisticalBarRenderer_ESTest.java:225)"
                ],
                [
                    "org.jfree.chart.renderer.category.StatisticalBarRenderer_ESTest.test02(StatisticalBarRenderer_ESTest.java:96)"
                ],
                [
                    "org.jfree.data.statistics.DefaultStatisticalCategoryDataset_ESTest.test49(DefaultStatisticalCategoryDataset_ESTest.java:562)"
                ]
            ]
        },
        {
            "patch": "/home/mmartinez/xTestCluster/Patches/Patches_Wang902/Patches_ICSE/Doverfitting/Arja/Chart/patch1-Chart-25-Arja-plusible.patch",
            "test": "test_from_WangICSE_patch1-Chart-25-GenProg-plausible",
            "failing": 1,
            "testrun": 60,
            "failings": [
                "test48(org.jfree.data.statistics.DefaultStatisticalCategoryDataset_ESTest)"
            ],
            "status": "ok",
            "test_executed": [
                "org.jfree.data.statistics.DefaultStatisticalCategoryDataset_ESTest"
            ],
            "failing_assertions": [
                "java.lang.NullPointerException"
            ],
            "failing_lines": [
                [
                    "org.jfree.data.statistics.DefaultStatisticalCategoryDataset_ESTest.test48(DefaultStatisticalCategoryDataset_ESTest.java:545)"
                ]
            ]
        },
        {
            "patch": "/home/mmartinez/xTestCluster/Patches/Patches_Wang902/Patches_ICSE/Doverfitting/Arja/Chart/patch1-Chart-25-Arja-plusible.patch",
            "test": "test_from_WangICSE_patch1-Chart-25-Nopol-plausible",
            "failing": 7,
            "testrun": 22,
            "failings": [
                "test06(org.jfree.chart.renderer.category.StatisticalBarRenderer_ESTest)",
                "test18(org.jfree.chart.renderer.category.StatisticalBarRenderer_ESTest)",
                "test05(org.jfree.chart.renderer.category.StatisticalBarRenderer_ESTest)",
                "test16(org.jfree.chart.renderer.category.StatisticalBarRenderer_ESTest)",
                "test02(org.jfree.chart.renderer.category.StatisticalBarRenderer_ESTest)",
                "test01(org.jfree.chart.renderer.category.StatisticalBarRenderer_ESTest)",
                "test10(org.jfree.chart.renderer.category.StatisticalBarRenderer_ESTest)"
            ],
            "status": "ok",
            "test_executed": [
                "org.jfree.chart.renderer.category.StatisticalBarRenderer_ESTest"
            ],
            "failing_assertions": [
                "java.lang.NullPointerException",
                "java.lang.IndexOutOfBoundsException: Index: 0, Size: 0",
                "java.lang.NullPointerException",
                "java.lang.NullPointerException",
                "java.lang.NullPointerException",
                "java.lang.NullPointerException",
                "java.lang.NullPointerException"
            ],
            "failing_lines": [
                [
                    "org.jfree.chart.renderer.category.StatisticalBarRenderer_ESTest.test06(StatisticalBarRenderer_ESTest.java:155)"
                ],
                [
                    "org.jfree.chart.renderer.category.StatisticalBarRenderer_ESTest.test18(StatisticalBarRenderer_ESTest.java:342)"
                ],
                [
                    "org.jfree.chart.renderer.category.StatisticalBarRenderer_ESTest.test05(StatisticalBarRenderer_ESTest.java:138)"
                ],
                [
                    "org.jfree.chart.renderer.category.StatisticalBarRenderer_ESTest.test16(StatisticalBarRenderer_ESTest.java:307)"
                ],
                [
                    "org.jfree.chart.renderer.category.StatisticalBarRenderer_ESTest.test02(StatisticalBarRenderer_ESTest.java:78)"
                ],
                [
                    "org.jfree.chart.renderer.category.StatisticalBarRenderer_ESTest.test01(StatisticalBarRenderer_ESTest.java:62)"
                ],
                [
                    "org.jfree.chart.renderer.category.StatisticalBarRenderer_ESTest.test10(StatisticalBarRenderer_ESTest.java:215)"
                ]
            ]
        },
        {
            "patch": "/home/mmartinez/xTestCluster/Patches/Patches_Wang902/Patches_ICSE/Doverfitting/Arja/Chart/patch1-Chart-25-Arja-plusible.patch",
            "test": "test_from_WangICSE_patch1-Chart-25-jMutRepair-plausible",
            "failing": 3,
            "testrun": 61,
            "failings": [
                "test51(org.jfree.data.statistics.DefaultStatisticalCategoryDataset_ESTest)",
                "test47(org.jfree.data.statistics.DefaultStatisticalCategoryDataset_ESTest)",
                "test49(org.jfree.data.statistics.DefaultStatisticalCategoryDataset_ESTest)"
            ],
            "status": "ok",
            "test_executed": [
                "org.jfree.data.statistics.DefaultStatisticalCategoryDataset_ESTest"
            ],
            "failing_assertions": [
                "java.lang.AssertionError: Expecting exception: NullPointerException",
                "java.lang.NullPointerException",
                "java.lang.AssertionError: Expecting exception: NullPointerException"
            ],
            "failing_lines": [
                [
                    "org.jfree.data.statistics.DefaultStatisticalCategoryDataset_ESTest.test51(DefaultStatisticalCategoryDataset_ESTest.java:585)"
                ],
                [
                    "org.jfree.data.statistics.DefaultStatisticalCategoryDataset_ESTest.test47(DefaultStatisticalCategoryDataset_ESTest.java:533)"
                ],
                [
                    "org.jfree.data.statistics.DefaultStatisticalCategoryDataset_ESTest.test49(DefaultStatisticalCategoryDataset_ESTest.java:558)"
                ]
            ]
        },
        {
            "patch": "/home/mmartinez/xTestCluster/Patches/Patches_Wang902/Patches_ICSE/Doverfitting/Arja/Chart/patch1-Chart-25-Arja-plusible.patch",
            "test": "test_from_WangICSE_patch1-Chart-25-SimFix-plausible",
            "failing": 5,
            "testrun": 20,
            "failings": [
                "test07(org.jfree.chart.renderer.category.StatisticalBarRenderer_ESTest)",
                "test02(org.jfree.chart.renderer.category.StatisticalBarRenderer_ESTest)",
                "test13(org.jfree.chart.renderer.category.StatisticalBarRenderer_ESTest)",
                "test03(org.jfree.chart.renderer.category.StatisticalBarRenderer_ESTest)",
                "test14(org.jfree.chart.renderer.category.StatisticalBarRenderer_ESTest)"
            ],
            "status": "ok",
            "test_executed": [
                "org.jfree.chart.renderer.category.StatisticalBarRenderer_ESTest"
            ],
            "failing_assertions": [
                "java.lang.NullPointerException",
                "java.lang.NullPointerException",
                "java.lang.NullPointerException",
                "java.lang.NullPointerException",
                "java.lang.IndexOutOfBoundsException: Index: 10, Size: 0"
            ],
            "failing_lines": [
                [
                    "org.jfree.chart.renderer.category.StatisticalBarRenderer_ESTest.test07(StatisticalBarRenderer_ESTest.java:212)"
                ],
                [
                    "org.jfree.chart.renderer.category.StatisticalBarRenderer_ESTest.test02(StatisticalBarRenderer_ESTest.java:103)"
                ],
                [
                    "org.jfree.chart.renderer.category.StatisticalBarRenderer_ESTest.test13(StatisticalBarRenderer_ESTest.java:295)"
                ],
                [
                    "org.jfree.chart.renderer.category.StatisticalBarRenderer_ESTest.test03(StatisticalBarRenderer_ESTest.java:132)"
                ],
                [
                    "org.jfree.chart.renderer.category.StatisticalBarRenderer_ESTest.test14(StatisticalBarRenderer_ESTest.java:316)"
                ]
            ]
        },
        {
            "patch": "/home/mmartinez/xTestCluster/Patches/Patches_Wang902/Patches_ICSE/Doverfitting/Arja/Chart/patch1-Chart-25-Arja-plusible.patch",
            "test": "test_from_WangICSE_patch1-Chart-25-Arja-plusible",
            "failing": 0,
            "testrun": 79,
            "failings": [],
            "status": "ok",
            "test_executed": [
                "org.jfree.chart.renderer.category.StatisticalBarRenderer_ESTest",
                "org.jfree.data.statistics.DefaultStatisticalCategoryDataset_ESTest"
            ],
            "failing_assertions": [],
            "failing_lines": []
        },
        {
            "patch": "/home/mmartinez/xTestCluster/Patches/Patches_Wang902/Patches_ICSE/Doverfitting/Arja/Chart/patch1-Chart-25-Arja-plusible.patch",
            "test": "test_from_WangICSE_patch1-Chart-25-AVATAR-plausible",
            "failing": 2,
            "testrun": 16,
            "failings": [
                "test11(org.jfree.chart.renderer.category.StatisticalBarRenderer_ESTest)",
                "test01(org.jfree.chart.renderer.category.StatisticalBarRenderer_ESTest)"
            ],
            "status": "ok",
            "test_executed": [
                "org.jfree.chart.renderer.category.StatisticalBarRenderer_ESTest"
            ],
            "failing_assertions": [
                "java.lang.NullPointerException",
                "java.lang.NullPointerException"
            ],
            "failing_lines": [
                [
                    "org.jfree.chart.renderer.category.StatisticalBarRenderer_ESTest.test11(StatisticalBarRenderer_ESTest.java:222)"
                ],
                [
                    "org.jfree.chart.renderer.category.StatisticalBarRenderer_ESTest.test01(StatisticalBarRenderer_ESTest.java:80)"
                ]
            ]
        },
        {
            "patch": "/home/mmartinez/xTestCluster/Patches/Patches_Wang902/Patches_ICSE/Doverfitting/Arja/Chart/patch1-Chart-25-Arja-plusible.patch",
            "test": "test_from_WangICSE_patch1-Chart-25-DynaMoth-plausible",
            "failing": 4,
            "testrun": 18,
            "failings": [
                "test06(org.jfree.chart.renderer.category.StatisticalBarRenderer_ESTest)",
                "test07(org.jfree.chart.renderer.category.StatisticalBarRenderer_ESTest)",
                "test02(org.jfree.chart.renderer.category.StatisticalBarRenderer_ESTest)",
                "test14(org.jfree.chart.renderer.category.StatisticalBarRenderer_ESTest)"
            ],
            "status": "ok",
            "test_executed": [
                "org.jfree.chart.renderer.category.StatisticalBarRenderer_ESTest"
            ],
            "failing_assertions": [
                "java.lang.NullPointerException",
                "java.lang.NullPointerException",
                "java.lang.NullPointerException",
                "java.lang.IndexOutOfBoundsException: Index: 1, Size: 0"
            ],
            "failing_lines": [
                [
                    "org.jfree.chart.renderer.category.StatisticalBarRenderer_ESTest.test06(StatisticalBarRenderer_ESTest.java:160)"
                ],
                [
                    "org.jfree.chart.renderer.category.StatisticalBarRenderer_ESTest.test07(StatisticalBarRenderer_ESTest.java:184)"
                ],
                [
                    "org.jfree.chart.renderer.category.StatisticalBarRenderer_ESTest.test02(StatisticalBarRenderer_ESTest.java:101)"
                ],
                [
                    "org.jfree.chart.renderer.category.StatisticalBarRenderer_ESTest.test14(StatisticalBarRenderer_ESTest.java:303)"
                ]
            ]
        }
    ],
    "duration": 61.16
}