{
    "patch": "/home/mmartinez/xTestCluster/Patches/Patches_Wang902/Patches_others/Doverfitting/SequenceR/Closure/patch3-Closure-86-SequenceR.patch",
    "project": "Closure",
    "bugid": "86",
    "dataset": "Patches_others",
    "date": "2022-12-16T07:21:39.310631",
    "project_checked": "ok",
    "compiledProjectModified": "ok",
    "patchApplied": "ok",
    "arrive_end": "ok",
    "patched_project_pass_all_test": "no",
    "test_execution": [
        {
            "patch": "/home/mmartinez/xTestCluster/Patches/Patches_Wang902/Patches_others/Doverfitting/SequenceR/Closure/patch3-Closure-86-SequenceR.patch",
            "test": "test_from_WangDRR_patch2-Closure-86-SequenceR",
            "failing": 0,
            "testrun": 358,
            "failings": [
                "Error",
                "Error"
            ],
            "status": "ok",
            "test_executed": [
                "com.google.javascript.jscomp.NodeUtil_ESTest"
            ],
            "failing_assertions": [
                "07:22:02.825 [main] INFO org.evosuite.runtime.instrumentation.EvoClassLoader - Seeing class for first time: com.google.javascript.jscomp.mozilla.rhino.VMBridge_custom",
                "07:22:03.257 [main] INFO org.evosuite.runtime.instrumentation.EvoClassLoader - Seeing class for first time: com.google.javascript.jscomp.mozilla.rhino.VMBridge_custom"
            ],
            "failing_lines": []
        },
        {
            "patch": "/home/mmartinez/xTestCluster/Patches/Patches_Wang902/Patches_others/Doverfitting/SequenceR/Closure/patch3-Closure-86-SequenceR.patch",
            "test": "test_from_WangDRR_patch4-Closure-86-SequenceR",
            "failing": 0,
            "testrun": 327,
            "failings": [
                "Error",
                "Error",
                "Error",
                "Error",
                "Error",
                "Error",
                "Error",
                "Error",
                "Error",
                "Error",
                "Error",
                "Error",
                "Error"
            ],
            "status": "ok",
            "test_executed": [
                "com.google.javascript.jscomp.NodeUtil_ESTest"
            ],
            "failing_assertions": [
                "07:22:08.071 [main] INFO org.evosuite.runtime.instrumentation.EvoClassLoader - Seeing class for first time: com.google.javascript.jscomp.mozilla.rhino.VMBridge_custom",
                "07:22:08.189 [main] INFO org.evosuite.runtime.instrumentation.EvoClassLoader - Seeing class for first time: com.google.javascript.jscomp.mozilla.rhino.VMBridge_custom",
                "07:22:08.264 [main] INFO org.evosuite.runtime.instrumentation.EvoClassLoader - Seeing class for first time: com.google.javascript.jscomp.mozilla.rhino.VMBridge_custom",
                "07:22:08.962 [main] INFO org.evosuite.runtime.instrumentation.EvoClassLoader - Seeing class for first time: com.google.javascript.jscomp.mozilla.rhino.VMBridge_custom",
                "07:22:09.048 [main] INFO org.evosuite.runtime.instrumentation.EvoClassLoader - Seeing class for first time: com.google.javascript.jscomp.mozilla.rhino.VMBridge_custom",
                "07:22:09.072 [main] INFO org.evosuite.runtime.instrumentation.EvoClassLoader - Seeing class for first time: com.google.javascript.jscomp.mozilla.rhino.VMBridge_custom",
                "07:22:09.192 [main] INFO org.evosuite.runtime.instrumentation.EvoClassLoader - Seeing class for first time: com.google.javascript.jscomp.mozilla.rhino.VMBridge_custom",
                "07:22:09.241 [main] INFO org.evosuite.runtime.instrumentation.EvoClassLoader - Seeing class for first time: com.google.javascript.jscomp.mozilla.rhino.VMBridge_custom",
                "07:22:09.337 [main] INFO org.evosuite.runtime.instrumentation.EvoClassLoader - Seeing class for first time: com.google.javascript.jscomp.mozilla.rhino.VMBridge_custom",
                "07:22:09.383 [main] INFO org.evosuite.runtime.instrumentation.EvoClassLoader - Seeing class for first time: com.google.javascript.jscomp.mozilla.rhino.VMBridge_custom",
                "07:22:09.389 [main] INFO org.evosuite.runtime.instrumentation.EvoClassLoader - Seeing class for first time: com.google.javascript.jscomp.mozilla.rhino.VMBridge_custom",
                "07:22:09.537 [main] INFO org.evosuite.runtime.instrumentation.EvoClassLoader - Seeing class for first time: com.google.javascript.jscomp.mozilla.rhino.VMBridge_custom",
                "07:22:09.600 [main] INFO org.evosuite.runtime.instrumentation.EvoClassLoader - Seeing class for first time: com.google.javascript.jscomp.mozilla.rhino.VMBridge_custom"
            ],
            "failing_lines": []
        },
        {
            "patch": "/home/mmartinez/xTestCluster/Patches/Patches_Wang902/Patches_others/Doverfitting/SequenceR/Closure/patch3-Closure-86-SequenceR.patch",
            "test": "test_from_WangDRR_patch1-Closure-86-SequenceR",
            "failing": 0,
            "testrun": 291,
            "failings": [
                "Error"
            ],
            "status": "ok",
            "test_executed": [
                "com.google.javascript.jscomp.NodeUtil_ESTest"
            ],
            "failing_assertions": [
                "07:22:14.569 [main] INFO org.evosuite.runtime.instrumentation.EvoClassLoader - Seeing class for first time: com.google.javascript.jscomp.mozilla.rhino.VMBridge_custom"
            ],
            "failing_lines": []
        },
        {
            "patch": "/home/mmartinez/xTestCluster/Patches/Patches_Wang902/Patches_others/Doverfitting/SequenceR/Closure/patch3-Closure-86-SequenceR.patch",
            "test": "test_from_WangDRR_patch3-Closure-86-SequenceR",
            "failing": 0,
            "testrun": 116,
            "failings": [
                "Error",
                "Error",
                "Error",
                "Error",
                "Error"
            ],
            "status": "ok",
            "test_executed": [
                "com.google.javascript.jscomp.NodeUtil_ESTest"
            ],
            "failing_assertions": [
                "07:22:19.950 [main] INFO org.evosuite.runtime.instrumentation.EvoClassLoader - Seeing class for first time: com.google.common.collect.ImmutableCollection$1",
                "07:22:20.251 [main] INFO org.evosuite.runtime.instrumentation.EvoClassLoader - Seeing class for first time: com.google.javascript.jscomp.mozilla.rhino.VMBridge_custom",
                "07:22:20.367 [main] INFO org.evosuite.runtime.instrumentation.EvoClassLoader - Seeing class for first time: com.google.javascript.jscomp.mozilla.rhino.VMBridge_custom",
                "07:22:20.667 [main] INFO org.evosuite.runtime.instrumentation.EvoClassLoader - Seeing class for first time: com.google.javascript.jscomp.mozilla.rhino.VMBridge_custom",
                "07:22:20.678 [main] INFO org.evosuite.runtime.instrumentation.EvoClassLoader - Seeing class for first time: com.google.javascript.jscomp.mozilla.rhino.VMBridge_custom"
            ],
            "failing_lines": []
        },
        {
            "patch": "/home/mmartinez/xTestCluster/Patches/Patches_Wang902/Patches_others/Doverfitting/SequenceR/Closure/patch3-Closure-86-SequenceR.patch",
            "test": "test_from_WangDRR_patch5-Closure-86-SequenceR",
            "failing": 0,
            "testrun": 283,
            "failings": [
                "Error"
            ],
            "status": "ok",
            "test_executed": [
                "com.google.javascript.jscomp.NodeUtil_ESTest"
            ],
            "failing_assertions": [
                "07:22:26.687 [main] INFO org.evosuite.runtime.instrumentation.EvoClassLoader - Seeing class for first time: com.google.javascript.jscomp.mozilla.rhino.VMBridge_custom"
            ],
            "failing_lines": []
        }
    ],
    "duration": 49.33
}