{
    "patch": "/home/mmartinez/xTestCluster/Patches/Patches_Wang902/Patches_others/Dcorrect/SequenceR/Math/patch1-Math-58-SequenceR.patch",
    "project": "Math",
    "bugid": "58",
    "dataset": "Patches_others",
    "date": "2023-02-05T21:37:45.887273",
    "project_checked": "ok",
    "compiledProjectModified": "ok",
    "patchApplied": "ok",
    "arrive_end": "ok",
    "patched_project_pass_all_test": "no",
    "test_execution": [
        {
            "patch": "/home/mmartinez/xTestCluster/Patches/Patches_Wang902/Patches_others/Dcorrect/SequenceR/Math/patch1-Math-58-SequenceR.patch",
            "test": "test_from_WangICSE_patch1-Math-58-DynaMoth-plausible",
            "failing": 0,
            "testrun": 12,
            "failings": [],
            "status": "ok",
            "test_executed": [
                "org.apache.commons.math.optimization.general.LevenbergMarquardtOptimizer_ESTest"
            ],
            "failing_assertions": [],
            "failing_lines": []
        },
        {
            "patch": "/home/mmartinez/xTestCluster/Patches/Patches_Wang902/Patches_others/Dcorrect/SequenceR/Math/patch1-Math-58-SequenceR.patch",
            "test": "test_from_WangICSE_patch1-Math-58-Arja",
            "failing": 0,
            "testrun": 17,
            "failings": [],
            "status": "ok",
            "test_executed": [
                "org.apache.commons.math.optimization.fitting.GaussianFitter_ESTest"
            ],
            "failing_assertions": [],
            "failing_lines": []
        },
        {
            "patch": "/home/mmartinez/xTestCluster/Patches/Patches_Wang902/Patches_others/Dcorrect/SequenceR/Math/patch1-Math-58-SequenceR.patch",
            "test": "test_from_WangDRR_patch1-Math-58-CapGen",
            "failing": 0,
            "testrun": 17,
            "failings": [],
            "status": "ok",
            "test_executed": [
                "org.apache.commons.math.optimization.fitting.GaussianFitter_ESTest"
            ],
            "failing_assertions": [],
            "failing_lines": []
        },
        {
            "patch": "/home/mmartinez/xTestCluster/Patches/Patches_Wang902/Patches_others/Dcorrect/SequenceR/Math/patch1-Math-58-SequenceR.patch",
            "test": "test_from_WangICSE_patch1-Math-58-Nopol-plausible",
            "failing": 0,
            "testrun": 16,
            "failings": [],
            "status": "ok",
            "test_executed": [
                "org.apache.commons.math.optimization.general.LevenbergMarquardtOptimizer_ESTest"
            ],
            "failing_assertions": [],
            "failing_lines": []
        },
        {
            "patch": "/home/mmartinez/xTestCluster/Patches/Patches_Wang902/Patches_others/Dcorrect/SequenceR/Math/patch1-Math-58-SequenceR.patch",
            "test": "test_from_WangICSE_patch1-Math-58-RSRepair-plausible",
            "failing": 1,
            "testrun": 13,
            "failings": [
                "test08(org.apache.commons.math.optimization.general.LevenbergMarquardtOptimizer_ESTest)"
            ],
            "status": "ok",
            "test_executed": [
                "org.apache.commons.math.optimization.general.LevenbergMarquardtOptimizer_ESTest"
            ],
            "failing_assertions": [
                "21:38:08.496 [main] INFO org.evosuite.runtime.instrumentation.EvoClassLoader - Seeing class for first time: META-INF/localization/LocalizedFormats"
            ],
            "failing_lines": [
                [
                    "org.apache.commons.math.optimization.general.LevenbergMarquardtOptimizer_ESTest.test08(LevenbergMarquardtOptimizer_ESTest.java:197)"
                ]
            ]
        },
        {
            "patch": "/home/mmartinez/xTestCluster/Patches/Patches_Wang902/Patches_others/Dcorrect/SequenceR/Math/patch1-Math-58-SequenceR.patch",
            "test": "test_from_WangDRR_patch1-Math-58-SequenceR",
            "failing": 0,
            "testrun": 18,
            "failings": [],
            "status": "ok",
            "test_executed": [
                "org.apache.commons.math.optimization.fitting.GaussianFitter_ESTest"
            ],
            "failing_assertions": [],
            "failing_lines": []
        },
        {
            "patch": "/home/mmartinez/xTestCluster/Patches/Patches_Wang902/Patches_others/Dcorrect/SequenceR/Math/patch1-Math-58-SequenceR.patch",
            "test": "test_from_WangICSE_patch1-Math-58-kPAR",
            "failing": 0,
            "testrun": 17,
            "failings": [],
            "status": "ok",
            "test_executed": [
                "org.apache.commons.math.optimization.fitting.GaussianFitter_ESTest"
            ],
            "failing_assertions": [],
            "failing_lines": []
        },
        {
            "patch": "/home/mmartinez/xTestCluster/Patches/Patches_Wang902/Patches_others/Dcorrect/SequenceR/Math/patch1-Math-58-SequenceR.patch",
            "test": "test_from_WangDRR_patch1-Math-58-SOFix",
            "failing": 0,
            "testrun": 17,
            "failings": [],
            "status": "ok",
            "test_executed": [
                "org.apache.commons.math.optimization.fitting.GaussianFitter_ESTest"
            ],
            "failing_assertions": [],
            "failing_lines": []
        }
    ],
    "duration": 30.84
}