{
    "patch": "/home/mmartinez/xTestCluster/Patches/Patches_Wang902/Patches_ICSE/Doverfitting/SimFix/Closure/patch1-Closure-46-SimFix-plausible.patch",
    "project": "Closure",
    "bugid": "46",
    "dataset": "Patches_ICSE",
    "date": "2023-02-03T21:38:20.865962",
    "project_checked": "ok",
    "compiledProjectModified": "ok",
    "patchApplied": "ok",
    "arrive_end": "ok",
    "patched_project_pass_all_test": "no",
    "test_execution": [
        {
            "patch": "/home/mmartinez/xTestCluster/Patches/Patches_Wang902/Patches_ICSE/Doverfitting/SimFix/Closure/patch1-Closure-46-SimFix-plausible.patch",
            "test": "test_from_WangICSE_patch1-Closure-46-Kali-plausible",
            "failing": 1,
            "testrun": 50,
            "failings": [
                "test17(com.google.javascript.rhino.jstype.RecordType_ESTest)"
            ],
            "status": "ok",
            "test_executed": [
                "com.google.javascript.rhino.jstype.RecordType_ESTest"
            ],
            "failing_assertions": [
                "java.lang.AssertionError: Exception was not thrown in com.google.javascript.rhino.jstype.JSType but in com.google.javascript.rhino.jstype.RecordType.getLeastSupertype(RecordType.java:142): java.lang.NullPointerException"
            ],
            "failing_lines": [
                [
                    "com.google.javascript.rhino.jstype.RecordType_ESTest.test17(RecordType_ESTest.java:310)"
                ]
            ]
        },
        {
            "patch": "/home/mmartinez/xTestCluster/Patches/Patches_Wang902/Patches_ICSE/Doverfitting/SimFix/Closure/patch1-Closure-46-SimFix-plausible.patch",
            "test": "test_from_WangICSE_patch1-Closure-46-Arja-plausible",
            "failing": 2,
            "testrun": 47,
            "failings": [
                "test2(com.google.javascript.rhino.jstype.RecordTypeBuilder_ESTest)",
                "test20(com.google.javascript.rhino.jstype.RecordType_ESTest)"
            ],
            "status": "ok",
            "test_executed": [
                "com.google.javascript.rhino.jstype.RecordTypeBuilder_ESTest",
                "com.google.javascript.rhino.jstype.RecordType_ESTest"
            ],
            "failing_assertions": [
                "java.lang.ClassCastException: com.google.javascript.rhino.jstype.InstanceObjectType cannot be cast to com.google.javascript.rhino.jstype.RecordType",
                "java.lang.AssertionError"
            ],
            "failing_lines": [
                [
                    "com.google.javascript.rhino.jstype.RecordTypeBuilder_ESTest.test2(RecordTypeBuilder_ESTest.java:58)"
                ],
                [
                    "com.google.javascript.rhino.jstype.RecordType_ESTest.test20(RecordType_ESTest.java:337)"
                ]
            ]
        },
        {
            "patch": "/home/mmartinez/xTestCluster/Patches/Patches_Wang902/Patches_ICSE/Doverfitting/SimFix/Closure/patch1-Closure-46-SimFix-plausible.patch",
            "test": "test_from_WangICSE_patch1-Closure-46-AVATAR",
            "failing": 0,
            "testrun": 40,
            "failings": [],
            "status": "ok",
            "test_executed": [
                "com.google.javascript.rhino.jstype.RecordType_ESTest"
            ],
            "failing_assertions": [],
            "failing_lines": []
        },
        {
            "patch": "/home/mmartinez/xTestCluster/Patches/Patches_Wang902/Patches_ICSE/Doverfitting/SimFix/Closure/patch1-Closure-46-SimFix-plausible.patch",
            "test": "test_from_WangICSE_patch1-Closure-46-kPAR-plausible",
            "failing": 2,
            "testrun": 47,
            "failings": [
                "test40(com.google.javascript.rhino.jstype.RecordType_ESTest)",
                "test39(com.google.javascript.rhino.jstype.RecordType_ESTest)"
            ],
            "status": "ok",
            "test_executed": [
                "com.google.javascript.rhino.jstype.RecordType_ESTest"
            ],
            "failing_assertions": [
                "java.lang.AssertionError",
                "java.lang.AssertionError: Expecting exception: NullPointerException"
            ],
            "failing_lines": [
                [
                    "com.google.javascript.rhino.jstype.RecordType_ESTest.test40(RecordType_ESTest.java:642)"
                ],
                [
                    "com.google.javascript.rhino.jstype.RecordType_ESTest.test39(RecordType_ESTest.java:624)"
                ]
            ]
        },
        {
            "patch": "/home/mmartinez/xTestCluster/Patches/Patches_Wang902/Patches_ICSE/Doverfitting/SimFix/Closure/patch1-Closure-46-SimFix-plausible.patch",
            "test": "test_from_WangICSE_patch1-Closure-46-SimFix-plausible",
            "failing": 0,
            "testrun": 48,
            "failings": [],
            "status": "ok",
            "test_executed": [
                "com.google.javascript.rhino.jstype.RecordType_ESTest"
            ],
            "failing_assertions": [],
            "failing_lines": []
        },
        {
            "patch": "/home/mmartinez/xTestCluster/Patches/Patches_Wang902/Patches_ICSE/Doverfitting/SimFix/Closure/patch1-Closure-46-SimFix-plausible.patch",
            "test": "test_from_WangICSE_patch1-Closure-46-jKali-plausible",
            "failing": 1,
            "testrun": 47,
            "failings": [
                "test16(com.google.javascript.rhino.jstype.RecordType_ESTest)"
            ],
            "status": "ok",
            "test_executed": [
                "com.google.javascript.rhino.jstype.RecordType_ESTest"
            ],
            "failing_assertions": [
                "java.lang.AssertionError: Exception was not thrown in com.google.javascript.rhino.jstype.JSType but in com.google.javascript.rhino.jstype.RecordType.getLeastSupertype(RecordType.java:142): java.lang.NullPointerException"
            ],
            "failing_lines": [
                [
                    "com.google.javascript.rhino.jstype.RecordType_ESTest.test16(RecordType_ESTest.java:299)"
                ]
            ]
        }
    ],
    "duration": 33.13
}