{
    "patch": "/home/mmartinez/xTestCluster/Patches/Patches_Wang902/Patches_ICSE/Dsame/TBar/Math/patch1-Math-57-TBar.patch",
    "project": "Math",
    "bugid": "57",
    "dataset": "Patches_ICSE",
    "date": "2023-02-04T05:07:59.737151",
    "project_checked": "ok",
    "compiledProjectModified": "ok",
    "patchApplied": "ok",
    "arrive_end": "ok",
    "patched_project_pass_all_test": "no",
    "test_execution": [
        {
            "patch": "/home/mmartinez/xTestCluster/Patches/Patches_Wang902/Patches_ICSE/Dsame/TBar/Math/patch1-Math-57-TBar.patch",
            "test": "test_from_WangICSE_patch1-Math-57-TBar",
            "failing": 0,
            "testrun": 12,
            "failings": [],
            "status": "ok",
            "test_executed": [
                "org.apache.commons.math.stat.clustering.KMeansPlusPlusClusterer_ESTest"
            ],
            "failing_assertions": [],
            "failing_lines": []
        },
        {
            "patch": "/home/mmartinez/xTestCluster/Patches/Patches_Wang902/Patches_ICSE/Dsame/TBar/Math/patch1-Math-57-TBar.patch",
            "test": "test_from_WangICSE_patch1-Math-57-jMutRepair-plausible",
            "failing": 0,
            "testrun": 22,
            "failings": [],
            "status": "ok",
            "test_executed": [
                "org.apache.commons.math.stat.clustering.EuclideanIntegerPoint_ESTest"
            ],
            "failing_assertions": [],
            "failing_lines": []
        },
        {
            "patch": "/home/mmartinez/xTestCluster/Patches/Patches_Wang902/Patches_ICSE/Dsame/TBar/Math/patch1-Math-57-TBar.patch",
            "test": "test_from_WangDRR_patch1-Math-57-CapGen",
            "failing": 0,
            "testrun": 12,
            "failings": [],
            "status": "ok",
            "test_executed": [
                "org.apache.commons.math.stat.clustering.KMeansPlusPlusClusterer_ESTest"
            ],
            "failing_assertions": [],
            "failing_lines": []
        },
        {
            "patch": "/home/mmartinez/xTestCluster/Patches/Patches_Wang902/Patches_ICSE/Dsame/TBar/Math/patch1-Math-57-TBar.patch",
            "test": "test_from_WangICSE_patch1-Math-57-SimFix",
            "failing": 0,
            "testrun": 12,
            "failings": [],
            "status": "ok",
            "test_executed": [
                "org.apache.commons.math.stat.clustering.KMeansPlusPlusClusterer_ESTest"
            ],
            "failing_assertions": [],
            "failing_lines": []
        },
        {
            "patch": "/home/mmartinez/xTestCluster/Patches/Patches_Wang902/Patches_ICSE/Dsame/TBar/Math/patch1-Math-57-TBar.patch",
            "test": "test_from_WangICSE_patch1-Math-57-FixMiner",
            "failing": 0,
            "testrun": 12,
            "failings": [],
            "status": "ok",
            "test_executed": [
                "org.apache.commons.math.stat.clustering.KMeansPlusPlusClusterer_ESTest"
            ],
            "failing_assertions": [],
            "failing_lines": []
        },
        {
            "patch": "/home/mmartinez/xTestCluster/Patches/Patches_Wang902/Patches_ICSE/Dsame/TBar/Math/patch1-Math-57-TBar.patch",
            "test": "test_from_WangDRR_patch1-Math-57-SequenceR",
            "failing": 0,
            "testrun": 12,
            "failings": [],
            "status": "ok",
            "test_executed": [
                "org.apache.commons.math.stat.clustering.KMeansPlusPlusClusterer_ESTest"
            ],
            "failing_assertions": [],
            "failing_lines": []
        },
        {
            "patch": "/home/mmartinez/xTestCluster/Patches/Patches_Wang902/Patches_ICSE/Dsame/TBar/Math/patch1-Math-57-TBar.patch",
            "test": "test_from_WangDRR_patch1-Math-57-SOFix",
            "failing": 0,
            "testrun": 13,
            "failings": [],
            "status": "ok",
            "test_executed": [
                "org.apache.commons.math.stat.clustering.KMeansPlusPlusClusterer_ESTest"
            ],
            "failing_assertions": [],
            "failing_lines": []
        },
        {
            "patch": "/home/mmartinez/xTestCluster/Patches/Patches_Wang902/Patches_ICSE/Dsame/TBar/Math/patch1-Math-57-TBar.patch",
            "test": "test_from_WangICSE_patch1-Math-57-AVATAR-plausible",
            "failing": 0,
            "testrun": 11,
            "failings": [],
            "status": "ok",
            "test_executed": [
                "org.apache.commons.math.stat.clustering.KMeansPlusPlusClusterer_ESTest"
            ],
            "failing_assertions": [],
            "failing_lines": []
        }
    ],
    "duration": 25.21
}