{
    "patch": "/home/mmartinez/xTestCluster/Patches/Patches_Wang902/Patches_ICSE/Doverfitting/jGenProg/Chart/patch1-Chart-3-jGenProg-plausible.patch",
    "project": "Chart",
    "bugid": "3",
    "dataset": "Patches_ICSE",
    "date": "2022-12-16T03:26:46.623882",
    "project_checked": "ok",
    "compiledProjectModified": "ok",
    "patchApplied": "ok",
    "arrive_end": "ok",
    "patched_project_pass_all_test": "no",
    "test_execution": [
        {
            "patch": "/home/mmartinez/xTestCluster/Patches/Patches_Wang902/Patches_ICSE/Doverfitting/jGenProg/Chart/patch1-Chart-3-jGenProg-plausible.patch",
            "test": "test_from_WangICSE_patch1-Chart-3-GenProg-plausible",
            "failing": 1,
            "testrun": 156,
            "failings": [
                "test067(org.jfree.data.time.TimeSeries_ESTest)"
            ],
            "status": "ok",
            "test_executed": [
                "org.jfree.data.time.TimeSeries_ESTest"
            ],
            "failing_assertions": [
                "org.evosuite.runtime.mock.java.lang.MockIllegalArgumentException: Null \\'item\\' argument."
            ],
            "failing_lines": [
                [
                    "org.jfree.data.time.TimeSeries_ESTest.test067(TimeSeries_ESTest.java:910)"
                ]
            ]
        },
        {
            "patch": "/home/mmartinez/xTestCluster/Patches/Patches_Wang902/Patches_ICSE/Doverfitting/jGenProg/Chart/patch1-Chart-3-jGenProg-plausible.patch",
            "test": "test_from_WangICSE_patch1-Chart-3-SimFix-plausible",
            "failing": 1,
            "testrun": 157,
            "failings": [
                "test131(org.jfree.data.time.TimeSeries_ESTest)"
            ],
            "status": "ok",
            "test_executed": [
                "org.jfree.data.time.TimeSeries_ESTest"
            ],
            "failing_assertions": [
                "java.lang.NullPointerException"
            ],
            "failing_lines": [
                [
                    "org.jfree.data.time.TimeSeries_ESTest.test131(TimeSeries_ESTest.java:1871)"
                ]
            ]
        },
        {
            "patch": "/home/mmartinez/xTestCluster/Patches/Patches_Wang902/Patches_ICSE/Doverfitting/jGenProg/Chart/patch1-Chart-3-jGenProg-plausible.patch",
            "test": "test_from_WangICSE_patch1-Chart-3-kPAR-plausible",
            "failing": 1,
            "testrun": 165,
            "failings": [
                "test095(org.jfree.data.time.TimeSeries_ESTest)"
            ],
            "status": "ok",
            "test_executed": [
                "org.jfree.data.time.TimeSeries_ESTest"
            ],
            "failing_assertions": [
                "java.lang.NullPointerException"
            ],
            "failing_lines": [
                [
                    "org.jfree.data.time.TimeSeries_ESTest.test095(TimeSeries_ESTest.java:1364)"
                ]
            ]
        },
        {
            "patch": "/home/mmartinez/xTestCluster/Patches/Patches_Wang902/Patches_ICSE/Doverfitting/jGenProg/Chart/patch1-Chart-3-jGenProg-plausible.patch",
            "test": "test_from_WangICSE_patch1-Chart-3-TBar-plausible",
            "failing": 0,
            "testrun": 163,
            "failings": [],
            "status": "ok",
            "test_executed": [
                "org.jfree.data.time.TimeSeries_ESTest"
            ],
            "failing_assertions": [],
            "failing_lines": []
        },
        {
            "patch": "/home/mmartinez/xTestCluster/Patches/Patches_Wang902/Patches_ICSE/Doverfitting/jGenProg/Chart/patch1-Chart-3-jGenProg-plausible.patch",
            "test": "test_from_WangICSE_patch1-Chart-3-Arja-plusible",
            "failing": 1,
            "testrun": 159,
            "failings": [
                "test092(org.jfree.data.time.TimeSeries_ESTest)"
            ],
            "status": "ok",
            "test_executed": [
                "org.jfree.data.time.TimeSeries_ESTest"
            ],
            "failing_assertions": [
                "java.lang.NullPointerException"
            ],
            "failing_lines": [
                [
                    "org.jfree.data.time.TimeSeries_ESTest.test092(TimeSeries_ESTest.java:1268)"
                ]
            ]
        },
        {
            "patch": "/home/mmartinez/xTestCluster/Patches/Patches_Wang902/Patches_ICSE/Doverfitting/jGenProg/Chart/patch1-Chart-3-jGenProg-plausible.patch",
            "test": "test_from_WangICSE_patch1-Chart-3-jGenProg-plausible",
            "failing": 0,
            "testrun": 164,
            "failings": [],
            "status": "ok",
            "test_executed": [
                "org.jfree.data.time.TimeSeries_ESTest"
            ],
            "failing_assertions": [],
            "failing_lines": []
        },
        {
            "patch": "/home/mmartinez/xTestCluster/Patches/Patches_Wang902/Patches_ICSE/Doverfitting/jGenProg/Chart/patch1-Chart-3-jGenProg-plausible.patch",
            "test": "test_from_WangICSE_patch1-Chart-3-FixMiner-plausible",
            "failing": 1,
            "testrun": 160,
            "failings": [
                "test093(org.jfree.data.time.TimeSeries_ESTest)"
            ],
            "status": "ok",
            "test_executed": [
                "org.jfree.data.time.TimeSeries_ESTest"
            ],
            "failing_assertions": [
                "java.lang.NullPointerException"
            ],
            "failing_lines": [
                [
                    "org.jfree.data.time.TimeSeries_ESTest.test093(TimeSeries_ESTest.java:1332)"
                ]
            ]
        }
    ],
    "duration": 50.95
}