{
    "patch": "/home/mmartinez/xTestCluster/Patches/Patches_Wang902/Patches_ICSE/Doverfitting/Kali/Closure/patch1-Closure-75-Kali-plausible.patch",
    "project": "Closure",
    "bugid": "75",
    "dataset": "Patches_ICSE",
    "date": "2022-12-16T03:55:30.975717",
    "project_checked": "ok",
    "compiledProjectModified": "ok",
    "patchApplied": "ok",
    "arrive_end": "ok",
    "patched_project_pass_all_test": "no",
    "test_execution": [
        {
            "patch": "/home/mmartinez/xTestCluster/Patches/Patches_Wang902/Patches_ICSE/Doverfitting/Kali/Closure/patch1-Closure-75-Kali-plausible.patch",
            "test": "test_from_WangICSE_patch1-Closure-75-Arja-plausible",
            "failing": 0,
            "testrun": 424,
            "failings": [
                "Error",
                "Error",
                "Error",
                "Error",
                "Error",
                "Error",
                "Error",
                "Error",
                "Error"
            ],
            "status": "ok",
            "test_executed": [
                "com.google.javascript.jscomp.CodeGenerator_ESTest",
                "com.google.javascript.jscomp.NodeUtil_ESTest"
            ],
            "failing_assertions": [
                "03:55:55.501 [main] INFO org.evosuite.runtime.instrumentation.EvoClassLoader - Seeing class for first time: com.google.javascript.jscomp.mozilla.rhino.VMBridge_custom",
                "03:55:57.183 [main] INFO org.evosuite.runtime.instrumentation.EvoClassLoader - Seeing class for first time: com.google.javascript.jscomp.mozilla.rhino.VMBridge_custom",
                "03:55:57.438 [main] INFO org.evosuite.runtime.instrumentation.EvoClassLoader - Seeing class for first time: com.google.javascript.jscomp.mozilla.rhino.VMBridge_custom",
                "03:55:57.798 [main] INFO org.evosuite.runtime.instrumentation.EvoClassLoader - Seeing class for first time: com.google.javascript.jscomp.mozilla.rhino.VMBridge_custom",
                "03:55:57.874 [main] INFO org.evosuite.runtime.instrumentation.EvoClassLoader - Seeing class for first time: com.google.javascript.jscomp.mozilla.rhino.VMBridge_custom",
                "03:55:58.045 [main] INFO org.evosuite.runtime.instrumentation.EvoClassLoader - Seeing class for first time: com.google.javascript.jscomp.mozilla.rhino.VMBridge_custom",
                "03:55:58.079 [main] INFO org.evosuite.runtime.instrumentation.EvoClassLoader - Seeing class for first time: com.google.javascript.jscomp.mozilla.rhino.VMBridge_custom",
                "03:55:58.523 [main] INFO org.evosuite.runtime.instrumentation.EvoClassLoader - Seeing class for first time: com.google.javascript.jscomp.mozilla.rhino.VMBridge_custom",
                "03:55:58.632 [main] INFO org.evosuite.runtime.instrumentation.EvoClassLoader - Seeing class for first time: com.google.javascript.jscomp.mozilla.rhino.VMBridge_custom"
            ],
            "failing_lines": []
        },
        {
            "patch": "/home/mmartinez/xTestCluster/Patches/Patches_Wang902/Patches_ICSE/Doverfitting/Kali/Closure/patch1-Closure-75-Kali-plausible.patch",
            "test": "test_from_WangICSE_patch1-Closure-75-GenProg-plausible",
            "failing": 5,
            "testrun": 715,
            "failings": [
                "Error",
                "Error",
                "Error",
                "Error",
                "Error",
                "Error",
                "test12(com.google.javascript.jscomp.PeepholeFoldConstants_ESTest)",
                "test19(com.google.javascript.jscomp.PeepholeFoldConstants_ESTest)",
                "test272(com.google.javascript.jscomp.NodeUtil_ESTest)",
                "test274(com.google.javascript.jscomp.NodeUtil_ESTest)",
                "test271(com.google.javascript.rhino.Token_ESTest)"
            ],
            "status": "ok",
            "test_executed": [
                "com.google.javascript.jscomp.PeepholeFoldConstants_ESTest",
                "com.google.javascript.jscomp.NodeUtil_ESTest",
                "com.google.javascript.rhino.Token_ESTest"
            ],
            "failing_assertions": [
                "03:56:03.699 [main] INFO org.evosuite.runtime.instrumentation.EvoClassLoader - Seeing class for first time: com.google.javascript.jscomp.mozilla.rhino.VMBridge_custom",
                "03:56:03.954 [main] INFO org.evosuite.runtime.instrumentation.EvoClassLoader - Seeing class for first time: com.google.javascript.jscomp.mozilla.rhino.VMBridge_custom",
                "03:56:03.968 [main] INFO org.evosuite.runtime.instrumentation.EvoClassLoader - Seeing class for first time: com.google.javascript.jscomp.mozilla.rhino.VMBridge_custom",
                "03:56:06.226 [main] INFO org.evosuite.runtime.instrumentation.EvoClassLoader - Seeing class for first time: com.google.javascript.jscomp.mozilla.rhino.VMBridge_custom",
                "03:56:06.965 [main] INFO org.evosuite.runtime.instrumentation.EvoClassLoader - Seeing class for first time: com.google.javascript.jscomp.mozilla.rhino.VMBridge_custom",
                "03:56:07.318 [main] INFO org.evosuite.runtime.instrumentation.EvoClassLoader - Seeing class for first time: com.google.javascript.jscomp.mozilla.rhino.VMBridge_custom",
                "org.evosuite.runtime.mock.java.lang.MockNullPointerException",
                "org.evosuite.runtime.mock.java.lang.MockNullPointerException",
                "java.lang.AssertionError",
                "java.lang.AssertionError",
                "org.junit.ComparisonFailure: expected:<[NEG]> but was:<[POS]>"
            ],
            "failing_lines": [
                [
                    "com.google.javascript.jscomp.PeepholeFoldConstants_ESTest.test12(PeepholeFoldConstants_ESTest.java:181)"
                ],
                [
                    "com.google.javascript.jscomp.PeepholeFoldConstants_ESTest.test19(PeepholeFoldConstants_ESTest.java:277)"
                ],
                [
                    "com.google.javascript.jscomp.NodeUtil_ESTest.test272(NodeUtil_ESTest.java:3028)"
                ],
                [
                    "com.google.javascript.jscomp.NodeUtil_ESTest.test274(NodeUtil_ESTest.java:3042)"
                ],
                [
                    "com.google.javascript.rhino.Token_ESTest.test271(Token_ESTest.java:2900)"
                ]
            ]
        },
        {
            "patch": "/home/mmartinez/xTestCluster/Patches/Patches_Wang902/Patches_ICSE/Doverfitting/Kali/Closure/patch1-Closure-75-Kali-plausible.patch",
            "test": "test_from_WangICSE_patch1-Closure-75-Kali-plausible",
            "failing": 0,
            "testrun": 354,
            "failings": [
                "Error"
            ],
            "status": "ok",
            "test_executed": [
                "com.google.javascript.jscomp.NodeUtil_ESTest"
            ],
            "failing_assertions": [
                "03:56:14.370 [main] INFO org.evosuite.runtime.instrumentation.EvoClassLoader - Seeing class for first time: com.google.javascript.jscomp.mozilla.rhino.VMBridge_custom"
            ],
            "failing_lines": []
        },
        {
            "patch": "/home/mmartinez/xTestCluster/Patches/Patches_Wang902/Patches_ICSE/Doverfitting/Kali/Closure/patch1-Closure-75-Kali-plausible.patch",
            "test": "test_from_WangICSE_patch1-Closure-75-RSRepair-plausible",
            "failing": 2,
            "testrun": 364,
            "failings": [
                "Error",
                "test324(com.google.javascript.jscomp.NodeUtil_ESTest)",
                "test325(com.google.javascript.jscomp.NodeUtil_ESTest)"
            ],
            "status": "ok",
            "test_executed": [
                "com.google.javascript.jscomp.NodeUtil_ESTest"
            ],
            "failing_assertions": [
                "03:56:20.629 [main] INFO org.evosuite.runtime.instrumentation.EvoClassLoader - Seeing class for first time: com.google.javascript.jscomp.mozilla.rhino.VMBridge_custom",
                "java.lang.NullPointerException",
                "java.lang.NullPointerException"
            ],
            "failing_lines": [
                [
                    "com.google.javascript.jscomp.NodeUtil_ESTest.test324(NodeUtil_ESTest.java:3507)"
                ],
                [
                    "com.google.javascript.jscomp.NodeUtil_ESTest.test325(NodeUtil_ESTest.java:3514)"
                ]
            ]
        }
    ],
    "duration": 50.27
}