{
    "patch": "/home/mmartinez/xTestCluster/Patches/Patches_Wang902/Patches_ICSE/Doverfitting/DynaMoth/Chart/patch1-Chart-5-DynaMoth-plausible.patch",
    "project": "Chart",
    "bugid": "5",
    "dataset": "Patches_ICSE",
    "date": "2022-12-16T02:16:55.033111",
    "project_checked": "ok",
    "compiledProjectModified": "ok",
    "patchApplied": "ok",
    "arrive_end": "ok",
    "patched_project_pass_all_test": "no",
    "test_execution": [
        {
            "patch": "/home/mmartinez/xTestCluster/Patches/Patches_Wang902/Patches_ICSE/Doverfitting/DynaMoth/Chart/patch1-Chart-5-DynaMoth-plausible.patch",
            "test": "test_from_WangICSE_patch1-Chart-5-Nopol-plausible",
            "failing": 0,
            "testrun": 106,
            "failings": [],
            "status": "ok",
            "test_executed": [
                "org.jfree.data.xy.XYSeries_ESTest"
            ],
            "failing_assertions": [],
            "failing_lines": []
        },
        {
            "patch": "/home/mmartinez/xTestCluster/Patches/Patches_Wang902/Patches_ICSE/Doverfitting/DynaMoth/Chart/patch1-Chart-5-DynaMoth-plausible.patch",
            "test": "test_from_WangICSE_patch1-Chart-5-TBar-plausible",
            "failing": 5,
            "testrun": 98,
            "failings": [
                "test47(org.jfree.data.xy.XYSeries_ESTest)",
                "test44(org.jfree.data.xy.XYSeries_ESTest)",
                "test15(org.jfree.data.xy.XYSeries_ESTest)",
                "test04(org.jfree.data.xy.XYSeries_ESTest)",
                "test00(org.jfree.data.xy.XYSeries_ESTest)"
            ],
            "status": "ok",
            "test_executed": [
                "org.jfree.data.xy.XYSeries_ESTest"
            ],
            "failing_assertions": [
                "java.lang.AssertionError: Expecting exception: RuntimeException",
                "java.lang.AssertionError: Expecting exception: IndexOutOfBoundsException",
                "java.lang.AssertionError: expected:<0.0> but was:<-2045.0>",
                "java.lang.AssertionError: Expecting exception: IndexOutOfBoundsException",
                "java.lang.AssertionError: expected:<-9999.0> but was:<59.0>"
            ],
            "failing_lines": [
                [
                    "org.jfree.data.xy.XYSeries_ESTest.test47(XYSeries_ESTest.java:715)"
                ],
                [
                    "org.jfree.data.xy.XYSeries_ESTest.test44(XYSeries_ESTest.java:663)"
                ],
                [
                    "org.jfree.data.xy.XYSeries_ESTest.test15(XYSeries_ESTest.java:238)"
                ],
                [
                    "org.jfree.data.xy.XYSeries_ESTest.test04(XYSeries_ESTest.java:101)"
                ],
                [
                    "org.jfree.data.xy.XYSeries_ESTest.test00(XYSeries_ESTest.java:44)"
                ]
            ]
        },
        {
            "patch": "/home/mmartinez/xTestCluster/Patches/Patches_Wang902/Patches_ICSE/Doverfitting/DynaMoth/Chart/patch1-Chart-5-DynaMoth-plausible.patch",
            "test": "test_from_WangICSE_patch1-Chart-5-kPAR-plausible",
            "failing": 0,
            "testrun": 104,
            "failings": [],
            "status": "ok",
            "test_executed": [
                "org.jfree.data.xy.XYSeries_ESTest"
            ],
            "failing_assertions": [],
            "failing_lines": []
        },
        {
            "patch": "/home/mmartinez/xTestCluster/Patches/Patches_Wang902/Patches_ICSE/Doverfitting/DynaMoth/Chart/patch1-Chart-5-DynaMoth-plausible.patch",
            "test": "test_from_WangICSE_patch1-Chart-5-Arja-plusible",
            "failing": 0,
            "testrun": 103,
            "failings": [],
            "status": "ok",
            "test_executed": [
                "org.jfree.data.xy.XYSeries_ESTest"
            ],
            "failing_assertions": [],
            "failing_lines": []
        },
        {
            "patch": "/home/mmartinez/xTestCluster/Patches/Patches_Wang902/Patches_ICSE/Doverfitting/DynaMoth/Chart/patch1-Chart-5-DynaMoth-plausible.patch",
            "test": "test_from_WangICSE_patch1-Chart-5-Kali-plausible",
            "failing": 0,
            "testrun": 105,
            "failings": [],
            "status": "ok",
            "test_executed": [
                "org.jfree.data.xy.XYSeries_ESTest"
            ],
            "failing_assertions": [],
            "failing_lines": []
        },
        {
            "patch": "/home/mmartinez/xTestCluster/Patches/Patches_Wang902/Patches_ICSE/Doverfitting/DynaMoth/Chart/patch1-Chart-5-DynaMoth-plausible.patch",
            "test": "test_from_WangICSE_patch1-Chart-5-jKali-plausible",
            "failing": 0,
            "testrun": 102,
            "failings": [],
            "status": "ok",
            "test_executed": [
                "org.jfree.data.xy.XYSeries_ESTest"
            ],
            "failing_assertions": [],
            "failing_lines": []
        },
        {
            "patch": "/home/mmartinez/xTestCluster/Patches/Patches_Wang902/Patches_ICSE/Doverfitting/DynaMoth/Chart/patch1-Chart-5-DynaMoth-plausible.patch",
            "test": "test_from_WangICSE_patch1-Chart-5-jGenProg-plausible",
            "failing": 1,
            "testrun": 99,
            "failings": [
                "test15(org.jfree.data.xy.XYSeries_ESTest)"
            ],
            "status": "ok",
            "test_executed": [
                "org.jfree.data.xy.XYSeries_ESTest"
            ],
            "failing_assertions": [
                "java.lang.AssertionError: expected:<-2996.983003851> but was:<9999.0>"
            ],
            "failing_lines": [
                [
                    "org.jfree.data.xy.XYSeries_ESTest.test15(XYSeries_ESTest.java:240)"
                ]
            ]
        },
        {
            "patch": "/home/mmartinez/xTestCluster/Patches/Patches_Wang902/Patches_ICSE/Doverfitting/DynaMoth/Chart/patch1-Chart-5-DynaMoth-plausible.patch",
            "test": "test_from_WangICSE_patch1-Chart-5-DynaMoth-plausible",
            "failing": 0,
            "testrun": 105,
            "failings": [],
            "status": "ok",
            "test_executed": [
                "org.jfree.data.xy.XYSeries_ESTest"
            ],
            "failing_assertions": [],
            "failing_lines": []
        },
        {
            "patch": "/home/mmartinez/xTestCluster/Patches/Patches_Wang902/Patches_ICSE/Doverfitting/DynaMoth/Chart/patch1-Chart-5-DynaMoth-plausible.patch",
            "test": "test_from_WangICSE_patch1-Chart-5-RSRepair-plausible",
            "failing": 0,
            "testrun": 96,
            "failings": [],
            "status": "ok",
            "test_executed": [
                "org.jfree.data.xy.XYSeries_ESTest"
            ],
            "failing_assertions": [],
            "failing_lines": []
        },
        {
            "patch": "/home/mmartinez/xTestCluster/Patches/Patches_Wang902/Patches_ICSE/Doverfitting/DynaMoth/Chart/patch1-Chart-5-DynaMoth-plausible.patch",
            "test": "test_from_WangICSE_patch1-Chart-5-AVATAR-plausible",
            "failing": 10,
            "testrun": 102,
            "failings": [
                "test003(org.jfree.data.xy.XYSeries_ESTest)",
                "test084(org.jfree.data.xy.XYSeries_ESTest)",
                "test055(org.jfree.data.xy.XYSeries_ESTest)",
                "test053(org.jfree.data.xy.XYSeries_ESTest)",
                "test025(org.jfree.data.xy.XYSeries_ESTest)",
                "test019(org.jfree.data.xy.XYSeries_ESTest)",
                "test017(org.jfree.data.xy.XYSeries_ESTest)",
                "test018(org.jfree.data.xy.XYSeries_ESTest)",
                "test014(org.jfree.data.xy.XYSeries_ESTest)",
                "test023(org.jfree.data.xy.XYSeries_ESTest)"
            ],
            "status": "ok",
            "test_executed": [
                "org.jfree.data.xy.XYSeries_ESTest"
            ],
            "failing_assertions": [
                "java.lang.AssertionError: Expecting exception: IndexOutOfBoundsException",
                "java.lang.AssertionError: Expecting exception: IndexOutOfBoundsException",
                "java.lang.AssertionError: Expecting exception: RuntimeException",
                "java.lang.AssertionError: Expecting exception: RuntimeException",
                "java.lang.AssertionError: expected:<-21.123> but was:<1.0>",
                "java.lang.AssertionError: expected:<-3497.72512495> but was:<1.0>",
                "java.lang.AssertionError: expected:<0.0> but was:<-21.867288092494128>",
                "java.lang.AssertionError: expected:<151.0> but was:<-2045.0>",
                "java.lang.ArrayIndexOutOfBoundsException: -1",
                "java.lang.AssertionError: expected same:<[0.0, 0.0]> was not:<[0.0, 23.0]>"
            ],
            "failing_lines": [
                [
                    "org.jfree.data.xy.XYSeries_ESTest.test003(XYSeries_ESTest.java:88)"
                ],
                [
                    "org.jfree.data.xy.XYSeries_ESTest.test084(XYSeries_ESTest.java:1222)"
                ],
                [
                    "org.jfree.data.xy.XYSeries_ESTest.test055(XYSeries_ESTest.java:856)"
                ],
                [
                    "org.jfree.data.xy.XYSeries_ESTest.test053(XYSeries_ESTest.java:820)"
                ],
                [
                    "org.jfree.data.xy.XYSeries_ESTest.test025(XYSeries_ESTest.java:388)"
                ],
                [
                    "org.jfree.data.xy.XYSeries_ESTest.test019(XYSeries_ESTest.java:309)"
                ],
                [
                    "org.jfree.data.xy.XYSeries_ESTest.test017(XYSeries_ESTest.java:286)"
                ],
                [
                    "org.jfree.data.xy.XYSeries_ESTest.test018(XYSeries_ESTest.java:299)"
                ],
                [
                    "org.jfree.data.xy.XYSeries_ESTest.test014(XYSeries_ESTest.java:250)"
                ],
                [
                    "org.jfree.data.xy.XYSeries_ESTest.test023(XYSeries_ESTest.java:361)"
                ]
            ]
        }
    ],
    "duration": 55.41
}