{
    "patch": "/home/mmartinez/xTestCluster/Patches/Patches_Wang902/Patches_ICSE/Doverfitting/Kali/Closure/patch1-Closure-112-Kali-plausible.patch",
    "project": "Closure",
    "bugid": "112",
    "dataset": "Patches_ICSE",
    "date": "2022-12-16T03:49:47.275128",
    "project_checked": "ok",
    "compiledProjectModified": "ok",
    "patchApplied": "ok",
    "arrive_end": "ok",
    "patched_project_pass_all_test": "no",
    "test_execution": [
        {
            "patch": "/home/mmartinez/xTestCluster/Patches/Patches_Wang902/Patches_ICSE/Doverfitting/Kali/Closure/patch1-Closure-112-Kali-plausible.patch",
            "test": "test_from_WangICSE_patch1-Closure-112-Arja-plausible",
            "failing": 0,
            "testrun": 4,
            "failings": [],
            "status": "ok",
            "test_executed": [
                "com.google.javascript.jscomp.TypeInference_ESTest"
            ],
            "failing_assertions": [],
            "failing_lines": []
        },
        {
            "patch": "/home/mmartinez/xTestCluster/Patches/Patches_Wang902/Patches_ICSE/Doverfitting/Kali/Closure/patch1-Closure-112-Kali-plausible.patch",
            "test": "test_from_WangICSE_patch1-Closure-112-Kali-plausible",
            "failing": 0,
            "testrun": 3,
            "failings": [],
            "status": "ok",
            "test_executed": [
                "com.google.javascript.jscomp.TypeInference_ESTest"
            ],
            "failing_assertions": [],
            "failing_lines": []
        },
        {
            "patch": "/home/mmartinez/xTestCluster/Patches/Patches_Wang902/Patches_ICSE/Doverfitting/Kali/Closure/patch1-Closure-112-Kali-plausible.patch",
            "test": "test_from_WangICSE_patch1-Closure-112-RSRepair-plausible",
            "failing": 0,
            "testrun": 3,
            "failings": [],
            "status": "ok",
            "test_executed": [
                "com.google.javascript.jscomp.TypeInference_ESTest"
            ],
            "failing_assertions": [],
            "failing_lines": []
        },
        {
            "patch": "/home/mmartinez/xTestCluster/Patches/Patches_Wang902/Patches_ICSE/Doverfitting/Kali/Closure/patch1-Closure-112-Kali-plausible.patch",
            "test": "test_from_WangICSE_patch1-Closure-112-GenProg-plausible",
            "failing": 0,
            "testrun": 3,
            "failings": [],
            "status": "ok",
            "test_executed": [
                "com.google.javascript.jscomp.TypeInference_ESTest"
            ],
            "failing_assertions": [],
            "failing_lines": []
        }
    ],
    "duration": 41.43
}