{
    "patch": "/home/mmartinez/xTestCluster/Patches/Patches_Wang902/Patches_ICSE/Ddifferent/ACS/Lang/patch1-Lang-24-ACS.patch",
    "project": "Lang",
    "bugid": "24",
    "dataset": "Patches_ICSE",
    "date": "2023-02-16T22:35:40.136398",
    "project_checked": "ok",
    "compiledProjectModified": "ok",
    "patchApplied": "ok",
    "arrive_end": "ok",
    "patched_project_pass_all_test": "no",
    "test_execution": [
        {
            "patch": "/home/mmartinez/xTestCluster/Patches/Patches_Wang902/Patches_ICSE/Ddifferent/ACS/Lang/patch1-Lang-24-ACS.patch",
            "test": "test_from_WangICSE_patch1-Lang-24-kPAR-plausible",
            "failing": 0,
            "testrun": 4482,
            "failings": [],
            "status": "ok",
            "test_executed": [
                "RegressionTest1",
                "RegressionTest6",
                "RegressionTest8",
                "RegressionTest3",
                "RegressionTest5",
                "RegressionTest4",
                "RegressionTest2",
                "RegressionTest0",
                "RegressionTest7"
            ],
            "failing_assertions": [],
            "failing_lines": []
        },
        {
            "patch": "/home/mmartinez/xTestCluster/Patches/Patches_Wang902/Patches_ICSE/Ddifferent/ACS/Lang/patch1-Lang-24-ACS.patch",
            "test": "test_from_WangICSE_patch1-Lang-24-TBar-plausible",
            "failing": 0,
            "testrun": 4542,
            "failings": [],
            "status": "ok",
            "test_executed": [
                "RegressionTest1",
                "RegressionTest6",
                "RegressionTest8",
                "RegressionTest3",
                "RegressionTest9",
                "RegressionTest5",
                "RegressionTest4",
                "RegressionTest2",
                "RegressionTest0",
                "RegressionTest7"
            ],
            "failing_assertions": [],
            "failing_lines": []
        },
        {
            "patch": "/home/mmartinez/xTestCluster/Patches/Patches_Wang902/Patches_ICSE/Ddifferent/ACS/Lang/patch1-Lang-24-ACS.patch",
            "test": "test_from_WangICSE_patch1-Lang-24-ACS",
            "failing": 0,
            "testrun": 4482,
            "failings": [],
            "status": "ok",
            "test_executed": [
                "RegressionTest1",
                "RegressionTest6",
                "RegressionTest8",
                "RegressionTest3",
                "RegressionTest5",
                "RegressionTest4",
                "RegressionTest2",
                "RegressionTest0",
                "RegressionTest7"
            ],
            "failing_assertions": [],
            "failing_lines": []
        }
    ],
    "duration": 25.65
}