{
    "patch": "/home/mmartinez/xTestCluster/Patches/Patches_Wang902/Patches_ICSE/Doverfitting/Arja/Chart/patch1-Chart-19-Arja-plusible.patch",
    "project": "Chart",
    "bugid": "19",
    "dataset": "Patches_ICSE",
    "date": "2022-12-16T05:18:15.882035",
    "project_checked": "ok",
    "compiledProjectModified": "ok",
    "patchApplied": "ok",
    "arrive_end": "ok",
    "patched_project_pass_all_test": "no",
    "test_execution": [
        {
            "patch": "/home/mmartinez/xTestCluster/Patches/Patches_Wang902/Patches_ICSE/Doverfitting/Arja/Chart/patch1-Chart-19-Arja-plusible.patch",
            "test": "test_from_WangICSE_patch1-Chart-19-AVATAR",
            "failing": 2,
            "testrun": 250,
            "failings": [
                "test187(org.jfree.chart.plot.CategoryPlot_ESTest)",
                "test180(org.jfree.chart.plot.CategoryPlot_ESTest)"
            ],
            "status": "ok",
            "test_executed": [
                "org.jfree.chart.plot.CategoryPlot_ESTest"
            ],
            "failing_assertions": [
                "java.lang.AssertionError: Exception was not thrown in org.jfree.chart.plot.CategoryPlot but in org.jfree.chart.util.AbstractObjectList.indexOf(AbstractObjectList.java:165): org.evosuite.runtime.mock.java.lang.MockThrowable: Null \\'object\\' argument.",
                "java.lang.AssertionError: Exception was not thrown in org.jfree.chart.plot.CategoryPlot but in org.jfree.chart.util.AbstractObjectList.indexOf(AbstractObjectList.java:165): org.evosuite.runtime.mock.java.lang.MockThrowable: Null \\'object\\' argument."
            ],
            "failing_lines": [
                [
                    "org.jfree.chart.plot.CategoryPlot_ESTest.test187(CategoryPlot_ESTest.java:28794)"
                ],
                [
                    "org.jfree.chart.plot.CategoryPlot_ESTest.test180(CategoryPlot_ESTest.java:28044)"
                ]
            ]
        },
        {
            "patch": "/home/mmartinez/xTestCluster/Patches/Patches_Wang902/Patches_ICSE/Doverfitting/Arja/Chart/patch1-Chart-19-Arja-plusible.patch",
            "test": "test_from_WangICSE_patch1-Chart-19-Arja-plusible",
            "failing": 0,
            "testrun": 246,
            "failings": [],
            "status": "ok",
            "test_executed": [
                "org.jfree.chart.util.AbstractObjectList_ESTest",
                "org.jfree.chart.plot.CategoryPlot_ESTest"
            ],
            "failing_assertions": [],
            "failing_lines": []
        }
    ],
    "duration": 41.04
}