{
    "patch": "/home/mmartinez/xTestCluster/Patches/Patches_Wang902/Patches_ICSE/Ddifferent/Kali/Closure/patch1-Closure-115-Kali.patch",
    "project": "Closure",
    "bugid": "115",
    "dataset": "Patches_ICSE",
    "date": "2023-02-05T21:57:57.573875",
    "project_checked": "ok",
    "compiledProjectModified": "ok",
    "patchApplied": "ok",
    "arrive_end": "ok",
    "patched_project_pass_all_test": "no",
    "test_execution": [
        {
            "patch": "/home/mmartinez/xTestCluster/Patches/Patches_Wang902/Patches_ICSE/Ddifferent/Kali/Closure/patch1-Closure-115-Kali.patch",
            "test": "test_from_WangICSE_patch1-Closure-115-Arja",
            "failing": 0,
            "testrun": 21,
            "failings": [],
            "status": "ok",
            "test_executed": [
                "com.google.javascript.jscomp.FunctionInjector_ESTest"
            ],
            "failing_assertions": [],
            "failing_lines": []
        },
        {
            "patch": "/home/mmartinez/xTestCluster/Patches/Patches_Wang902/Patches_ICSE/Ddifferent/Kali/Closure/patch1-Closure-115-Kali.patch",
            "test": "test_from_WangICSE_patch1-Closure-115-kPAR-plausible",
            "failing": 0,
            "testrun": 15,
            "failings": [],
            "status": "ok",
            "test_executed": [
                "com.google.javascript.jscomp.FunctionInjector_ESTest"
            ],
            "failing_assertions": [],
            "failing_lines": []
        },
        {
            "patch": "/home/mmartinez/xTestCluster/Patches/Patches_Wang902/Patches_ICSE/Ddifferent/Kali/Closure/patch1-Closure-115-Kali.patch",
            "test": "test_from_WangICSE_patch1-Closure-115-GenProg",
            "failing": 0,
            "testrun": 17,
            "failings": [],
            "status": "ok",
            "test_executed": [
                "com.google.javascript.jscomp.FunctionInjector_ESTest"
            ],
            "failing_assertions": [],
            "failing_lines": []
        },
        {
            "patch": "/home/mmartinez/xTestCluster/Patches/Patches_Wang902/Patches_ICSE/Ddifferent/Kali/Closure/patch1-Closure-115-Kali.patch",
            "test": "test_from_WangICSE_patch1-Closure-115-AVATAR",
            "failing": 0,
            "testrun": 20,
            "failings": [],
            "status": "ok",
            "test_executed": [
                "com.google.javascript.jscomp.FunctionInjector_ESTest"
            ],
            "failing_assertions": [],
            "failing_lines": []
        },
        {
            "patch": "/home/mmartinez/xTestCluster/Patches/Patches_Wang902/Patches_ICSE/Ddifferent/Kali/Closure/patch1-Closure-115-Kali.patch",
            "test": "test_from_WangICSE_patch1-Closure-115-RSRepair",
            "failing": 0,
            "testrun": 21,
            "failings": [],
            "status": "ok",
            "test_executed": [
                "com.google.javascript.jscomp.FunctionInjector_ESTest"
            ],
            "failing_assertions": [],
            "failing_lines": []
        },
        {
            "patch": "/home/mmartinez/xTestCluster/Patches/Patches_Wang902/Patches_ICSE/Ddifferent/Kali/Closure/patch1-Closure-115-Kali.patch",
            "test": "test_from_WangICSE_patch1-Closure-115-TBar-plausible",
            "failing": 0,
            "testrun": 20,
            "failings": [],
            "status": "ok",
            "test_executed": [
                "com.google.javascript.jscomp.FunctionInjector_ESTest"
            ],
            "failing_assertions": [],
            "failing_lines": []
        },
        {
            "patch": "/home/mmartinez/xTestCluster/Patches/Patches_Wang902/Patches_ICSE/Ddifferent/Kali/Closure/patch1-Closure-115-Kali.patch",
            "test": "test_from_WangICSE_patch1-Closure-115-SimFix",
            "failing": 0,
            "testrun": 16,
            "failings": [],
            "status": "ok",
            "test_executed": [
                "com.google.javascript.jscomp.FunctionInjector_ESTest"
            ],
            "failing_assertions": [],
            "failing_lines": []
        },
        {
            "patch": "/home/mmartinez/xTestCluster/Patches/Patches_Wang902/Patches_ICSE/Ddifferent/Kali/Closure/patch1-Closure-115-Kali.patch",
            "test": "test_from_WangICSE_patch1-Closure-115-Kali",
            "failing": 0,
            "testrun": 17,
            "failings": [],
            "status": "ok",
            "test_executed": [
                "com.google.javascript.jscomp.FunctionInjector_ESTest"
            ],
            "failing_assertions": [],
            "failing_lines": []
        }
    ],
    "duration": 46.21
}