{
    "patch": "/home/mmartinez/xTestCluster/Patches/Patches_Wang902/Patches_ICSE/Doverfitting/Nopol/Math/patch1-Math-4-Nopol-plausible.patch",
    "project": "Math",
    "bugid": "4",
    "dataset": "Patches_ICSE",
    "date": "2023-02-02T04:53:35.490614",
    "project_checked": "ok",
    "compiledProjectModified": "ok",
    "patchApplied": "ok",
    "arrive_end": "ok",
    "patched_project_pass_all_test": "no",
    "test_execution": [
        {
            "patch": "/home/mmartinez/xTestCluster/Patches/Patches_Wang902/Patches_ICSE/Doverfitting/Nopol/Math/patch1-Math-4-Nopol-plausible.patch",
            "test": "test_from_WangICSE_patch1-Math-4-AVATAR",
            "failing": 2,
            "testrun": 51,
            "failings": [
                "test28(org.apache.commons.math3.geometry.euclidean.twod.SubLine_ESTest)",
                "test18(org.apache.commons.math3.geometry.euclidean.threed.SubLine_ESTest)"
            ],
            "status": "ok",
            "test_executed": [
                "org.apache.commons.math3.geometry.euclidean.twod.SubLine_ESTest",
                "org.apache.commons.math3.geometry.euclidean.threed.SubLine_ESTest"
            ],
            "failing_assertions": [
                "java.lang.NullPointerException",
                "java.lang.NullPointerException"
            ],
            "failing_lines": [
                [
                    "org.apache.commons.math3.geometry.euclidean.twod.SubLine_ESTest.test28(SubLine_ESTest.java:398)"
                ],
                [
                    "org.apache.commons.math3.geometry.euclidean.threed.SubLine_ESTest.test18(SubLine_ESTest.java:296)"
                ]
            ]
        },
        {
            "patch": "/home/mmartinez/xTestCluster/Patches/Patches_Wang902/Patches_ICSE/Doverfitting/Nopol/Math/patch1-Math-4-Nopol-plausible.patch",
            "test": "test_from_WangICSE_patch1-Math-4-ACS-plausible",
            "failing": 2,
            "testrun": 52,
            "failings": [
                "test30(org.apache.commons.math3.geometry.euclidean.twod.SubLine_ESTest)",
                "test13(org.apache.commons.math3.geometry.euclidean.threed.SubLine_ESTest)"
            ],
            "status": "ok",
            "test_executed": [
                "org.apache.commons.math3.geometry.euclidean.twod.SubLine_ESTest",
                "org.apache.commons.math3.geometry.euclidean.threed.SubLine_ESTest"
            ],
            "failing_assertions": [
                "java.lang.NullPointerException",
                "java.lang.NullPointerException"
            ],
            "failing_lines": [
                [
                    "org.apache.commons.math3.geometry.euclidean.twod.SubLine_ESTest.test30(SubLine_ESTest.java:429)"
                ],
                [
                    "org.apache.commons.math3.geometry.euclidean.threed.SubLine_ESTest.test13(SubLine_ESTest.java:225)"
                ]
            ]
        },
        {
            "patch": "/home/mmartinez/xTestCluster/Patches/Patches_Wang902/Patches_ICSE/Doverfitting/Nopol/Math/patch1-Math-4-Nopol-plausible.patch",
            "test": "test_from_WangICSE_patch1-Math-4-Nopol-plausible",
            "failing": 0,
            "testrun": 73,
            "failings": [],
            "status": "ok",
            "test_executed": [
                "org.apache.commons.math3.geometry.euclidean.twod.Line_ESTest"
            ],
            "failing_assertions": [],
            "failing_lines": []
        }
    ],
    "duration": 20.49
}