{
    "patch": "/home/mmartinez/xTestCluster/Patches/Patches_Wang902/Patches_ICSE/Ddifferent/ACS/Math/patch1-Math-35-ACS.patch",
    "project": "Math",
    "bugid": "35",
    "dataset": "Patches_ICSE",
    "date": "2022-12-16T07:10:33.821618",
    "project_checked": "ok",
    "compiledProjectModified": "ok",
    "patchApplied": "ok",
    "arrive_end": "ok",
    "patched_project_pass_all_test": "no",
    "test_execution": [
        {
            "patch": "/home/mmartinez/xTestCluster/Patches/Patches_Wang902/Patches_ICSE/Ddifferent/ACS/Math/patch1-Math-35-ACS.patch",
            "test": "test_from_WangICSE_patch1-Math-35-ACS",
            "failing": 0,
            "testrun": 15,
            "failings": [],
            "status": "ok",
            "test_executed": [
                "org.apache.commons.math3.genetics.ElitisticListPopulation_ESTest"
            ],
            "failing_assertions": [],
            "failing_lines": []
        }
    ],
    "duration": 20.04
}