{
    "patch": "/home/mmartinez/xTestCluster/Patches/Patches_Wang902/Patches_ICSE/Doverfitting/RSRepair/Closure/patch1-Closure-120-RSRepair-plausible.patch",
    "project": "Closure",
    "bugid": "120",
    "dataset": "Patches_ICSE",
    "date": "2022-12-16T04:56:15.252972",
    "project_checked": "ok",
    "compiledProjectModified": "ok",
    "patchApplied": "ok",
    "arrive_end": "ok",
    "patched_project_pass_all_test": "no",
    "test_execution": [
        {
            "patch": "/home/mmartinez/xTestCluster/Patches/Patches_Wang902/Patches_ICSE/Doverfitting/RSRepair/Closure/patch1-Closure-120-RSRepair-plausible.patch",
            "test": "test_from_WangICSE_patch1-Closure-120-Arja-plausible",
            "failing": 0,
            "testrun": 7,
            "failings": [],
            "status": "ok",
            "test_executed": [
                "com.google.javascript.jscomp.GlobalVarReferenceMap_ESTest"
            ],
            "failing_assertions": [],
            "failing_lines": []
        },
        {
            "patch": "/home/mmartinez/xTestCluster/Patches/Patches_Wang902/Patches_ICSE/Doverfitting/RSRepair/Closure/patch1-Closure-120-RSRepair-plausible.patch",
            "test": "test_from_WangICSE_patch1-Closure-120-RSRepair-plausible",
            "failing": 0,
            "testrun": 38,
            "failings": [],
            "status": "ok",
            "test_executed": [
                "com.google.javascript.jscomp.ReferenceCollectingCallback_ESTest"
            ],
            "failing_assertions": [],
            "failing_lines": []
        },
        {
            "patch": "/home/mmartinez/xTestCluster/Patches/Patches_Wang902/Patches_ICSE/Doverfitting/RSRepair/Closure/patch1-Closure-120-RSRepair-plausible.patch",
            "test": "test_from_WangICSE_patch1-Closure-120-Kali-plausible",
            "failing": 0,
            "testrun": 334,
            "failings": [],
            "status": "ok",
            "test_executed": [
                "com.google.javascript.rhino.Node_ESTest"
            ],
            "failing_assertions": [],
            "failing_lines": []
        }
    ],
    "duration": 41.67
}