{
    "patch": "/home/mmartinez/xTestCluster/Patches/Patches_Wang902/Patches_others/Dcorrect/SOFix/Chart/patch1-Chart-4-SOFix.patch",
    "project": "Chart",
    "bugid": "4",
    "dataset": "Patches_others",
    "date": "2022-12-16T07:05:17.855735",
    "project_checked": "ok",
    "compiledProjectModified": "ok",
    "patchApplied": "ok",
    "arrive_end": "ok",
    "patched_project_pass_all_test": "no",
    "test_execution": [
        {
            "patch": "/home/mmartinez/xTestCluster/Patches/Patches_Wang902/Patches_others/Dcorrect/SOFix/Chart/patch1-Chart-4-SOFix.patch",
            "test": "test_from_WangICSE_patch1-Chart-4-AVATAR",
            "failing": 0,
            "testrun": 322,
            "failings": [],
            "status": "ok",
            "test_executed": [
                "org.jfree.chart.plot.XYPlot_ESTest"
            ],
            "failing_assertions": [],
            "failing_lines": []
        },
        {
            "patch": "/home/mmartinez/xTestCluster/Patches/Patches_Wang902/Patches_others/Dcorrect/SOFix/Chart/patch1-Chart-4-SOFix.patch",
            "test": "test_from_WangDRR_patch1-Chart-4-SOFix",
            "failing": 0,
            "testrun": 288,
            "failings": [],
            "status": "ok",
            "test_executed": [
                "org.jfree.chart.plot.XYPlot_ESTest"
            ],
            "failing_assertions": [],
            "failing_lines": []
        }
    ],
    "duration": 48.05
}