{
    "patch": "/Users/matias/develop/git-xTestCluster/Patches/Patches_Wang902/Patches_ICSE/Ddifferent/Arja/Closure/patch1-Closure-126-Arja.patch",
    "project": "Closure",
    "bugid": "126",
    "dataset": "Patches_ICSE",
    "date": "2023-02-17T17:01:05.454595",
    "project_checked": "ok",
    "compiledProjectModified": "ok",
    "patchApplied": "ok",
    "arrive_end": "ok",
    "patched_project_pass_all_test": "no",
    "test_execution": [
        {
            "patch": "/Users/matias/develop/git-xTestCluster/Patches/Patches_Wang902/Patches_ICSE/Ddifferent/Arja/Closure/patch1-Closure-126-Arja.patch",
            "test": "test_from_WangICSE_patch1-Closure-126-Arja",
            "failing": 12,
            "testrun": 14,
            "failings": [
                "test00(com.google.javascript.jscomp.MinimizeExitPoints_ESTest)",
                "test01(com.google.javascript.jscomp.MinimizeExitPoints_ESTest)",
                "test02(com.google.javascript.jscomp.MinimizeExitPoints_ESTest)",
                "test03(com.google.javascript.jscomp.MinimizeExitPoints_ESTest)",
                "test04(com.google.javascript.jscomp.MinimizeExitPoints_ESTest)",
                "test06(com.google.javascript.jscomp.MinimizeExitPoints_ESTest)",
                "test07(com.google.javascript.jscomp.MinimizeExitPoints_ESTest)",
                "test08(com.google.javascript.jscomp.MinimizeExitPoints_ESTest)",
                "test10(com.google.javascript.jscomp.MinimizeExitPoints_ESTest)",
                "test11(com.google.javascript.jscomp.MinimizeExitPoints_ESTest)",
                "test12(com.google.javascript.jscomp.MinimizeExitPoints_ESTest)",
                "test13(com.google.javascript.jscomp.MinimizeExitPoints_ESTest)"
            ],
            "status": "ok",
            "test_executed": [
                "com.google.javascript.jscomp.MinimizeExitPoints_ESTest"
            ],
            "failing_assertions": [
                "java.lang.NoClassDefFoundError: Could not initialize class com.google.javascript.jscomp.Compiler",
                "java.lang.NoClassDefFoundError: Could not initialize class com.google.javascript.jscomp.Compiler",
                "java.lang.NoClassDefFoundError: Could not initialize class com.google.javascript.jscomp.Compiler",
                "java.lang.NoClassDefFoundError: Could not initialize class com.google.javascript.jscomp.Compiler",
                "java.lang.NoClassDefFoundError: Could not initialize class com.google.javascript.jscomp.Compiler",
                "java.lang.NoClassDefFoundError: Could not initialize class com.google.javascript.jscomp.Compiler",
                "java.lang.NoClassDefFoundError: Could not initialize class com.google.javascript.jscomp.Compiler",
                "java.lang.NoClassDefFoundError: Could not initialize class java.util.logging.LogManager",
                "java.lang.NoClassDefFoundError: Could not initialize class com.google.javascript.jscomp.Compiler",
                "java.lang.NoClassDefFoundError: Could not initialize class com.google.javascript.jscomp.Compiler",
                "java.lang.NoClassDefFoundError: Could not initialize class com.google.javascript.jscomp.Compiler",
                "java.lang.NoClassDefFoundError: Could not initialize class com.google.javascript.jscomp.Compiler"
            ],
            "failing_lines": [
                [
                    "com.google.javascript.jscomp.MinimizeExitPoints_ESTest.test00(MinimizeExitPoints_ESTest.java:55)"
                ],
                [
                    "com.google.javascript.jscomp.MinimizeExitPoints_ESTest.test01(MinimizeExitPoints_ESTest.java:73)"
                ],
                [
                    "com.google.javascript.jscomp.MinimizeExitPoints_ESTest.test02(MinimizeExitPoints_ESTest.java:101)"
                ],
                [
                    "com.google.javascript.jscomp.MinimizeExitPoints_ESTest.test03(MinimizeExitPoints_ESTest.java:129)"
                ],
                [
                    "com.google.javascript.jscomp.MinimizeExitPoints_ESTest.test04(MinimizeExitPoints_ESTest.java:169)"
                ],
                [
                    "com.google.javascript.jscomp.MinimizeExitPoints_ESTest.test06(MinimizeExitPoints_ESTest.java:221)"
                ],
                [
                    "com.google.javascript.jscomp.MinimizeExitPoints_ESTest.test07(MinimizeExitPoints_ESTest.java:259)"
                ],
                [
                    "com.google.javascript.jscomp.MinimizeExitPoints_ESTest.test08(MinimizeExitPoints_ESTest.java:293)"
                ],
                [
                    "com.google.javascript.jscomp.MinimizeExitPoints_ESTest.test10(MinimizeExitPoints_ESTest.java:333)"
                ],
                [
                    "com.google.javascript.jscomp.MinimizeExitPoints_ESTest.test11(MinimizeExitPoints_ESTest.java:371)"
                ],
                [
                    "com.google.javascript.jscomp.MinimizeExitPoints_ESTest.test12(MinimizeExitPoints_ESTest.java:399)"
                ],
                [
                    "com.google.javascript.jscomp.MinimizeExitPoints_ESTest.test13(MinimizeExitPoints_ESTest.java:437)"
                ]
            ]
        }
    ],
    "duration": 33.05
}