{
    "patch": "/home/mmartinez/xTestCluster/Patches/Patches_Wang902/Patches_ICSE/Doverfitting/Nopol/Math/patch1-Math-81-Nopol-plausible.patch",
    "project": "Math",
    "bugid": "81",
    "dataset": "Patches_ICSE",
    "date": "2022-12-15T22:45:15.902736",
    "project_checked": "ok",
    "compiledProjectModified": "ok",
    "patchApplied": "ok",
    "arrive_end": "ok",
    "patched_project_pass_all_test": "no",
    "test_execution": [
        {
            "patch": "/home/mmartinez/xTestCluster/Patches/Patches_Wang902/Patches_ICSE/Doverfitting/Nopol/Math/patch1-Math-81-Nopol-plausible.patch",
            "test": "test_from_WangICSE_patch1-Math-81-ACS-plausible",
            "failing": 0,
            "testrun": 44,
            "failings": [],
            "status": "ok",
            "test_executed": [
                "org.apache.commons.math.linear.EigenDecompositionImpl_ESTest"
            ],
            "failing_assertions": [],
            "failing_lines": []
        },
        {
            "patch": "/home/mmartinez/xTestCluster/Patches/Patches_Wang902/Patches_ICSE/Doverfitting/Nopol/Math/patch1-Math-81-Nopol-plausible.patch",
            "test": "test_from_WangICSE_patch1-Math-81-Nopol-plausible",
            "failing": 0,
            "testrun": 43,
            "failings": [],
            "status": "ok",
            "test_executed": [
                "org.apache.commons.math.linear.EigenDecompositionImpl_ESTest"
            ],
            "failing_assertions": [],
            "failing_lines": []
        },
        {
            "patch": "/home/mmartinez/xTestCluster/Patches/Patches_Wang902/Patches_ICSE/Doverfitting/Nopol/Math/patch1-Math-81-Nopol-plausible.patch",
            "test": "test_from_WangICSE_patch1-Math-81-FixMiner-plausible",
            "failing": 0,
            "testrun": 28,
            "failings": [],
            "status": "ok",
            "test_executed": [
                "org.apache.commons.math.linear.EigenDecompositionImpl_ESTest"
            ],
            "failing_assertions": [],
            "failing_lines": []
        },
        {
            "patch": "/home/mmartinez/xTestCluster/Patches/Patches_Wang902/Patches_ICSE/Doverfitting/Nopol/Math/patch1-Math-81-Nopol-plausible.patch",
            "test": "test_from_WangICSE_patch1-Math-81-jMutRepair-plausible",
            "failing": 0,
            "testrun": 31,
            "failings": [],
            "status": "ok",
            "test_executed": [
                "org.apache.commons.math.linear.EigenDecompositionImpl_ESTest"
            ],
            "failing_assertions": [],
            "failing_lines": []
        },
        {
            "patch": "/home/mmartinez/xTestCluster/Patches/Patches_Wang902/Patches_ICSE/Doverfitting/Nopol/Math/patch1-Math-81-Nopol-plausible.patch",
            "test": "test_from_WangICSE_patch1-Math-81-Arja-plausible",
            "failing": 0,
            "testrun": 32,
            "failings": [],
            "status": "ok",
            "test_executed": [
                "org.apache.commons.math.linear.EigenDecompositionImpl_ESTest"
            ],
            "failing_assertions": [],
            "failing_lines": []
        },
        {
            "patch": "/home/mmartinez/xTestCluster/Patches/Patches_Wang902/Patches_ICSE/Doverfitting/Nopol/Math/patch1-Math-81-Nopol-plausible.patch",
            "test": "test_from_WangICSE_patch1-Math-81-Kali-plausible",
            "failing": 0,
            "testrun": 35,
            "failings": [],
            "status": "ok",
            "test_executed": [
                "org.apache.commons.math.linear.EigenDecompositionImpl_ESTest"
            ],
            "failing_assertions": [],
            "failing_lines": []
        },
        {
            "patch": "/home/mmartinez/xTestCluster/Patches/Patches_Wang902/Patches_ICSE/Doverfitting/Nopol/Math/patch1-Math-81-Nopol-plausible.patch",
            "test": "test_from_WangICSE_patch1-Math-81-jGenProg-plausible",
            "failing": 0,
            "testrun": 37,
            "failings": [],
            "status": "ok",
            "test_executed": [
                "org.apache.commons.math.linear.EigenDecompositionImpl_ESTest"
            ],
            "failing_assertions": [],
            "failing_lines": []
        },
        {
            "patch": "/home/mmartinez/xTestCluster/Patches/Patches_Wang902/Patches_ICSE/Doverfitting/Nopol/Math/patch1-Math-81-Nopol-plausible.patch",
            "test": "test_from_WangICSE_patch1-Math-81-GenProg-plausible",
            "failing": 1,
            "testrun": 42,
            "failings": [
                "test22(org.apache.commons.math.linear.EigenDecompositionImpl_ESTest)"
            ],
            "status": "ok",
            "test_executed": [
                "org.apache.commons.math.linear.EigenDecompositionImpl_ESTest"
            ],
            "failing_assertions": [
                "java.lang.AssertionError: expected:<-3.086296889654225E14> but was:<-3.086296907528476E14>"
            ],
            "failing_lines": [
                [
                    "org.apache.commons.math.linear.EigenDecompositionImpl_ESTest.test22(EigenDecompositionImpl_ESTest.java:614)"
                ]
            ]
        },
        {
            "patch": "/home/mmartinez/xTestCluster/Patches/Patches_Wang902/Patches_ICSE/Doverfitting/Nopol/Math/patch1-Math-81-Nopol-plausible.patch",
            "test": "test_from_WangICSE_patch1-Math-81-SimFix-plausible",
            "failing": 0,
            "testrun": 32,
            "failings": [],
            "status": "ok",
            "test_executed": [
                "org.apache.commons.math.linear.EigenDecompositionImpl_ESTest"
            ],
            "failing_assertions": [],
            "failing_lines": []
        },
        {
            "patch": "/home/mmartinez/xTestCluster/Patches/Patches_Wang902/Patches_ICSE/Doverfitting/Nopol/Math/patch1-Math-81-Nopol-plausible.patch",
            "test": "test_from_WangICSE_patch1-Math-81-TBar-plausible",
            "failing": 0,
            "testrun": 30,
            "failings": [],
            "status": "ok",
            "test_executed": [
                "org.apache.commons.math.linear.EigenDecompositionImpl_ESTest"
            ],
            "failing_assertions": [],
            "failing_lines": []
        },
        {
            "patch": "/home/mmartinez/xTestCluster/Patches/Patches_Wang902/Patches_ICSE/Doverfitting/Nopol/Math/patch1-Math-81-Nopol-plausible.patch",
            "test": "test_from_WangICSE_patch1-Math-81-AVATAR-plausible",
            "failing": 0,
            "testrun": 43,
            "failings": [],
            "status": "ok",
            "test_executed": [
                "org.apache.commons.math.linear.EigenDecompositionImpl_ESTest"
            ],
            "failing_assertions": [],
            "failing_lines": []
        },
        {
            "patch": "/home/mmartinez/xTestCluster/Patches/Patches_Wang902/Patches_ICSE/Doverfitting/Nopol/Math/patch1-Math-81-Nopol-plausible.patch",
            "test": "test_from_WangICSE_patch1-Math-81-DynaMoth-plausible",
            "failing": 0,
            "testrun": 33,
            "failings": [],
            "status": "ok",
            "test_executed": [
                "org.apache.commons.math.linear.EigenDecompositionImpl_ESTest"
            ],
            "failing_assertions": [],
            "failing_lines": []
        },
        {
            "patch": "/home/mmartinez/xTestCluster/Patches/Patches_Wang902/Patches_ICSE/Doverfitting/Nopol/Math/patch1-Math-81-Nopol-plausible.patch",
            "test": "test_from_WangICSE_patch1-Math-81-RSRepair-plausible",
            "failing": 0,
            "testrun": 31,
            "failings": [],
            "status": "ok",
            "test_executed": [
                "org.apache.commons.math.linear.EigenDecompositionImpl_ESTest"
            ],
            "failing_assertions": [],
            "failing_lines": []
        }
    ],
    "duration": 45.97
}