{
    "patch": "/home/mmartinez/xTestCluster/Patches/Patches_Wang902/Patches_ICSE/Doverfitting/Nopol/Math/patch1-Math-42-Nopol-plausible.patch",
    "project": "Math",
    "bugid": "42",
    "dataset": "Patches_ICSE",
    "date": "2022-12-16T06:00:29.489345",
    "project_checked": "ok",
    "compiledProjectModified": "ok",
    "patchApplied": "ok",
    "arrive_end": "ok",
    "patched_project_pass_all_test": "no",
    "test_execution": [
        {
            "patch": "/home/mmartinez/xTestCluster/Patches/Patches_Wang902/Patches_ICSE/Doverfitting/Nopol/Math/patch1-Math-42-Nopol-plausible.patch",
            "test": "test_from_WangICSE_patch1-Math-42-Nopol-plausible",
            "failing": 0,
            "testrun": 76,
            "failings": [],
            "status": "ok",
            "test_executed": [
                "org.apache.commons.math.optimization.linear.SimplexTableau_ESTest"
            ],
            "failing_assertions": [],
            "failing_lines": []
        },
        {
            "patch": "/home/mmartinez/xTestCluster/Patches/Patches_Wang902/Patches_ICSE/Doverfitting/Nopol/Math/patch1-Math-42-Nopol-plausible.patch",
            "test": "test_from_WangICSE_patch1-Math-42-kPAR-plausible",
            "failing": 0,
            "testrun": 75,
            "failings": [],
            "status": "ok",
            "test_executed": [
                "org.apache.commons.math.optimization.linear.SimplexTableau_ESTest"
            ],
            "failing_assertions": [],
            "failing_lines": []
        }
    ],
    "duration": 23.78
}