{
    "patch": "/home/mmartinez/xTestCluster/Patches/Patches_Wang902/Patches_ICSE/Doverfitting/TBar/Math/patch1-Math-15-TBar-plausible.patch",
    "project": "Math",
    "bugid": "15",
    "dataset": "Patches_ICSE",
    "date": "2022-12-16T06:39:49.536184",
    "project_checked": "ok",
    "compiledProjectModified": "ok",
    "patchApplied": "ok",
    "arrive_end": "ok",
    "patched_project_pass_all_test": "no",
    "test_execution": [
        {
            "patch": "/home/mmartinez/xTestCluster/Patches/Patches_Wang902/Patches_ICSE/Doverfitting/TBar/Math/patch1-Math-15-TBar-plausible.patch",
            "test": "test_from_WangICSE_patch1-Math-15-TBar-plausible",
            "failing": 0,
            "testrun": 359,
            "failings": [],
            "status": "ok",
            "test_executed": [
                "org.apache.commons.math3.util.FastMath_ESTest"
            ],
            "failing_assertions": [],
            "failing_lines": []
        },
        {
            "patch": "/home/mmartinez/xTestCluster/Patches/Patches_Wang902/Patches_ICSE/Doverfitting/TBar/Math/patch1-Math-15-TBar-plausible.patch",
            "test": "test_from_WangICSE_patch1-Math-15-kPAR-plausible",
            "failing": 0,
            "testrun": 379,
            "failings": [],
            "status": "ok",
            "test_executed": [
                "org.apache.commons.math3.util.FastMath_ESTest"
            ],
            "failing_assertions": [],
            "failing_lines": []
        }
    ],
    "duration": 24.93
}