{
    "patch": "/home/mmartinez/xTestCluster/Patches/Patches_Wang902/Patches_others/Doverfitting/SequenceR/Closure/patch4-Closure-18-SequenceR.patch",
    "project": "Closure",
    "bugid": "18",
    "dataset": "Patches_others",
    "date": "2023-02-05T20:51:29.524859",
    "project_checked": "ok",
    "compiledProjectModified": "ok",
    "patchApplied": "ok",
    "arrive_end": "ok",
    "patched_project_pass_all_test": "no",
    "test_execution": [
        {
            "patch": "/home/mmartinez/xTestCluster/Patches/Patches_Wang902/Patches_others/Doverfitting/SequenceR/Closure/patch4-Closure-18-SequenceR.patch",
            "test": "test_from_WangDRR_patch5-Closure-18-SequenceR",
            "failing": 1,
            "testrun": 226,
            "failings": [
                "Error",
                "test213(com.google.javascript.jscomp.Compiler_ESTest)"
            ],
            "status": "ok",
            "test_executed": [
                "com.google.javascript.jscomp.Compiler_ESTest"
            ],
            "failing_assertions": [
                "20:51:54.240 [main] INFO org.evosuite.runtime.instrumentation.EvoClassLoader - Seeing class for first time: com.google.javascript.rhino.head.VMBridge_custom",
                "org.junit.ComparisonFailure: expected:<2023/02/05 11:[34]> but was:<2023/02/05 11:[51]>"
            ],
            "failing_lines": [
                [
                    "com.google.javascript.jscomp.Compiler_ESTest.test213(Compiler_ESTest.java:2909)"
                ]
            ]
        },
        {
            "patch": "/home/mmartinez/xTestCluster/Patches/Patches_Wang902/Patches_others/Doverfitting/SequenceR/Closure/patch4-Closure-18-SequenceR.patch",
            "test": "test_from_WangDRR_patch4-Closure-18-SequenceR",
            "failing": 1,
            "testrun": 224,
            "failings": [
                "Error",
                "Error",
                "Error",
                "Error",
                "test207(com.google.javascript.jscomp.Compiler_ESTest)"
            ],
            "status": "ok",
            "test_executed": [
                "com.google.javascript.jscomp.Compiler_ESTest"
            ],
            "failing_assertions": [
                "20:51:58.174 [main] INFO org.evosuite.runtime.instrumentation.EvoClassLoader - Seeing class for first time: com.google.javascript.rhino.head.VMBridge_custom",
                "20:51:58.307 [main] INFO org.evosuite.runtime.instrumentation.EvoClassLoader - Seeing class for first time: com.google.javascript.rhino.head.VMBridge_custom",
                "20:51:58.504 [main] INFO org.evosuite.runtime.instrumentation.EvoClassLoader - Seeing class for first time: com.google.javascript.rhino.head.VMBridge_custom",
                "20:51:58.984 [main] INFO org.evosuite.runtime.instrumentation.EvoClassLoader - Seeing class for first time: com.google.javascript.rhino.head.VMBridge_custom",
                "org.junit.ComparisonFailure: expected:<2023/02/05 11:[44]> but was:<2023/02/05 11:[51]>"
            ],
            "failing_lines": [
                [
                    "com.google.javascript.jscomp.Compiler_ESTest.test207(Compiler_ESTest.java:2879)"
                ]
            ]
        },
        {
            "patch": "/home/mmartinez/xTestCluster/Patches/Patches_Wang902/Patches_others/Doverfitting/SequenceR/Closure/patch4-Closure-18-SequenceR.patch",
            "test": "test_from_WangDRR_patch1-Closure-18-SequenceR-plausible",
            "failing": 1,
            "testrun": 233,
            "failings": [
                "Error",
                "Error",
                "Error",
                "Error",
                "Error",
                "Error",
                "Error",
                "Error",
                "test220(com.google.javascript.jscomp.Compiler_ESTest)"
            ],
            "status": "ok",
            "test_executed": [
                "com.google.javascript.jscomp.Compiler_ESTest"
            ],
            "failing_assertions": [
                "20:52:03.230 [main] INFO org.evosuite.runtime.instrumentation.EvoClassLoader - Seeing class for first time: com.google.javascript.rhino.head.VMBridge_custom",
                "com.google.javascript.rhino.head.Kit.codeBug(Kit.java:449)",
                "20:52:04.091 [main] INFO org.evosuite.runtime.instrumentation.EvoClassLoader - Seeing class for first time: com.google.javascript.rhino.head.VMBridge_custom",
                "Feb 05, 2023 7:52:04 PM com.google.javascript.jscomp.LoggerErrorManager println",
                "20:52:04.149 [main] INFO org.evosuite.runtime.instrumentation.EvoClassLoader - Seeing class for first time: com.google.javascript.rhino.head.VMBridge_custom",
                "20:52:04.212 [main] INFO org.evosuite.runtime.instrumentation.EvoClassLoader - Seeing class for first time: com.google.javascript.rhino.head.VMBridge_custom",
                "20:52:04.243 [main] INFO org.evosuite.runtime.instrumentation.EvoClassLoader - Seeing class for first time: com.google.javascript.rhino.head.VMBridge_custom",
                "20:52:04.281 [main] INFO org.evosuite.runtime.instrumentation.EvoClassLoader - Seeing class for first time: com.google.javascript.rhino.head.VMBridge_custom",
                "org.junit.ComparisonFailure: expected:<2023/02/05 11:[38]> but was:<2023/02/05 11:[51]>"
            ],
            "failing_lines": [
                [
                    "com.google.javascript.jscomp.Compiler_ESTest.test220(Compiler_ESTest.java:3051)"
                ]
            ]
        },
        {
            "patch": "/home/mmartinez/xTestCluster/Patches/Patches_Wang902/Patches_others/Doverfitting/SequenceR/Closure/patch4-Closure-18-SequenceR.patch",
            "test": "test_from_WangDRR_patch3-Closure-18-SequenceR",
            "failing": 1,
            "testrun": 225,
            "failings": [
                "Error",
                "Error",
                "Error",
                "Error",
                "Error",
                "Error",
                "Error",
                "Error",
                "Error",
                "Error",
                "Error",
                "test206(com.google.javascript.jscomp.Compiler_ESTest)"
            ],
            "status": "ok",
            "test_executed": [
                "com.google.javascript.jscomp.Compiler_ESTest"
            ],
            "failing_assertions": [
                "Feb 05, 2023 7:52:08 PM com.google.javascript.jscomp.LoggerErrorManager println",
                "20:52:08.781 [main] INFO org.evosuite.runtime.instrumentation.EvoClassLoader - Seeing class for first time: com.google.javascript.rhino.head.VMBridge_custom",
                "20:52:08.845 [main] INFO org.evosuite.runtime.instrumentation.EvoClassLoader - Seeing class for first time: com.google.javascript.rhino.head.VMBridge_custom",
                "20:52:08.928 [main] INFO org.evosuite.runtime.instrumentation.EvoClassLoader - Seeing class for first time: com.google.javascript.rhino.head.VMBridge_custom",
                "20:52:08.982 [main] INFO org.evosuite.runtime.instrumentation.EvoClassLoader - Seeing class for first time: com.google.javascript.rhino.head.VMBridge_custom",
                "20:52:09.057 [main] INFO org.evosuite.runtime.instrumentation.EvoClassLoader - Seeing class for first time: com.google.javascript.rhino.head.VMBridge_custom",
                "20:52:09.131 [main] INFO org.evosuite.runtime.instrumentation.EvoClassLoader - Seeing class for first time: com.google.javascript.rhino.head.VMBridge_custom",
                "20:52:09.245 [main] INFO org.evosuite.runtime.instrumentation.EvoClassLoader - Seeing class for first time: com.google.javascript.rhino.head.VMBridge_custom",
                "20:52:09.313 [main] INFO org.evosuite.runtime.instrumentation.EvoClassLoader - Seeing class for first time: com.google.javascript.rhino.head.VMBridge_custom",
                "20:52:09.328 [main] INFO org.evosuite.runtime.instrumentation.EvoClassLoader - Seeing class for first time: com.google.javascript.rhino.head.VMBridge_custom",
                "20:52:09.420 [main] INFO org.evosuite.runtime.instrumentation.EvoClassLoader - Seeing class for first time: com.google.javascript.rhino.head.VMBridge_custom",
                "org.junit.ComparisonFailure: expected:<2023/02/05 11:[4]1> but was:<2023/02/05 11:[5]1>"
            ],
            "failing_lines": [
                [
                    "com.google.javascript.jscomp.Compiler_ESTest.test206(Compiler_ESTest.java:2894)"
                ]
            ]
        },
        {
            "patch": "/home/mmartinez/xTestCluster/Patches/Patches_Wang902/Patches_others/Doverfitting/SequenceR/Closure/patch4-Closure-18-SequenceR.patch",
            "test": "test_from_WangDRR_patch1-Closure-18-SequenceR",
            "failing": 1,
            "testrun": 197,
            "failings": [
                "Error",
                "test184(com.google.javascript.jscomp.Compiler_ESTest)"
            ],
            "status": "ok",
            "test_executed": [
                "com.google.javascript.jscomp.Compiler_ESTest"
            ],
            "failing_assertions": [
                "20:52:13.428 [main] INFO org.evosuite.runtime.instrumentation.EvoClassLoader - Seeing class for first time: com.google.javascript.rhino.head.VMBridge_custom",
                "org.junit.ComparisonFailure: expected:<2023/02/05 11:[3]1> but was:<2023/02/05 11:[5]1>"
            ],
            "failing_lines": [
                [
                    "com.google.javascript.jscomp.Compiler_ESTest.test184(Compiler_ESTest.java:2515)"
                ]
            ]
        },
        {
            "patch": "/home/mmartinez/xTestCluster/Patches/Patches_Wang902/Patches_others/Doverfitting/SequenceR/Closure/patch4-Closure-18-SequenceR.patch",
            "test": "test_from_WangDRR_patch1-Closure-18-Jaid",
            "failing": 1,
            "testrun": 216,
            "failings": [
                "Error",
                "test197(com.google.javascript.jscomp.Compiler_ESTest)"
            ],
            "status": "ok",
            "test_executed": [
                "com.google.javascript.jscomp.Compiler_ESTest"
            ],
            "failing_assertions": [
                "20:52:19.265 [main] INFO org.evosuite.runtime.instrumentation.EvoClassLoader - Seeing class for first time: com.google.javascript.rhino.head.VMBridge_custom",
                "org.junit.ComparisonFailure: expected:<2023/02/05 11:[28]> but was:<2023/02/05 11:[51]>"
            ],
            "failing_lines": [
                [
                    "com.google.javascript.jscomp.Compiler_ESTest.test197(Compiler_ESTest.java:2718)"
                ]
            ]
        }
    ],
    "duration": 50.16
}