{
    "patch": "/home/mmartinez/xTestCluster/Patches/Patches_Wang902/Patches_others/Dcorrect/SOFix/Lang/patch1-Lang-6-SOFix.patch",
    "project": "Lang",
    "bugid": "6",
    "dataset": "Patches_others",
    "date": "2023-02-04T00:28:02.658585",
    "project_checked": "ok",
    "compiledProjectModified": "ok",
    "patchApplied": "ok",
    "arrive_end": "ok",
    "patched_project_pass_all_test": "no",
    "test_execution": [
        {
            "patch": "/home/mmartinez/xTestCluster/Patches/Patches_Wang902/Patches_others/Dcorrect/SOFix/Lang/patch1-Lang-6-SOFix.patch",
            "test": "test_from_WangDRR_patch2-Lang-6-SequenceR",
            "failing": 0,
            "testrun": 20,
            "failings": [],
            "status": "ok",
            "test_executed": [
                "org.apache.commons.lang3.text.translate.CharSequenceTranslator_ESTest"
            ],
            "failing_assertions": [],
            "failing_lines": []
        },
        {
            "patch": "/home/mmartinez/xTestCluster/Patches/Patches_Wang902/Patches_others/Dcorrect/SOFix/Lang/patch1-Lang-6-SOFix.patch",
            "test": "test_from_WangDRR_patch1-Lang-6-SketchFix",
            "failing": 0,
            "testrun": 20,
            "failings": [],
            "status": "ok",
            "test_executed": [
                "org.apache.commons.lang3.text.translate.CharSequenceTranslator_ESTest"
            ],
            "failing_assertions": [],
            "failing_lines": []
        },
        {
            "patch": "/home/mmartinez/xTestCluster/Patches/Patches_Wang902/Patches_others/Dcorrect/SOFix/Lang/patch1-Lang-6-SOFix.patch",
            "test": "test_from_WangICSE_patch1-Lang-6-AVATAR",
            "failing": 0,
            "testrun": 19,
            "failings": [],
            "status": "ok",
            "test_executed": [
                "org.apache.commons.lang3.text.translate.CharSequenceTranslator_ESTest"
            ],
            "failing_assertions": [],
            "failing_lines": []
        },
        {
            "patch": "/home/mmartinez/xTestCluster/Patches/Patches_Wang902/Patches_others/Dcorrect/SOFix/Lang/patch1-Lang-6-SOFix.patch",
            "test": "test_from_WangDRR_patch1-Lang-6-SOFix",
            "failing": 0,
            "testrun": 20,
            "failings": [],
            "status": "ok",
            "test_executed": [
                "org.apache.commons.lang3.text.translate.CharSequenceTranslator_ESTest"
            ],
            "failing_assertions": [],
            "failing_lines": []
        },
        {
            "patch": "/home/mmartinez/xTestCluster/Patches/Patches_Wang902/Patches_others/Dcorrect/SOFix/Lang/patch1-Lang-6-SOFix.patch",
            "test": "test_from_WangDRR_patch1-Lang-6-CapGen",
            "failing": 0,
            "testrun": 21,
            "failings": [],
            "status": "ok",
            "test_executed": [
                "org.apache.commons.lang3.text.translate.CharSequenceTranslator_ESTest"
            ],
            "failing_assertions": [],
            "failing_lines": []
        },
        {
            "patch": "/home/mmartinez/xTestCluster/Patches/Patches_Wang902/Patches_others/Dcorrect/SOFix/Lang/patch1-Lang-6-SOFix.patch",
            "test": "test_from_WangDRR_patch1-Lang-6-SequenceR",
            "failing": 0,
            "testrun": 21,
            "failings": [],
            "status": "ok",
            "test_executed": [
                "org.apache.commons.lang3.text.translate.CharSequenceTranslator_ESTest"
            ],
            "failing_assertions": [],
            "failing_lines": []
        }
    ],
    "duration": 18.87
}