{
    "patch": "/home/mmartinez/xTestCluster/Patches/Patches_Wang902/Patches_ICSE/Doverfitting/jMutRepair/Math/patch1-Math-50-jMutRepair-plausible.patch",
    "project": "Math",
    "bugid": "50",
    "dataset": "Patches_ICSE",
    "date": "2022-12-15T22:19:25.784382",
    "project_checked": "ok",
    "compiledProjectModified": "ok",
    "patchApplied": "ok",
    "arrive_end": "ok",
    "patched_project_pass_all_test": "no",
    "test_execution": [
        {
            "patch": "/home/mmartinez/xTestCluster/Patches/Patches_Wang902/Patches_ICSE/Doverfitting/jMutRepair/Math/patch1-Math-50-jMutRepair-plausible.patch",
            "test": "test_from_WangICSE_patch1-Math-50-FixMiner-plausible",
            "failing": 1,
            "testrun": 38,
            "failings": [
                "test12(org.apache.commons.math.analysis.solvers.BaseSecantSolver_ESTest)"
            ],
            "status": "ok",
            "test_executed": [
                "org.apache.commons.math.analysis.solvers.BaseSecantSolver_ESTest"
            ],
            "failing_assertions": [
                "java.lang.AssertionError: Expecting exception: IllegalStateException"
            ],
            "failing_lines": [
                [
                    "org.apache.commons.math.analysis.solvers.BaseSecantSolver_ESTest.test12(BaseSecantSolver_ESTest.java:385)"
                ]
            ]
        },
        {
            "patch": "/home/mmartinez/xTestCluster/Patches/Patches_Wang902/Patches_ICSE/Doverfitting/jMutRepair/Math/patch1-Math-50-jMutRepair-plausible.patch",
            "test": "test_from_WangDRR_patch1-Math-50-SketchFix",
            "failing": 1,
            "testrun": 36,
            "failings": [
                "test29(org.apache.commons.math.analysis.solvers.BaseSecantSolver_ESTest)"
            ],
            "status": "ok",
            "test_executed": [
                "org.apache.commons.math.analysis.solvers.BaseSecantSolver_ESTest"
            ],
            "failing_assertions": [
                "java.lang.AssertionError: expected:<5.315813082467128E305> but was:<5.223299742250024E305>"
            ],
            "failing_lines": [
                [
                    "org.apache.commons.math.analysis.solvers.BaseSecantSolver_ESTest.test29(BaseSecantSolver_ESTest.java:772)"
                ]
            ]
        },
        {
            "patch": "/home/mmartinez/xTestCluster/Patches/Patches_Wang902/Patches_ICSE/Doverfitting/jMutRepair/Math/patch1-Math-50-jMutRepair-plausible.patch",
            "test": "test_from_WangICSE_patch1-Math-50-jGenProg-plausible",
            "failing": 3,
            "testrun": 36,
            "failings": [
                "test18(org.apache.commons.math.analysis.solvers.BaseSecantSolver_ESTest)",
                "test27(org.apache.commons.math.analysis.solvers.BaseSecantSolver_ESTest)",
                "test03(org.apache.commons.math.analysis.solvers.BaseSecantSolver_ESTest)"
            ],
            "status": "ok",
            "test_executed": [
                "org.apache.commons.math.analysis.solvers.BaseSecantSolver_ESTest"
            ],
            "failing_assertions": [
                "java.lang.AssertionError: expected:<9.07013178933428E-7> but was:<-6.764192386335605>",
                "java.lang.AssertionError: expected:<1.1675917068496346E-7> but was:<Infinity>",
                "java.lang.AssertionError: expected:<1.1675917068496346E-7> but was:<-237.0931542675081>"
            ],
            "failing_lines": [
                [
                    "org.apache.commons.math.analysis.solvers.BaseSecantSolver_ESTest.test18(BaseSecantSolver_ESTest.java:560)"
                ],
                [
                    "org.apache.commons.math.analysis.solvers.BaseSecantSolver_ESTest.test27(BaseSecantSolver_ESTest.java:716)"
                ],
                [
                    "org.apache.commons.math.analysis.solvers.BaseSecantSolver_ESTest.test03(BaseSecantSolver_ESTest.java:124)"
                ]
            ]
        },
        {
            "patch": "/home/mmartinez/xTestCluster/Patches/Patches_Wang902/Patches_ICSE/Doverfitting/jMutRepair/Math/patch1-Math-50-jMutRepair-plausible.patch",
            "test": "test_from_WangICSE_patch1-Math-50-TBar-plausible",
            "failing": 2,
            "testrun": 36,
            "failings": [
                "test31(org.apache.commons.math.analysis.solvers.BaseSecantSolver_ESTest)",
                "test29(org.apache.commons.math.analysis.solvers.BaseSecantSolver_ESTest)"
            ],
            "status": "ok",
            "test_executed": [
                "org.apache.commons.math.analysis.solvers.BaseSecantSolver_ESTest"
            ],
            "failing_assertions": [
                "java.lang.AssertionError: expected:<1.1675917068496346E-7> but was:<Infinity>",
                "java.lang.AssertionError: expected:<1.1675917068496346E-7> but was:<Infinity>"
            ],
            "failing_lines": [
                [
                    "org.apache.commons.math.analysis.solvers.BaseSecantSolver_ESTest.test31(BaseSecantSolver_ESTest.java:863)"
                ],
                [
                    "org.apache.commons.math.analysis.solvers.BaseSecantSolver_ESTest.test29(BaseSecantSolver_ESTest.java:838)"
                ]
            ]
        },
        {
            "patch": "/home/mmartinez/xTestCluster/Patches/Patches_Wang902/Patches_ICSE/Doverfitting/jMutRepair/Math/patch1-Math-50-jMutRepair-plausible.patch",
            "test": "test_from_WangICSE_patch1-Math-50-jKali",
            "failing": 0,
            "testrun": 37,
            "failings": [],
            "status": "ok",
            "test_executed": [
                "org.apache.commons.math.analysis.solvers.BaseSecantSolver_ESTest"
            ],
            "failing_assertions": [],
            "failing_lines": []
        },
        {
            "patch": "/home/mmartinez/xTestCluster/Patches/Patches_Wang902/Patches_ICSE/Doverfitting/jMutRepair/Math/patch1-Math-50-jMutRepair-plausible.patch",
            "test": "test_from_WangICSE_patch1-Math-50-jMutRepair-plausible",
            "failing": 0,
            "testrun": 35,
            "failings": [],
            "status": "ok",
            "test_executed": [
                "org.apache.commons.math.analysis.solvers.BaseSecantSolver_ESTest"
            ],
            "failing_assertions": [],
            "failing_lines": []
        },
        {
            "patch": "/home/mmartinez/xTestCluster/Patches/Patches_Wang902/Patches_ICSE/Doverfitting/jMutRepair/Math/patch1-Math-50-jMutRepair-plausible.patch",
            "test": "test_from_WangDRR_patch1-Math-50-Jaid",
            "failing": 2,
            "testrun": 36,
            "failings": [
                "test06(org.apache.commons.math.analysis.solvers.BaseSecantSolver_ESTest)",
                "test28(org.apache.commons.math.analysis.solvers.BaseSecantSolver_ESTest)"
            ],
            "status": "ok",
            "test_executed": [
                "org.apache.commons.math.analysis.solvers.BaseSecantSolver_ESTest"
            ],
            "failing_assertions": [
                "java.lang.AssertionError: expected:<-1743.5839227423353> but was:<-2632.6546437082466>",
                "22:20:02.626 [main] INFO org.evosuite.runtime.instrumentation.EvoClassLoader - Seeing class for first time: META-INF/localization/LocalizedFormats"
            ],
            "failing_lines": [
                [
                    "org.apache.commons.math.analysis.solvers.BaseSecantSolver_ESTest.test06(BaseSecantSolver_ESTest.java:103)"
                ],
                [
                    "org.apache.commons.math.analysis.solvers.BaseSecantSolver_ESTest.test28(BaseSecantSolver_ESTest.java:399)"
                ]
            ]
        },
        {
            "patch": "/home/mmartinez/xTestCluster/Patches/Patches_Wang902/Patches_ICSE/Doverfitting/jMutRepair/Math/patch1-Math-50-jMutRepair-plausible.patch",
            "test": "test_from_WangDRR_patch3-Math-50-Jaid-plausible",
            "failing": 0,
            "testrun": 36,
            "failings": [],
            "status": "ok",
            "test_executed": [
                "org.apache.commons.math.analysis.solvers.BaseSecantSolver_ESTest"
            ],
            "failing_assertions": [],
            "failing_lines": []
        },
        {
            "patch": "/home/mmartinez/xTestCluster/Patches/Patches_Wang902/Patches_ICSE/Doverfitting/jMutRepair/Math/patch1-Math-50-jMutRepair-plausible.patch",
            "test": "test_from_WangICSE_patch1-Math-50-DynaMoth",
            "failing": 0,
            "testrun": 36,
            "failings": [],
            "status": "ok",
            "test_executed": [
                "org.apache.commons.math.analysis.solvers.BaseSecantSolver_ESTest"
            ],
            "failing_assertions": [],
            "failing_lines": []
        },
        {
            "patch": "/home/mmartinez/xTestCluster/Patches/Patches_Wang902/Patches_ICSE/Doverfitting/jMutRepair/Math/patch1-Math-50-jMutRepair-plausible.patch",
            "test": "test_from_WangICSE_patch1-Math-50-AVATAR-plausible",
            "failing": 2,
            "testrun": 36,
            "failings": [
                "test29(org.apache.commons.math.analysis.solvers.BaseSecantSolver_ESTest)",
                "test27(org.apache.commons.math.analysis.solvers.BaseSecantSolver_ESTest)"
            ],
            "status": "ok",
            "test_executed": [
                "org.apache.commons.math.analysis.solvers.BaseSecantSolver_ESTest"
            ],
            "failing_assertions": [
                "22:20:10.089 [main] INFO org.evosuite.runtime.instrumentation.EvoClassLoader - Seeing class for first time: META-INF/localization/LocalizedFormats",
                "org.apache.commons.math.exception.TooManyEvaluationsException: illegal state: maximal count (88) exceeded: evaluations"
            ],
            "failing_lines": [
                [
                    "org.apache.commons.math.analysis.solvers.BaseSecantSolver_ESTest.test29(BaseSecantSolver_ESTest.java:413)"
                ],
                [
                    "org.apache.commons.math.analysis.solvers.BaseSecantSolver_ESTest.test27(BaseSecantSolver_ESTest.java:393)"
                ]
            ]
        },
        {
            "patch": "/home/mmartinez/xTestCluster/Patches/Patches_Wang902/Patches_ICSE/Doverfitting/jMutRepair/Math/patch1-Math-50-jMutRepair-plausible.patch",
            "test": "test_from_WangICSE_patch1-Math-50-SimFix-plausible",
            "failing": 4,
            "testrun": 36,
            "failings": [
                "test11(org.apache.commons.math.analysis.solvers.BaseSecantSolver_ESTest)",
                "test34(org.apache.commons.math.analysis.solvers.BaseSecantSolver_ESTest)",
                "test05(org.apache.commons.math.analysis.solvers.BaseSecantSolver_ESTest)",
                "test22(org.apache.commons.math.analysis.solvers.BaseSecantSolver_ESTest)"
            ],
            "status": "ok",
            "test_executed": [
                "org.apache.commons.math.analysis.solvers.BaseSecantSolver_ESTest"
            ],
            "failing_assertions": [
                "java.lang.AssertionError: Expecting exception: IllegalStateException",
                "22:20:12.646 [main] INFO org.evosuite.runtime.instrumentation.EvoClassLoader - Seeing class for first time: META-INF/localization/LocalizedFormats",
                "java.lang.AssertionError: expected:<-3996.1058553662174> but was:<-2796.017461694916>",
                "org.apache.commons.math.exception.TooManyEvaluationsException: illegal state: maximal count (2,942) exceeded: evaluations"
            ],
            "failing_lines": [
                [
                    "org.apache.commons.math.analysis.solvers.BaseSecantSolver_ESTest.test11(BaseSecantSolver_ESTest.java:187)"
                ],
                [
                    "org.apache.commons.math.analysis.solvers.BaseSecantSolver_ESTest.test34(BaseSecantSolver_ESTest.java:477)"
                ],
                [
                    "org.apache.commons.math.analysis.solvers.BaseSecantSolver_ESTest.test05(BaseSecantSolver_ESTest.java:94)"
                ],
                [
                    "org.apache.commons.math.analysis.solvers.BaseSecantSolver_ESTest.test22(BaseSecantSolver_ESTest.java:354)"
                ]
            ]
        },
        {
            "patch": "/home/mmartinez/xTestCluster/Patches/Patches_Wang902/Patches_ICSE/Doverfitting/jMutRepair/Math/patch1-Math-50-jMutRepair-plausible.patch",
            "test": "test_from_WangDRR_patch1-Math-50-Jaid-plausible",
            "failing": 1,
            "testrun": 37,
            "failings": [
                "test21(org.apache.commons.math.analysis.solvers.BaseSecantSolver_ESTest)"
            ],
            "status": "ok",
            "test_executed": [
                "org.apache.commons.math.analysis.solvers.BaseSecantSolver_ESTest"
            ],
            "failing_assertions": [
                "java.lang.AssertionError: expected:<697.4335690969352> but was:<885.9291283123217>"
            ],
            "failing_lines": [
                [
                    "org.apache.commons.math.analysis.solvers.BaseSecantSolver_ESTest.test21(BaseSecantSolver_ESTest.java:308)"
                ]
            ]
        },
        {
            "patch": "/home/mmartinez/xTestCluster/Patches/Patches_Wang902/Patches_ICSE/Doverfitting/jMutRepair/Math/patch1-Math-50-jMutRepair-plausible.patch",
            "test": "test_from_WangICSE_patch1-Math-50-Kali",
            "failing": 0,
            "testrun": 35,
            "failings": [],
            "status": "ok",
            "test_executed": [
                "org.apache.commons.math.analysis.solvers.BaseSecantSolver_ESTest"
            ],
            "failing_assertions": [],
            "failing_lines": []
        },
        {
            "patch": "/home/mmartinez/xTestCluster/Patches/Patches_Wang902/Patches_ICSE/Doverfitting/jMutRepair/Math/patch1-Math-50-jMutRepair-plausible.patch",
            "test": "test_from_WangICSE_patch1-Math-50-Arja",
            "failing": 0,
            "testrun": 89,
            "failings": [],
            "status": "ok",
            "test_executed": [
                "org.apache.commons.math.analysis.solvers.BaseSecantSolver_ESTest",
                "org.apache.commons.math.analysis.solvers.UnivariateRealSolverUtils_ESTest"
            ],
            "failing_assertions": [],
            "failing_lines": []
        },
        {
            "patch": "/home/mmartinez/xTestCluster/Patches/Patches_Wang902/Patches_ICSE/Doverfitting/jMutRepair/Math/patch1-Math-50-jMutRepair-plausible.patch",
            "test": "test_from_WangDRR_patch1-Math-50-SOFix",
            "failing": 1,
            "testrun": 37,
            "failings": [
                "test30(org.apache.commons.math.analysis.solvers.BaseSecantSolver_ESTest)"
            ],
            "status": "ok",
            "test_executed": [
                "org.apache.commons.math.analysis.solvers.BaseSecantSolver_ESTest"
            ],
            "failing_assertions": [
                "java.lang.AssertionError: expected:<-9.323617973179736E-22> but was:<-13.472333765292603>"
            ],
            "failing_lines": [
                [
                    "org.apache.commons.math.analysis.solvers.BaseSecantSolver_ESTest.test30(BaseSecantSolver_ESTest.java:453)"
                ]
            ]
        }
    ],
    "duration": 58.19
}