{
    "patch": "/home/mmartinez/xTestCluster/Patches/Patches_Wang902/Patches_ICSE/Doverfitting/AVATAR/Chart/patch1-Chart-5-AVATAR-plausible.patch",
    "project": "Chart",
    "bugid": "5",
    "dataset": "Patches_ICSE",
    "date": "2022-12-16T02:22:28.773696",
    "project_checked": "ok",
    "compiledProjectModified": "ok",
    "patchApplied": "ok",
    "arrive_end": "ok",
    "patched_project_pass_all_test": "no",
    "test_execution": [
        {
            "patch": "/home/mmartinez/xTestCluster/Patches/Patches_Wang902/Patches_ICSE/Doverfitting/AVATAR/Chart/patch1-Chart-5-AVATAR-plausible.patch",
            "test": "test_from_WangICSE_patch1-Chart-5-Nopol-plausible",
            "failing": 9,
            "testrun": 106,
            "failings": [
                "test011(org.jfree.data.xy.XYSeries_ESTest)",
                "test000(org.jfree.data.xy.XYSeries_ESTest)",
                "test082(org.jfree.data.xy.XYSeries_ESTest)",
                "test083(org.jfree.data.xy.XYSeries_ESTest)",
                "test103(org.jfree.data.xy.XYSeries_ESTest)",
                "test052(org.jfree.data.xy.XYSeries_ESTest)",
                "test029(org.jfree.data.xy.XYSeries_ESTest)",
                "test019(org.jfree.data.xy.XYSeries_ESTest)",
                "test014(org.jfree.data.xy.XYSeries_ESTest)"
            ],
            "status": "ok",
            "test_executed": [
                "org.jfree.data.xy.XYSeries_ESTest"
            ],
            "failing_assertions": [
                "java.lang.AssertionError: expected:<0.0> but was:<-1.0>",
                "java.lang.IndexOutOfBoundsException: Index: -1, Size: 1",
                "java.lang.IndexOutOfBoundsException: Index: -2, Size: 2",
                "java.lang.IndexOutOfBoundsException: Index: -1, Size: 1",
                "java.lang.IndexOutOfBoundsException: Index: -1, Size: 2",
                "java.lang.AssertionError: Expecting exception: RuntimeException",
                "java.lang.AssertionError: expected:<1> but was:<2>",
                "java.lang.AssertionError: expected:<2687.0> but was:<2013.955>",
                "java.lang.IndexOutOfBoundsException: Index: -1, Size: 2"
            ],
            "failing_lines": [
                [
                    "org.jfree.data.xy.XYSeries_ESTest.test011(XYSeries_ESTest.java:197)"
                ],
                [
                    "org.jfree.data.xy.XYSeries_ESTest.test000(XYSeries_ESTest.java:43)"
                ],
                [
                    "org.jfree.data.xy.XYSeries_ESTest.test082(XYSeries_ESTest.java:1191)"
                ],
                [
                    "org.jfree.data.xy.XYSeries_ESTest.test083(XYSeries_ESTest.java:1200)"
                ],
                [
                    "org.jfree.data.xy.XYSeries_ESTest.test103(XYSeries_ESTest.java:1452)"
                ],
                [
                    "org.jfree.data.xy.XYSeries_ESTest.test052(XYSeries_ESTest.java:795)"
                ],
                [
                    "org.jfree.data.xy.XYSeries_ESTest.test029(XYSeries_ESTest.java:396)"
                ],
                [
                    "org.jfree.data.xy.XYSeries_ESTest.test019(XYSeries_ESTest.java:294)"
                ],
                [
                    "org.jfree.data.xy.XYSeries_ESTest.test014(XYSeries_ESTest.java:235)"
                ]
            ]
        },
        {
            "patch": "/home/mmartinez/xTestCluster/Patches/Patches_Wang902/Patches_ICSE/Doverfitting/AVATAR/Chart/patch1-Chart-5-AVATAR-plausible.patch",
            "test": "test_from_WangICSE_patch1-Chart-5-TBar-plausible",
            "failing": 4,
            "testrun": 98,
            "failings": [
                "test55(org.jfree.data.xy.XYSeries_ESTest)",
                "test47(org.jfree.data.xy.XYSeries_ESTest)",
                "test44(org.jfree.data.xy.XYSeries_ESTest)",
                "test15(org.jfree.data.xy.XYSeries_ESTest)"
            ],
            "status": "ok",
            "test_executed": [
                "org.jfree.data.xy.XYSeries_ESTest"
            ],
            "failing_assertions": [
                "java.lang.AssertionError: expected:<0.0> but was:<-2519.0>",
                "java.lang.AssertionError: Expecting exception: RuntimeException",
                "java.lang.AssertionError: Expecting exception: IndexOutOfBoundsException",
                "java.lang.AssertionError: expected:<0.0> but was:<151.0>"
            ],
            "failing_lines": [
                [
                    "org.jfree.data.xy.XYSeries_ESTest.test55(XYSeries_ESTest.java:829)"
                ],
                [
                    "org.jfree.data.xy.XYSeries_ESTest.test47(XYSeries_ESTest.java:715)"
                ],
                [
                    "org.jfree.data.xy.XYSeries_ESTest.test44(XYSeries_ESTest.java:663)"
                ],
                [
                    "org.jfree.data.xy.XYSeries_ESTest.test15(XYSeries_ESTest.java:238)"
                ]
            ]
        },
        {
            "patch": "/home/mmartinez/xTestCluster/Patches/Patches_Wang902/Patches_ICSE/Doverfitting/AVATAR/Chart/patch1-Chart-5-AVATAR-plausible.patch",
            "test": "test_from_WangICSE_patch1-Chart-5-kPAR-plausible",
            "failing": 4,
            "testrun": 104,
            "failings": [
                "test005(org.jfree.data.xy.XYSeries_ESTest)",
                "test003(org.jfree.data.xy.XYSeries_ESTest)",
                "test024(org.jfree.data.xy.XYSeries_ESTest)",
                "test016(org.jfree.data.xy.XYSeries_ESTest)"
            ],
            "status": "ok",
            "test_executed": [
                "org.jfree.data.xy.XYSeries_ESTest"
            ],
            "failing_assertions": [
                "java.lang.IndexOutOfBoundsException: Index: -1, Size: 1",
                "java.lang.IndexOutOfBoundsException: Index: -1, Size: 1",
                "java.lang.AssertionError: expected:<NaN> but was:<225.18026949612678>",
                "java.lang.AssertionError: expected:<23.0> but was:<-560.3>"
            ],
            "failing_lines": [
                [
                    "org.jfree.data.xy.XYSeries_ESTest.test005(XYSeries_ESTest.java:114)"
                ],
                [
                    "org.jfree.data.xy.XYSeries_ESTest.test003(XYSeries_ESTest.java:86)"
                ],
                [
                    "org.jfree.data.xy.XYSeries_ESTest.test024(XYSeries_ESTest.java:339)"
                ],
                [
                    "org.jfree.data.xy.XYSeries_ESTest.test016(XYSeries_ESTest.java:246)"
                ]
            ]
        },
        {
            "patch": "/home/mmartinez/xTestCluster/Patches/Patches_Wang902/Patches_ICSE/Doverfitting/AVATAR/Chart/patch1-Chart-5-AVATAR-plausible.patch",
            "test": "test_from_WangICSE_patch1-Chart-5-Arja-plusible",
            "failing": 5,
            "testrun": 103,
            "failings": [
                "test012(org.jfree.data.xy.XYSeries_ESTest)",
                "test000(org.jfree.data.xy.XYSeries_ESTest)",
                "test088(org.jfree.data.xy.XYSeries_ESTest)",
                "test001(org.jfree.data.xy.XYSeries_ESTest)",
                "test027(org.jfree.data.xy.XYSeries_ESTest)"
            ],
            "status": "ok",
            "test_executed": [
                "org.jfree.data.xy.XYSeries_ESTest"
            ],
            "failing_assertions": [
                "java.lang.AssertionError: expected:<0.0> but was:<-Infinity>",
                "java.lang.IndexOutOfBoundsException: Index: -1, Size: 3",
                "java.lang.AssertionError: Expecting exception: RuntimeException",
                "java.lang.IndexOutOfBoundsException: Index: -2, Size: 2",
                "java.lang.AssertionError: expected:<1> but was:<2>"
            ],
            "failing_lines": [
                [
                    "org.jfree.data.xy.XYSeries_ESTest.test012(XYSeries_ESTest.java:194)"
                ],
                [
                    "org.jfree.data.xy.XYSeries_ESTest.test000(XYSeries_ESTest.java:39)"
                ],
                [
                    "org.jfree.data.xy.XYSeries_ESTest.test088(XYSeries_ESTest.java:1268)"
                ],
                [
                    "org.jfree.data.xy.XYSeries_ESTest.test001(XYSeries_ESTest.java:51)"
                ],
                [
                    "org.jfree.data.xy.XYSeries_ESTest.test027(XYSeries_ESTest.java:361)"
                ]
            ]
        },
        {
            "patch": "/home/mmartinez/xTestCluster/Patches/Patches_Wang902/Patches_ICSE/Doverfitting/AVATAR/Chart/patch1-Chart-5-AVATAR-plausible.patch",
            "test": "test_from_WangICSE_patch1-Chart-5-Kali-plausible",
            "failing": 7,
            "testrun": 105,
            "failings": [
                "test003(org.jfree.data.xy.XYSeries_ESTest)",
                "test090(org.jfree.data.xy.XYSeries_ESTest)",
                "test000(org.jfree.data.xy.XYSeries_ESTest)",
                "test082(org.jfree.data.xy.XYSeries_ESTest)",
                "test083(org.jfree.data.xy.XYSeries_ESTest)",
                "test051(org.jfree.data.xy.XYSeries_ESTest)",
                "test027(org.jfree.data.xy.XYSeries_ESTest)"
            ],
            "status": "ok",
            "test_executed": [
                "org.jfree.data.xy.XYSeries_ESTest"
            ],
            "failing_assertions": [
                "java.lang.IndexOutOfBoundsException: Index: -2, Size: 2",
                "java.lang.AssertionError: Expecting exception: RuntimeException",
                "java.lang.IndexOutOfBoundsException: Index: -4, Size: 4",
                "java.lang.AssertionError: expected:<2> but was:<1>",
                "java.lang.AssertionError: expected:<1> but was:<2>",
                "java.lang.AssertionError: Expecting exception: RuntimeException",
                "java.lang.AssertionError: expected:<1> but was:<2>"
            ],
            "failing_lines": [
                [
                    "org.jfree.data.xy.XYSeries_ESTest.test003(XYSeries_ESTest.java:88)"
                ],
                [
                    "org.jfree.data.xy.XYSeries_ESTest.test090(XYSeries_ESTest.java:1296)"
                ],
                [
                    "org.jfree.data.xy.XYSeries_ESTest.test000(XYSeries_ESTest.java:43)"
                ],
                [
                    "org.jfree.data.xy.XYSeries_ESTest.test082(XYSeries_ESTest.java:1192)"
                ],
                [
                    "org.jfree.data.xy.XYSeries_ESTest.test083(XYSeries_ESTest.java:1201)"
                ],
                [
                    "org.jfree.data.xy.XYSeries_ESTest.test051(XYSeries_ESTest.java:791)"
                ],
                [
                    "org.jfree.data.xy.XYSeries_ESTest.test027(XYSeries_ESTest.java:385)"
                ]
            ]
        },
        {
            "patch": "/home/mmartinez/xTestCluster/Patches/Patches_Wang902/Patches_ICSE/Doverfitting/AVATAR/Chart/patch1-Chart-5-AVATAR-plausible.patch",
            "test": "test_from_WangICSE_patch1-Chart-5-jKali-plausible",
            "failing": 4,
            "testrun": 102,
            "failings": [
                "test001(org.jfree.data.xy.XYSeries_ESTest)",
                "test084(org.jfree.data.xy.XYSeries_ESTest)",
                "test026(org.jfree.data.xy.XYSeries_ESTest)",
                "test025(org.jfree.data.xy.XYSeries_ESTest)"
            ],
            "status": "ok",
            "test_executed": [
                "org.jfree.data.xy.XYSeries_ESTest"
            ],
            "failing_assertions": [
                "java.lang.IndexOutOfBoundsException: Index: -2, Size: 2",
                "java.lang.AssertionError: Expecting exception: RuntimeException",
                "java.lang.AssertionError: expected:<1> but was:<2>",
                "java.lang.AssertionError: expected:<1> but was:<2>"
            ],
            "failing_lines": [
                [
                    "org.jfree.data.xy.XYSeries_ESTest.test001(XYSeries_ESTest.java:55)"
                ],
                [
                    "org.jfree.data.xy.XYSeries_ESTest.test084(XYSeries_ESTest.java:1204)"
                ],
                [
                    "org.jfree.data.xy.XYSeries_ESTest.test026(XYSeries_ESTest.java:350)"
                ],
                [
                    "org.jfree.data.xy.XYSeries_ESTest.test025(XYSeries_ESTest.java:341)"
                ]
            ]
        },
        {
            "patch": "/home/mmartinez/xTestCluster/Patches/Patches_Wang902/Patches_ICSE/Doverfitting/AVATAR/Chart/patch1-Chart-5-AVATAR-plausible.patch",
            "test": "test_from_WangICSE_patch1-Chart-5-jGenProg-plausible",
            "failing": 4,
            "testrun": 99,
            "failings": [
                "test46(org.jfree.data.xy.XYSeries_ESTest)",
                "test30(org.jfree.data.xy.XYSeries_ESTest)",
                "test29(org.jfree.data.xy.XYSeries_ESTest)",
                "test00(org.jfree.data.xy.XYSeries_ESTest)"
            ],
            "status": "ok",
            "test_executed": [
                "org.jfree.data.xy.XYSeries_ESTest"
            ],
            "failing_assertions": [
                "java.lang.AssertionError: Expecting exception: RuntimeException",
                "java.lang.AssertionError: expected:<1> but was:<2>",
                "java.lang.AssertionError: expected:<1> but was:<2>",
                "java.lang.IndexOutOfBoundsException: Index: -2, Size: 2"
            ],
            "failing_lines": [
                [
                    "org.jfree.data.xy.XYSeries_ESTest.test46(XYSeries_ESTest.java:663)"
                ],
                [
                    "org.jfree.data.xy.XYSeries_ESTest.test30(XYSeries_ESTest.java:392)"
                ],
                [
                    "org.jfree.data.xy.XYSeries_ESTest.test29(XYSeries_ESTest.java:383)"
                ],
                [
                    "org.jfree.data.xy.XYSeries_ESTest.test00(XYSeries_ESTest.java:49)"
                ]
            ]
        },
        {
            "patch": "/home/mmartinez/xTestCluster/Patches/Patches_Wang902/Patches_ICSE/Doverfitting/AVATAR/Chart/patch1-Chart-5-AVATAR-plausible.patch",
            "test": "test_from_WangICSE_patch1-Chart-5-DynaMoth-plausible",
            "failing": 7,
            "testrun": 105,
            "failings": [
                "test006(org.jfree.data.xy.XYSeries_ESTest)",
                "test003(org.jfree.data.xy.XYSeries_ESTest)",
                "test055(org.jfree.data.xy.XYSeries_ESTest)",
                "test053(org.jfree.data.xy.XYSeries_ESTest)",
                "test029(org.jfree.data.xy.XYSeries_ESTest)",
                "test031(org.jfree.data.xy.XYSeries_ESTest)",
                "test030(org.jfree.data.xy.XYSeries_ESTest)"
            ],
            "status": "ok",
            "test_executed": [
                "org.jfree.data.xy.XYSeries_ESTest"
            ],
            "failing_assertions": [
                "java.lang.IndexOutOfBoundsException: Index: -1, Size: 2",
                "java.lang.IndexOutOfBoundsException: Index: -2, Size: 2",
                "java.lang.AssertionError: Expecting exception: RuntimeException",
                "java.lang.AssertionError: Expecting exception: RuntimeException",
                "java.lang.AssertionError: expected:<1> but was:<2>",
                "java.lang.AssertionError: expected:<1> but was:<2>",
                "java.lang.AssertionError: expected:<1> but was:<2>"
            ],
            "failing_lines": [
                [
                    "org.jfree.data.xy.XYSeries_ESTest.test006(XYSeries_ESTest.java:132)"
                ],
                [
                    "org.jfree.data.xy.XYSeries_ESTest.test003(XYSeries_ESTest.java:91)"
                ],
                [
                    "org.jfree.data.xy.XYSeries_ESTest.test055(XYSeries_ESTest.java:839)"
                ],
                [
                    "org.jfree.data.xy.XYSeries_ESTest.test053(XYSeries_ESTest.java:803)"
                ],
                [
                    "org.jfree.data.xy.XYSeries_ESTest.test029(XYSeries_ESTest.java:403)"
                ],
                [
                    "org.jfree.data.xy.XYSeries_ESTest.test031(XYSeries_ESTest.java:421)"
                ],
                [
                    "org.jfree.data.xy.XYSeries_ESTest.test030(XYSeries_ESTest.java:412)"
                ]
            ]
        },
        {
            "patch": "/home/mmartinez/xTestCluster/Patches/Patches_Wang902/Patches_ICSE/Doverfitting/AVATAR/Chart/patch1-Chart-5-AVATAR-plausible.patch",
            "test": "test_from_WangICSE_patch1-Chart-5-RSRepair-plausible",
            "failing": 4,
            "testrun": 96,
            "failings": [
                "test29(org.jfree.data.xy.XYSeries_ESTest)",
                "test28(org.jfree.data.xy.XYSeries_ESTest)",
                "test16(org.jfree.data.xy.XYSeries_ESTest)",
                "test00(org.jfree.data.xy.XYSeries_ESTest)"
            ],
            "status": "ok",
            "test_executed": [
                "org.jfree.data.xy.XYSeries_ESTest"
            ],
            "failing_assertions": [
                "java.lang.AssertionError: expected:<1> but was:<2>",
                "java.lang.AssertionError: expected:<1> but was:<2>",
                "java.lang.AssertionError: expected:<-3694.769704195712> but was:<2294.00731079>",
                "java.lang.IndexOutOfBoundsException: Index: -1, Size: 3"
            ],
            "failing_lines": [
                [
                    "org.jfree.data.xy.XYSeries_ESTest.test29(XYSeries_ESTest.java:383)"
                ],
                [
                    "org.jfree.data.xy.XYSeries_ESTest.test28(XYSeries_ESTest.java:374)"
                ],
                [
                    "org.jfree.data.xy.XYSeries_ESTest.test16(XYSeries_ESTest.java:244)"
                ],
                [
                    "org.jfree.data.xy.XYSeries_ESTest.test00(XYSeries_ESTest.java:39)"
                ]
            ]
        },
        {
            "patch": "/home/mmartinez/xTestCluster/Patches/Patches_Wang902/Patches_ICSE/Doverfitting/AVATAR/Chart/patch1-Chart-5-AVATAR-plausible.patch",
            "test": "test_from_WangICSE_patch1-Chart-5-AVATAR-plausible",
            "failing": 0,
            "testrun": 102,
            "failings": [],
            "status": "ok",
            "test_executed": [
                "org.jfree.data.xy.XYSeries_ESTest"
            ],
            "failing_assertions": [],
            "failing_lines": []
        }
    ],
    "duration": 55.56
}