{
    "patch": "/home/mmartinez/xTestCluster/Patches/Patches_Wang902/Patches_ICSE/Doverfitting/GenProg/Closure/patch1-Closure-55-GenProg-plausible.patch",
    "project": "Closure",
    "bugid": "55",
    "dataset": "Patches_ICSE",
    "date": "2022-12-16T03:58:02.785424",
    "project_checked": "ok",
    "compiledProjectModified": "ok",
    "patchApplied": "ok",
    "arrive_end": "ok",
    "patched_project_pass_all_test": "no",
    "test_execution": [
        {
            "patch": "/home/mmartinez/xTestCluster/Patches/Patches_Wang902/Patches_ICSE/Doverfitting/GenProg/Closure/patch1-Closure-55-GenProg-plausible.patch",
            "test": "test_from_WangICSE_patch1-Closure-55-Arja-plausible",
            "failing": 2,
            "testrun": 4,
            "failings": [
                "test1(com.google.javascript.jscomp.FunctionRewriter_ESTest)",
                "test0(com.google.javascript.jscomp.FunctionRewriter_ESTest)"
            ],
            "status": "ok",
            "test_executed": [
                "com.google.javascript.jscomp.FunctionRewriter_ESTest"
            ],
            "failing_assertions": [
                "java.lang.AssertionError: Expecting exception: NullPointerException",
                "java.lang.AssertionError: Expecting exception: RuntimeException"
            ],
            "failing_lines": [
                [
                    "com.google.javascript.jscomp.FunctionRewriter_ESTest.test1(FunctionRewriter_ESTest.java:48)"
                ],
                [
                    "com.google.javascript.jscomp.FunctionRewriter_ESTest.test0(FunctionRewriter_ESTest.java:30)"
                ]
            ]
        },
        {
            "patch": "/home/mmartinez/xTestCluster/Patches/Patches_Wang902/Patches_ICSE/Doverfitting/GenProg/Closure/patch1-Closure-55-GenProg-plausible.patch",
            "test": "test_from_WangICSE_patch1-Closure-55-Kali-plausible",
            "failing": 2,
            "testrun": 10,
            "failings": [
                "test2(com.google.javascript.jscomp.FunctionRewriter_ESTest)",
                "test1(com.google.javascript.jscomp.FunctionRewriter_ESTest)"
            ],
            "status": "ok",
            "test_executed": [
                "com.google.javascript.jscomp.FunctionRewriter_ESTest"
            ],
            "failing_assertions": [
                "java.lang.AssertionError: Expecting exception: NullPointerException",
                "java.lang.AssertionError: Expecting exception: RuntimeException"
            ],
            "failing_lines": [
                [
                    "com.google.javascript.jscomp.FunctionRewriter_ESTest.test2(FunctionRewriter_ESTest.java:59)"
                ],
                [
                    "com.google.javascript.jscomp.FunctionRewriter_ESTest.test1(FunctionRewriter_ESTest.java:41)"
                ]
            ]
        },
        {
            "patch": "/home/mmartinez/xTestCluster/Patches/Patches_Wang902/Patches_ICSE/Doverfitting/GenProg/Closure/patch1-Closure-55-GenProg-plausible.patch",
            "test": "test_from_WangICSE_patch1-Closure-55-GenProg-plausible",
            "failing": 0,
            "testrun": 2,
            "failings": [],
            "status": "ok",
            "test_executed": [
                "com.google.javascript.jscomp.FunctionRewriter_ESTest"
            ],
            "failing_assertions": [],
            "failing_lines": []
        },
        {
            "patch": "/home/mmartinez/xTestCluster/Patches/Patches_Wang902/Patches_ICSE/Doverfitting/GenProg/Closure/patch1-Closure-55-GenProg-plausible.patch",
            "test": "test_from_WangICSE_patch1-Closure-55-RSRepair-plausible",
            "failing": 2,
            "testrun": 9,
            "failings": [
                "test1(com.google.javascript.jscomp.FunctionRewriter_ESTest)",
                "test0(com.google.javascript.jscomp.FunctionRewriter_ESTest)"
            ],
            "status": "ok",
            "test_executed": [
                "com.google.javascript.jscomp.FunctionRewriter_ESTest"
            ],
            "failing_assertions": [
                "java.lang.AssertionError: Expecting exception: NullPointerException",
                "java.lang.AssertionError: Expecting exception: RuntimeException"
            ],
            "failing_lines": [
                [
                    "com.google.javascript.jscomp.FunctionRewriter_ESTest.test1(FunctionRewriter_ESTest.java:48)"
                ],
                [
                    "com.google.javascript.jscomp.FunctionRewriter_ESTest.test0(FunctionRewriter_ESTest.java:30)"
                ]
            ]
        }
    ],
    "duration": 41.06
}