{
    "patch": "/home/mmartinez/xTestCluster/Patches/Patches_Wang902/Patches_others/Dcorrect/CapGen/Math/patch1-Math-58-CapGen.patch",
    "project": "Math",
    "bugid": "58",
    "dataset": "Patches_others",
    "date": "2022-12-22T00:22:23.565322",
    "project_checked": "ok",
    "compiledProjectModified": "ok",
    "patchApplied": "ok",
    "arrive_end": "ok",
    "patched_project_pass_all_test": "no",
    "test_execution": [
        {
            "patch": "/home/mmartinez/xTestCluster/Patches/Patches_Wang902/Patches_others/Dcorrect/CapGen/Math/patch1-Math-58-CapGen.patch",
            "test": "test_from_WangICSE_patch1-Math-58-DynaMoth-plausible",
            "failing": 0,
            "testrun": 4,
            "failings": [],
            "status": "ok",
            "test_executed": [
                "org.apache.commons.math.optimization.general.LevenbergMarquardtOptimizer_ESTest"
            ],
            "failing_assertions": [],
            "failing_lines": []
        },
        {
            "patch": "/home/mmartinez/xTestCluster/Patches/Patches_Wang902/Patches_others/Dcorrect/CapGen/Math/patch1-Math-58-CapGen.patch",
            "test": "test_from_WangICSE_patch1-Math-58-Arja",
            "failing": 0,
            "testrun": 19,
            "failings": [],
            "status": "ok",
            "test_executed": [
                "org.apache.commons.math.optimization.fitting.GaussianFitter_ESTest"
            ],
            "failing_assertions": [],
            "failing_lines": []
        },
        {
            "patch": "/home/mmartinez/xTestCluster/Patches/Patches_Wang902/Patches_others/Dcorrect/CapGen/Math/patch1-Math-58-CapGen.patch",
            "test": "test_from_WangDRR_patch1-Math-58-CapGen",
            "failing": 0,
            "testrun": 15,
            "failings": [],
            "status": "ok",
            "test_executed": [
                "org.apache.commons.math.optimization.fitting.GaussianFitter_ESTest"
            ],
            "failing_assertions": [],
            "failing_lines": []
        },
        {
            "patch": "/home/mmartinez/xTestCluster/Patches/Patches_Wang902/Patches_others/Dcorrect/CapGen/Math/patch1-Math-58-CapGen.patch",
            "test": "test_from_WangICSE_patch1-Math-58-Nopol-plausible",
            "failing": 0,
            "testrun": 5,
            "failings": [],
            "status": "ok",
            "test_executed": [
                "org.apache.commons.math.optimization.general.LevenbergMarquardtOptimizer_ESTest"
            ],
            "failing_assertions": [],
            "failing_lines": []
        },
        {
            "patch": "/home/mmartinez/xTestCluster/Patches/Patches_Wang902/Patches_others/Dcorrect/CapGen/Math/patch1-Math-58-CapGen.patch",
            "test": "test_from_WangICSE_patch1-Math-58-RSRepair-plausible",
            "failing": 0,
            "testrun": 4,
            "failings": [],
            "status": "ok",
            "test_executed": [
                "org.apache.commons.math.optimization.general.LevenbergMarquardtOptimizer_ESTest"
            ],
            "failing_assertions": [],
            "failing_lines": []
        },
        {
            "patch": "/home/mmartinez/xTestCluster/Patches/Patches_Wang902/Patches_others/Dcorrect/CapGen/Math/patch1-Math-58-CapGen.patch",
            "test": "test_from_WangDRR_patch1-Math-58-SequenceR",
            "failing": 0,
            "testrun": 15,
            "failings": [],
            "status": "ok",
            "test_executed": [
                "org.apache.commons.math.optimization.fitting.GaussianFitter_ESTest"
            ],
            "failing_assertions": [],
            "failing_lines": []
        },
        {
            "patch": "/home/mmartinez/xTestCluster/Patches/Patches_Wang902/Patches_others/Dcorrect/CapGen/Math/patch1-Math-58-CapGen.patch",
            "test": "test_from_WangDRR_patch1-Math-58-SOFix",
            "failing": 0,
            "testrun": 15,
            "failings": [],
            "status": "ok",
            "test_executed": [
                "org.apache.commons.math.optimization.fitting.GaussianFitter_ESTest"
            ],
            "failing_assertions": [],
            "failing_lines": []
        }
    ],
    "duration": 33.52
}