{
    "patch": "/home/mmartinez/xTestCluster/Patches/Patches_Wang902/Patches_others/Dcorrect/Jaid/Closure/patch1-Closure-18-Jaid.patch",
    "project": "Closure",
    "bugid": "18",
    "dataset": "Patches_others",
    "date": "2023-02-02T05:34:05.934981",
    "project_checked": "ok",
    "compiledProjectModified": "ok",
    "patchApplied": "ok",
    "arrive_end": "ok",
    "patched_project_pass_all_test": "no",
    "test_execution": [
        {
            "patch": "/home/mmartinez/xTestCluster/Patches/Patches_Wang902/Patches_others/Dcorrect/Jaid/Closure/patch1-Closure-18-Jaid.patch",
            "test": "test_from_WangDRR_patch5-Closure-18-SequenceR",
            "failing": 1,
            "testrun": 211,
            "failings": [
                "Error",
                "Error",
                "Error",
                "Error",
                "Error",
                "Error",
                "Error",
                "Error",
                "Error",
                "Error",
                "Error",
                "Error",
                "Error",
                "Error",
                "Error",
                "Error",
                "Error",
                "Error",
                "Error",
                "Error",
                "Error",
                "Error",
                "test193(com.google.javascript.jscomp.Compiler_ESTest)"
            ],
            "status": "ok",
            "test_executed": [
                "com.google.javascript.jscomp.Compiler_ESTest"
            ],
            "failing_assertions": [
                "05:34:29.721 [main] INFO org.evosuite.runtime.instrumentation.EvoClassLoader - Seeing class for first time: com.google.javascript.rhino.head.VMBridge_custom",
                "05:34:29.879 [main] INFO org.evosuite.runtime.instrumentation.EvoClassLoader - Seeing class for first time: com.google.javascript.rhino.head.VMBridge_custom",
                "05:34:30.069 [main] INFO org.evosuite.runtime.instrumentation.EvoClassLoader - Seeing class for first time: com.google.javascript.rhino.head.VMBridge_custom",
                "05:34:30.159 [main] INFO org.evosuite.runtime.instrumentation.EvoClassLoader - Seeing class for first time: com.google.javascript.rhino.head.VMBridge_custom",
                "05:34:30.271 [main] INFO org.evosuite.runtime.instrumentation.EvoClassLoader - Seeing class for first time: com.google.javascript.rhino.head.VMBridge_custom",
                "05:34:30.391 [main] INFO org.evosuite.runtime.instrumentation.EvoClassLoader - Seeing class for first time: com.google.javascript.rhino.head.VMBridge_custom",
                "05:34:30.417 [main] INFO org.evosuite.runtime.instrumentation.EvoClassLoader - Seeing class for first time: com.google.javascript.rhino.head.VMBridge_custom",
                "Feb 02, 2023 4:34:30 AM com.google.javascript.jscomp.LoggerErrorManager println",
                "05:34:30.444 [main] INFO org.evosuite.runtime.instrumentation.EvoClassLoader - Seeing class for first time: com.google.javascript.rhino.head.VMBridge_custom",
                "05:34:30.482 [main] INFO org.evosuite.runtime.instrumentation.EvoClassLoader - Seeing class for first time: com.google.javascript.rhino.head.VMBridge_custom",
                "05:34:30.535 [main] INFO org.evosuite.runtime.instrumentation.EvoClassLoader - Seeing class for first time: com.google.javascript.rhino.head.VMBridge_custom",
                "05:34:30.584 [main] INFO org.evosuite.runtime.instrumentation.EvoClassLoader - Seeing class for first time: com.google.javascript.rhino.head.VMBridge_custom",
                "05:34:30.683 [main] INFO org.evosuite.runtime.instrumentation.EvoClassLoader - Seeing class for first time: com.google.javascript.rhino.head.VMBridge_custom",
                "05:34:30.707 [main] INFO org.evosuite.runtime.instrumentation.EvoClassLoader - Seeing class for first time: com.google.javascript.rhino.head.VMBridge_custom",
                "05:34:30.752 [main] INFO org.evosuite.runtime.instrumentation.EvoClassLoader - Seeing class for first time: com.google.javascript.rhino.head.VMBridge_custom",
                "Feb 02, 2023 4:34:30 AM com.google.javascript.jscomp.parsing.ParserRunner parse",
                "05:34:30.806 [main] INFO org.evosuite.runtime.instrumentation.EvoClassLoader - Seeing class for first time: com.google.javascript.rhino.head.VMBridge_custom",
                "05:34:30.819 [main] INFO org.evosuite.runtime.instrumentation.EvoClassLoader - Seeing class for first time: com.google.javascript.rhino.head.VMBridge_custom",
                "05:34:30.828 [main] INFO org.evosuite.runtime.instrumentation.EvoClassLoader - Seeing class for first time: com.google.javascript.rhino.head.VMBridge_custom",
                "05:34:30.852 [main] INFO org.evosuite.runtime.instrumentation.EvoClassLoader - Seeing class for first time: com.google.javascript.rhino.head.VMBridge_custom",
                "05:34:30.914 [main] INFO org.evosuite.runtime.instrumentation.EvoClassLoader - Seeing class for first time: com.google.javascript.rhino.head.VMBridge_custom",
                "05:34:30.948 [main] INFO org.evosuite.runtime.instrumentation.EvoClassLoader - Seeing class for first time: com.google.javascript.rhino.head.VMBridge_custom",
                "org.junit.ComparisonFailure: expected:<2023/02/01 20:[21]> but was:<2023/02/01 20:[34]>"
            ],
            "failing_lines": [
                [
                    "com.google.javascript.jscomp.Compiler_ESTest.test193(Compiler_ESTest.java:2690)"
                ]
            ]
        },
        {
            "patch": "/home/mmartinez/xTestCluster/Patches/Patches_Wang902/Patches_others/Dcorrect/Jaid/Closure/patch1-Closure-18-Jaid.patch",
            "test": "test_from_WangDRR_patch4-Closure-18-SequenceR",
            "failing": 1,
            "testrun": 219,
            "failings": [
                "Error",
                "Error",
                "Error",
                "Error",
                "Error",
                "Error",
                "Error",
                "Error",
                "Error",
                "Error",
                "Error",
                "Error",
                "Error",
                "Error",
                "Error",
                "Error",
                "Error",
                "Error",
                "Error",
                "Error",
                "Error",
                "Error",
                "Error",
                "Error",
                "Error",
                "Error",
                "Error",
                "Error",
                "test203(com.google.javascript.jscomp.Compiler_ESTest)"
            ],
            "status": "ok",
            "test_executed": [
                "com.google.javascript.jscomp.Compiler_ESTest"
            ],
            "failing_assertions": [
                "Feb 02, 2023 4:34:34 AM com.google.javascript.jscomp.LoggerErrorManager println",
                "05:34:34.911 [main] INFO org.evosuite.runtime.instrumentation.EvoClassLoader - Seeing class for first time: com.google.javascript.rhino.head.VMBridge_custom",
                "05:34:35.037 [main] INFO org.evosuite.runtime.instrumentation.EvoClassLoader - Seeing class for first time: com.google.javascript.rhino.head.VMBridge_custom",
                "05:34:35.290 [main] INFO org.evosuite.runtime.instrumentation.EvoClassLoader - Seeing class for first time: com.google.javascript.rhino.head.VMBridge_custom",
                "05:34:35.314 [main] INFO org.evosuite.runtime.instrumentation.EvoClassLoader - Seeing class for first time: com.google.javascript.rhino.head.VMBridge_custom",
                "05:34:35.343 [main] INFO org.evosuite.runtime.instrumentation.EvoClassLoader - Seeing class for first time: com.google.javascript.rhino.head.VMBridge_custom",
                "Feb 02, 2023 4:34:35 AM com.google.javascript.jscomp.LoggerErrorManager println",
                "Feb 02, 2023 4:34:35 AM com.google.javascript.jscomp.LoggerErrorManager println",
                "05:34:35.428 [main] INFO org.evosuite.runtime.instrumentation.EvoClassLoader - Seeing class for first time: com.google.javascript.rhino.head.VMBridge_custom",
                "05:34:35.529 [main] INFO org.evosuite.runtime.instrumentation.EvoClassLoader - Seeing class for first time: com.google.javascript.rhino.head.VMBridge_custom",
                "05:34:35.552 [main] INFO org.evosuite.runtime.instrumentation.EvoClassLoader - Seeing class for first time: com.google.javascript.rhino.head.VMBridge_custom",
                "05:34:35.610 [main] INFO org.evosuite.runtime.instrumentation.EvoClassLoader - Seeing class for first time: com.google.javascript.rhino.head.VMBridge_custom",
                "05:34:35.615 [main] INFO org.evosuite.runtime.instrumentation.EvoClassLoader - Seeing class for first time: com.google.javascript.rhino.head.VMBridge_custom",
                "05:34:35.620 [main] INFO org.evosuite.runtime.instrumentation.EvoClassLoader - Seeing class for first time: com.google.javascript.rhino.head.VMBridge_custom",
                "05:34:35.648 [main] INFO org.evosuite.runtime.instrumentation.EvoClassLoader - Seeing class for first time: com.google.javascript.rhino.head.VMBridge_custom",
                "05:34:35.746 [main] INFO org.evosuite.runtime.instrumentation.EvoClassLoader - Seeing class for first time: com.google.javascript.rhino.head.VMBridge_custom",
                "05:34:35.779 [main] INFO org.evosuite.runtime.instrumentation.EvoClassLoader - Seeing class for first time: com.google.javascript.rhino.head.VMBridge_custom",
                "05:34:35.787 [main] INFO org.evosuite.runtime.instrumentation.EvoClassLoader - Seeing class for first time: com.google.javascript.rhino.head.VMBridge_custom",
                "Feb 02, 2023 4:34:35 AM com.google.javascript.jscomp.LoggerErrorManager println",
                "Feb 02, 2023 4:34:35 AM com.google.javascript.jscomp.parsing.ParserRunner parse",
                "05:34:35.831 [main] INFO org.evosuite.runtime.instrumentation.EvoClassLoader - Seeing class for first time: com.google.javascript.rhino.head.VMBridge_custom",
                "05:34:35.839 [main] INFO org.evosuite.runtime.instrumentation.EvoClassLoader - Seeing class for first time: com.google.javascript.rhino.head.VMBridge_custom",
                "05:34:35.856 [main] INFO org.evosuite.runtime.instrumentation.EvoClassLoader - Seeing class for first time: com.google.javascript.rhino.head.VMBridge_custom",
                "05:34:35.877 [main] INFO org.evosuite.runtime.instrumentation.EvoClassLoader - Seeing class for first time: com.google.javascript.rhino.head.VMBridge_custom",
                "05:34:35.888 [main] INFO org.evosuite.runtime.instrumentation.EvoClassLoader - Seeing class for first time: com.google.javascript.rhino.head.VMBridge_custom",
                "05:34:35.906 [main] INFO org.evosuite.runtime.instrumentation.EvoClassLoader - Seeing class for first time: com.google.javascript.rhino.head.VMBridge_custom",
                "05:34:35.915 [main] INFO org.evosuite.runtime.instrumentation.EvoClassLoader - Seeing class for first time: com.google.javascript.rhino.head.VMBridge_custom",
                "05:34:35.935 [main] INFO org.evosuite.runtime.instrumentation.EvoClassLoader - Seeing class for first time: com.google.javascript.rhino.head.VMBridge_custom",
                "org.junit.ComparisonFailure: expected:<2023/02/01 20:3[1]> but was:<2023/02/01 20:3[4]>"
            ],
            "failing_lines": [
                [
                    "com.google.javascript.jscomp.Compiler_ESTest.test203(Compiler_ESTest.java:2707)"
                ]
            ]
        },
        {
            "patch": "/home/mmartinez/xTestCluster/Patches/Patches_Wang902/Patches_others/Dcorrect/Jaid/Closure/patch1-Closure-18-Jaid.patch",
            "test": "test_from_WangDRR_patch1-Closure-18-SequenceR-plausible",
            "failing": 1,
            "testrun": 219,
            "failings": [
                "Error",
                "Error",
                "Error",
                "Error",
                "Error",
                "Error",
                "Error",
                "Error",
                "Error",
                "Error",
                "Error",
                "Error",
                "Error",
                "Error",
                "Error",
                "Error",
                "Error",
                "Error",
                "Error",
                "Error",
                "Error",
                "Error",
                "Error",
                "Error",
                "Error",
                "Error",
                "Error",
                "Error",
                "Error",
                "Error",
                "Error",
                "Error",
                "Error",
                "Error",
                "Error",
                "Error",
                "Error",
                "Error",
                "Error",
                "Error",
                "Error",
                "test200(com.google.javascript.jscomp.Compiler_ESTest)"
            ],
            "status": "ok",
            "test_executed": [
                "com.google.javascript.jscomp.Compiler_ESTest"
            ],
            "failing_assertions": [
                "Feb 02, 2023 4:34:39 AM com.google.javascript.jscomp.LoggerErrorManager println",
                "Feb 02, 2023 4:34:39 AM com.google.javascript.jscomp.LoggerErrorManager println",
                "05:34:39.809 [main] INFO org.evosuite.runtime.instrumentation.EvoClassLoader - Seeing class for first time: com.google.javascript.rhino.head.VMBridge_custom",
                "05:34:39.924 [main] INFO org.evosuite.runtime.instrumentation.EvoClassLoader - Seeing class for first time: com.google.javascript.rhino.head.VMBridge_custom",
                "05:34:39.949 [main] INFO org.evosuite.runtime.instrumentation.EvoClassLoader - Seeing class for first time: com.google.javascript.rhino.head.VMBridge_custom",
                "05:34:40.196 [main] INFO org.evosuite.runtime.instrumentation.EvoClassLoader - Seeing class for first time: com.google.javascript.rhino.head.VMBridge_custom",
                "05:34:40.210 [main] INFO org.evosuite.runtime.instrumentation.EvoClassLoader - Seeing class for first time: com.google.javascript.rhino.head.VMBridge_custom",
                "05:34:40.269 [main] INFO org.evosuite.runtime.instrumentation.EvoClassLoader - Seeing class for first time: com.google.javascript.rhino.head.VMBridge_custom",
                "05:34:40.330 [main] INFO org.evosuite.runtime.instrumentation.EvoClassLoader - Seeing class for first time: com.google.javascript.rhino.head.VMBridge_custom",
                "05:34:40.346 [main] INFO org.evosuite.runtime.instrumentation.EvoClassLoader - Seeing class for first time: com.google.javascript.rhino.head.VMBridge_custom",
                "05:34:40.352 [main] INFO org.evosuite.runtime.instrumentation.EvoClassLoader - Seeing class for first time: com.google.javascript.rhino.head.VMBridge_custom",
                "05:34:40.368 [main] INFO org.evosuite.runtime.instrumentation.EvoClassLoader - Seeing class for first time: com.google.javascript.rhino.head.VMBridge_custom",
                "Feb 02, 2023 4:34:40 AM com.google.javascript.jscomp.LoggerErrorManager println",
                "Feb 02, 2023 4:34:40 AM com.google.javascript.jscomp.LoggerErrorManager println",
                "05:34:40.537 [main] INFO org.evosuite.runtime.instrumentation.EvoClassLoader - Seeing class for first time: com.google.javascript.rhino.head.VMBridge_custom",
                "05:34:40.585 [main] INFO org.evosuite.runtime.instrumentation.EvoClassLoader - Seeing class for first time: com.google.javascript.rhino.head.VMBridge_custom",
                "05:34:40.644 [main] INFO org.evosuite.runtime.instrumentation.EvoClassLoader - Seeing class for first time: com.google.javascript.rhino.head.VMBridge_custom",
                "05:34:40.649 [main] INFO org.evosuite.runtime.instrumentation.EvoClassLoader - Seeing class for first time: com.google.javascript.rhino.head.VMBridge_custom",
                "05:34:40.661 [main] INFO org.evosuite.runtime.instrumentation.EvoClassLoader - Seeing class for first time: com.google.javascript.rhino.head.VMBridge_custom",
                "05:34:40.670 [main] INFO org.evosuite.runtime.instrumentation.EvoClassLoader - Seeing class for first time: com.google.javascript.rhino.head.VMBridge_custom",
                "05:34:40.731 [main] INFO org.evosuite.runtime.instrumentation.EvoClassLoader - Seeing class for first time: com.google.javascript.rhino.head.VMBridge_custom",
                "05:34:40.736 [main] INFO org.evosuite.runtime.instrumentation.EvoClassLoader - Seeing class for first time: com.google.javascript.rhino.head.VMBridge_custom",
                "05:34:40.740 [main] INFO org.evosuite.runtime.instrumentation.EvoClassLoader - Seeing class for first time: com.google.javascript.rhino.head.VMBridge_custom",
                "05:34:40.745 [main] INFO org.evosuite.runtime.instrumentation.EvoClassLoader - Seeing class for first time: com.google.javascript.rhino.head.VMBridge_custom",
                "05:34:40.751 [main] INFO org.evosuite.runtime.instrumentation.EvoClassLoader - Seeing class for first time: com.google.javascript.rhino.head.VMBridge_custom",
                "05:34:40.760 [main] INFO org.evosuite.runtime.instrumentation.EvoClassLoader - Seeing class for first time: com.google.javascript.rhino.head.VMBridge_custom",
                "05:34:40.773 [main] INFO org.evosuite.runtime.instrumentation.EvoClassLoader - Seeing class for first time: com.google.javascript.rhino.head.VMBridge_custom",
                "05:34:40.778 [main] INFO org.evosuite.runtime.instrumentation.EvoClassLoader - Seeing class for first time: com.google.javascript.rhino.head.VMBridge_custom",
                "05:34:40.788 [main] INFO org.evosuite.runtime.instrumentation.EvoClassLoader - Seeing class for first time: com.google.javascript.rhino.head.VMBridge_custom",
                "05:34:40.792 [main] INFO org.evosuite.runtime.instrumentation.EvoClassLoader - Seeing class for first time: com.google.javascript.rhino.head.VMBridge_custom",
                "Feb 02, 2023 4:34:40 AM com.google.javascript.jscomp.parsing.ParserRunner parse",
                "05:34:40.839 [main] INFO org.evosuite.runtime.instrumentation.EvoClassLoader - Seeing class for first time: com.google.javascript.rhino.head.VMBridge_custom",
                "05:34:40.849 [main] INFO org.evosuite.runtime.instrumentation.EvoClassLoader - Seeing class for first time: com.google.javascript.rhino.head.VMBridge_custom",
                "05:34:40.867 [main] INFO org.evosuite.runtime.instrumentation.EvoClassLoader - Seeing class for first time: com.google.javascript.rhino.head.VMBridge_custom",
                "05:34:40.875 [main] INFO org.evosuite.runtime.instrumentation.EvoClassLoader - Seeing class for first time: com.google.javascript.rhino.head.VMBridge_custom",
                "05:34:40.900 [main] INFO org.evosuite.runtime.instrumentation.EvoClassLoader - Seeing class for first time: com.google.javascript.rhino.head.VMBridge_custom",
                "05:34:40.912 [main] INFO org.evosuite.runtime.instrumentation.EvoClassLoader - Seeing class for first time: com.google.javascript.rhino.head.VMBridge_custom",
                "05:34:40.920 [main] INFO org.evosuite.runtime.instrumentation.EvoClassLoader - Seeing class for first time: com.google.javascript.rhino.head.VMBridge_custom",
                "05:34:40.925 [main] INFO org.evosuite.runtime.instrumentation.EvoClassLoader - Seeing class for first time: com.google.javascript.rhino.head.VMBridge_custom",
                "05:34:40.930 [main] INFO org.evosuite.runtime.instrumentation.EvoClassLoader - Seeing class for first time: com.google.javascript.rhino.head.VMBridge_custom",
                "Feb 02, 2023 4:34:40 AM com.google.javascript.jscomp.LoggerErrorManager println",
                "org.junit.ComparisonFailure: expected:<2023/02/01 20:[25]> but was:<2023/02/01 20:[34]>"
            ],
            "failing_lines": [
                [
                    "com.google.javascript.jscomp.Compiler_ESTest.test200(Compiler_ESTest.java:2746)"
                ]
            ]
        },
        {
            "patch": "/home/mmartinez/xTestCluster/Patches/Patches_Wang902/Patches_others/Dcorrect/Jaid/Closure/patch1-Closure-18-Jaid.patch",
            "test": "test_from_WangDRR_patch3-Closure-18-SequenceR",
            "failing": 1,
            "testrun": 199,
            "failings": [
                "Error",
                "Error",
                "Error",
                "test183(com.google.javascript.jscomp.Compiler_ESTest)"
            ],
            "status": "ok",
            "test_executed": [
                "com.google.javascript.jscomp.Compiler_ESTest"
            ],
            "failing_assertions": [
                "05:34:45.028 [main] INFO org.evosuite.runtime.instrumentation.EvoClassLoader - Seeing class for first time: com.google.javascript.rhino.head.VMBridge_custom",
                "05:34:45.098 [main] INFO org.evosuite.runtime.instrumentation.EvoClassLoader - Seeing class for first time: com.google.javascript.rhino.head.VMBridge_custom",
                "Feb 02, 2023 4:34:45 AM com.google.javascript.jscomp.parsing.ParserRunner parse",
                "org.junit.ComparisonFailure: expected:<2023/02/01 20:[28]> but was:<2023/02/01 20:[34]>"
            ],
            "failing_lines": [
                [
                    "com.google.javascript.jscomp.Compiler_ESTest.test183(Compiler_ESTest.java:2420)"
                ]
            ]
        },
        {
            "patch": "/home/mmartinez/xTestCluster/Patches/Patches_Wang902/Patches_others/Dcorrect/Jaid/Closure/patch1-Closure-18-Jaid.patch",
            "test": "test_from_WangDRR_patch1-Closure-18-SequenceR",
            "failing": 1,
            "testrun": 223,
            "failings": [
                "Error",
                "Error",
                "Error",
                "Error",
                "test204(com.google.javascript.jscomp.Compiler_ESTest)"
            ],
            "status": "ok",
            "test_executed": [
                "com.google.javascript.jscomp.Compiler_ESTest"
            ],
            "failing_assertions": [
                "05:34:50.082 [main] INFO org.evosuite.runtime.instrumentation.EvoClassLoader - Seeing class for first time: com.google.javascript.rhino.head.VMBridge_custom",
                "05:34:50.275 [main] INFO org.evosuite.runtime.instrumentation.EvoClassLoader - Seeing class for first time: com.google.javascript.rhino.head.VMBridge_custom",
                "05:34:50.459 [main] INFO org.evosuite.runtime.instrumentation.EvoClassLoader - Seeing class for first time: com.google.javascript.rhino.head.VMBridge_custom",
                "Feb 02, 2023 4:34:50 AM com.google.javascript.jscomp.parsing.ParserRunner parse",
                "org.junit.ComparisonFailure: expected:<2023/02/01 20:[18]> but was:<2023/02/01 20:[34]>"
            ],
            "failing_lines": [
                [
                    "com.google.javascript.jscomp.Compiler_ESTest.test204(Compiler_ESTest.java:2716)"
                ]
            ]
        },
        {
            "patch": "/home/mmartinez/xTestCluster/Patches/Patches_Wang902/Patches_others/Dcorrect/Jaid/Closure/patch1-Closure-18-Jaid.patch",
            "test": "test_from_WangDRR_patch1-Closure-18-Jaid",
            "failing": 1,
            "testrun": 224,
            "failings": [
                "Error",
                "Error",
                "Error",
                "Error",
                "Error",
                "Error",
                "test210(com.google.javascript.jscomp.Compiler_ESTest)"
            ],
            "status": "ok",
            "test_executed": [
                "com.google.javascript.jscomp.Compiler_ESTest"
            ],
            "failing_assertions": [
                "05:34:55.302 [main] INFO org.evosuite.runtime.instrumentation.EvoClassLoader - Seeing class for first time: com.google.javascript.rhino.head.VMBridge_custom",
                "05:34:55.407 [main] INFO org.evosuite.runtime.instrumentation.EvoClassLoader - Seeing class for first time: com.google.javascript.rhino.head.VMBridge_custom",
                "Feb 02, 2023 4:34:55 AM com.google.javascript.jscomp.LoggerErrorManager println",
                "Feb 02, 2023 4:34:55 AM com.google.javascript.jscomp.parsing.ParserRunner parse",
                "05:34:55.540 [main] INFO org.evosuite.runtime.instrumentation.EvoClassLoader - Seeing class for first time: com.google.javascript.rhino.head.VMBridge_custom",
                "05:34:55.592 [main] INFO org.evosuite.runtime.instrumentation.EvoClassLoader - Seeing class for first time: com.google.javascript.rhino.head.VMBridge_custom",
                "org.junit.ComparisonFailure: expected:<2023/02/01 20:[15]> but was:<2023/02/01 20:[34]>"
            ],
            "failing_lines": [
                [
                    "com.google.javascript.jscomp.Compiler_ESTest.test210(Compiler_ESTest.java:2842)"
                ]
            ]
        }
    ],
    "duration": 49.8
}