{
    "patch": "/home/mmartinez/xTestCluster/Patches/Patches_Wang902/Patches_ICSE/Doverfitting/DynaMoth/Math/patch1-Math-20-DynaMoth-plausible.patch",
    "project": "Math",
    "bugid": "20",
    "dataset": "Patches_ICSE",
    "date": "2022-12-16T00:48:45.933705",
    "project_checked": "ok",
    "compiledProjectModified": "ok",
    "patchApplied": "ok",
    "arrive_end": "ok",
    "patched_project_pass_all_test": "no",
    "test_execution": [
        {
            "patch": "/home/mmartinez/xTestCluster/Patches/Patches_Wang902/Patches_ICSE/Doverfitting/DynaMoth/Math/patch1-Math-20-DynaMoth-plausible.patch",
            "test": "test_from_WangICSE_patch1-Math-20-DynaMoth-plausible",
            "failing": 0,
            "testrun": 15,
            "failings": [],
            "status": "ok",
            "test_executed": [
                "org.apache.commons.math3.optimization.direct.CMAESOptimizer_ESTest"
            ],
            "failing_assertions": [],
            "failing_lines": []
        },
        {
            "patch": "/home/mmartinez/xTestCluster/Patches/Patches_Wang902/Patches_ICSE/Doverfitting/DynaMoth/Math/patch1-Math-20-DynaMoth-plausible.patch",
            "test": "test_from_WangICSE_patch1-Math-20-FixMiner-plausible",
            "failing": 0,
            "testrun": 21,
            "failings": [],
            "status": "ok",
            "test_executed": [
                "org.apache.commons.math3.optimization.direct.CMAESOptimizer_ESTest"
            ],
            "failing_assertions": [],
            "failing_lines": []
        },
        {
            "patch": "/home/mmartinez/xTestCluster/Patches/Patches_Wang902/Patches_ICSE/Doverfitting/DynaMoth/Math/patch1-Math-20-DynaMoth-plausible.patch",
            "test": "test_from_WangICSE_patch1-Math-20-Nopol-plausible",
            "failing": 0,
            "testrun": 17,
            "failings": [],
            "status": "ok",
            "test_executed": [
                "org.apache.commons.math3.optimization.direct.CMAESOptimizer_ESTest"
            ],
            "failing_assertions": [],
            "failing_lines": []
        }
    ],
    "duration": 25.79
}