{
    "patch": "/home/mmartinez/xTestCluster/Patches/Patches_Wang902/Patches_ICSE/Doverfitting/Kali/Closure/patch1-Closure-125-Kali-plausible.patch",
    "project": "Closure",
    "bugid": "125",
    "dataset": "Patches_ICSE",
    "date": "2022-12-16T05:04:17.361419",
    "project_checked": "ok",
    "compiledProjectModified": "ok",
    "patchApplied": "ok",
    "arrive_end": "ok",
    "patched_project_pass_all_test": "no",
    "test_execution": [
        {
            "patch": "/home/mmartinez/xTestCluster/Patches/Patches_Wang902/Patches_ICSE/Doverfitting/Kali/Closure/patch1-Closure-125-Kali-plausible.patch",
            "test": "test_from_WangICSE_patch1-Closure-125-Kali-plausible",
            "failing": 0,
            "testrun": 27,
            "failings": [],
            "status": "ok",
            "test_executed": [
                "com.google.javascript.jscomp.type.SemanticReverseAbstractInterpreter_ESTest"
            ],
            "failing_assertions": [],
            "failing_lines": []
        },
        {
            "patch": "/home/mmartinez/xTestCluster/Patches/Patches_Wang902/Patches_ICSE/Doverfitting/Kali/Closure/patch1-Closure-125-Kali-plausible.patch",
            "test": "test_from_WangICSE_patch1-Closure-125-Arja-plausible",
            "failing": 0,
            "testrun": 29,
            "failings": [],
            "status": "ok",
            "test_executed": [
                "com.google.javascript.jscomp.type.SemanticReverseAbstractInterpreter_ESTest"
            ],
            "failing_assertions": [],
            "failing_lines": []
        }
    ],
    "duration": 32.61
}