{
    "patch": "/home/mmartinez/xTestCluster/Patches/Patches_Wang902/Patches_ICSE/Doverfitting/AVATAR/Lang/patch1-Lang-59-AVATAR-plausible.patch",
    "project": "Lang",
    "bugid": "59",
    "dataset": "Patches_ICSE",
    "date": "2022-12-16T06:16:47.720663",
    "project_checked": "ok",
    "compiledProjectModified": "ok",
    "patchApplied": "ok",
    "arrive_end": "ok",
    "patched_project_pass_all_test": "no",
    "test_execution": [
        {
            "patch": "/home/mmartinez/xTestCluster/Patches/Patches_Wang902/Patches_ICSE/Doverfitting/AVATAR/Lang/patch1-Lang-59-AVATAR-plausible.patch",
            "test": "test_from_WangICSE_patch1-Lang-59-TBar",
            "failing": 7,
            "testrun": 339,
            "failings": [
                "test002(org.apache.commons.lang.text.StrBuilder_ESTest)",
                "test106(org.apache.commons.lang.text.StrBuilder_ESTest)",
                "test294(org.apache.commons.lang.text.StrBuilder_ESTest)",
                "test162(org.apache.commons.lang.text.StrBuilder_ESTest)",
                "test091(org.apache.commons.lang.text.StrBuilder_ESTest)",
                "test098(org.apache.commons.lang.text.StrBuilder_ESTest)",
                "test069(org.apache.commons.lang.text.StrBuilder_ESTest)"
            ],
            "status": "ok",
            "test_executed": [
                "org.apache.commons.lang.text.StrBuilder_ESTest"
            ],
            "failing_assertions": [
                "java.lang.AssertionError: expected:<32> but was:<61>",
                "java.lang.AssertionError: expected:<32> but was:<61>",
                "java.lang.AssertionError: expected:<84> but was:<115>",
                "java.lang.AssertionError: expected:<68> but was:<117>",
                "java.lang.AssertionError: expected:<4123> but was:<4172>",
                "java.lang.AssertionError: expected:<974> but was:<1098>",
                "java.lang.AssertionError: expected:<32> but was:<61>"
            ],
            "failing_lines": [
                [
                    "org.apache.commons.lang.text.StrBuilder_ESTest.test002(StrBuilder_ESTest.java:147)"
                ],
                [
                    "org.apache.commons.lang.text.StrBuilder_ESTest.test106(StrBuilder_ESTest.java:3862)"
                ],
                [
                    "org.apache.commons.lang.text.StrBuilder_ESTest.test294(StrBuilder_ESTest.java:8366)"
                ],
                [
                    "org.apache.commons.lang.text.StrBuilder_ESTest.test162(StrBuilder_ESTest.java:5714)"
                ],
                [
                    "org.apache.commons.lang.text.StrBuilder_ESTest.test091(StrBuilder_ESTest.java:3350)"
                ],
                [
                    "org.apache.commons.lang.text.StrBuilder_ESTest.test098(StrBuilder_ESTest.java:3595)"
                ],
                [
                    "org.apache.commons.lang.text.StrBuilder_ESTest.test069(StrBuilder_ESTest.java:2464)"
                ]
            ]
        },
        {
            "patch": "/home/mmartinez/xTestCluster/Patches/Patches_Wang902/Patches_ICSE/Doverfitting/AVATAR/Lang/patch1-Lang-59-AVATAR-plausible.patch",
            "test": "test_from_WangDRR_patch11-Lang-59-CapGen-plausible",
            "failing": 11,
            "testrun": 365,
            "failings": [
                "test011(org.apache.commons.lang.text.StrBuilder_ESTest)",
                "test123(org.apache.commons.lang.text.StrBuilder_ESTest)",
                "test244(org.apache.commons.lang.text.StrBuilder_ESTest)",
                "test112(org.apache.commons.lang.text.StrBuilder_ESTest)",
                "test232(org.apache.commons.lang.text.StrBuilder_ESTest)",
                "test102(org.apache.commons.lang.text.StrBuilder_ESTest)",
                "test031(org.apache.commons.lang.text.StrBuilder_ESTest)",
                "test147(org.apache.commons.lang.text.StrBuilder_ESTest)",
                "test019(org.apache.commons.lang.text.StrBuilder_ESTest)",
                "test016(org.apache.commons.lang.text.StrBuilder_ESTest)",
                "test075(org.apache.commons.lang.text.StrBuilder_ESTest)"
            ],
            "status": "ok",
            "test_executed": [
                "org.apache.commons.lang.text.StrBuilder_ESTest"
            ],
            "failing_assertions": [
                "java.lang.AssertionError: expected:<57> but was:<150>",
                "java.lang.AssertionError: expected:<32> but was:<61>",
                "java.lang.AssertionError: expected:<254> but was:<345>",
                "java.lang.AssertionError: expected:<59> but was:<143>",
                "java.lang.AssertionError: expected:<61> but was:<138>",
                "java.lang.AssertionError: expected:<59> but was:<143>",
                "java.lang.AssertionError: expected:<32> but was:<73>",
                "java.lang.AssertionError: Expecting exception: ArrayIndexOutOfBoundsException",
                "java.lang.AssertionError: expected:<1071> but was:<1164>",
                "java.lang.AssertionError: expected:<32> but was:<60>",
                "java.lang.AssertionError: expected:<32> but was:<61>"
            ],
            "failing_lines": [
                [
                    "org.apache.commons.lang.text.StrBuilder_ESTest.test011(StrBuilder_ESTest.java:412)"
                ],
                [
                    "org.apache.commons.lang.text.StrBuilder_ESTest.test123(StrBuilder_ESTest.java:4468)"
                ],
                [
                    "org.apache.commons.lang.text.StrBuilder_ESTest.test244(StrBuilder_ESTest.java:7982)"
                ],
                [
                    "org.apache.commons.lang.text.StrBuilder_ESTest.test112(StrBuilder_ESTest.java:4121)"
                ],
                [
                    "org.apache.commons.lang.text.StrBuilder_ESTest.test232(StrBuilder_ESTest.java:7618)"
                ],
                [
                    "org.apache.commons.lang.text.StrBuilder_ESTest.test102(StrBuilder_ESTest.java:3824)"
                ],
                [
                    "org.apache.commons.lang.text.StrBuilder_ESTest.test031(StrBuilder_ESTest.java:1173)"
                ],
                [
                    "org.apache.commons.lang.text.StrBuilder_ESTest.test147(StrBuilder_ESTest.java:5125)"
                ],
                [
                    "org.apache.commons.lang.text.StrBuilder_ESTest.test019(StrBuilder_ESTest.java:703)"
                ],
                [
                    "org.apache.commons.lang.text.StrBuilder_ESTest.test016(StrBuilder_ESTest.java:596)"
                ],
                [
                    "org.apache.commons.lang.text.StrBuilder_ESTest.test075(StrBuilder_ESTest.java:2802)"
                ]
            ]
        },
        {
            "patch": "/home/mmartinez/xTestCluster/Patches/Patches_Wang902/Patches_ICSE/Doverfitting/AVATAR/Lang/patch1-Lang-59-AVATAR-plausible.patch",
            "test": "test_from_WangDRR_patch13-Lang-59-CapGen-plausible",
            "failing": 15,
            "testrun": 354,
            "failings": [
                "test130(org.apache.commons.lang.text.StrBuilder_ESTest)",
                "test132(org.apache.commons.lang.text.StrBuilder_ESTest)",
                "test008(org.apache.commons.lang.text.StrBuilder_ESTest)",
                "test122(org.apache.commons.lang.text.StrBuilder_ESTest)",
                "test235(org.apache.commons.lang.text.StrBuilder_ESTest)",
                "test044(org.apache.commons.lang.text.StrBuilder_ESTest)",
                "test038(org.apache.commons.lang.text.StrBuilder_ESTest)",
                "test032(org.apache.commons.lang.text.StrBuilder_ESTest)",
                "test031(org.apache.commons.lang.text.StrBuilder_ESTest)",
                "test033(org.apache.commons.lang.text.StrBuilder_ESTest)",
                "test134(org.apache.commons.lang.text.StrBuilder_ESTest)",
                "test097(org.apache.commons.lang.text.StrBuilder_ESTest)",
                "test068(org.apache.commons.lang.text.StrBuilder_ESTest)",
                "test067(org.apache.commons.lang.text.StrBuilder_ESTest)",
                "test061(org.apache.commons.lang.text.StrBuilder_ESTest)"
            ],
            "status": "ok",
            "test_executed": [
                "org.apache.commons.lang.text.StrBuilder_ESTest"
            ],
            "failing_assertions": [
                "java.lang.AssertionError: expected:<1632> but was:<1685>",
                "java.lang.AssertionError: expected:<787> but was:<841>",
                "java.lang.AssertionError: expected:<787> but was:<841>",
                "java.lang.AssertionError: expected:<32> but was:<42>",
                "java.lang.AssertionError: expected:<2641> but was:<2757>",
                "java.lang.AssertionError: expected:<32> but was:<83>",
                "java.lang.AssertionError: expected:<813> but was:<869>",
                "java.lang.AssertionError: expected:<32> but was:<61>",
                "java.lang.AssertionError: expected:<787> but was:<841>",
                "java.lang.AssertionError: expected:<32> but was:<83>",
                "java.lang.AssertionError: Expecting exception: ArrayIndexOutOfBoundsException",
                "java.lang.AssertionError: expected:<787> but was:<841>",
                "java.lang.AssertionError: expected:<32> but was:<61>",
                "java.lang.AssertionError: expected:<32> but was:<61>",
                "java.lang.AssertionError: expected:<32> but was:<61>"
            ],
            "failing_lines": [
                [
                    "org.apache.commons.lang.text.StrBuilder_ESTest.test130(StrBuilder_ESTest.java:5088)"
                ],
                [
                    "org.apache.commons.lang.text.StrBuilder_ESTest.test132(StrBuilder_ESTest.java:5163)"
                ],
                [
                    "org.apache.commons.lang.text.StrBuilder_ESTest.test008(StrBuilder_ESTest.java:332)"
                ],
                [
                    "org.apache.commons.lang.text.StrBuilder_ESTest.test122(StrBuilder_ESTest.java:4851)"
                ],
                [
                    "org.apache.commons.lang.text.StrBuilder_ESTest.test235(StrBuilder_ESTest.java:8210)"
                ],
                [
                    "org.apache.commons.lang.text.StrBuilder_ESTest.test044(StrBuilder_ESTest.java:1715)"
                ],
                [
                    "org.apache.commons.lang.text.StrBuilder_ESTest.test038(StrBuilder_ESTest.java:1534)"
                ],
                [
                    "org.apache.commons.lang.text.StrBuilder_ESTest.test032(StrBuilder_ESTest.java:1323)"
                ],
                [
                    "org.apache.commons.lang.text.StrBuilder_ESTest.test031(StrBuilder_ESTest.java:1212)"
                ],
                [
                    "org.apache.commons.lang.text.StrBuilder_ESTest.test033(StrBuilder_ESTest.java:1361)"
                ],
                [
                    "org.apache.commons.lang.text.StrBuilder_ESTest.test134(StrBuilder_ESTest.java:5240)"
                ],
                [
                    "org.apache.commons.lang.text.StrBuilder_ESTest.test097(StrBuilder_ESTest.java:4022)"
                ],
                [
                    "org.apache.commons.lang.text.StrBuilder_ESTest.test068(StrBuilder_ESTest.java:2732)"
                ],
                [
                    "org.apache.commons.lang.text.StrBuilder_ESTest.test067(StrBuilder_ESTest.java:2688)"
                ],
                [
                    "org.apache.commons.lang.text.StrBuilder_ESTest.test061(StrBuilder_ESTest.java:2494)"
                ]
            ]
        },
        {
            "patch": "/home/mmartinez/xTestCluster/Patches/Patches_Wang902/Patches_ICSE/Doverfitting/AVATAR/Lang/patch1-Lang-59-AVATAR-plausible.patch",
            "test": "test_from_WangDRR_patch1-Lang-59-SequenceR",
            "failing": 13,
            "testrun": 362,
            "failings": [
                "test123(org.apache.commons.lang.text.StrBuilder_ESTest)",
                "test122(org.apache.commons.lang.text.StrBuilder_ESTest)",
                "test119(org.apache.commons.lang.text.StrBuilder_ESTest)",
                "test115(org.apache.commons.lang.text.StrBuilder_ESTest)",
                "test235(org.apache.commons.lang.text.StrBuilder_ESTest)",
                "test228(org.apache.commons.lang.text.StrBuilder_ESTest)",
                "test050(org.apache.commons.lang.text.StrBuilder_ESTest)",
                "test029(org.apache.commons.lang.text.StrBuilder_ESTest)",
                "test015(org.apache.commons.lang.text.StrBuilder_ESTest)",
                "test096(org.apache.commons.lang.text.StrBuilder_ESTest)",
                "test193(org.apache.commons.lang.text.StrBuilder_ESTest)",
                "test065(org.apache.commons.lang.text.StrBuilder_ESTest)",
                "test066(org.apache.commons.lang.text.StrBuilder_ESTest)"
            ],
            "status": "ok",
            "test_executed": [
                "org.apache.commons.lang.text.StrBuilder_ESTest"
            ],
            "failing_assertions": [
                "java.lang.ArrayIndexOutOfBoundsException",
                "java.lang.AssertionError: expected:<1191> but was:<1257>",
                "java.lang.AssertionError: expected:<1584> but was:<1640>",
                "java.lang.AssertionError: expected:<32> but was:<61>",
                "java.lang.AssertionError: expected:<1191> but was:<1257>",
                "java.lang.AssertionError: expected:<1584> but was:<1640>",
                "java.lang.AssertionError: expected:<1616> but was:<1685>",
                "java.lang.AssertionError: expected:<1407> but was:<1443>",
                "java.lang.AssertionError: expected:<102> but was:<202>",
                "java.lang.AssertionError: expected:<4123> but was:<4172>",
                "java.lang.AssertionError: expected:<2115> but was:<2156>",
                "java.lang.AssertionError: expected:<32> but was:<61>",
                "java.lang.AssertionError: expected:<102> but was:<202>"
            ],
            "failing_lines": [
                [
                    "org.apache.commons.lang.text.StrBuilder_ESTest.test123(StrBuilder_ESTest.java:4804)"
                ],
                [
                    "org.apache.commons.lang.text.StrBuilder_ESTest.test122(StrBuilder_ESTest.java:4737)"
                ],
                [
                    "org.apache.commons.lang.text.StrBuilder_ESTest.test119(StrBuilder_ESTest.java:4627)"
                ],
                [
                    "org.apache.commons.lang.text.StrBuilder_ESTest.test115(StrBuilder_ESTest.java:4476)"
                ],
                [
                    "org.apache.commons.lang.text.StrBuilder_ESTest.test235(StrBuilder_ESTest.java:8259)"
                ],
                [
                    "org.apache.commons.lang.text.StrBuilder_ESTest.test228(StrBuilder_ESTest.java:8047)"
                ],
                [
                    "org.apache.commons.lang.text.StrBuilder_ESTest.test050(StrBuilder_ESTest.java:1892)"
                ],
                [
                    "org.apache.commons.lang.text.StrBuilder_ESTest.test029(StrBuilder_ESTest.java:1144)"
                ],
                [
                    "org.apache.commons.lang.text.StrBuilder_ESTest.test015(StrBuilder_ESTest.java:654)"
                ],
                [
                    "org.apache.commons.lang.text.StrBuilder_ESTest.test096(StrBuilder_ESTest.java:3817)"
                ],
                [
                    "org.apache.commons.lang.text.StrBuilder_ESTest.test193(StrBuilder_ESTest.java:7016)"
                ],
                [
                    "org.apache.commons.lang.text.StrBuilder_ESTest.test065(StrBuilder_ESTest.java:2496)"
                ],
                [
                    "org.apache.commons.lang.text.StrBuilder_ESTest.test066(StrBuilder_ESTest.java:2541)"
                ]
            ]
        },
        {
            "patch": "/home/mmartinez/xTestCluster/Patches/Patches_Wang902/Patches_ICSE/Doverfitting/AVATAR/Lang/patch1-Lang-59-AVATAR-plausible.patch",
            "test": "test_from_WangDRR_patch8-Lang-59-CapGen-plausible",
            "failing": 6,
            "testrun": 340,
            "failings": [
                "test227(org.apache.commons.lang.text.StrBuilder_ESTest)",
                "test038(org.apache.commons.lang.text.StrBuilder_ESTest)",
                "test034(org.apache.commons.lang.text.StrBuilder_ESTest)",
                "test014(org.apache.commons.lang.text.StrBuilder_ESTest)",
                "test069(org.apache.commons.lang.text.StrBuilder_ESTest)",
                "test315(org.apache.commons.lang.text.StrBuilder_ESTest)"
            ],
            "status": "ok",
            "test_executed": [
                "org.apache.commons.lang.text.StrBuilder_ESTest"
            ],
            "failing_assertions": [
                "java.lang.AssertionError: expected:<35> but was:<148>",
                "java.lang.AssertionError: expected:<48> but was:<148>",
                "java.lang.AssertionError: expected:<48> but was:<148>",
                "java.lang.AssertionError: expected:<46> but was:<96>",
                "java.lang.AssertionError: expected:<32> but was:<61>",
                "java.lang.AssertionError: Expecting exception: ArrayIndexOutOfBoundsException"
            ],
            "failing_lines": [
                [
                    "org.apache.commons.lang.text.StrBuilder_ESTest.test227(StrBuilder_ESTest.java:7523)"
                ],
                [
                    "org.apache.commons.lang.text.StrBuilder_ESTest.test038(StrBuilder_ESTest.java:1443)"
                ],
                [
                    "org.apache.commons.lang.text.StrBuilder_ESTest.test034(StrBuilder_ESTest.java:1321)"
                ],
                [
                    "org.apache.commons.lang.text.StrBuilder_ESTest.test014(StrBuilder_ESTest.java:549)"
                ],
                [
                    "org.apache.commons.lang.text.StrBuilder_ESTest.test069(StrBuilder_ESTest.java:2524)"
                ],
                [
                    "org.apache.commons.lang.text.StrBuilder_ESTest.test315(StrBuilder_ESTest.java:8487)"
                ]
            ]
        },
        {
            "patch": "/home/mmartinez/xTestCluster/Patches/Patches_Wang902/Patches_ICSE/Doverfitting/AVATAR/Lang/patch1-Lang-59-AVATAR-plausible.patch",
            "test": "test_from_WangDRR_patch5-Lang-59-CapGen-plausible",
            "failing": 16,
            "testrun": 357,
            "failings": [
                "test010(org.apache.commons.lang.text.StrBuilder_ESTest)",
                "test012(org.apache.commons.lang.text.StrBuilder_ESTest)",
                "test002(org.apache.commons.lang.text.StrBuilder_ESTest)",
                "test123(org.apache.commons.lang.text.StrBuilder_ESTest)",
                "test247(org.apache.commons.lang.text.StrBuilder_ESTest)",
                "test125(org.apache.commons.lang.text.StrBuilder_ESTest)",
                "test122(org.apache.commons.lang.text.StrBuilder_ESTest)",
                "test119(org.apache.commons.lang.text.StrBuilder_ESTest)",
                "test232(org.apache.commons.lang.text.StrBuilder_ESTest)",
                "test103(org.apache.commons.lang.text.StrBuilder_ESTest)",
                "test109(org.apache.commons.lang.text.StrBuilder_ESTest)",
                "test175(org.apache.commons.lang.text.StrBuilder_ESTest)",
                "test034(org.apache.commons.lang.text.StrBuilder_ESTest)",
                "test014(org.apache.commons.lang.text.StrBuilder_ESTest)",
                "test068(org.apache.commons.lang.text.StrBuilder_ESTest)",
                "test065(org.apache.commons.lang.text.StrBuilder_ESTest)"
            ],
            "status": "ok",
            "test_executed": [
                "org.apache.commons.lang.text.StrBuilder_ESTest"
            ],
            "failing_assertions": [
                "java.lang.AssertionError: expected:<1616> but was:<1685>",
                "java.lang.AssertionError: expected:<771> but was:<805>",
                "java.lang.AssertionError: expected:<1616> but was:<1685>",
                "java.lang.AssertionError: expected:<1616> but was:<1685>",
                "java.lang.AssertionError: expected:<32> but was:<64>",
                "java.lang.AssertionError: expected:<1071> but was:<1149>",
                "java.lang.AssertionError: expected:<1632> but was:<1685>",
                "java.lang.AssertionError: expected:<1632> but was:<1685>",
                "java.lang.AssertionError: expected:<1616> but was:<1685>",
                "java.lang.AssertionError: Expecting exception: ArrayIndexOutOfBoundsException",
                "java.lang.AssertionError: expected:<32> but was:<61>",
                "java.lang.AssertionError: expected:<771> but was:<840>",
                "java.lang.AssertionError: expected:<1632> but was:<1685>",
                "java.lang.AssertionError: expected:<1632> but was:<1685>",
                "java.lang.AssertionError: expected:<32> but was:<61>",
                "java.lang.AssertionError: expected:<32> but was:<61>"
            ],
            "failing_lines": [
                [
                    "org.apache.commons.lang.text.StrBuilder_ESTest.test010(StrBuilder_ESTest.java:477)"
                ],
                [
                    "org.apache.commons.lang.text.StrBuilder_ESTest.test012(StrBuilder_ESTest.java:538)"
                ],
                [
                    "org.apache.commons.lang.text.StrBuilder_ESTest.test002(StrBuilder_ESTest.java:172)"
                ],
                [
                    "org.apache.commons.lang.text.StrBuilder_ESTest.test123(StrBuilder_ESTest.java:4416)"
                ],
                [
                    "org.apache.commons.lang.text.StrBuilder_ESTest.test247(StrBuilder_ESTest.java:8151)"
                ],
                [
                    "org.apache.commons.lang.text.StrBuilder_ESTest.test125(StrBuilder_ESTest.java:4499)"
                ],
                [
                    "org.apache.commons.lang.text.StrBuilder_ESTest.test122(StrBuilder_ESTest.java:4371)"
                ],
                [
                    "org.apache.commons.lang.text.StrBuilder_ESTest.test119(StrBuilder_ESTest.java:4264)"
                ],
                [
                    "org.apache.commons.lang.text.StrBuilder_ESTest.test232(StrBuilder_ESTest.java:7707)"
                ],
                [
                    "org.apache.commons.lang.text.StrBuilder_ESTest.test103(StrBuilder_ESTest.java:3778)"
                ],
                [
                    "org.apache.commons.lang.text.StrBuilder_ESTest.test109(StrBuilder_ESTest.java:3918)"
                ],
                [
                    "org.apache.commons.lang.text.StrBuilder_ESTest.test175(StrBuilder_ESTest.java:6108)"
                ],
                [
                    "org.apache.commons.lang.text.StrBuilder_ESTest.test034(StrBuilder_ESTest.java:1240)"
                ],
                [
                    "org.apache.commons.lang.text.StrBuilder_ESTest.test014(StrBuilder_ESTest.java:601)"
                ],
                [
                    "org.apache.commons.lang.text.StrBuilder_ESTest.test068(StrBuilder_ESTest.java:2497)"
                ],
                [
                    "org.apache.commons.lang.text.StrBuilder_ESTest.test065(StrBuilder_ESTest.java:2353)"
                ]
            ]
        },
        {
            "patch": "/home/mmartinez/xTestCluster/Patches/Patches_Wang902/Patches_ICSE/Doverfitting/AVATAR/Lang/patch1-Lang-59-AVATAR-plausible.patch",
            "test": "test_from_WangDRR_patch9-Lang-59-CapGen-plausible",
            "failing": 5,
            "testrun": 345,
            "failings": [
                "test011(org.apache.commons.lang.text.StrBuilder_ESTest)",
                "test003(org.apache.commons.lang.text.StrBuilder_ESTest)",
                "test116(org.apache.commons.lang.text.StrBuilder_ESTest)",
                "test115(org.apache.commons.lang.text.StrBuilder_ESTest)",
                "test098(org.apache.commons.lang.text.StrBuilder_ESTest)"
            ],
            "status": "ok",
            "test_executed": [
                "org.apache.commons.lang.text.StrBuilder_ESTest"
            ],
            "failing_assertions": [
                "java.lang.AssertionError: expected:<46> but was:<96>",
                "java.lang.AssertionError: expected:<48> but was:<148>",
                "java.lang.AssertionError: Expecting exception: ArrayIndexOutOfBoundsException",
                "java.lang.ArrayIndexOutOfBoundsException: 747",
                "java.lang.AssertionError: Expecting exception: ArrayIndexOutOfBoundsException"
            ],
            "failing_lines": [
                [
                    "org.apache.commons.lang.text.StrBuilder_ESTest.test011(StrBuilder_ESTest.java:675)"
                ],
                [
                    "org.apache.commons.lang.text.StrBuilder_ESTest.test003(StrBuilder_ESTest.java:218)"
                ],
                [
                    "org.apache.commons.lang.text.StrBuilder_ESTest.test116(StrBuilder_ESTest.java:4706)"
                ],
                [
                    "org.apache.commons.lang.text.StrBuilder_ESTest.test115(StrBuilder_ESTest.java:4656)"
                ],
                [
                    "org.apache.commons.lang.text.StrBuilder_ESTest.test098(StrBuilder_ESTest.java:3973)"
                ]
            ]
        },
        {
            "patch": "/home/mmartinez/xTestCluster/Patches/Patches_Wang902/Patches_ICSE/Doverfitting/AVATAR/Lang/patch1-Lang-59-AVATAR-plausible.patch",
            "test": "test_from_WangDRR_patch1-Lang-59-CapGen-plausible",
            "failing": 7,
            "testrun": 359,
            "failings": [
                "test131(org.apache.commons.lang.text.StrBuilder_ESTest)",
                "test133(org.apache.commons.lang.text.StrBuilder_ESTest)",
                "test132(org.apache.commons.lang.text.StrBuilder_ESTest)",
                "test247(org.apache.commons.lang.text.StrBuilder_ESTest)",
                "test176(org.apache.commons.lang.text.StrBuilder_ESTest)",
                "test016(org.apache.commons.lang.text.StrBuilder_ESTest)",
                "test064(org.apache.commons.lang.text.StrBuilder_ESTest)"
            ],
            "status": "ok",
            "test_executed": [
                "org.apache.commons.lang.text.StrBuilder_ESTest"
            ],
            "failing_assertions": [
                "java.lang.AssertionError: expected:<88> but was:<152>",
                "java.lang.AssertionError: Expecting exception: ArrayIndexOutOfBoundsException",
                "java.lang.AssertionError: expected:<35> but was:<69>",
                "java.lang.AssertionError: Expecting exception: ArrayIndexOutOfBoundsException",
                "java.lang.AssertionError: expected:<32> but was:<97>",
                "java.lang.AssertionError: expected:<32> but was:<39>",
                "java.lang.AssertionError: expected:<32> but was:<61>"
            ],
            "failing_lines": [
                [
                    "org.apache.commons.lang.text.StrBuilder_ESTest.test131(StrBuilder_ESTest.java:4299)"
                ],
                [
                    "org.apache.commons.lang.text.StrBuilder_ESTest.test133(StrBuilder_ESTest.java:4370)"
                ],
                [
                    "org.apache.commons.lang.text.StrBuilder_ESTest.test132(StrBuilder_ESTest.java:4330)"
                ],
                [
                    "org.apache.commons.lang.text.StrBuilder_ESTest.test247(StrBuilder_ESTest.java:7555)"
                ],
                [
                    "org.apache.commons.lang.text.StrBuilder_ESTest.test176(StrBuilder_ESTest.java:5829)"
                ],
                [
                    "org.apache.commons.lang.text.StrBuilder_ESTest.test016(StrBuilder_ESTest.java:600)"
                ],
                [
                    "org.apache.commons.lang.text.StrBuilder_ESTest.test064(StrBuilder_ESTest.java:2230)"
                ]
            ]
        },
        {
            "patch": "/home/mmartinez/xTestCluster/Patches/Patches_Wang902/Patches_ICSE/Doverfitting/AVATAR/Lang/patch1-Lang-59-AVATAR-plausible.patch",
            "test": "test_from_WangDRR_patch2-Lang-59-CapGen-plausible",
            "failing": 6,
            "testrun": 356,
            "failings": [
                "test037(org.apache.commons.lang.text.StrBuilder_ESTest)",
                "test135(org.apache.commons.lang.text.StrBuilder_ESTest)",
                "test137(org.apache.commons.lang.text.StrBuilder_ESTest)",
                "test136(org.apache.commons.lang.text.StrBuilder_ESTest)",
                "test070(org.apache.commons.lang.text.StrBuilder_ESTest)",
                "test328(org.apache.commons.lang.text.StrBuilder_ESTest)"
            ],
            "status": "ok",
            "test_executed": [
                "org.apache.commons.lang.text.StrBuilder_ESTest"
            ],
            "failing_assertions": [
                "java.lang.AssertionError: expected:<32> but was:<158>",
                "java.lang.AssertionError: expected:<88> but was:<152>",
                "java.lang.AssertionError: Expecting exception: ArrayIndexOutOfBoundsException",
                "java.lang.AssertionError: expected:<36> but was:<96>",
                "java.lang.AssertionError: expected:<32> but was:<61>",
                "java.lang.AssertionError: Expecting exception: ArrayIndexOutOfBoundsException"
            ],
            "failing_lines": [
                [
                    "org.apache.commons.lang.text.StrBuilder_ESTest.test037(StrBuilder_ESTest.java:1421)"
                ],
                [
                    "org.apache.commons.lang.text.StrBuilder_ESTest.test135(StrBuilder_ESTest.java:4554)"
                ],
                [
                    "org.apache.commons.lang.text.StrBuilder_ESTest.test137(StrBuilder_ESTest.java:4612)"
                ],
                [
                    "org.apache.commons.lang.text.StrBuilder_ESTest.test136(StrBuilder_ESTest.java:4583)"
                ],
                [
                    "org.apache.commons.lang.text.StrBuilder_ESTest.test070(StrBuilder_ESTest.java:2594)"
                ],
                [
                    "org.apache.commons.lang.text.StrBuilder_ESTest.test328(StrBuilder_ESTest.java:9173)"
                ]
            ]
        },
        {
            "patch": "/home/mmartinez/xTestCluster/Patches/Patches_Wang902/Patches_ICSE/Doverfitting/AVATAR/Lang/patch1-Lang-59-AVATAR-plausible.patch",
            "test": "test_from_WangDRR_patch1-Lang-59-CapGen",
            "failing": 9,
            "testrun": 357,
            "failings": [
                "test133(org.apache.commons.lang.text.StrBuilder_ESTest)",
                "test117(org.apache.commons.lang.text.StrBuilder_ESTest)",
                "test119(org.apache.commons.lang.text.StrBuilder_ESTest)",
                "test103(org.apache.commons.lang.text.StrBuilder_ESTest)",
                "test033(org.apache.commons.lang.text.StrBuilder_ESTest)",
                "test138(org.apache.commons.lang.text.StrBuilder_ESTest)",
                "test070(org.apache.commons.lang.text.StrBuilder_ESTest)",
                "test199(org.apache.commons.lang.text.StrBuilder_ESTest)",
                "test189(org.apache.commons.lang.text.StrBuilder_ESTest)"
            ],
            "status": "ok",
            "test_executed": [
                "org.apache.commons.lang.text.StrBuilder_ESTest"
            ],
            "failing_assertions": [
                "java.lang.AssertionError: expected:<1632> but was:<1685>",
                "java.lang.AssertionError: expected:<32> but was:<67>",
                "java.lang.AssertionError: expected:<32> but was:<61>",
                "java.lang.AssertionError: expected:<4123> but was:<4172>",
                "java.lang.AssertionError: expected:<1718> but was:<1816>",
                "java.lang.AssertionError: expected:<1718> but was:<1816>",
                "java.lang.AssertionError: expected:<32> but was:<61>",
                "java.lang.AssertionError: expected:<1577> but was:<1630>",
                "java.lang.AssertionError: expected:<1584> but was:<1658>"
            ],
            "failing_lines": [
                [
                    "org.apache.commons.lang.text.StrBuilder_ESTest.test133(StrBuilder_ESTest.java:5246)"
                ],
                [
                    "org.apache.commons.lang.text.StrBuilder_ESTest.test117(StrBuilder_ESTest.java:4676)"
                ],
                [
                    "org.apache.commons.lang.text.StrBuilder_ESTest.test119(StrBuilder_ESTest.java:4756)"
                ],
                [
                    "org.apache.commons.lang.text.StrBuilder_ESTest.test103(StrBuilder_ESTest.java:4149)"
                ],
                [
                    "org.apache.commons.lang.text.StrBuilder_ESTest.test033(StrBuilder_ESTest.java:1275)"
                ],
                [
                    "org.apache.commons.lang.text.StrBuilder_ESTest.test138(StrBuilder_ESTest.java:5414)"
                ],
                [
                    "org.apache.commons.lang.text.StrBuilder_ESTest.test070(StrBuilder_ESTest.java:2722)"
                ],
                [
                    "org.apache.commons.lang.text.StrBuilder_ESTest.test199(StrBuilder_ESTest.java:7246)"
                ],
                [
                    "org.apache.commons.lang.text.StrBuilder_ESTest.test189(StrBuilder_ESTest.java:6964)"
                ]
            ]
        },
        {
            "patch": "/home/mmartinez/xTestCluster/Patches/Patches_Wang902/Patches_ICSE/Doverfitting/AVATAR/Lang/patch1-Lang-59-AVATAR-plausible.patch",
            "test": "test_from_WangICSE_patch1-Lang-59-kPAR-plausible",
            "failing": 8,
            "testrun": 360,
            "failings": [
                "test333(org.apache.commons.lang.text.StrBuilder_ESTest)",
                "test014(org.apache.commons.lang.text.StrBuilder_ESTest)",
                "test135(org.apache.commons.lang.text.StrBuilder_ESTest)",
                "test137(org.apache.commons.lang.text.StrBuilder_ESTest)",
                "test136(org.apache.commons.lang.text.StrBuilder_ESTest)",
                "test195(org.apache.commons.lang.text.StrBuilder_ESTest)",
                "test067(org.apache.commons.lang.text.StrBuilder_ESTest)",
                "test303(org.apache.commons.lang.text.StrBuilder_ESTest)"
            ],
            "status": "ok",
            "test_executed": [
                "org.apache.commons.lang.text.StrBuilder_ESTest"
            ],
            "failing_assertions": [
                "java.lang.AssertionError: Expecting exception: ArrayIndexOutOfBoundsException",
                "java.lang.AssertionError: expected:<70> but was:<74>",
                "java.lang.AssertionError: expected:<1366> but was:<1466>",
                "java.lang.AssertionError: Expecting exception: ArrayIndexOutOfBoundsException",
                "java.lang.AssertionError: expected:<115> but was:<119>",
                "java.lang.AssertionError: expected:<70> but was:<102>",
                "java.lang.AssertionError: expected:<70> but was:<74>",
                "java.lang.AssertionError: expected:<107> but was:<136>"
            ],
            "failing_lines": [
                [
                    "org.apache.commons.lang.text.StrBuilder_ESTest.test333(StrBuilder_ESTest.java:8233)"
                ],
                [
                    "org.apache.commons.lang.text.StrBuilder_ESTest.test014(StrBuilder_ESTest.java:611)"
                ],
                [
                    "org.apache.commons.lang.text.StrBuilder_ESTest.test135(StrBuilder_ESTest.java:4766)"
                ],
                [
                    "org.apache.commons.lang.text.StrBuilder_ESTest.test137(StrBuilder_ESTest.java:4823)"
                ],
                [
                    "org.apache.commons.lang.text.StrBuilder_ESTest.test136(StrBuilder_ESTest.java:4793)"
                ],
                [
                    "org.apache.commons.lang.text.StrBuilder_ESTest.test195(StrBuilder_ESTest.java:6527)"
                ],
                [
                    "org.apache.commons.lang.text.StrBuilder_ESTest.test067(StrBuilder_ESTest.java:2454)"
                ],
                [
                    "org.apache.commons.lang.text.StrBuilder_ESTest.test303(StrBuilder_ESTest.java:7910)"
                ]
            ]
        },
        {
            "patch": "/home/mmartinez/xTestCluster/Patches/Patches_Wang902/Patches_ICSE/Doverfitting/AVATAR/Lang/patch1-Lang-59-AVATAR-plausible.patch",
            "test": "test_from_WangDRR_patch7-Lang-59-CapGen-plausible",
            "failing": 10,
            "testrun": 369,
            "failings": [
                "test127(org.apache.commons.lang.text.StrBuilder_ESTest)",
                "test004(org.apache.commons.lang.text.StrBuilder_ESTest)",
                "test119(org.apache.commons.lang.text.StrBuilder_ESTest)",
                "test229(org.apache.commons.lang.text.StrBuilder_ESTest)",
                "test049(org.apache.commons.lang.text.StrBuilder_ESTest)",
                "test045(org.apache.commons.lang.text.StrBuilder_ESTest)",
                "test027(org.apache.commons.lang.text.StrBuilder_ESTest)",
                "test143(org.apache.commons.lang.text.StrBuilder_ESTest)",
                "test013(org.apache.commons.lang.text.StrBuilder_ESTest)",
                "test182(org.apache.commons.lang.text.StrBuilder_ESTest)"
            ],
            "status": "ok",
            "test_executed": [
                "org.apache.commons.lang.text.StrBuilder_ESTest"
            ],
            "failing_assertions": [
                "java.lang.AssertionError: Expecting exception: ArrayIndexOutOfBoundsException",
                "java.lang.AssertionError: expected:<32> but was:<88>",
                "java.lang.AssertionError: expected:<1632> but was:<1685>",
                "java.lang.AssertionError: expected:<135> but was:<248>",
                "java.lang.AssertionError: expected:<244> but was:<358>",
                "java.lang.AssertionError: expected:<636> but was:<763>",
                "java.lang.AssertionError: expected:<32> but was:<83>",
                "java.lang.AssertionError: expected:<324> but was:<415>",
                "java.lang.AssertionError: expected:<4056> but was:<4113>",
                "java.lang.AssertionError: expected:<46> but was:<80>"
            ],
            "failing_lines": [
                [
                    "org.apache.commons.lang.text.StrBuilder_ESTest.test127(StrBuilder_ESTest.java:4930)"
                ],
                [
                    "org.apache.commons.lang.text.StrBuilder_ESTest.test004(StrBuilder_ESTest.java:219)"
                ],
                [
                    "org.apache.commons.lang.text.StrBuilder_ESTest.test119(StrBuilder_ESTest.java:4697)"
                ],
                [
                    "org.apache.commons.lang.text.StrBuilder_ESTest.test229(StrBuilder_ESTest.java:7513)"
                ],
                [
                    "org.apache.commons.lang.text.StrBuilder_ESTest.test049(StrBuilder_ESTest.java:1955)"
                ],
                [
                    "org.apache.commons.lang.text.StrBuilder_ESTest.test045(StrBuilder_ESTest.java:1828)"
                ],
                [
                    "org.apache.commons.lang.text.StrBuilder_ESTest.test027(StrBuilder_ESTest.java:1225)"
                ],
                [
                    "org.apache.commons.lang.text.StrBuilder_ESTest.test143(StrBuilder_ESTest.java:5459)"
                ],
                [
                    "org.apache.commons.lang.text.StrBuilder_ESTest.test013(StrBuilder_ESTest.java:567)"
                ],
                [
                    "org.apache.commons.lang.text.StrBuilder_ESTest.test182(StrBuilder_ESTest.java:6727)"
                ]
            ]
        },
        {
            "patch": "/home/mmartinez/xTestCluster/Patches/Patches_Wang902/Patches_ICSE/Doverfitting/AVATAR/Lang/patch1-Lang-59-AVATAR-plausible.patch",
            "test": "test_from_WangDRR_patch10-Lang-59-CapGen-plausible",
            "failing": 4,
            "testrun": 360,
            "failings": [
                "test248(org.apache.commons.lang.text.StrBuilder_ESTest)",
                "test115(org.apache.commons.lang.text.StrBuilder_ESTest)",
                "test140(org.apache.commons.lang.text.StrBuilder_ESTest)",
                "test139(org.apache.commons.lang.text.StrBuilder_ESTest)"
            ],
            "status": "ok",
            "test_executed": [
                "org.apache.commons.lang.text.StrBuilder_ESTest"
            ],
            "failing_assertions": [
                "java.lang.AssertionError: expected:<109> but was:<171>",
                "java.lang.AssertionError: Expecting exception: ArrayIndexOutOfBoundsException",
                "java.lang.AssertionError: expected:<1071> but was:<1149>",
                "java.lang.AssertionError: Expecting exception: ArrayIndexOutOfBoundsException"
            ],
            "failing_lines": [
                [
                    "org.apache.commons.lang.text.StrBuilder_ESTest.test248(StrBuilder_ESTest.java:8452)"
                ],
                [
                    "org.apache.commons.lang.text.StrBuilder_ESTest.test115(StrBuilder_ESTest.java:4300)"
                ],
                [
                    "org.apache.commons.lang.text.StrBuilder_ESTest.test140(StrBuilder_ESTest.java:5240)"
                ],
                [
                    "org.apache.commons.lang.text.StrBuilder_ESTest.test139(StrBuilder_ESTest.java:5215)"
                ]
            ]
        },
        {
            "patch": "/home/mmartinez/xTestCluster/Patches/Patches_Wang902/Patches_ICSE/Doverfitting/AVATAR/Lang/patch1-Lang-59-AVATAR-plausible.patch",
            "test": "test_from_WangDRR_patch12-Lang-59-CapGen-plausible",
            "failing": 6,
            "testrun": 362,
            "failings": [
                "test242(org.apache.commons.lang.text.StrBuilder_ESTest)",
                "test236(org.apache.commons.lang.text.StrBuilder_ESTest)",
                "test048(org.apache.commons.lang.text.StrBuilder_ESTest)",
                "test042(org.apache.commons.lang.text.StrBuilder_ESTest)",
                "test028(org.apache.commons.lang.text.StrBuilder_ESTest)",
                "test019(org.apache.commons.lang.text.StrBuilder_ESTest)"
            ],
            "status": "ok",
            "test_executed": [
                "org.apache.commons.lang.text.StrBuilder_ESTest"
            ],
            "failing_assertions": [
                "java.lang.AssertionError: expected:<782> but was:<858>",
                "java.lang.AssertionError: expected:<782> but was:<858>",
                "java.lang.AssertionError: expected:<813> but was:<869>",
                "java.lang.AssertionError: expected:<32> but was:<61>",
                "java.lang.AssertionError: expected:<32> but was:<72>",
                "java.lang.AssertionError: expected:<782> but was:<858>"
            ],
            "failing_lines": [
                [
                    "org.apache.commons.lang.text.StrBuilder_ESTest.test242(StrBuilder_ESTest.java:7607)"
                ],
                [
                    "org.apache.commons.lang.text.StrBuilder_ESTest.test236(StrBuilder_ESTest.java:7563)"
                ],
                [
                    "org.apache.commons.lang.text.StrBuilder_ESTest.test048(StrBuilder_ESTest.java:1788)"
                ],
                [
                    "org.apache.commons.lang.text.StrBuilder_ESTest.test042(StrBuilder_ESTest.java:1598)"
                ],
                [
                    "org.apache.commons.lang.text.StrBuilder_ESTest.test028(StrBuilder_ESTest.java:1087)"
                ],
                [
                    "org.apache.commons.lang.text.StrBuilder_ESTest.test019(StrBuilder_ESTest.java:669)"
                ]
            ]
        },
        {
            "patch": "/home/mmartinez/xTestCluster/Patches/Patches_Wang902/Patches_ICSE/Doverfitting/AVATAR/Lang/patch1-Lang-59-AVATAR-plausible.patch",
            "test": "test_from_WangDRR_patch6-Lang-59-CapGen-plausible",
            "failing": 11,
            "testrun": 367,
            "failings": [
                "test250(org.apache.commons.lang.text.StrBuilder_ESTest)",
                "test008(org.apache.commons.lang.text.StrBuilder_ESTest)",
                "test129(org.apache.commons.lang.text.StrBuilder_ESTest)",
                "test003(org.apache.commons.lang.text.StrBuilder_ESTest)",
                "test029(org.apache.commons.lang.text.StrBuilder_ESTest)",
                "test023(org.apache.commons.lang.text.StrBuilder_ESTest)",
                "test265(org.apache.commons.lang.text.StrBuilder_ESTest)",
                "test019(org.apache.commons.lang.text.StrBuilder_ESTest)",
                "test016(org.apache.commons.lang.text.StrBuilder_ESTest)",
                "test136(org.apache.commons.lang.text.StrBuilder_ESTest)",
                "test076(org.apache.commons.lang.text.StrBuilder_ESTest)"
            ],
            "status": "ok",
            "test_executed": [
                "org.apache.commons.lang.text.StrBuilder_ESTest"
            ],
            "failing_assertions": [
                "java.lang.AssertionError: expected:<97> but was:<194>",
                "java.lang.AssertionError: expected:<46> but was:<107>",
                "java.lang.AssertionError: expected:<32> but was:<61>",
                "java.lang.AssertionError: expected:<489> but was:<593>",
                "java.lang.AssertionError: expected:<32> but was:<73>",
                "java.lang.AssertionError: expected:<48> but was:<65>",
                "java.lang.AssertionError: Expecting exception: ArrayIndexOutOfBoundsException",
                "java.lang.AssertionError: expected:<1071> but was:<1164>",
                "java.lang.AssertionError: expected:<32> but was:<60>",
                "java.lang.AssertionError: expected:<32> but was:<61>",
                "java.lang.AssertionError: expected:<32> but was:<61>"
            ],
            "failing_lines": [
                [
                    "org.apache.commons.lang.text.StrBuilder_ESTest.test250(StrBuilder_ESTest.java:8256)"
                ],
                [
                    "org.apache.commons.lang.text.StrBuilder_ESTest.test008(StrBuilder_ESTest.java:337)"
                ],
                [
                    "org.apache.commons.lang.text.StrBuilder_ESTest.test129(StrBuilder_ESTest.java:4967)"
                ],
                [
                    "org.apache.commons.lang.text.StrBuilder_ESTest.test003(StrBuilder_ESTest.java:169)"
                ],
                [
                    "org.apache.commons.lang.text.StrBuilder_ESTest.test029(StrBuilder_ESTest.java:1058)"
                ],
                [
                    "org.apache.commons.lang.text.StrBuilder_ESTest.test023(StrBuilder_ESTest.java:864)"
                ],
                [
                    "org.apache.commons.lang.text.StrBuilder_ESTest.test265(StrBuilder_ESTest.java:8429)"
                ],
                [
                    "org.apache.commons.lang.text.StrBuilder_ESTest.test019(StrBuilder_ESTest.java:661)"
                ],
                [
                    "org.apache.commons.lang.text.StrBuilder_ESTest.test016(StrBuilder_ESTest.java:581)"
                ],
                [
                    "org.apache.commons.lang.text.StrBuilder_ESTest.test136(StrBuilder_ESTest.java:5174)"
                ],
                [
                    "org.apache.commons.lang.text.StrBuilder_ESTest.test076(StrBuilder_ESTest.java:2968)"
                ]
            ]
        },
        {
            "patch": "/home/mmartinez/xTestCluster/Patches/Patches_Wang902/Patches_ICSE/Doverfitting/AVATAR/Lang/patch1-Lang-59-AVATAR-plausible.patch",
            "test": "test_from_WangDRR_patch4-Lang-59-CapGen-plausible",
            "failing": 13,
            "testrun": 348,
            "failings": [
                "test235(org.apache.commons.lang.text.StrBuilder_ESTest)",
                "test111(org.apache.commons.lang.text.StrBuilder_ESTest)",
                "test108(org.apache.commons.lang.text.StrBuilder_ESTest)",
                "test102(org.apache.commons.lang.text.StrBuilder_ESTest)",
                "test217(org.apache.commons.lang.text.StrBuilder_ESTest)",
                "test056(org.apache.commons.lang.text.StrBuilder_ESTest)",
                "test049(org.apache.commons.lang.text.StrBuilder_ESTest)",
                "test021(org.apache.commons.lang.text.StrBuilder_ESTest)",
                "test020(org.apache.commons.lang.text.StrBuilder_ESTest)",
                "test014(org.apache.commons.lang.text.StrBuilder_ESTest)",
                "test099(org.apache.commons.lang.text.StrBuilder_ESTest)",
                "test059(org.apache.commons.lang.text.StrBuilder_ESTest)",
                "test201(org.apache.commons.lang.text.StrBuilder_ESTest)"
            ],
            "status": "ok",
            "test_executed": [
                "org.apache.commons.lang.text.StrBuilder_ESTest"
            ],
            "failing_assertions": [
                "java.lang.AssertionError: Expecting exception: ArrayIndexOutOfBoundsException",
                "java.lang.AssertionError: expected:<1071> but was:<1149>",
                "java.lang.AssertionError: expected:<1632> but was:<1685>",
                "java.lang.AssertionError: expected:<32> but was:<61>",
                "java.lang.AssertionError: expected:<1581> but was:<1650>",
                "java.lang.AssertionError: expected:<32> but was:<61>",
                "java.lang.AssertionError: expected:<32> but was:<61>",
                "java.lang.AssertionError: expected:<45> but was:<116>",
                "java.lang.AssertionError: expected:<398> but was:<467>",
                "java.lang.AssertionError: expected:<32> but was:<61>",
                "java.lang.AssertionError: expected:<32> but was:<61>",
                "java.lang.AssertionError: expected:<32> but was:<61>",
                "java.lang.AssertionError: expected:<1632> but was:<1685>"
            ],
            "failing_lines": [
                [
                    "org.apache.commons.lang.text.StrBuilder_ESTest.test235(StrBuilder_ESTest.java:7509)"
                ],
                [
                    "org.apache.commons.lang.text.StrBuilder_ESTest.test111(StrBuilder_ESTest.java:3689)"
                ],
                [
                    "org.apache.commons.lang.text.StrBuilder_ESTest.test108(StrBuilder_ESTest.java:3579)"
                ],
                [
                    "org.apache.commons.lang.text.StrBuilder_ESTest.test102(StrBuilder_ESTest.java:3429)"
                ],
                [
                    "org.apache.commons.lang.text.StrBuilder_ESTest.test217(StrBuilder_ESTest.java:6941)"
                ],
                [
                    "org.apache.commons.lang.text.StrBuilder_ESTest.test056(StrBuilder_ESTest.java:1896)"
                ],
                [
                    "org.apache.commons.lang.text.StrBuilder_ESTest.test049(StrBuilder_ESTest.java:1647)"
                ],
                [
                    "org.apache.commons.lang.text.StrBuilder_ESTest.test021(StrBuilder_ESTest.java:807)"
                ],
                [
                    "org.apache.commons.lang.text.StrBuilder_ESTest.test020(StrBuilder_ESTest.java:752)"
                ],
                [
                    "org.apache.commons.lang.text.StrBuilder_ESTest.test014(StrBuilder_ESTest.java:492)"
                ],
                [
                    "org.apache.commons.lang.text.StrBuilder_ESTest.test099(StrBuilder_ESTest.java:3319)"
                ],
                [
                    "org.apache.commons.lang.text.StrBuilder_ESTest.test059(StrBuilder_ESTest.java:1989)"
                ],
                [
                    "org.apache.commons.lang.text.StrBuilder_ESTest.test201(StrBuilder_ESTest.java:6355)"
                ]
            ]
        },
        {
            "patch": "/home/mmartinez/xTestCluster/Patches/Patches_Wang902/Patches_ICSE/Doverfitting/AVATAR/Lang/patch1-Lang-59-AVATAR-plausible.patch",
            "test": "test_from_WangICSE_patch1-Lang-59-AVATAR-plausible",
            "failing": 0,
            "testrun": 353,
            "failings": [],
            "status": "ok",
            "test_executed": [
                "org.apache.commons.lang.text.StrBuilder_ESTest"
            ],
            "failing_assertions": [],
            "failing_lines": []
        },
        {
            "patch": "/home/mmartinez/xTestCluster/Patches/Patches_Wang902/Patches_ICSE/Doverfitting/AVATAR/Lang/patch1-Lang-59-AVATAR-plausible.patch",
            "test": "test_from_WangDRR_patch3-Lang-59-CapGen-plausible",
            "failing": 16,
            "testrun": 338,
            "failings": [
                "test133(org.apache.commons.lang.text.StrBuilder_ESTest)",
                "test007(org.apache.commons.lang.text.StrBuilder_ESTest)",
                "test120(org.apache.commons.lang.text.StrBuilder_ESTest)",
                "test119(org.apache.commons.lang.text.StrBuilder_ESTest)",
                "test105(org.apache.commons.lang.text.StrBuilder_ESTest)",
                "test223(org.apache.commons.lang.text.StrBuilder_ESTest)",
                "test026(org.apache.commons.lang.text.StrBuilder_ESTest)",
                "test017(org.apache.commons.lang.text.StrBuilder_ESTest)",
                "test015(org.apache.commons.lang.text.StrBuilder_ESTest)",
                "test099(org.apache.commons.lang.text.StrBuilder_ESTest)",
                "test094(org.apache.commons.lang.text.StrBuilder_ESTest)",
                "test070(org.apache.commons.lang.text.StrBuilder_ESTest)",
                "test075(org.apache.commons.lang.text.StrBuilder_ESTest)",
                "test069(org.apache.commons.lang.text.StrBuilder_ESTest)",
                "test183(org.apache.commons.lang.text.StrBuilder_ESTest)",
                "test316(org.apache.commons.lang.text.StrBuilder_ESTest)"
            ],
            "status": "ok",
            "test_executed": [
                "org.apache.commons.lang.text.StrBuilder_ESTest"
            ],
            "failing_assertions": [
                "java.lang.AssertionError: expected:<1632> but was:<1685>",
                "java.lang.AssertionError: expected:<1449> but was:<1549>",
                "java.lang.AssertionError: expected:<32> but was:<61>",
                "java.lang.AssertionError: expected:<1632> but was:<1685>",
                "java.lang.AssertionError: expected:<125> but was:<175>",
                "java.lang.AssertionError: expected:<32> but was:<123>",
                "java.lang.AssertionError: expected:<32> but was:<138>",
                "java.lang.AssertionError: expected:<1616> but was:<1685>",
                "java.lang.AssertionError: expected:<1616> but was:<1685>",
                "java.lang.AssertionError: expected:<32> but was:<61>",
                "java.lang.AssertionError: expected:<1632> but was:<1685>",
                "java.lang.AssertionError: expected:<32> but was:<61>",
                "java.lang.AssertionError: expected:<1015> but was:<1076>",
                "java.lang.AssertionError: expected:<1449> but was:<1549>",
                "java.lang.AssertionError: expected:<1632> but was:<1685>",
                "java.lang.AssertionError: expected:<1632> but was:<1685>"
            ],
            "failing_lines": [
                [
                    "org.apache.commons.lang.text.StrBuilder_ESTest.test133(StrBuilder_ESTest.java:4945)"
                ],
                [
                    "org.apache.commons.lang.text.StrBuilder_ESTest.test007(StrBuilder_ESTest.java:350)"
                ],
                [
                    "org.apache.commons.lang.text.StrBuilder_ESTest.test120(StrBuilder_ESTest.java:4500)"
                ],
                [
                    "org.apache.commons.lang.text.StrBuilder_ESTest.test119(StrBuilder_ESTest.java:4452)"
                ],
                [
                    "org.apache.commons.lang.text.StrBuilder_ESTest.test105(StrBuilder_ESTest.java:4058)"
                ],
                [
                    "org.apache.commons.lang.text.StrBuilder_ESTest.test223(StrBuilder_ESTest.java:6648)"
                ],
                [
                    "org.apache.commons.lang.text.StrBuilder_ESTest.test026(StrBuilder_ESTest.java:1190)"
                ],
                [
                    "org.apache.commons.lang.text.StrBuilder_ESTest.test017(StrBuilder_ESTest.java:738)"
                ],
                [
                    "org.apache.commons.lang.text.StrBuilder_ESTest.test015(StrBuilder_ESTest.java:637)"
                ],
                [
                    "org.apache.commons.lang.text.StrBuilder_ESTest.test099(StrBuilder_ESTest.java:3881)"
                ],
                [
                    "org.apache.commons.lang.text.StrBuilder_ESTest.test094(StrBuilder_ESTest.java:3673)"
                ],
                [
                    "org.apache.commons.lang.text.StrBuilder_ESTest.test070(StrBuilder_ESTest.java:2792)"
                ],
                [
                    "org.apache.commons.lang.text.StrBuilder_ESTest.test075(StrBuilder_ESTest.java:3030)"
                ],
                [
                    "org.apache.commons.lang.text.StrBuilder_ESTest.test069(StrBuilder_ESTest.java:2744)"
                ],
                [
                    "org.apache.commons.lang.text.StrBuilder_ESTest.test183(StrBuilder_ESTest.java:6329)"
                ],
                [
                    "org.apache.commons.lang.text.StrBuilder_ESTest.test316(StrBuilder_ESTest.java:7675)"
                ]
            ]
        }
    ],
    "duration": 77.13
}