{
    "patch": "/home/mmartinez/xTestCluster/Patches/Patches_Wang902/Patches_ICSE/Doverfitting/Arja/Chart/patch1-Chart-15-Arja-plusible.patch",
    "project": "Chart",
    "bugid": "15",
    "dataset": "Patches_ICSE",
    "date": "2022-12-16T02:14:31.838868",
    "project_checked": "ok",
    "compiledProjectModified": "ok",
    "patchApplied": "ok",
    "arrive_end": "ok",
    "patched_project_pass_all_test": "no",
    "test_execution": [
        {
            "patch": "/home/mmartinez/xTestCluster/Patches/Patches_Wang902/Patches_ICSE/Doverfitting/Arja/Chart/patch1-Chart-15-Arja-plusible.patch",
            "test": "test_from_WangICSE_patch1-Chart-15-DynaMoth-plausible",
            "failing": 0,
            "testrun": 124,
            "failings": [],
            "status": "ok",
            "test_executed": [
                "org.jfree.chart.JFreeChart_ESTest"
            ],
            "failing_assertions": [],
            "failing_lines": []
        },
        {
            "patch": "/home/mmartinez/xTestCluster/Patches/Patches_Wang902/Patches_ICSE/Doverfitting/Arja/Chart/patch1-Chart-15-Arja-plusible.patch",
            "test": "test_from_WangICSE_patch1-Chart-15-AVATAR-plausible",
            "failing": 8,
            "testrun": 34,
            "failings": [
                "test12(org.jfree.chart.plot.PiePlot3D_ESTest)",
                "test13(org.jfree.chart.plot.PiePlot3D_ESTest)",
                "test14(org.jfree.chart.plot.PiePlot3D_ESTest)",
                "test19(org.jfree.chart.plot.PiePlot3D_ESTest)",
                "test18(org.jfree.chart.plot.PiePlot3D_ESTest)",
                "test23(org.jfree.chart.plot.PiePlot3D_ESTest)",
                "test21(org.jfree.chart.plot.PiePlot3D_ESTest)",
                "test27(org.jfree.chart.plot.PiePlot3D_ESTest)"
            ],
            "status": "ok",
            "test_executed": [
                "org.jfree.chart.plot.PiePlot3D_ESTest"
            ],
            "failing_assertions": [
                "org.evosuite.runtime.mock.java.lang.MockIllegalArgumentException: Null \\'dataset\\' argument.",
                "org.evosuite.runtime.mock.java.lang.MockIllegalArgumentException: Null \\'dataset\\' argument.",
                "org.evosuite.runtime.mock.java.lang.MockIllegalArgumentException: Null \\'dataset\\' argument.",
                "org.evosuite.runtime.mock.java.lang.MockIllegalArgumentException: Null \\'dataset\\' argument.",
                "org.evosuite.runtime.mock.java.lang.MockIllegalArgumentException: Null \\'dataset\\' argument.",
                "org.evosuite.runtime.mock.java.lang.MockIllegalArgumentException: Null \\'dataset\\' argument.",
                "org.evosuite.runtime.mock.java.lang.MockIllegalArgumentException: Null \\'dataset\\' argument.",
                "org.evosuite.runtime.mock.java.lang.MockIllegalArgumentException: Null \\'dataset\\' argument."
            ],
            "failing_lines": [
                [
                    "org.jfree.chart.plot.PiePlot3D_ESTest.test12(PiePlot3D_ESTest.java:208)"
                ],
                [
                    "org.jfree.chart.plot.PiePlot3D_ESTest.test13(PiePlot3D_ESTest.java:228)"
                ],
                [
                    "org.jfree.chart.plot.PiePlot3D_ESTest.test14(PiePlot3D_ESTest.java:249)"
                ],
                [
                    "org.jfree.chart.plot.PiePlot3D_ESTest.test19(PiePlot3D_ESTest.java:341)"
                ],
                [
                    "org.jfree.chart.plot.PiePlot3D_ESTest.test18(PiePlot3D_ESTest.java:322)"
                ],
                [
                    "org.jfree.chart.plot.PiePlot3D_ESTest.test23(PiePlot3D_ESTest.java:423)"
                ],
                [
                    "org.jfree.chart.plot.PiePlot3D_ESTest.test21(PiePlot3D_ESTest.java:383)"
                ],
                [
                    "org.jfree.chart.plot.PiePlot3D_ESTest.test27(PiePlot3D_ESTest.java:508)"
                ]
            ]
        },
        {
            "patch": "/home/mmartinez/xTestCluster/Patches/Patches_Wang902/Patches_ICSE/Doverfitting/Arja/Chart/patch1-Chart-15-Arja-plusible.patch",
            "test": "test_from_WangICSE_patch1-Chart-15-Kali-plausible",
            "failing": 8,
            "testrun": 17,
            "failings": [
                "test00(org.jfree.chart.plot.PiePlot3D_ESTest)",
                "test11(org.jfree.chart.plot.PiePlot3D_ESTest)",
                "test12(org.jfree.chart.plot.PiePlot3D_ESTest)",
                "test10(org.jfree.chart.plot.PiePlot3D_ESTest)",
                "test13(org.jfree.chart.plot.PiePlot3D_ESTest)",
                "test03(org.jfree.chart.plot.PiePlot3D_ESTest)",
                "test08(org.jfree.chart.plot.PiePlot3D_ESTest)",
                "test09(org.jfree.chart.plot.PiePlot3D_ESTest)"
            ],
            "status": "ok",
            "test_executed": [
                "org.jfree.chart.plot.PiePlot3D_ESTest"
            ],
            "failing_assertions": [
                "org.evosuite.runtime.mock.java.lang.MockIllegalArgumentException: Null \\'dataset\\' argument.",
                "org.evosuite.runtime.mock.java.lang.MockIllegalArgumentException: Null \\'dataset\\' argument.",
                "org.evosuite.runtime.mock.java.lang.MockIllegalArgumentException: Null \\'dataset\\' argument.",
                "org.evosuite.runtime.mock.java.lang.MockIllegalArgumentException: Null \\'dataset\\' argument.",
                "org.evosuite.runtime.mock.java.lang.MockIllegalArgumentException: Null \\'dataset\\' argument.",
                "org.evosuite.runtime.mock.java.lang.MockIllegalArgumentException: Null \\'dataset\\' argument.",
                "org.evosuite.runtime.mock.java.lang.MockIllegalArgumentException: Null \\'dataset\\' argument.",
                "org.evosuite.runtime.mock.java.lang.MockIllegalArgumentException: Null \\'dataset\\' argument."
            ],
            "failing_lines": [
                [
                    "org.jfree.chart.plot.PiePlot3D_ESTest.test00(PiePlot3D_ESTest.java:48)"
                ],
                [
                    "org.jfree.chart.plot.PiePlot3D_ESTest.test11(PiePlot3D_ESTest.java:214)"
                ],
                [
                    "org.jfree.chart.plot.PiePlot3D_ESTest.test12(PiePlot3D_ESTest.java:232)"
                ],
                [
                    "org.jfree.chart.plot.PiePlot3D_ESTest.test10(PiePlot3D_ESTest.java:197)"
                ],
                [
                    "org.jfree.chart.plot.PiePlot3D_ESTest.test13(PiePlot3D_ESTest.java:250)"
                ],
                [
                    "org.jfree.chart.plot.PiePlot3D_ESTest.test03(PiePlot3D_ESTest.java:98)"
                ],
                [
                    "org.jfree.chart.plot.PiePlot3D_ESTest.test08(PiePlot3D_ESTest.java:163)"
                ],
                [
                    "org.jfree.chart.plot.PiePlot3D_ESTest.test09(PiePlot3D_ESTest.java:182)"
                ]
            ]
        },
        {
            "patch": "/home/mmartinez/xTestCluster/Patches/Patches_Wang902/Patches_ICSE/Doverfitting/Arja/Chart/patch1-Chart-15-Arja-plusible.patch",
            "test": "test_from_WangICSE_patch1-Chart-15-FixMiner-plausible",
            "failing": 4,
            "testrun": 46,
            "failings": [
                "test14(org.jfree.chart.plot.PiePlot3D_ESTest)",
                "test08(org.jfree.chart.plot.PiePlot3D_ESTest)",
                "test09(org.jfree.chart.plot.PiePlot3D_ESTest)",
                "test40(org.jfree.chart.plot.PiePlot3D_ESTest)"
            ],
            "status": "ok",
            "test_executed": [
                "org.jfree.chart.plot.PiePlot3D_ESTest"
            ],
            "failing_assertions": [
                "org.evosuite.runtime.mock.java.lang.MockIllegalArgumentException: Null \\'dataset\\' argument.",
                "org.evosuite.runtime.mock.java.lang.MockIllegalArgumentException: Null \\'dataset\\' argument.",
                "org.evosuite.runtime.mock.java.lang.MockIllegalArgumentException: Null \\'dataset\\' argument.",
                "org.evosuite.runtime.mock.java.lang.MockIllegalArgumentException: Null \\'dataset\\' argument."
            ],
            "failing_lines": [
                [
                    "org.jfree.chart.plot.PiePlot3D_ESTest.test14(PiePlot3D_ESTest.java:265)"
                ],
                [
                    "org.jfree.chart.plot.PiePlot3D_ESTest.test08(PiePlot3D_ESTest.java:178)"
                ],
                [
                    "org.jfree.chart.plot.PiePlot3D_ESTest.test09(PiePlot3D_ESTest.java:200)"
                ],
                [
                    "org.jfree.chart.plot.PiePlot3D_ESTest.test40(PiePlot3D_ESTest.java:694)"
                ]
            ]
        },
        {
            "patch": "/home/mmartinez/xTestCluster/Patches/Patches_Wang902/Patches_ICSE/Doverfitting/Arja/Chart/patch1-Chart-15-Arja-plusible.patch",
            "test": "test_from_WangICSE_patch1-Chart-15-Arja-plusible",
            "failing": 0,
            "testrun": 311,
            "failings": [],
            "status": "ok",
            "test_executed": [
                "org.jfree.chart.plot.PiePlot_ESTest",
                "org.jfree.chart.ChartFactory_ESTest"
            ],
            "failing_assertions": [],
            "failing_lines": []
        }
    ],
    "duration": 47.74
}