{
    "patch": "/home/mmartinez/xTestCluster/Patches/Patches_Wang902/Patches_others/Dcorrect/SequenceR/Math/patch1-Math-85-SequenceR.patch",
    "project": "Math",
    "bugid": "85",
    "dataset": "Patches_others",
    "date": "2022-12-16T01:07:40.474833",
    "project_checked": "ok",
    "compiledProjectModified": "ok",
    "patchApplied": "ok",
    "arrive_end": "ok",
    "patched_project_pass_all_test": "no",
    "test_execution": [
        {
            "patch": "/home/mmartinez/xTestCluster/Patches/Patches_Wang902/Patches_others/Dcorrect/SequenceR/Math/patch1-Math-85-SequenceR.patch",
            "test": "test_from_WangDRR_patch2-Math-85-CapGen-plausible",
            "failing": 3,
            "testrun": 31,
            "failings": [
                "test17(org.apache.commons.math.analysis.solvers.UnivariateRealSolverUtils_ESTest)",
                "test16(org.apache.commons.math.analysis.solvers.UnivariateRealSolverUtils_ESTest)",
                "test21(org.apache.commons.math.analysis.solvers.UnivariateRealSolverUtils_ESTest)"
            ],
            "status": "ok",
            "test_executed": [
                "org.apache.commons.math.analysis.solvers.UnivariateRealSolverUtils_ESTest"
            ],
            "failing_assertions": [
                "org.apache.commons.math.ConvergenceException: number of iterations=3, maximum iterations=6, initial=2, lower bound=-1, upper bound=2, final a value=-1, final b value=2, f(a)=-1,137.903, f(b)=-1,137.903",
                "java.lang.AssertionError: Expecting exception: Exception",
                "org.apache.commons.math.ConvergenceException: number of iterations=1,139, maximum iterations=2,147,483,647, initial=-1,137.903, lower bound=-1,137.903, upper bound=1, final a value=-1,137.903, final b value=1, f(a)=-1,137.903, f(b)=-1,137.903"
            ],
            "failing_lines": [
                [
                    "org.apache.commons.math.analysis.solvers.UnivariateRealSolverUtils_ESTest.test17(UnivariateRealSolverUtils_ESTest.java:231)"
                ],
                [
                    "org.apache.commons.math.analysis.solvers.UnivariateRealSolverUtils_ESTest.test16(UnivariateRealSolverUtils_ESTest.java:216)"
                ],
                [
                    "org.apache.commons.math.analysis.solvers.UnivariateRealSolverUtils_ESTest.test21(UnivariateRealSolverUtils_ESTest.java:289)"
                ]
            ]
        },
        {
            "patch": "/home/mmartinez/xTestCluster/Patches/Patches_Wang902/Patches_others/Dcorrect/SequenceR/Math/patch1-Math-85-SequenceR.patch",
            "test": "test_from_WangICSE_patch1-Math-85-jMutRepair",
            "failing": 0,
            "testrun": 28,
            "failings": [],
            "status": "ok",
            "test_executed": [
                "org.apache.commons.math.analysis.solvers.UnivariateRealSolverUtils_ESTest"
            ],
            "failing_assertions": [],
            "failing_lines": []
        },
        {
            "patch": "/home/mmartinez/xTestCluster/Patches/Patches_Wang902/Patches_others/Dcorrect/SequenceR/Math/patch1-Math-85-SequenceR.patch",
            "test": "test_from_WangDRR_patch1-Math-85-CapGen",
            "failing": 0,
            "testrun": 28,
            "failings": [],
            "status": "ok",
            "test_executed": [
                "org.apache.commons.math.analysis.solvers.UnivariateRealSolverUtils_ESTest"
            ],
            "failing_assertions": [],
            "failing_lines": []
        },
        {
            "patch": "/home/mmartinez/xTestCluster/Patches/Patches_Wang902/Patches_others/Dcorrect/SequenceR/Math/patch1-Math-85-SequenceR.patch",
            "test": "test_from_WangDRR_patch12-Math-85-SequenceR",
            "failing": 0,
            "testrun": 28,
            "failings": [],
            "status": "ok",
            "test_executed": [
                "org.apache.commons.math.analysis.solvers.UnivariateRealSolverUtils_ESTest"
            ],
            "failing_assertions": [],
            "failing_lines": []
        },
        {
            "patch": "/home/mmartinez/xTestCluster/Patches/Patches_Wang902/Patches_others/Dcorrect/SequenceR/Math/patch1-Math-85-SequenceR.patch",
            "test": "test_from_WangDRR_patch17-Math-85-SequenceR",
            "failing": 2,
            "testrun": 31,
            "failings": [
                "test19(org.apache.commons.math.analysis.solvers.UnivariateRealSolverUtils_ESTest)",
                "test21(org.apache.commons.math.analysis.solvers.UnivariateRealSolverUtils_ESTest)"
            ],
            "status": "ok",
            "test_executed": [
                "org.apache.commons.math.analysis.solvers.UnivariateRealSolverUtils_ESTest"
            ],
            "failing_assertions": [
                "org.apache.commons.math.ConvergenceException: number of iterations=1, maximum iterations=2,143,106,158, initial=0, lower bound=-1, upper bound=0.5, final a value=-1, final b value=0.5, f(a)=467.798, f(b)=467.798",
                "org.apache.commons.math.ConvergenceException: number of iterations=228, maximum iterations=228, initial=0, lower bound=-1,729.948, upper bound=1, final a value=-228, final b value=1, f(a)=1, f(b)=1"
            ],
            "failing_lines": [
                [
                    "org.apache.commons.math.analysis.solvers.UnivariateRealSolverUtils_ESTest.test19(UnivariateRealSolverUtils_ESTest.java:258)"
                ],
                [
                    "org.apache.commons.math.analysis.solvers.UnivariateRealSolverUtils_ESTest.test21(UnivariateRealSolverUtils_ESTest.java:284)"
                ]
            ]
        },
        {
            "patch": "/home/mmartinez/xTestCluster/Patches/Patches_Wang902/Patches_others/Dcorrect/SequenceR/Math/patch1-Math-85-SequenceR.patch",
            "test": "test_from_WangDRR_patch4-Math-85-SequenceR",
            "failing": 5,
            "testrun": 30,
            "failings": [
                "test18(org.apache.commons.math.analysis.solvers.UnivariateRealSolverUtils_ESTest)",
                "test11(org.apache.commons.math.analysis.solvers.UnivariateRealSolverUtils_ESTest)",
                "test21(org.apache.commons.math.analysis.solvers.UnivariateRealSolverUtils_ESTest)",
                "test00(org.apache.commons.math.analysis.solvers.UnivariateRealSolverUtils_ESTest)",
                "test01(org.apache.commons.math.analysis.solvers.UnivariateRealSolverUtils_ESTest)"
            ],
            "status": "ok",
            "test_executed": [
                "org.apache.commons.math.analysis.solvers.UnivariateRealSolverUtils_ESTest"
            ],
            "failing_assertions": [
                "org.apache.commons.math.ConvergenceException: number of iterations=417, maximum iterations=422, initial=426, lower bound=9, upper bound=426, final a value=9, final b value=426, f(a)=-390, f(b)=-390",
                "org.apache.commons.math.ConvergenceException: number of iterations=1,139, maximum iterations=2,147,483,647, initial=-1,137.903, lower bound=-1,137.903, upper bound=0.5, final a value=-1,137.903, final b value=0.5, f(a)=-1,137.903, f(b)=-1,137.903",
                "org.apache.commons.math.ConvergenceException: number of iterations=14, maximum iterations=14, initial=-2,581.483, lower bound=-2,581.483, upper bound=14, final a value=-2,581.483, final b value=-2,567.483, f(a)=-1,604,998,515,534,277,890, f(b)=-1,561,946,566,931,211,260",
                "java.lang.AssertionError: Expecting exception: Exception",
                "java.lang.AssertionError: Expecting exception: Exception"
            ],
            "failing_lines": [
                [
                    "org.apache.commons.math.analysis.solvers.UnivariateRealSolverUtils_ESTest.test18(UnivariateRealSolverUtils_ESTest.java:251)"
                ],
                [
                    "org.apache.commons.math.analysis.solvers.UnivariateRealSolverUtils_ESTest.test11(UnivariateRealSolverUtils_ESTest.java:149)"
                ],
                [
                    "org.apache.commons.math.analysis.solvers.UnivariateRealSolverUtils_ESTest.test21(UnivariateRealSolverUtils_ESTest.java:284)"
                ],
                [
                    "org.apache.commons.math.analysis.solvers.UnivariateRealSolverUtils_ESTest.test00(UnivariateRealSolverUtils_ESTest.java:31)"
                ],
                [
                    "org.apache.commons.math.analysis.solvers.UnivariateRealSolverUtils_ESTest.test01(UnivariateRealSolverUtils_ESTest.java:47)"
                ]
            ]
        },
        {
            "patch": "/home/mmartinez/xTestCluster/Patches/Patches_Wang902/Patches_others/Dcorrect/SequenceR/Math/patch1-Math-85-SequenceR.patch",
            "test": "test_from_WangDRR_patch11-Math-85-SequenceR",
            "failing": 0,
            "testrun": 28,
            "failings": [],
            "status": "ok",
            "test_executed": [
                "org.apache.commons.math.analysis.solvers.UnivariateRealSolverUtils_ESTest"
            ],
            "failing_assertions": [],
            "failing_lines": []
        },
        {
            "patch": "/home/mmartinez/xTestCluster/Patches/Patches_Wang902/Patches_others/Dcorrect/SequenceR/Math/patch1-Math-85-SequenceR.patch",
            "test": "test_from_WangDRR_patch1-Math-85-SequenceR",
            "failing": 0,
            "testrun": 28,
            "failings": [],
            "status": "ok",
            "test_executed": [
                "org.apache.commons.math.analysis.solvers.UnivariateRealSolverUtils_ESTest"
            ],
            "failing_assertions": [],
            "failing_lines": []
        },
        {
            "patch": "/home/mmartinez/xTestCluster/Patches/Patches_Wang902/Patches_others/Dcorrect/SequenceR/Math/patch1-Math-85-SequenceR.patch",
            "test": "test_from_WangICSE_patch1-Math-85-ACS",
            "failing": 0,
            "testrun": 28,
            "failings": [],
            "status": "ok",
            "test_executed": [
                "org.apache.commons.math.analysis.solvers.UnivariateRealSolverUtils_ESTest"
            ],
            "failing_assertions": [],
            "failing_lines": []
        },
        {
            "patch": "/home/mmartinez/xTestCluster/Patches/Patches_Wang902/Patches_others/Dcorrect/SequenceR/Math/patch1-Math-85-SequenceR.patch",
            "test": "test_from_WangDRR_patch3-Math-85-CapGen-plausible",
            "failing": 1,
            "testrun": 28,
            "failings": [
                "test22(org.apache.commons.math.analysis.solvers.UnivariateRealSolverUtils_ESTest)"
            ],
            "status": "ok",
            "test_executed": [
                "org.apache.commons.math.analysis.solvers.UnivariateRealSolverUtils_ESTest"
            ],
            "failing_assertions": [
                "org.apache.commons.math.ConvergenceException: number of iterations=6, maximum iterations=6, initial=2,253.2, lower bound=6, upper bound=2,253.2, final a value=2,247.2, final b value=2,253.2, f(a)=2,253.2, f(b)=2,253.2"
            ],
            "failing_lines": [
                [
                    "org.apache.commons.math.analysis.solvers.UnivariateRealSolverUtils_ESTest.test22(UnivariateRealSolverUtils_ESTest.java:286)"
                ]
            ]
        },
        {
            "patch": "/home/mmartinez/xTestCluster/Patches/Patches_Wang902/Patches_others/Dcorrect/SequenceR/Math/patch1-Math-85-SequenceR.patch",
            "test": "test_from_WangDRR_patch1-Math-85-Jaid",
            "failing": 0,
            "testrun": 28,
            "failings": [],
            "status": "ok",
            "test_executed": [
                "org.apache.commons.math.analysis.solvers.UnivariateRealSolverUtils_ESTest"
            ],
            "failing_assertions": [],
            "failing_lines": []
        },
        {
            "patch": "/home/mmartinez/xTestCluster/Patches/Patches_Wang902/Patches_others/Dcorrect/SequenceR/Math/patch1-Math-85-SequenceR.patch",
            "test": "test_from_WangDRR_patch10-Math-85-SequenceR",
            "failing": 1,
            "testrun": 29,
            "failings": [
                "test17(org.apache.commons.math.analysis.solvers.UnivariateRealSolverUtils_ESTest)"
            ],
            "status": "ok",
            "test_executed": [
                "org.apache.commons.math.analysis.solvers.UnivariateRealSolverUtils_ESTest"
            ],
            "failing_assertions": [
                "org.apache.commons.math.ConvergenceException: number of iterations=1,954, maximum iterations=1,837,531,540, initial=-1,137.903, lower bound=-1,137.903, upper bound=815.3, final a value=-1,137.903, final b value=815.3, f(a)=-1,137.903, f(b)=-1,137.903"
            ],
            "failing_lines": [
                [
                    "org.apache.commons.math.analysis.solvers.UnivariateRealSolverUtils_ESTest.test17(UnivariateRealSolverUtils_ESTest.java:233)"
                ]
            ]
        },
        {
            "patch": "/home/mmartinez/xTestCluster/Patches/Patches_Wang902/Patches_others/Dcorrect/SequenceR/Math/patch1-Math-85-SequenceR.patch",
            "test": "test_from_WangICSE_patch1-Math-85-DynaMoth-plausible",
            "failing": 3,
            "testrun": 29,
            "failings": [
                "test16(org.apache.commons.math.analysis.solvers.UnivariateRealSolverUtils_ESTest)",
                "test20(org.apache.commons.math.analysis.solvers.UnivariateRealSolverUtils_ESTest)",
                "test22(org.apache.commons.math.analysis.solvers.UnivariateRealSolverUtils_ESTest)"
            ],
            "status": "ok",
            "test_executed": [
                "org.apache.commons.math.analysis.solvers.UnivariateRealSolverUtils_ESTest"
            ],
            "failing_assertions": [
                "org.apache.commons.math.ConvergenceException: number of iterations=1,370, maximum iterations=309,408,894, initial=-1,369.492, lower bound=-1,369.492, upper bound=0, final a value=-1,369.492, final b value=0, f(a)=636.6, f(b)=636.6",
                "org.apache.commons.math.ConvergenceException: number of iterations=463, maximum iterations=2,147,483,647, initial=788.546, lower bound=788.546, upper bound=1,250.999, final a value=788.546, final b value=1,250.999, f(a)=1,250.999, f(b)=1,250.999",
                "org.apache.commons.math.ConvergenceException: number of iterations=1, maximum iterations=1, initial=\\xe2\\x88\\x9e, lower bound=1, upper bound=\\xe2\\x88\\x9e, final a value=\\xe2\\x88\\x9e, final b value=\\xe2\\x88\\x9e, f(a)=\\xe2\\x88\\x9e, f(b)=\\xe2\\x88\\x9e"
            ],
            "failing_lines": [
                [
                    "org.apache.commons.math.analysis.solvers.UnivariateRealSolverUtils_ESTest.test16(UnivariateRealSolverUtils_ESTest.java:225)"
                ],
                [
                    "org.apache.commons.math.analysis.solvers.UnivariateRealSolverUtils_ESTest.test20(UnivariateRealSolverUtils_ESTest.java:277)"
                ],
                [
                    "org.apache.commons.math.analysis.solvers.UnivariateRealSolverUtils_ESTest.test22(UnivariateRealSolverUtils_ESTest.java:295)"
                ]
            ]
        },
        {
            "patch": "/home/mmartinez/xTestCluster/Patches/Patches_Wang902/Patches_others/Dcorrect/SequenceR/Math/patch1-Math-85-SequenceR.patch",
            "test": "test_from_WangDRR_patch8-Math-85-SequenceR",
            "failing": 3,
            "testrun": 30,
            "failings": [
                "test19(org.apache.commons.math.analysis.solvers.UnivariateRealSolverUtils_ESTest)",
                "test15(org.apache.commons.math.analysis.solvers.UnivariateRealSolverUtils_ESTest)",
                "test22(org.apache.commons.math.analysis.solvers.UnivariateRealSolverUtils_ESTest)"
            ],
            "status": "ok",
            "test_executed": [
                "org.apache.commons.math.analysis.solvers.UnivariateRealSolverUtils_ESTest"
            ],
            "failing_assertions": [
                "java.lang.AssertionError: Expecting exception: Exception",
                "org.apache.commons.math.ConvergenceException: number of iterations=1, maximum iterations=6, initial=0, lower bound=-1, upper bound=1, final a value=-1, final b value=1, f(a)=-1, f(b)=-1",
                "org.apache.commons.math.ConvergenceException: number of iterations=5, maximum iterations=5, initial=1,537.769, lower bound=5, upper bound=1,537.769, final a value=1,532.769, final b value=1,537.769, f(a)=1,537.769, f(b)=1,537.769"
            ],
            "failing_lines": [
                [
                    "org.apache.commons.math.analysis.solvers.UnivariateRealSolverUtils_ESTest.test19(UnivariateRealSolverUtils_ESTest.java:256)"
                ],
                [
                    "org.apache.commons.math.analysis.solvers.UnivariateRealSolverUtils_ESTest.test15(UnivariateRealSolverUtils_ESTest.java:198)"
                ],
                [
                    "org.apache.commons.math.analysis.solvers.UnivariateRealSolverUtils_ESTest.test22(UnivariateRealSolverUtils_ESTest.java:289)"
                ]
            ]
        },
        {
            "patch": "/home/mmartinez/xTestCluster/Patches/Patches_Wang902/Patches_others/Dcorrect/SequenceR/Math/patch1-Math-85-SequenceR.patch",
            "test": "test_from_WangDRR_patch3-Math-85-Jaid-plausible",
            "failing": 2,
            "testrun": 29,
            "failings": [
                "test19(org.apache.commons.math.analysis.solvers.UnivariateRealSolverUtils_ESTest)",
                "test24(org.apache.commons.math.analysis.solvers.UnivariateRealSolverUtils_ESTest)"
            ],
            "status": "ok",
            "test_executed": [
                "org.apache.commons.math.analysis.solvers.UnivariateRealSolverUtils_ESTest"
            ],
            "failing_assertions": [
                "org.apache.commons.math.ConvergenceException: number of iterations=1,039, maximum iterations=3,235, initial=0.5, lower bound=-1,037.979, upper bound=0.5, final a value=-1,037.979, final b value=0.5, f(a)=-1,137.903, f(b)=-1,137.903",
                "org.apache.commons.math.ConvergenceException: number of iterations=3, maximum iterations=3, initial=0.683, lower bound=0.683, upper bound=3, final a value=0.683, final b value=3, f(a)=0.07, f(b)=498.091"
            ],
            "failing_lines": [
                [
                    "org.apache.commons.math.analysis.solvers.UnivariateRealSolverUtils_ESTest.test19(UnivariateRealSolverUtils_ESTest.java:258)"
                ],
                [
                    "org.apache.commons.math.analysis.solvers.UnivariateRealSolverUtils_ESTest.test24(UnivariateRealSolverUtils_ESTest.java:333)"
                ]
            ]
        },
        {
            "patch": "/home/mmartinez/xTestCluster/Patches/Patches_Wang902/Patches_others/Dcorrect/SequenceR/Math/patch1-Math-85-SequenceR.patch",
            "test": "test_from_WangICSE_patch1-Math-85-Cardumen-plausible",
            "failing": 4,
            "testrun": 30,
            "failings": [
                "test03(org.apache.commons.math.distribution.NormalDistributionImpl_ESTest)",
                "test01(org.apache.commons.math.distribution.NormalDistributionImpl_ESTest)",
                "test23(org.apache.commons.math.distribution.NormalDistributionImpl_ESTest)",
                "test11(org.apache.commons.math.distribution.NormalDistributionImpl_ESTest)"
            ],
            "status": "ok",
            "test_executed": [
                "org.apache.commons.math.distribution.NormalDistributionImpl_ESTest"
            ],
            "failing_assertions": [
                "java.lang.AssertionError: expected:<0.0> but was:<0.5>",
                "java.lang.AssertionError: expected:<NaN> but was:<Infinity>",
                "java.lang.AssertionError: expected:<2.0> but was:<0.19477554405658723>",
                "java.lang.AssertionError: expected:<0.0> but was:<2112.3341264550177>"
            ],
            "failing_lines": [
                [
                    "org.apache.commons.math.distribution.NormalDistributionImpl_ESTest.test03(NormalDistributionImpl_ESTest.java:58)"
                ],
                [
                    "org.apache.commons.math.distribution.NormalDistributionImpl_ESTest.test01(NormalDistributionImpl_ESTest.java:31)"
                ],
                [
                    "org.apache.commons.math.distribution.NormalDistributionImpl_ESTest.test23(NormalDistributionImpl_ESTest.java:238)"
                ],
                [
                    "org.apache.commons.math.distribution.NormalDistributionImpl_ESTest.test11(NormalDistributionImpl_ESTest.java:124)"
                ]
            ]
        },
        {
            "patch": "/home/mmartinez/xTestCluster/Patches/Patches_Wang902/Patches_others/Dcorrect/SequenceR/Math/patch1-Math-85-SequenceR.patch",
            "test": "test_from_WangDRR_patch13-Math-85-SequenceR",
            "failing": 2,
            "testrun": 31,
            "failings": [
                "test19(org.apache.commons.math.analysis.solvers.UnivariateRealSolverUtils_ESTest)",
                "test26(org.apache.commons.math.analysis.solvers.UnivariateRealSolverUtils_ESTest)"
            ],
            "status": "ok",
            "test_executed": [
                "org.apache.commons.math.analysis.solvers.UnivariateRealSolverUtils_ESTest"
            ],
            "failing_assertions": [
                "org.apache.commons.math.ConvergenceException: number of iterations=806, maximum iterations=1,830,596,841, initial=-1,213.348, lower bound=-1,213.348, upper bound=-407.801, final a value=-1,213.348, final b value=-407.801, f(a)=-1,136.866, f(b)=-1,136.866",
                "org.apache.commons.math.ConvergenceException: number of iterations=1, maximum iterations=2,147,483,647, initial=\\xef\\xbf\\xbd, lower bound=358.274, upper bound=\\xef\\xbf\\xbd, final a value=\\xef\\xbf\\xbd, final b value=\\xef\\xbf\\xbd, f(a)=-1,136.866, f(b)=-1,136.866"
            ],
            "failing_lines": [
                [
                    "org.apache.commons.math.analysis.solvers.UnivariateRealSolverUtils_ESTest.test19(UnivariateRealSolverUtils_ESTest.java:252)"
                ],
                [
                    "org.apache.commons.math.analysis.solvers.UnivariateRealSolverUtils_ESTest.test26(UnivariateRealSolverUtils_ESTest.java:364)"
                ]
            ]
        },
        {
            "patch": "/home/mmartinez/xTestCluster/Patches/Patches_Wang902/Patches_others/Dcorrect/SequenceR/Math/patch1-Math-85-SequenceR.patch",
            "test": "test_from_WangICSE_patch1-Math-85-jGenProg-plausible",
            "failing": 2,
            "testrun": 29,
            "failings": [
                "test18(org.apache.commons.math.analysis.solvers.UnivariateRealSolverUtils_ESTest)",
                "test21(org.apache.commons.math.analysis.solvers.UnivariateRealSolverUtils_ESTest)"
            ],
            "status": "ok",
            "test_executed": [
                "org.apache.commons.math.analysis.solvers.UnivariateRealSolverUtils_ESTest"
            ],
            "failing_assertions": [
                "org.apache.commons.math.ConvergenceException: number of iterations=1,370, maximum iterations=309,408,894, initial=-1,369.492, lower bound=-1,369.492, upper bound=0, final a value=-1,369.492, final b value=0, f(a)=636.6, f(b)=636.6",
                "org.apache.commons.math.ConvergenceException: number of iterations=3, maximum iterations=3, initial=3, lower bound=-2.014, upper bound=3, final a value=0, final b value=3, f(a)=-2.014, f(b)=-2.014"
            ],
            "failing_lines": [
                [
                    "org.apache.commons.math.analysis.solvers.UnivariateRealSolverUtils_ESTest.test18(UnivariateRealSolverUtils_ESTest.java:243)"
                ],
                [
                    "org.apache.commons.math.analysis.solvers.UnivariateRealSolverUtils_ESTest.test21(UnivariateRealSolverUtils_ESTest.java:278)"
                ]
            ]
        },
        {
            "patch": "/home/mmartinez/xTestCluster/Patches/Patches_Wang902/Patches_others/Dcorrect/SequenceR/Math/patch1-Math-85-SequenceR.patch",
            "test": "test_from_WangDRR_patch14-Math-85-SequenceR",
            "failing": 2,
            "testrun": 30,
            "failings": [
                "test20(org.apache.commons.math.analysis.solvers.UnivariateRealSolverUtils_ESTest)",
                "test22(org.apache.commons.math.analysis.solvers.UnivariateRealSolverUtils_ESTest)"
            ],
            "status": "ok",
            "test_executed": [
                "org.apache.commons.math.analysis.solvers.UnivariateRealSolverUtils_ESTest"
            ],
            "failing_assertions": [
                "org.apache.commons.math.ConvergenceException: number of iterations=1, maximum iterations=32, initial=636.6, lower bound=\\xef\\xbf\\xbd, upper bound=636.6, final a value=\\xef\\xbf\\xbd, final b value=636.6, f(a)=636.6, f(b)=636.6",
                "org.apache.commons.math.ConvergenceException: number of iterations=6, maximum iterations=6, initial=-2,179.478, lower bound=\\xef\\xbf\\xbd, upper bound=636.6, final a value=\\xef\\xbf\\xbd, final b value=-2,173.478, f(a)=636.6, f(b)=636.6"
            ],
            "failing_lines": [
                [
                    "org.apache.commons.math.analysis.solvers.UnivariateRealSolverUtils_ESTest.test20(UnivariateRealSolverUtils_ESTest.java:275)"
                ],
                [
                    "org.apache.commons.math.analysis.solvers.UnivariateRealSolverUtils_ESTest.test22(UnivariateRealSolverUtils_ESTest.java:301)"
                ]
            ]
        },
        {
            "patch": "/home/mmartinez/xTestCluster/Patches/Patches_Wang902/Patches_others/Dcorrect/SequenceR/Math/patch1-Math-85-SequenceR.patch",
            "test": "test_from_WangDRR_patch3-Math-85-SequenceR",
            "failing": 0,
            "testrun": 31,
            "failings": [],
            "status": "ok",
            "test_executed": [
                "org.apache.commons.math.analysis.solvers.UnivariateRealSolverUtils_ESTest"
            ],
            "failing_assertions": [],
            "failing_lines": []
        },
        {
            "patch": "/home/mmartinez/xTestCluster/Patches/Patches_Wang902/Patches_others/Dcorrect/SequenceR/Math/patch1-Math-85-SequenceR.patch",
            "test": "test_from_WangDRR_patch5-Math-85-SequenceR",
            "failing": 0,
            "testrun": 31,
            "failings": [],
            "status": "ok",
            "test_executed": [
                "org.apache.commons.math.analysis.solvers.UnivariateRealSolverUtils_ESTest"
            ],
            "failing_assertions": [],
            "failing_lines": []
        },
        {
            "patch": "/home/mmartinez/xTestCluster/Patches/Patches_Wang902/Patches_others/Dcorrect/SequenceR/Math/patch1-Math-85-SequenceR.patch",
            "test": "test_from_WangICSE_patch1-Math-85-GenProg-plausible",
            "failing": 2,
            "testrun": 37,
            "failings": [
                "test18(org.apache.commons.math.analysis.solvers.UnivariateRealSolverUtils_ESTest)",
                "test24(org.apache.commons.math.analysis.solvers.UnivariateRealSolverUtils_ESTest)"
            ],
            "status": "ok",
            "test_executed": [
                "org.apache.commons.math.analysis.solvers.UnivariateRealSolverUtils_ESTest",
                "org.apache.commons.math.distribution.AbstractContinuousDistribution_ESTest"
            ],
            "failing_assertions": [
                "org.apache.commons.math.ConvergenceException: number of iterations=2,460, maximum iterations=2,145,453,236, initial=-2,431.779, lower bound=-2,431.779, upper bound=27.349, final a value=-2,431.779, final b value=27.349, f(a)=\\xe2\\x88\\x9e, f(b)=\\xe2\\x88\\x9e",
                "org.apache.commons.math.ConvergenceException: number of iterations=2, maximum iterations=2, initial=-54.649, lower bound=-54.649, upper bound=-13.953, final a value=-54.649, final b value=-52.649, f(a)=2,741.612, f(b)=2,741.612"
            ],
            "failing_lines": [
                [
                    "org.apache.commons.math.analysis.solvers.UnivariateRealSolverUtils_ESTest.test18(UnivariateRealSolverUtils_ESTest.java:238)"
                ],
                [
                    "org.apache.commons.math.analysis.solvers.UnivariateRealSolverUtils_ESTest.test24(UnivariateRealSolverUtils_ESTest.java:315)"
                ]
            ]
        },
        {
            "patch": "/home/mmartinez/xTestCluster/Patches/Patches_Wang902/Patches_others/Dcorrect/SequenceR/Math/patch1-Math-85-SequenceR.patch",
            "test": "test_from_WangDRR_patch6-Math-85-SequenceR",
            "failing": 2,
            "testrun": 28,
            "failings": [
                "test20(org.apache.commons.math.analysis.solvers.UnivariateRealSolverUtils_ESTest)",
                "test21(org.apache.commons.math.analysis.solvers.UnivariateRealSolverUtils_ESTest)"
            ],
            "status": "ok",
            "test_executed": [
                "org.apache.commons.math.analysis.solvers.UnivariateRealSolverUtils_ESTest"
            ],
            "failing_assertions": [
                "org.apache.commons.math.ConvergenceException: number of iterations=1,138, maximum iterations=2,147,483,647, initial=0, lower bound=-1,137.903, upper bound=0, final a value=-1,137.903, final b value=0, f(a)=-1,137.903, f(b)=-1,137.903",
                "org.apache.commons.math.ConvergenceException: number of iterations=351, maximum iterations=351, initial=6, lower bound=-1,137.903, upper bound=2,351.739, final a value=-345, final b value=357, f(a)=-1,137.903, f(b)=-1,137.903"
            ],
            "failing_lines": [
                [
                    "org.apache.commons.math.analysis.solvers.UnivariateRealSolverUtils_ESTest.test20(UnivariateRealSolverUtils_ESTest.java:256)"
                ],
                [
                    "org.apache.commons.math.analysis.solvers.UnivariateRealSolverUtils_ESTest.test21(UnivariateRealSolverUtils_ESTest.java:265)"
                ]
            ]
        },
        {
            "patch": "/home/mmartinez/xTestCluster/Patches/Patches_Wang902/Patches_others/Dcorrect/SequenceR/Math/patch1-Math-85-SequenceR.patch",
            "test": "test_from_WangICSE_patch1-Math-85-Arja-plausible",
            "failing": 2,
            "testrun": 30,
            "failings": [
                "test24(org.apache.commons.math.analysis.solvers.UnivariateRealSolverUtils_ESTest)",
                "test21(org.apache.commons.math.analysis.solvers.UnivariateRealSolverUtils_ESTest)"
            ],
            "status": "ok",
            "test_executed": [
                "org.apache.commons.math.analysis.solvers.UnivariateRealSolverUtils_ESTest"
            ],
            "failing_assertions": [
                "org.apache.commons.math.ConvergenceException: number of iterations=1,349, maximum iterations=1,349, initial=1,438.298, lower bound=1,438.298, upper bound=4,212.285, final a value=1,438.298, final b value=2,787.298, f(a)=2,068,700.309, f(b)=4,008,963.923",
                "org.apache.commons.math.ConvergenceException: number of iterations=19, maximum iterations=1,390, initial=0, lower bound=0, upper bound=19, final a value=0, final b value=19, f(a)=2,253.2, f(b)=2,253.2"
            ],
            "failing_lines": [
                [
                    "org.apache.commons.math.analysis.solvers.UnivariateRealSolverUtils_ESTest.test24(UnivariateRealSolverUtils_ESTest.java:320)"
                ],
                [
                    "org.apache.commons.math.analysis.solvers.UnivariateRealSolverUtils_ESTest.test21(UnivariateRealSolverUtils_ESTest.java:277)"
                ]
            ]
        },
        {
            "patch": "/home/mmartinez/xTestCluster/Patches/Patches_Wang902/Patches_others/Dcorrect/SequenceR/Math/patch1-Math-85-SequenceR.patch",
            "test": "test_from_WangDRR_patch9-Math-85-SequenceR",
            "failing": 2,
            "testrun": 30,
            "failings": [
                "test17(org.apache.commons.math.analysis.solvers.UnivariateRealSolverUtils_ESTest)",
                "test22(org.apache.commons.math.analysis.solvers.UnivariateRealSolverUtils_ESTest)"
            ],
            "status": "ok",
            "test_executed": [
                "org.apache.commons.math.analysis.solvers.UnivariateRealSolverUtils_ESTest"
            ],
            "failing_assertions": [
                "org.apache.commons.math.ConvergenceException: number of iterations=1, maximum iterations=6, initial=-0.075, lower bound=-0.075, upper bound=\\xef\\xbf\\xbd, final a value=-0.075, final b value=\\xef\\xbf\\xbd, f(a)=-1,137.903, f(b)=-1,137.903",
                "org.apache.commons.math.ConvergenceException: number of iterations=6, maximum iterations=6, initial=6, lower bound=0.5, upper bound=1,197,079.554, final a value=0.5, final b value=12, f(a)=-1,137.903, f(b)=-1,137.903"
            ],
            "failing_lines": [
                [
                    "org.apache.commons.math.analysis.solvers.UnivariateRealSolverUtils_ESTest.test17(UnivariateRealSolverUtils_ESTest.java:228)"
                ],
                [
                    "org.apache.commons.math.analysis.solvers.UnivariateRealSolverUtils_ESTest.test22(UnivariateRealSolverUtils_ESTest.java:294)"
                ]
            ]
        },
        {
            "patch": "/home/mmartinez/xTestCluster/Patches/Patches_Wang902/Patches_others/Dcorrect/SequenceR/Math/patch1-Math-85-SequenceR.patch",
            "test": "test_from_WangDRR_patch15-Math-85-SequenceR",
            "failing": 2,
            "testrun": 29,
            "failings": [
                "test19(org.apache.commons.math.analysis.solvers.UnivariateRealSolverUtils_ESTest)",
                "test20(org.apache.commons.math.analysis.solvers.UnivariateRealSolverUtils_ESTest)"
            ],
            "status": "ok",
            "test_executed": [
                "org.apache.commons.math.analysis.solvers.UnivariateRealSolverUtils_ESTest"
            ],
            "failing_assertions": [
                "org.apache.commons.math.ConvergenceException: number of iterations=1,859, maximum iterations=2,146,642,357, initial=0.5, lower bound=-1,858.325, upper bound=1,615.135, final a value=-1,858.325, final b value=1,615.135, f(a)=-1,137.903, f(b)=-1,137.903",
                "org.apache.commons.math.ConvergenceException: number of iterations=25, maximum iterations=25, initial=-1,137.903, lower bound=-1,137.903, upper bound=25, final a value=-1,137.903, final b value=-1,112.903, f(a)=-1,137.903, f(b)=-1,137.903"
            ],
            "failing_lines": [
                [
                    "org.apache.commons.math.analysis.solvers.UnivariateRealSolverUtils_ESTest.test19(UnivariateRealSolverUtils_ESTest.java:246)"
                ],
                [
                    "org.apache.commons.math.analysis.solvers.UnivariateRealSolverUtils_ESTest.test20(UnivariateRealSolverUtils_ESTest.java:255)"
                ]
            ]
        },
        {
            "patch": "/home/mmartinez/xTestCluster/Patches/Patches_Wang902/Patches_others/Dcorrect/SequenceR/Math/patch1-Math-85-SequenceR.patch",
            "test": "test_from_WangDRR_patch2-Math-85-Jaid-plausible",
            "failing": 2,
            "testrun": 30,
            "failings": [
                "test17(org.apache.commons.math.analysis.solvers.UnivariateRealSolverUtils_ESTest)",
                "test23(org.apache.commons.math.analysis.solvers.UnivariateRealSolverUtils_ESTest)"
            ],
            "status": "ok",
            "test_executed": [
                "org.apache.commons.math.analysis.solvers.UnivariateRealSolverUtils_ESTest"
            ],
            "failing_assertions": [
                "org.apache.commons.math.ConvergenceException: number of iterations=1, maximum iterations=21, initial=0.5, lower bound=0, upper bound=0.5, final a value=0, final b value=0.5, f(a)=636.6, f(b)=636.6",
                "org.apache.commons.math.ConvergenceException: number of iterations=8, maximum iterations=8, initial=636.6, lower bound=0, upper bound=636.6, final a value=628.6, final b value=636.6, f(a)=636.6, f(b)=636.6"
            ],
            "failing_lines": [
                [
                    "org.apache.commons.math.analysis.solvers.UnivariateRealSolverUtils_ESTest.test17(UnivariateRealSolverUtils_ESTest.java:216)"
                ],
                [
                    "org.apache.commons.math.analysis.solvers.UnivariateRealSolverUtils_ESTest.test23(UnivariateRealSolverUtils_ESTest.java:300)"
                ]
            ]
        },
        {
            "patch": "/home/mmartinez/xTestCluster/Patches/Patches_Wang902/Patches_others/Dcorrect/SequenceR/Math/patch1-Math-85-SequenceR.patch",
            "test": "test_from_WangDRR_patch16-Math-85-SequenceR",
            "failing": 2,
            "testrun": 31,
            "failings": [
                "test17(org.apache.commons.math.analysis.solvers.UnivariateRealSolverUtils_ESTest)",
                "test30(org.apache.commons.math.analysis.solvers.UnivariateRealSolverUtils_ESTest)"
            ],
            "status": "ok",
            "test_executed": [
                "org.apache.commons.math.analysis.solvers.UnivariateRealSolverUtils_ESTest"
            ],
            "failing_assertions": [
                "java.lang.AssertionError: Expecting exception: Exception",
                "java.lang.AssertionError: Expecting exception: Exception"
            ],
            "failing_lines": [
                [
                    "org.apache.commons.math.analysis.solvers.UnivariateRealSolverUtils_ESTest.test17(UnivariateRealSolverUtils_ESTest.java:223)"
                ],
                [
                    "org.apache.commons.math.analysis.solvers.UnivariateRealSolverUtils_ESTest.test30(UnivariateRealSolverUtils_ESTest.java:412)"
                ]
            ]
        },
        {
            "patch": "/home/mmartinez/xTestCluster/Patches/Patches_Wang902/Patches_others/Dcorrect/SequenceR/Math/patch1-Math-85-SequenceR.patch",
            "test": "test_from_WangDRR_patch2-Math-85-SequenceR",
            "failing": 3,
            "testrun": 30,
            "failings": [
                "test20(org.apache.commons.math.analysis.solvers.UnivariateRealSolverUtils_ESTest)",
                "test21(org.apache.commons.math.analysis.solvers.UnivariateRealSolverUtils_ESTest)",
                "test01(org.apache.commons.math.analysis.solvers.UnivariateRealSolverUtils_ESTest)"
            ],
            "status": "ok",
            "test_executed": [
                "org.apache.commons.math.analysis.solvers.UnivariateRealSolverUtils_ESTest"
            ],
            "failing_assertions": [
                "org.apache.commons.math.ConvergenceException: number of iterations=14, maximum iterations=893, initial=-1, lower bound=-1, upper bound=13, final a value=-1, final b value=13, f(a)=2, f(b)=2",
                "org.apache.commons.math.ConvergenceException: number of iterations=42, maximum iterations=42, initial=1,930.377, lower bound=42, upper bound=1,930.377, final a value=1,888.377, final b value=1,930.377, f(a)=1,930.377, f(b)=1,930.377",
                "org.apache.commons.math.ConvergenceException: number of iterations=594, maximum iterations=2,147,483,647, initial=1, lower bound=1, upper bound=594.319, final a value=1, final b value=594.319, f(a)=594.319, f(b)=74,147,796,537,840.48"
            ],
            "failing_lines": [
                [
                    "org.apache.commons.math.analysis.solvers.UnivariateRealSolverUtils_ESTest.test20(UnivariateRealSolverUtils_ESTest.java:247)"
                ],
                [
                    "org.apache.commons.math.analysis.solvers.UnivariateRealSolverUtils_ESTest.test21(UnivariateRealSolverUtils_ESTest.java:257)"
                ],
                [
                    "org.apache.commons.math.analysis.solvers.UnivariateRealSolverUtils_ESTest.test01(UnivariateRealSolverUtils_ESTest.java:37)"
                ]
            ]
        },
        {
            "patch": "/home/mmartinez/xTestCluster/Patches/Patches_Wang902/Patches_others/Dcorrect/SequenceR/Math/patch1-Math-85-SequenceR.patch",
            "test": "test_from_WangDRR_patch1-Math-85-Jaid-plausible",
            "failing": 2,
            "testrun": 27,
            "failings": [
                "test22(org.apache.commons.math.analysis.solvers.UnivariateRealSolverUtils_ESTest)",
                "test23(org.apache.commons.math.analysis.solvers.UnivariateRealSolverUtils_ESTest)"
            ],
            "status": "ok",
            "test_executed": [
                "org.apache.commons.math.analysis.solvers.UnivariateRealSolverUtils_ESTest"
            ],
            "failing_assertions": [
                "org.apache.commons.math.ConvergenceException: number of iterations=138, maximum iterations=153, initial=15.715, lower bound=15.715, upper bound=153, final a value=15.715, final b value=153, f(a)=246.958, f(b)=2,404.379",
                "org.apache.commons.math.ConvergenceException: number of iterations=153, maximum iterations=153, initial=406,831,102,083,365,700,000,000,000,000,000, lower bound=1.69, upper bound=406,831,102,083,365,700,000,000,000,000,000, final a value=406,831,102,083,365,700,000,000,000,000,000, final b value=406,831,102,083,365,700,000,000,000,000,000, f(a)=1.69, f(b)=1.69"
            ],
            "failing_lines": [
                [
                    "org.apache.commons.math.analysis.solvers.UnivariateRealSolverUtils_ESTest.test22(UnivariateRealSolverUtils_ESTest.java:294)"
                ],
                [
                    "org.apache.commons.math.analysis.solvers.UnivariateRealSolverUtils_ESTest.test23(UnivariateRealSolverUtils_ESTest.java:303)"
                ]
            ]
        },
        {
            "patch": "/home/mmartinez/xTestCluster/Patches/Patches_Wang902/Patches_others/Dcorrect/SequenceR/Math/patch1-Math-85-SequenceR.patch",
            "test": "test_from_WangDRR_patch7-Math-85-SequenceR",
            "failing": 1,
            "testrun": 27,
            "failings": [
                "test19(org.apache.commons.math.analysis.solvers.UnivariateRealSolverUtils_ESTest)"
            ],
            "status": "ok",
            "test_executed": [
                "org.apache.commons.math.analysis.solvers.UnivariateRealSolverUtils_ESTest"
            ],
            "failing_assertions": [
                "org.apache.commons.math.ConvergenceException: number of iterations=1,645, maximum iterations=2,145,962,676, initial=636.916, lower bound=636.916, upper bound=2,281, final a value=636.916, final b value=2,281, f(a)=636.916, f(b)=636.916"
            ],
            "failing_lines": [
                [
                    "org.apache.commons.math.analysis.solvers.UnivariateRealSolverUtils_ESTest.test19(UnivariateRealSolverUtils_ESTest.java:261)"
                ]
            ]
        },
        {
            "patch": "/home/mmartinez/xTestCluster/Patches/Patches_Wang902/Patches_others/Dcorrect/SequenceR/Math/patch1-Math-85-SequenceR.patch",
            "test": "test_from_WangICSE_patch1-Math-85-SimFix-plausible",
            "failing": 1,
            "testrun": 28,
            "failings": [
                "test27(org.apache.commons.math.analysis.solvers.UnivariateRealSolverUtils_ESTest)"
            ],
            "status": "ok",
            "test_executed": [
                "org.apache.commons.math.analysis.solvers.UnivariateRealSolverUtils_ESTest"
            ],
            "failing_assertions": [
                "java.lang.AssertionError: Expecting exception: Exception"
            ],
            "failing_lines": [
                [
                    "org.apache.commons.math.analysis.solvers.UnivariateRealSolverUtils_ESTest.test27(UnivariateRealSolverUtils_ESTest.java:363)"
                ]
            ]
        },
        {
            "patch": "/home/mmartinez/xTestCluster/Patches/Patches_Wang902/Patches_others/Dcorrect/SequenceR/Math/patch1-Math-85-SequenceR.patch",
            "test": "test_from_WangDRR_patch4-Math-85-Jaid-plausible",
            "failing": 2,
            "testrun": 29,
            "failings": [
                "test16(org.apache.commons.math.analysis.solvers.UnivariateRealSolverUtils_ESTest)",
                "test20(org.apache.commons.math.analysis.solvers.UnivariateRealSolverUtils_ESTest)"
            ],
            "status": "ok",
            "test_executed": [
                "org.apache.commons.math.analysis.solvers.UnivariateRealSolverUtils_ESTest"
            ],
            "failing_assertions": [
                "org.apache.commons.math.ConvergenceException: number of iterations=688, maximum iterations=1,043, initial=355.068, lower bound=0.34, upper bound=1,043, final a value=0.34, final b value=1,043, f(a)=-1,137.903, f(b)=-1,137.903",
                "org.apache.commons.math.ConvergenceException: number of iterations=1,136, maximum iterations=2,147,483,647, initial=-1,134.2, lower bound=-1,134.2, upper bound=1.5, final a value=-1,134.2, final b value=1.5, f(a)=-1,134.2, f(b)=-1,134.2"
            ],
            "failing_lines": [
                [
                    "org.apache.commons.math.analysis.solvers.UnivariateRealSolverUtils_ESTest.test16(UnivariateRealSolverUtils_ESTest.java:203)"
                ],
                [
                    "org.apache.commons.math.analysis.solvers.UnivariateRealSolverUtils_ESTest.test20(UnivariateRealSolverUtils_ESTest.java:253)"
                ]
            ]
        },
        {
            "patch": "/home/mmartinez/xTestCluster/Patches/Patches_Wang902/Patches_others/Dcorrect/SequenceR/Math/patch1-Math-85-SequenceR.patch",
            "test": "test_from_WangICSE_patch1-Math-85-FixMiner-plausible",
            "failing": 2,
            "testrun": 29,
            "failings": [
                "test20(org.apache.commons.math.analysis.solvers.UnivariateRealSolverUtils_ESTest)",
                "test23(org.apache.commons.math.analysis.solvers.UnivariateRealSolverUtils_ESTest)"
            ],
            "status": "ok",
            "test_executed": [
                "org.apache.commons.math.analysis.solvers.UnivariateRealSolverUtils_ESTest"
            ],
            "failing_assertions": [
                "org.apache.commons.math.ConvergenceException: number of iterations=19, maximum iterations=1,390, initial=0, lower bound=0, upper bound=19, final a value=0, final b value=19, f(a)=2,253.2, f(b)=2,253.2",
                "org.apache.commons.math.ConvergenceException: number of iterations=1,400, maximum iterations=1,400, initial=1,438.298, lower bound=0, upper bound=1,438.298, final a value=38.298, final b value=1,438.298, f(a)=1,438.298, f(b)=1,438.298"
            ],
            "failing_lines": [
                [
                    "org.apache.commons.math.analysis.solvers.UnivariateRealSolverUtils_ESTest.test20(UnivariateRealSolverUtils_ESTest.java:268)"
                ],
                [
                    "org.apache.commons.math.analysis.solvers.UnivariateRealSolverUtils_ESTest.test23(UnivariateRealSolverUtils_ESTest.java:311)"
                ]
            ]
        },
        {
            "patch": "/home/mmartinez/xTestCluster/Patches/Patches_Wang902/Patches_others/Dcorrect/SequenceR/Math/patch1-Math-85-SequenceR.patch",
            "test": "test_from_WangDRR_patch1-Math-85-CapGen-plausible",
            "failing": 4,
            "testrun": 31,
            "failings": [
                "test02(org.apache.commons.math.analysis.solvers.UnivariateRealSolverUtils_ESTest)",
                "test00(org.apache.commons.math.analysis.solvers.UnivariateRealSolverUtils_ESTest)",
                "test01(org.apache.commons.math.analysis.solvers.UnivariateRealSolverUtils_ESTest)",
                "test23(org.apache.commons.math.analysis.solvers.UnivariateRealSolverUtils_ESTest)"
            ],
            "status": "ok",
            "test_executed": [
                "org.apache.commons.math.analysis.solvers.UnivariateRealSolverUtils_ESTest"
            ],
            "failing_assertions": [
                "java.lang.AssertionError: Expecting exception: Exception",
                "java.lang.AssertionError: Expecting exception: Exception",
                "java.lang.AssertionError: Expecting exception: Exception",
                "org.apache.commons.math.ConvergenceException: number of iterations=32, maximum iterations=32, initial=-8.956, lower bound=-8.956, upper bound=32, final a value=-8.956, final b value=23.044, f(a)=-8.956, f(b)=-8.956"
            ],
            "failing_lines": [
                [
                    "org.apache.commons.math.analysis.solvers.UnivariateRealSolverUtils_ESTest.test02(UnivariateRealSolverUtils_ESTest.java:63)"
                ],
                [
                    "org.apache.commons.math.analysis.solvers.UnivariateRealSolverUtils_ESTest.test00(UnivariateRealSolverUtils_ESTest.java:30)"
                ],
                [
                    "org.apache.commons.math.analysis.solvers.UnivariateRealSolverUtils_ESTest.test01(UnivariateRealSolverUtils_ESTest.java:47)"
                ],
                [
                    "org.apache.commons.math.analysis.solvers.UnivariateRealSolverUtils_ESTest.test23(UnivariateRealSolverUtils_ESTest.java:327)"
                ]
            ]
        },
        {
            "patch": "/home/mmartinez/xTestCluster/Patches/Patches_Wang902/Patches_others/Dcorrect/SequenceR/Math/patch1-Math-85-SequenceR.patch",
            "test": "test_from_WangICSE_patch1-Math-85-RSRepair-plausible",
            "failing": 2,
            "testrun": 35,
            "failings": [
                "test24(org.apache.commons.math.analysis.solvers.UnivariateRealSolverUtils_ESTest)",
                "test21(org.apache.commons.math.analysis.solvers.UnivariateRealSolverUtils_ESTest)"
            ],
            "status": "ok",
            "test_executed": [
                "org.apache.commons.math.analysis.solvers.UnivariateRealSolverUtils_ESTest",
                "org.apache.commons.math.distribution.AbstractContinuousDistribution_ESTest"
            ],
            "failing_assertions": [
                "org.apache.commons.math.ConvergenceException: number of iterations=1,364, maximum iterations=1,364, initial=1,438.26, lower bound=1,364, upper bound=\\xe2\\x88\\x9e, final a value=1,364, final b value=2,802.26, f(a)=1,961,786.245, f(b)=4,030,377.241",
                "org.apache.commons.math.ConvergenceException: number of iterations=19, maximum iterations=1,390, initial=0, lower bound=0, upper bound=19, final a value=0, final b value=19, f(a)=2,253.2, f(b)=2,253.2"
            ],
            "failing_lines": [
                [
                    "org.apache.commons.math.analysis.solvers.UnivariateRealSolverUtils_ESTest.test24(UnivariateRealSolverUtils_ESTest.java:315)"
                ],
                [
                    "org.apache.commons.math.analysis.solvers.UnivariateRealSolverUtils_ESTest.test21(UnivariateRealSolverUtils_ESTest.java:272)"
                ]
            ]
        }
    ],
    "duration": 82.07
}