{
    "patch": "/home/mmartinez/xTestCluster/Patches/Patches_Wang902/Patches_ICSE/Doverfitting/Nopol/Math/patch1-Math-41-Nopol-plausible.patch",
    "project": "Math",
    "bugid": "41",
    "dataset": "Patches_ICSE",
    "date": "2022-12-16T00:50:26.781092",
    "project_checked": "ok",
    "compiledProjectModified": "ok",
    "patchApplied": "ok",
    "arrive_end": "ok",
    "patched_project_pass_all_test": "no",
    "test_execution": [
        {
            "patch": "/home/mmartinez/xTestCluster/Patches/Patches_Wang902/Patches_ICSE/Doverfitting/Nopol/Math/patch1-Math-41-Nopol-plausible.patch",
            "test": "test_from_WangICSE_patch1-Math-41-SimFix",
            "failing": 1,
            "testrun": 79,
            "failings": [
                "test13(org.apache.commons.math.stat.descriptive.moment.Variance_ESTest)"
            ],
            "status": "ok",
            "test_executed": [
                "org.apache.commons.math.stat.descriptive.moment.Variance_ESTest"
            ],
            "failing_assertions": [
                "java.lang.AssertionError: expected:<1467.282263199803> but was:<NaN>"
            ],
            "failing_lines": [
                [
                    "org.apache.commons.math.stat.descriptive.moment.Variance_ESTest.test13(Variance_ESTest.java:138)"
                ]
            ]
        },
        {
            "patch": "/home/mmartinez/xTestCluster/Patches/Patches_Wang902/Patches_ICSE/Doverfitting/Nopol/Math/patch1-Math-41-Nopol-plausible.patch",
            "test": "test_from_WangICSE_patch1-Math-41-Nopol-plausible",
            "failing": 0,
            "testrun": 42,
            "failings": [],
            "status": "ok",
            "test_executed": [
                "org.apache.commons.math.stat.descriptive.moment.Mean_ESTest"
            ],
            "failing_assertions": [],
            "failing_lines": []
        },
        {
            "patch": "/home/mmartinez/xTestCluster/Patches/Patches_Wang902/Patches_ICSE/Doverfitting/Nopol/Math/patch1-Math-41-Nopol-plausible.patch",
            "test": "test_from_WangICSE_patch1-Math-41-DynaMoth-plausible",
            "failing": 3,
            "testrun": 81,
            "failings": [
                "test66(org.apache.commons.math.stat.descriptive.moment.Variance_ESTest)",
                "test24(org.apache.commons.math.stat.descriptive.moment.Variance_ESTest)",
                "test37(org.apache.commons.math.stat.descriptive.moment.Variance_ESTest)"
            ],
            "status": "ok",
            "test_executed": [
                "org.apache.commons.math.stat.descriptive.moment.Variance_ESTest"
            ],
            "failing_assertions": [
                "java.lang.ArrayIndexOutOfBoundsException: -2146437945",
                "00:50:52.540 [main] INFO org.evosuite.runtime.instrumentation.EvoClassLoader - Seeing class for first time: META-INF/localization/LocalizedFormats",
                "org.apache.commons.math.exception.MathIllegalArgumentException: weigth array must contain at least one non-zero value"
            ],
            "failing_lines": [
                [
                    "org.apache.commons.math.stat.descriptive.moment.Variance_ESTest.test66(Variance_ESTest.java:883)"
                ],
                [
                    "org.apache.commons.math.stat.descriptive.moment.Variance_ESTest.test24(Variance_ESTest.java:290)"
                ],
                [
                    "org.apache.commons.math.stat.descriptive.moment.Variance_ESTest.test37(Variance_ESTest.java:511)"
                ]
            ]
        }
    ],
    "duration": 25.81
}