{
    "patch": "/home/mmartinez/xTestCluster/Patches/Patches_Wang902/Patches_ICSE/Doverfitting/AVATAR/Math/patch1-Math-62-AVATAR-plausible.patch",
    "project": "Math",
    "bugid": "62",
    "dataset": "Patches_ICSE",
    "date": "2022-12-16T06:16:02.968470",
    "project_checked": "ok",
    "compiledProjectModified": "ok",
    "patchApplied": "ok",
    "arrive_end": "ok",
    "patched_project_pass_all_test": "no",
    "test_execution": [
        {
            "patch": "/home/mmartinez/xTestCluster/Patches/Patches_Wang902/Patches_ICSE/Doverfitting/AVATAR/Math/patch1-Math-62-AVATAR-plausible.patch",
            "test": "test_from_WangICSE_patch1-Math-62-AVATAR-plausible",
            "failing": 0,
            "testrun": 25,
            "failings": [],
            "status": "ok",
            "test_executed": [
                "org.apache.commons.math.optimization.univariate.MultiStartUnivariateRealOptimizer_ESTest"
            ],
            "failing_assertions": [],
            "failing_lines": []
        },
        {
            "patch": "/home/mmartinez/xTestCluster/Patches/Patches_Wang902/Patches_ICSE/Doverfitting/AVATAR/Math/patch1-Math-62-AVATAR-plausible.patch",
            "test": "test_from_WangICSE_patch1-Math-62-kPAR-plausible",
            "failing": 0,
            "testrun": 23,
            "failings": [],
            "status": "ok",
            "test_executed": [
                "org.apache.commons.math.optimization.univariate.MultiStartUnivariateRealOptimizer_ESTest"
            ],
            "failing_assertions": [],
            "failing_lines": []
        }
    ],
    "duration": 22.02
}