{
    "patch": "/home/mmartinez/xTestCluster/Patches/Patches_Wang902/Patches_ICSE/Doverfitting/GenProg/Chart/patch1-Chart-12-GenProg-plausible.patch",
    "project": "Chart",
    "bugid": "12",
    "dataset": "Patches_ICSE",
    "date": "2023-02-05T17:56:18.440417",
    "project_checked": "ok",
    "compiledProjectModified": "ok",
    "patchApplied": "ok",
    "arrive_end": "ok",
    "patched_project_pass_all_test": "no",
    "test_execution": [
        {
            "patch": "/home/mmartinez/xTestCluster/Patches/Patches_Wang902/Patches_ICSE/Doverfitting/GenProg/Chart/patch1-Chart-12-GenProg-plausible.patch",
            "test": "test_from_WangICSE_patch1-Chart-12-RSRepair-plausible",
            "failing": 8,
            "testrun": 38,
            "failings": [
                "test21(org.jfree.chart.plot.MultiplePiePlot_ESTest)",
                "test20(org.jfree.chart.plot.MultiplePiePlot_ESTest)",
                "test01(org.jfree.chart.plot.MultiplePiePlot_ESTest)",
                "test23(org.jfree.chart.plot.MultiplePiePlot_ESTest)",
                "test22(org.jfree.chart.plot.MultiplePiePlot_ESTest)",
                "test12(org.jfree.chart.plot.MultiplePiePlot_ESTest)",
                "test11(org.jfree.chart.plot.MultiplePiePlot_ESTest)",
                "test37(org.jfree.chart.plot.MultiplePiePlot_ESTest)"
            ],
            "status": "ok",
            "test_executed": [
                "org.jfree.chart.plot.MultiplePiePlot_ESTest"
            ],
            "failing_assertions": [
                "java.lang.NullPointerException",
                "java.lang.NullPointerException",
                "java.lang.NullPointerException",
                "java.lang.NullPointerException",
                "java.lang.NullPointerException",
                "java.lang.NullPointerException",
                "java.lang.NullPointerException",
                "java.lang.NullPointerException"
            ],
            "failing_lines": [
                [
                    "org.jfree.chart.plot.MultiplePiePlot_ESTest.test21(MultiplePiePlot_ESTest.java:321)"
                ],
                [
                    "org.jfree.chart.plot.MultiplePiePlot_ESTest.test20(MultiplePiePlot_ESTest.java:305)"
                ],
                [
                    "org.jfree.chart.plot.MultiplePiePlot_ESTest.test01(MultiplePiePlot_ESTest.java:66)"
                ],
                [
                    "org.jfree.chart.plot.MultiplePiePlot_ESTest.test23(MultiplePiePlot_ESTest.java:341)"
                ],
                [
                    "org.jfree.chart.plot.MultiplePiePlot_ESTest.test22(MultiplePiePlot_ESTest.java:331)"
                ],
                [
                    "org.jfree.chart.plot.MultiplePiePlot_ESTest.test12(MultiplePiePlot_ESTest.java:216)"
                ],
                [
                    "org.jfree.chart.plot.MultiplePiePlot_ESTest.test11(MultiplePiePlot_ESTest.java:203)"
                ],
                [
                    "org.jfree.chart.plot.MultiplePiePlot_ESTest.test37(MultiplePiePlot_ESTest.java:508)"
                ]
            ]
        },
        {
            "patch": "/home/mmartinez/xTestCluster/Patches/Patches_Wang902/Patches_ICSE/Doverfitting/GenProg/Chart/patch1-Chart-12-GenProg-plausible.patch",
            "test": "test_from_WangICSE_patch1-Chart-12-SimFix-plausible",
            "failing": 7,
            "testrun": 38,
            "failings": [
                "test21(org.jfree.chart.plot.MultiplePiePlot_ESTest)",
                "test23(org.jfree.chart.plot.MultiplePiePlot_ESTest)",
                "test22(org.jfree.chart.plot.MultiplePiePlot_ESTest)",
                "test02(org.jfree.chart.plot.MultiplePiePlot_ESTest)",
                "test19(org.jfree.chart.plot.MultiplePiePlot_ESTest)",
                "test12(org.jfree.chart.plot.MultiplePiePlot_ESTest)",
                "test35(org.jfree.chart.plot.MultiplePiePlot_ESTest)"
            ],
            "status": "ok",
            "test_executed": [
                "org.jfree.chart.plot.MultiplePiePlot_ESTest"
            ],
            "failing_assertions": [
                "java.lang.NullPointerException",
                "java.lang.NullPointerException",
                "java.lang.NullPointerException",
                "java.lang.NullPointerException",
                "java.lang.NullPointerException",
                "java.lang.NullPointerException",
                "java.lang.NullPointerException"
            ],
            "failing_lines": [
                [
                    "org.jfree.chart.plot.MultiplePiePlot_ESTest.test21(MultiplePiePlot_ESTest.java:303)"
                ],
                [
                    "org.jfree.chart.plot.MultiplePiePlot_ESTest.test23(MultiplePiePlot_ESTest.java:329)"
                ],
                [
                    "org.jfree.chart.plot.MultiplePiePlot_ESTest.test22(MultiplePiePlot_ESTest.java:316)"
                ],
                [
                    "org.jfree.chart.plot.MultiplePiePlot_ESTest.test02(MultiplePiePlot_ESTest.java:78)"
                ],
                [
                    "org.jfree.chart.plot.MultiplePiePlot_ESTest.test19(MultiplePiePlot_ESTest.java:279)"
                ],
                [
                    "org.jfree.chart.plot.MultiplePiePlot_ESTest.test12(MultiplePiePlot_ESTest.java:204)"
                ],
                [
                    "org.jfree.chart.plot.MultiplePiePlot_ESTest.test35(MultiplePiePlot_ESTest.java:473)"
                ]
            ]
        },
        {
            "patch": "/home/mmartinez/xTestCluster/Patches/Patches_Wang902/Patches_ICSE/Doverfitting/GenProg/Chart/patch1-Chart-12-GenProg-plausible.patch",
            "test": "test_from_WangICSE_patch1-Chart-12-GenProg-plausible",
            "failing": 0,
            "testrun": 92,
            "failings": [],
            "status": "ok",
            "test_executed": [
                "org.jfree.chart.plot.MultiplePiePlot_ESTest",
                "org.jfree.chart.JFreeChart_ESTest"
            ],
            "failing_assertions": [],
            "failing_lines": []
        },
        {
            "patch": "/home/mmartinez/xTestCluster/Patches/Patches_Wang902/Patches_ICSE/Doverfitting/GenProg/Chart/patch1-Chart-12-GenProg-plausible.patch",
            "test": "test_from_WangICSE_patch1-Chart-12-Kali-plausible",
            "failing": 1,
            "testrun": 12,
            "failings": [
                "test10(org.jfree.data.general.AbstractDataset_ESTest)"
            ],
            "status": "ok",
            "test_executed": [
                "org.jfree.data.general.AbstractDataset_ESTest"
            ],
            "failing_assertions": [
                "java.lang.AssertionError"
            ],
            "failing_lines": [
                [
                    "org.jfree.data.general.AbstractDataset_ESTest.test10(AbstractDataset_ESTest.java:141)"
                ]
            ]
        },
        {
            "patch": "/home/mmartinez/xTestCluster/Patches/Patches_Wang902/Patches_ICSE/Doverfitting/GenProg/Chart/patch1-Chart-12-GenProg-plausible.patch",
            "test": "test_from_WangICSE_patch1-Chart-12-TBar-plausible",
            "failing": 1,
            "testrun": 17,
            "failings": [
                "test11(org.jfree.data.general.AbstractDataset_ESTest)"
            ],
            "status": "ok",
            "test_executed": [
                "org.jfree.data.general.AbstractDataset_ESTest"
            ],
            "failing_assertions": [
                "java.lang.AssertionError"
            ],
            "failing_lines": [
                [
                    "org.jfree.data.general.AbstractDataset_ESTest.test11(AbstractDataset_ESTest.java:188)"
                ]
            ]
        },
        {
            "patch": "/home/mmartinez/xTestCluster/Patches/Patches_Wang902/Patches_ICSE/Doverfitting/GenProg/Chart/patch1-Chart-12-GenProg-plausible.patch",
            "test": "test_from_WangICSE_patch1-Chart-12-Arja",
            "failing": 10,
            "testrun": 40,
            "failings": [
                "test28(org.jfree.chart.plot.MultiplePiePlot_ESTest)",
                "test21(org.jfree.chart.plot.MultiplePiePlot_ESTest)",
                "test02(org.jfree.chart.plot.MultiplePiePlot_ESTest)",
                "test24(org.jfree.chart.plot.MultiplePiePlot_ESTest)",
                "test27(org.jfree.chart.plot.MultiplePiePlot_ESTest)",
                "test04(org.jfree.chart.plot.MultiplePiePlot_ESTest)",
                "test26(org.jfree.chart.plot.MultiplePiePlot_ESTest)",
                "test17(org.jfree.chart.plot.MultiplePiePlot_ESTest)",
                "test12(org.jfree.chart.plot.MultiplePiePlot_ESTest)",
                "test11(org.jfree.chart.plot.MultiplePiePlot_ESTest)"
            ],
            "status": "ok",
            "test_executed": [
                "org.jfree.chart.plot.MultiplePiePlot_ESTest"
            ],
            "failing_assertions": [
                "java.lang.NullPointerException",
                "java.lang.NullPointerException",
                "java.lang.NullPointerException",
                "org.evosuite.runtime.mock.java.lang.MockIllegalArgumentException: Null \\'fillPaint\\' argument.",
                "java.lang.NullPointerException",
                "java.lang.NullPointerException",
                "java.lang.NullPointerException",
                "java.lang.NullPointerException",
                "java.lang.NullPointerException",
                "java.lang.NullPointerException"
            ],
            "failing_lines": [
                [
                    "org.jfree.chart.plot.MultiplePiePlot_ESTest.test28(MultiplePiePlot_ESTest.java:393)"
                ],
                [
                    "org.jfree.chart.plot.MultiplePiePlot_ESTest.test21(MultiplePiePlot_ESTest.java:320)"
                ],
                [
                    "org.jfree.chart.plot.MultiplePiePlot_ESTest.test02(MultiplePiePlot_ESTest.java:82)"
                ],
                [
                    "org.jfree.chart.plot.MultiplePiePlot_ESTest.test24(MultiplePiePlot_ESTest.java:347)"
                ],
                [
                    "org.jfree.chart.plot.MultiplePiePlot_ESTest.test27(MultiplePiePlot_ESTest.java:380)"
                ],
                [
                    "org.jfree.chart.plot.MultiplePiePlot_ESTest.test04(MultiplePiePlot_ESTest.java:105)"
                ],
                [
                    "org.jfree.chart.plot.MultiplePiePlot_ESTest.test26(MultiplePiePlot_ESTest.java:368)"
                ],
                [
                    "org.jfree.chart.plot.MultiplePiePlot_ESTest.test17(MultiplePiePlot_ESTest.java:268)"
                ],
                [
                    "org.jfree.chart.plot.MultiplePiePlot_ESTest.test12(MultiplePiePlot_ESTest.java:221)"
                ],
                [
                    "org.jfree.chart.plot.MultiplePiePlot_ESTest.test11(MultiplePiePlot_ESTest.java:206)"
                ]
            ]
        }
    ],
    "duration": 34.04
}