{
    "patch": "/home/mmartinez/xTestCluster/Patches/Patches_Wang902/Patches_others/Doverfitting/SketchFix/Math/patch1-Math-70-SketchFix-plausible.patch",
    "project": "Math",
    "bugid": "70",
    "dataset": "Patches_others",
    "date": "2023-02-06T01:21:57.377139",
    "project_checked": "ok",
    "compiledProjectModified": "ok",
    "patchApplied": "ok",
    "arrive_end": "ok",
    "patched_project_pass_all_test": "no",
    "test_execution": [
        {
            "patch": "/home/mmartinez/xTestCluster/Patches/Patches_Wang902/Patches_others/Doverfitting/SketchFix/Math/patch1-Math-70-SketchFix-plausible.patch",
            "test": "test_from_WangDRR_patch1-Math-70-SketchFix-plausible",
            "failing": 0,
            "testrun": 28,
            "failings": [],
            "status": "ok",
            "test_executed": [
                "org.apache.commons.math.analysis.solvers.BisectionSolver_ESTest"
            ],
            "failing_assertions": [],
            "failing_lines": []
        },
        {
            "patch": "/home/mmartinez/xTestCluster/Patches/Patches_Wang902/Patches_others/Doverfitting/SketchFix/Math/patch1-Math-70-SketchFix-plausible.patch",
            "test": "test_from_WangDRR_patch1-Math-70-SOFix",
            "failing": 0,
            "testrun": 31,
            "failings": [],
            "status": "ok",
            "test_executed": [
                "org.apache.commons.math.analysis.solvers.BisectionSolver_ESTest"
            ],
            "failing_assertions": [],
            "failing_lines": []
        },
        {
            "patch": "/home/mmartinez/xTestCluster/Patches/Patches_Wang902/Patches_others/Doverfitting/SketchFix/Math/patch1-Math-70-SketchFix-plausible.patch",
            "test": "test_from_WangICSE_patch1-Math-70-Cardumen",
            "failing": 0,
            "testrun": 28,
            "failings": [],
            "status": "ok",
            "test_executed": [
                "org.apache.commons.math.analysis.solvers.BisectionSolver_ESTest"
            ],
            "failing_assertions": [],
            "failing_lines": []
        },
        {
            "patch": "/home/mmartinez/xTestCluster/Patches/Patches_Wang902/Patches_others/Doverfitting/SketchFix/Math/patch1-Math-70-SketchFix-plausible.patch",
            "test": "test_from_WangDRR_patch1-Math-70-CapGen",
            "failing": 0,
            "testrun": 29,
            "failings": [],
            "status": "ok",
            "test_executed": [
                "org.apache.commons.math.analysis.solvers.BisectionSolver_ESTest"
            ],
            "failing_assertions": [],
            "failing_lines": []
        },
        {
            "patch": "/home/mmartinez/xTestCluster/Patches/Patches_Wang902/Patches_others/Doverfitting/SketchFix/Math/patch1-Math-70-SketchFix-plausible.patch",
            "test": "test_from_WangDRR_patch2-Math-70-SketchFix-plausible",
            "failing": 4,
            "testrun": 29,
            "failings": [
                "test05(org.apache.commons.math.analysis.solvers.BisectionSolver_ESTest)",
                "test27(org.apache.commons.math.analysis.solvers.BisectionSolver_ESTest)",
                "test04(org.apache.commons.math.analysis.solvers.BisectionSolver_ESTest)",
                "test06(org.apache.commons.math.analysis.solvers.BisectionSolver_ESTest)"
            ],
            "status": "ok",
            "test_executed": [
                "org.apache.commons.math.analysis.solvers.BisectionSolver_ESTest"
            ],
            "failing_assertions": [
                "java.lang.AssertionError: expected:<-4.221630748361349E-7> but was:<-1813.176599577837>",
                "java.lang.AssertionError: expected:<3.9374709586556525E-5> but was:<-1416.6531602701598>",
                "java.lang.AssertionError: expected:<-1.093510273381078E-6> but was:<-4632.899999730329>",
                "java.lang.AssertionError: expected:<-1.000000379771525> but was:<-3263.2125596202286>"
            ],
            "failing_lines": [
                [
                    "org.apache.commons.math.analysis.solvers.BisectionSolver_ESTest.test05(BisectionSolver_ESTest.java:90)"
                ],
                [
                    "org.apache.commons.math.analysis.solvers.BisectionSolver_ESTest.test27(BisectionSolver_ESTest.java:429)"
                ],
                [
                    "org.apache.commons.math.analysis.solvers.BisectionSolver_ESTest.test04(BisectionSolver_ESTest.java:80)"
                ],
                [
                    "org.apache.commons.math.analysis.solvers.BisectionSolver_ESTest.test06(BisectionSolver_ESTest.java:100)"
                ]
            ]
        },
        {
            "patch": "/home/mmartinez/xTestCluster/Patches/Patches_Wang902/Patches_others/Doverfitting/SketchFix/Math/patch1-Math-70-SketchFix-plausible.patch",
            "test": "test_from_WangICSE_patch1-Math-70-TBar",
            "failing": 0,
            "testrun": 29,
            "failings": [],
            "status": "ok",
            "test_executed": [
                "org.apache.commons.math.analysis.solvers.BisectionSolver_ESTest"
            ],
            "failing_assertions": [],
            "failing_lines": []
        },
        {
            "patch": "/home/mmartinez/xTestCluster/Patches/Patches_Wang902/Patches_others/Doverfitting/SketchFix/Math/patch1-Math-70-SketchFix-plausible.patch",
            "test": "test_from_WangDRR_patch1-Math-70-SketchFix",
            "failing": 0,
            "testrun": 30,
            "failings": [],
            "status": "ok",
            "test_executed": [
                "org.apache.commons.math.analysis.solvers.BisectionSolver_ESTest"
            ],
            "failing_assertions": [],
            "failing_lines": []
        },
        {
            "patch": "/home/mmartinez/xTestCluster/Patches/Patches_Wang902/Patches_others/Doverfitting/SketchFix/Math/patch1-Math-70-SketchFix-plausible.patch",
            "test": "test_from_WangICSE_patch1-Math-70-jGenProg",
            "failing": 0,
            "testrun": 31,
            "failings": [],
            "status": "ok",
            "test_executed": [
                "org.apache.commons.math.analysis.solvers.BisectionSolver_ESTest"
            ],
            "failing_assertions": [],
            "failing_lines": []
        },
        {
            "patch": "/home/mmartinez/xTestCluster/Patches/Patches_Wang902/Patches_others/Doverfitting/SketchFix/Math/patch1-Math-70-SketchFix-plausible.patch",
            "test": "test_from_WangICSE_patch1-Math-70-FixMiner",
            "failing": 0,
            "testrun": 30,
            "failings": [],
            "status": "ok",
            "test_executed": [
                "org.apache.commons.math.analysis.solvers.BisectionSolver_ESTest"
            ],
            "failing_assertions": [],
            "failing_lines": []
        },
        {
            "patch": "/home/mmartinez/xTestCluster/Patches/Patches_Wang902/Patches_others/Doverfitting/SketchFix/Math/patch1-Math-70-SketchFix-plausible.patch",
            "test": "test_from_WangICSE_patch1-Math-70-SimFix",
            "failing": 0,
            "testrun": 31,
            "failings": [],
            "status": "ok",
            "test_executed": [
                "org.apache.commons.math.analysis.solvers.BisectionSolver_ESTest"
            ],
            "failing_assertions": [],
            "failing_lines": []
        },
        {
            "patch": "/home/mmartinez/xTestCluster/Patches/Patches_Wang902/Patches_others/Doverfitting/SketchFix/Math/patch1-Math-70-SketchFix-plausible.patch",
            "test": "test_from_WangICSE_patch1-Math-70-kPAR",
            "failing": 0,
            "testrun": 31,
            "failings": [],
            "status": "ok",
            "test_executed": [
                "org.apache.commons.math.analysis.solvers.BisectionSolver_ESTest"
            ],
            "failing_assertions": [],
            "failing_lines": []
        }
    ],
    "duration": 27.74
}