{
    "patch": "/home/mmartinez/xTestCluster/Patches/Patches_Wang902/Patches_ICSE/Doverfitting/kPAR/Math/patch1-Math-15-kPAR-plausible.patch",
    "project": "Math",
    "bugid": "15",
    "dataset": "Patches_ICSE",
    "date": "2022-12-16T06:39:25.072487",
    "project_checked": "ok",
    "compiledProjectModified": "ok",
    "patchApplied": "ok",
    "arrive_end": "ok",
    "patched_project_pass_all_test": "no",
    "test_execution": [
        {
            "patch": "/home/mmartinez/xTestCluster/Patches/Patches_Wang902/Patches_ICSE/Doverfitting/kPAR/Math/patch1-Math-15-kPAR-plausible.patch",
            "test": "test_from_WangICSE_patch1-Math-15-TBar-plausible",
            "failing": 1,
            "testrun": 359,
            "failings": [
                "test279(org.apache.commons.math3.util.FastMath_ESTest)"
            ],
            "status": "ok",
            "test_executed": [
                "org.apache.commons.math3.util.FastMath_ESTest"
            ],
            "failing_assertions": [
                "java.lang.AssertionError: expected:<Infinity> but was:<NaN>"
            ],
            "failing_lines": [
                [
                    "org.apache.commons.math3.util.FastMath_ESTest.test279(FastMath_ESTest.java:1605)"
                ]
            ]
        },
        {
            "patch": "/home/mmartinez/xTestCluster/Patches/Patches_Wang902/Patches_ICSE/Doverfitting/kPAR/Math/patch1-Math-15-kPAR-plausible.patch",
            "test": "test_from_WangICSE_patch1-Math-15-kPAR-plausible",
            "failing": 0,
            "testrun": 379,
            "failings": [],
            "status": "ok",
            "test_executed": [
                "org.apache.commons.math3.util.FastMath_ESTest"
            ],
            "failing_assertions": [],
            "failing_lines": []
        }
    ],
    "duration": 24.46
}