{
    "patch": "/home/mmartinez/xTestCluster/Patches/Patches_Wang902/Patches_others/Dcorrect/Jaid/Chart/patch1-Chart-24-Jaid.patch",
    "project": "Chart",
    "bugid": "24",
    "dataset": "Patches_others",
    "date": "2022-12-16T05:46:40.784336",
    "project_checked": "ok",
    "compiledProjectModified": "ok",
    "patchApplied": "ok",
    "arrive_end": "ok",
    "patched_project_pass_all_test": "no",
    "test_execution": [
        {
            "patch": "/home/mmartinez/xTestCluster/Patches/Patches_Wang902/Patches_others/Dcorrect/Jaid/Chart/patch1-Chart-24-Jaid.patch",
            "test": "test_from_WangICSE_patch1-Chart-24-Cardumen-plausible",
            "failing": 1,
            "testrun": 17,
            "failings": [
                "test16(org.jfree.chart.renderer.GrayPaintScale_ESTest)"
            ],
            "status": "ok",
            "test_executed": [
                "org.jfree.chart.renderer.GrayPaintScale_ESTest"
            ],
            "failing_assertions": [
                "java.lang.AssertionError: Expecting exception: IllegalArgumentException"
            ],
            "failing_lines": [
                [
                    "org.jfree.chart.renderer.GrayPaintScale_ESTest.test16(GrayPaintScale_ESTest.java:185)"
                ]
            ]
        },
        {
            "patch": "/home/mmartinez/xTestCluster/Patches/Patches_Wang902/Patches_others/Dcorrect/Jaid/Chart/patch1-Chart-24-Jaid.patch",
            "test": "test_from_WangICSE_patch1-Chart-24-AVATAR",
            "failing": 0,
            "testrun": 17,
            "failings": [],
            "status": "ok",
            "test_executed": [
                "org.jfree.chart.renderer.GrayPaintScale_ESTest"
            ],
            "failing_assertions": [],
            "failing_lines": []
        },
        {
            "patch": "/home/mmartinez/xTestCluster/Patches/Patches_Wang902/Patches_others/Dcorrect/Jaid/Chart/patch1-Chart-24-Jaid.patch",
            "test": "test_from_WangDRR_patch1-Chart-24-Jaid",
            "failing": 0,
            "testrun": 17,
            "failings": [],
            "status": "ok",
            "test_executed": [
                "org.jfree.chart.renderer.GrayPaintScale_ESTest"
            ],
            "failing_assertions": [],
            "failing_lines": []
        },
        {
            "patch": "/home/mmartinez/xTestCluster/Patches/Patches_Wang902/Patches_others/Dcorrect/Jaid/Chart/patch1-Chart-24-Jaid.patch",
            "test": "test_from_WangDRR_patch1-Chart-24-SOFix",
            "failing": 0,
            "testrun": 17,
            "failings": [],
            "status": "ok",
            "test_executed": [
                "org.jfree.chart.renderer.GrayPaintScale_ESTest"
            ],
            "failing_assertions": [],
            "failing_lines": []
        },
        {
            "patch": "/home/mmartinez/xTestCluster/Patches/Patches_Wang902/Patches_others/Dcorrect/Jaid/Chart/patch1-Chart-24-Jaid.patch",
            "test": "test_from_WangDRR_patch2-Chart-24-Jaid",
            "failing": 0,
            "testrun": 18,
            "failings": [],
            "status": "ok",
            "test_executed": [
                "org.jfree.chart.renderer.GrayPaintScale_ESTest"
            ],
            "failing_assertions": [],
            "failing_lines": []
        },
        {
            "patch": "/home/mmartinez/xTestCluster/Patches/Patches_Wang902/Patches_others/Dcorrect/Jaid/Chart/patch1-Chart-24-Jaid.patch",
            "test": "test_from_WangDRR_patch1-Chart-24-CapGen",
            "failing": 0,
            "testrun": 17,
            "failings": [],
            "status": "ok",
            "test_executed": [
                "org.jfree.chart.renderer.GrayPaintScale_ESTest"
            ],
            "failing_assertions": [],
            "failing_lines": []
        },
        {
            "patch": "/home/mmartinez/xTestCluster/Patches/Patches_Wang902/Patches_others/Dcorrect/Jaid/Chart/patch1-Chart-24-Jaid.patch",
            "test": "test_from_WangICSE_patch1-Chart-24-FixMiner",
            "failing": 0,
            "testrun": 17,
            "failings": [],
            "status": "ok",
            "test_executed": [
                "org.jfree.chart.renderer.GrayPaintScale_ESTest"
            ],
            "failing_assertions": [],
            "failing_lines": []
        }
    ],
    "duration": 37.45
}