{
    "patch": "/home/mmartinez/xTestCluster/Patches/Patches_Wang902/Patches_ICSE/Doverfitting/SimFix/Lang/patch1-Lang-45-SimFix-plausible.patch",
    "project": "Lang",
    "bugid": "45",
    "dataset": "Patches_ICSE",
    "date": "2023-02-06T02:15:54.786582",
    "project_checked": "ok",
    "compiledProjectModified": "ok",
    "patchApplied": "ok",
    "arrive_end": "ok",
    "patched_project_pass_all_test": "no",
    "test_execution": [
        {
            "patch": "/home/mmartinez/xTestCluster/Patches/Patches_Wang902/Patches_ICSE/Doverfitting/SimFix/Lang/patch1-Lang-45-SimFix-plausible.patch",
            "test": "test_from_WangDRR_patch2-Lang-45-Jaid-plausible",
            "failing": 0,
            "testrun": 56,
            "failings": [],
            "status": "ok",
            "test_executed": [
                "org.apache.commons.lang.WordUtils_ESTest"
            ],
            "failing_assertions": [],
            "failing_lines": []
        },
        {
            "patch": "/home/mmartinez/xTestCluster/Patches/Patches_Wang902/Patches_ICSE/Doverfitting/SimFix/Lang/patch1-Lang-45-SimFix-plausible.patch",
            "test": "test_from_WangDRR_patch1-Lang-45-Jaid",
            "failing": 1,
            "testrun": 55,
            "failings": [
                "test24(org.apache.commons.lang.WordUtils_ESTest)"
            ],
            "status": "ok",
            "test_executed": [
                "org.apache.commons.lang.WordUtils_ESTest"
            ],
            "failing_assertions": [
                "java.lang.StringIndexOutOfBoundsException: String index out of range: -1"
            ],
            "failing_lines": [
                [
                    "org.apache.commons.lang.WordUtils_ESTest.test24(WordUtils_ESTest.java:183)"
                ]
            ]
        },
        {
            "patch": "/home/mmartinez/xTestCluster/Patches/Patches_Wang902/Patches_ICSE/Doverfitting/SimFix/Lang/patch1-Lang-45-SimFix-plausible.patch",
            "test": "test_from_WangDRR_patch1-Lang-45-Jaid-plausible",
            "failing": 0,
            "testrun": 55,
            "failings": [],
            "status": "ok",
            "test_executed": [
                "org.apache.commons.lang.WordUtils_ESTest"
            ],
            "failing_assertions": [],
            "failing_lines": []
        },
        {
            "patch": "/home/mmartinez/xTestCluster/Patches/Patches_Wang902/Patches_ICSE/Doverfitting/SimFix/Lang/patch1-Lang-45-SimFix-plausible.patch",
            "test": "test_from_WangICSE_patch1-Lang-45-kPAR-plausible",
            "failing": 1,
            "testrun": 53,
            "failings": [
                "test00(org.apache.commons.lang.WordUtils_ESTest)"
            ],
            "status": "ok",
            "test_executed": [
                "org.apache.commons.lang.WordUtils_ESTest"
            ],
            "failing_assertions": [
                "java.lang.StringIndexOutOfBoundsException: String index out of range: -10"
            ],
            "failing_lines": [
                [
                    "org.apache.commons.lang.WordUtils_ESTest.test00(WordUtils_ESTest.java:21)"
                ]
            ]
        },
        {
            "patch": "/home/mmartinez/xTestCluster/Patches/Patches_Wang902/Patches_ICSE/Doverfitting/SimFix/Lang/patch1-Lang-45-SimFix-plausible.patch",
            "test": "test_from_WangICSE_patch1-Lang-45-SimFix-plausible",
            "failing": 0,
            "testrun": 54,
            "failings": [],
            "status": "ok",
            "test_executed": [
                "org.apache.commons.lang.WordUtils_ESTest"
            ],
            "failing_assertions": [],
            "failing_lines": []
        },
        {
            "patch": "/home/mmartinez/xTestCluster/Patches/Patches_Wang902/Patches_ICSE/Doverfitting/SimFix/Lang/patch1-Lang-45-SimFix-plausible.patch",
            "test": "test_from_WangICSE_patch1-Lang-45-TBar-plausible",
            "failing": 1,
            "testrun": 54,
            "failings": [
                "test00(org.apache.commons.lang.WordUtils_ESTest)"
            ],
            "status": "ok",
            "test_executed": [
                "org.apache.commons.lang.WordUtils_ESTest"
            ],
            "failing_assertions": [
                "java.lang.StringIndexOutOfBoundsException: String index out of range: -10"
            ],
            "failing_lines": [
                [
                    "org.apache.commons.lang.WordUtils_ESTest.test00(WordUtils_ESTest.java:21)"
                ]
            ]
        }
    ],
    "duration": 18.85
}