{
    "patch": "/home/mmartinez/xTestCluster/Patches/Patches_Wang902/Patches_ICSE/Doverfitting/SimFix/Closure/patch1-Closure-109-SimFix-plausible.patch",
    "project": "Closure",
    "bugid": "109",
    "dataset": "Patches_ICSE",
    "date": "2022-12-16T04:38:25.900246",
    "project_checked": "ok",
    "compiledProjectModified": "ok",
    "patchApplied": "ok",
    "arrive_end": "ok",
    "patched_project_pass_all_test": "no",
    "test_execution": [
        {
            "patch": "/home/mmartinez/xTestCluster/Patches/Patches_Wang902/Patches_ICSE/Doverfitting/SimFix/Closure/patch1-Closure-109-SimFix-plausible.patch",
            "test": "test_from_WangICSE_patch1-Closure-109-TBar-plausible",
            "failing": 0,
            "testrun": 58,
            "failings": [],
            "status": "ok",
            "test_executed": [
                "com.google.javascript.jscomp.parsing.JsDocInfoParser_ESTest"
            ],
            "failing_assertions": [],
            "failing_lines": []
        },
        {
            "patch": "/home/mmartinez/xTestCluster/Patches/Patches_Wang902/Patches_ICSE/Doverfitting/SimFix/Closure/patch1-Closure-109-SimFix-plausible.patch",
            "test": "test_from_WangICSE_patch1-Closure-109-SimFix-plausible",
            "failing": 0,
            "testrun": 55,
            "failings": [],
            "status": "ok",
            "test_executed": [
                "com.google.javascript.jscomp.parsing.JsDocInfoParser_ESTest"
            ],
            "failing_assertions": [],
            "failing_lines": []
        }
    ],
    "duration": 34.83
}