{
    "patch": "/home/mmartinez/xTestCluster/Patches/Patches_Wang902/Patches_ICSE/Doverfitting/ACS/Math/patch1-Math-28-ACS-plausible.patch",
    "project": "Math",
    "bugid": "28",
    "dataset": "Patches_ICSE",
    "date": "2022-12-15T22:38:38.501453",
    "project_checked": "ok",
    "compiledProjectModified": "ok",
    "patchApplied": "ok",
    "arrive_end": "ok",
    "patched_project_pass_all_test": "no",
    "test_execution": [
        {
            "patch": "/home/mmartinez/xTestCluster/Patches/Patches_Wang902/Patches_ICSE/Doverfitting/ACS/Math/patch1-Math-28-ACS-plausible.patch",
            "test": "test_from_WangICSE_patch1-Math-28-Arja-plausible",
            "failing": 0,
            "testrun": 8,
            "failings": [],
            "status": "ok",
            "test_executed": [
                "org.apache.commons.math3.optimization.linear.SimplexSolver_ESTest"
            ],
            "failing_assertions": [],
            "failing_lines": []
        },
        {
            "patch": "/home/mmartinez/xTestCluster/Patches/Patches_Wang902/Patches_ICSE/Doverfitting/ACS/Math/patch1-Math-28-ACS-plausible.patch",
            "test": "test_from_WangICSE_patch1-Math-28-Kali-plausible",
            "failing": 0,
            "testrun": 8,
            "failings": [],
            "status": "ok",
            "test_executed": [
                "org.apache.commons.math3.optimization.linear.SimplexSolver_ESTest"
            ],
            "failing_assertions": [],
            "failing_lines": []
        },
        {
            "patch": "/home/mmartinez/xTestCluster/Patches/Patches_Wang902/Patches_ICSE/Doverfitting/ACS/Math/patch1-Math-28-ACS-plausible.patch",
            "test": "test_from_WangICSE_patch1-Math-28-jMutRepair-plausible",
            "failing": 0,
            "testrun": 8,
            "failings": [],
            "status": "ok",
            "test_executed": [
                "org.apache.commons.math3.optimization.linear.SimplexSolver_ESTest"
            ],
            "failing_assertions": [],
            "failing_lines": []
        },
        {
            "patch": "/home/mmartinez/xTestCluster/Patches/Patches_Wang902/Patches_ICSE/Doverfitting/ACS/Math/patch1-Math-28-ACS-plausible.patch",
            "test": "test_from_WangICSE_patch1-Math-28-ACS-plausible",
            "failing": 0,
            "testrun": 9,
            "failings": [],
            "status": "ok",
            "test_executed": [
                "org.apache.commons.math3.optimization.linear.SimplexSolver_ESTest"
            ],
            "failing_assertions": [],
            "failing_lines": []
        },
        {
            "patch": "/home/mmartinez/xTestCluster/Patches/Patches_Wang902/Patches_ICSE/Doverfitting/ACS/Math/patch1-Math-28-ACS-plausible.patch",
            "test": "test_from_WangICSE_patch1-Math-28-RSRepair-plausible",
            "failing": 0,
            "testrun": 7,
            "failings": [],
            "status": "ok",
            "test_executed": [
                "org.apache.commons.math3.optimization.linear.SimplexSolver_ESTest"
            ],
            "failing_assertions": [],
            "failing_lines": []
        }
    ],
    "duration": 29.14
}