{
    "patch": "/home/mmartinez/xTestCluster/Patches/Patches_Wang902/Patches_ICSE/Doverfitting/SimFix/Lang/patch1-Lang-16-SimFix-plausible.patch",
    "project": "Lang",
    "bugid": "16",
    "dataset": "Patches_ICSE",
    "date": "2022-12-16T04:47:10.173746",
    "project_checked": "ok",
    "compiledProjectModified": "ok",
    "patchApplied": "ok",
    "arrive_end": "ok",
    "patched_project_pass_all_test": "no",
    "test_execution": [
        {
            "patch": "/home/mmartinez/xTestCluster/Patches/Patches_Wang902/Patches_ICSE/Doverfitting/SimFix/Lang/patch1-Lang-16-SimFix-plausible.patch",
            "test": "test_from_WangICSE_patch1-Lang-16-Arja-plausible",
            "failing": 6,
            "testrun": 212,
            "failings": [
                "test190(org.apache.commons.lang3.math.NumberUtils_ESTest)",
                "test193(org.apache.commons.lang3.math.NumberUtils_ESTest)",
                "test184(org.apache.commons.lang3.math.NumberUtils_ESTest)",
                "test187(org.apache.commons.lang3.math.NumberUtils_ESTest)",
                "test188(org.apache.commons.lang3.math.NumberUtils_ESTest)",
                "test185(org.apache.commons.lang3.math.NumberUtils_ESTest)"
            ],
            "status": "ok",
            "test_executed": [
                "org.apache.commons.lang3.math.NumberUtils_ESTest"
            ],
            "failing_assertions": [
                "java.lang.AssertionError: Exception was not thrown in java.lang.NumberFormatException but in org.apache.commons.lang3.math.NumberUtils.createNumber(NumberUtils.java:546): java.lang.NumberFormatException: ;eyn7<${}j3~bd is not a valid number.",
                "java.lang.AssertionError: Exception was not thrown in java.lang.NumberFormatException but in org.apache.commons.lang3.math.NumberUtils.createNumber(NumberUtils.java:546): java.lang.NumberFormatException: v70.|$eqr{vp is not a valid number.",
                "java.lang.AssertionError: Exception was not thrown in java.lang.NumberFormatException but in org.apache.commons.lang3.math.NumberUtils.createNumber(NumberUtils.java:546): java.lang.NumberFormatException: f is not a valid number.",
                "java.lang.AssertionError: Exception was not thrown in java.lang.NumberFormatException but in org.apache.commons.lang3.math.NumberUtils.createNumber(NumberUtils.java:546): java.lang.NumberFormatException: :ycs^eklf is not a valid number.",
                "java.lang.AssertionError: Exception was not thrown in java.lang.NumberFormatException but in org.apache.commons.lang3.math.NumberUtils.createNumber(NumberUtils.java:546): java.lang.NumberFormatException: ,5\\x7fm!e is not a valid number.",
                "java.lang.AssertionError: Exception was not thrown in java.lang.NumberFormatException but in org.apache.commons.lang3.math.NumberUtils.createNumber(NumberUtils.java:546): java.lang.NumberFormatException: invocationtargetexception occurred is not a valid number."
            ],
            "failing_lines": [
                [
                    "org.apache.commons.lang3.math.NumberUtils_ESTest.test190(NumberUtils_ESTest.java:1631)"
                ],
                [
                    "org.apache.commons.lang3.math.NumberUtils_ESTest.test193(NumberUtils_ESTest.java:1673)"
                ],
                [
                    "org.apache.commons.lang3.math.NumberUtils_ESTest.test184(NumberUtils_ESTest.java:1555)"
                ],
                [
                    "org.apache.commons.lang3.math.NumberUtils_ESTest.test187(NumberUtils_ESTest.java:1597)"
                ],
                [
                    "org.apache.commons.lang3.math.NumberUtils_ESTest.test188(NumberUtils_ESTest.java:1611)"
                ],
                [
                    "org.apache.commons.lang3.math.NumberUtils_ESTest.test185(NumberUtils_ESTest.java:1569)"
                ]
            ]
        },
        {
            "patch": "/home/mmartinez/xTestCluster/Patches/Patches_Wang902/Patches_ICSE/Doverfitting/SimFix/Lang/patch1-Lang-16-SimFix-plausible.patch",
            "test": "test_from_WangICSE_patch1-Lang-16-kPAR-plausible",
            "failing": 2,
            "testrun": 223,
            "failings": [
                "test184(org.apache.commons.lang3.math.NumberUtils_ESTest)",
                "test202(org.apache.commons.lang3.math.NumberUtils_ESTest)"
            ],
            "status": "ok",
            "test_executed": [
                "org.apache.commons.lang3.math.NumberUtils_ESTest"
            ],
            "failing_assertions": [
                "java.lang.AssertionError: Exception was not thrown in java.lang.NumberFormatException but in org.apache.commons.lang3.math.NumberUtils.createNumber(NumberUtils.java:546): java.lang.NumberFormatException: o3dw4n{]n{e is not a valid number.",
                "java.lang.AssertionError: Exception was not thrown in java.math.BigDecimal but in org.apache.commons.lang3.math.NumberUtils.createNumber(NumberUtils.java:473): java.lang.NumberFormatException: f;?e8-.b,zmes]~ is not a valid number."
            ],
            "failing_lines": [
                [
                    "org.apache.commons.lang3.math.NumberUtils_ESTest.test184(NumberUtils_ESTest.java:1531)"
                ],
                [
                    "org.apache.commons.lang3.math.NumberUtils_ESTest.test202(NumberUtils_ESTest.java:1727)"
                ]
            ]
        },
        {
            "patch": "/home/mmartinez/xTestCluster/Patches/Patches_Wang902/Patches_ICSE/Doverfitting/SimFix/Lang/patch1-Lang-16-SimFix-plausible.patch",
            "test": "test_from_WangICSE_patch1-Lang-16-SimFix-plausible",
            "failing": 0,
            "testrun": 211,
            "failings": [],
            "status": "ok",
            "test_executed": [
                "org.apache.commons.lang3.math.NumberUtils_ESTest"
            ],
            "failing_assertions": [],
            "failing_lines": []
        }
    ],
    "duration": 21.18
}