{
    "patch": "/home/mmartinez/xTestCluster/Patches/Patches_Wang902/Patches_ICSE/Doverfitting/Arja/Closure/patch1-Closure-10-Arja-plausible.patch",
    "project": "Closure",
    "bugid": "10",
    "dataset": "Patches_ICSE",
    "date": "2022-12-16T03:36:46.648684",
    "project_checked": "ok",
    "compiledProjectModified": "ok",
    "patchApplied": "ok",
    "arrive_end": "ok",
    "patched_project_pass_all_test": "no",
    "test_execution": [
        {
            "patch": "/home/mmartinez/xTestCluster/Patches/Patches_Wang902/Patches_ICSE/Doverfitting/Arja/Closure/patch1-Closure-10-Arja-plausible.patch",
            "test": "test_from_WangICSE_patch1-Closure-10-RSRepair-plausible",
            "failing": 0,
            "testrun": 237,
            "failings": [],
            "status": "ok",
            "test_executed": [
                "com.google.javascript.jscomp.NodeUtil_ESTest"
            ],
            "failing_assertions": [],
            "failing_lines": []
        },
        {
            "patch": "/home/mmartinez/xTestCluster/Patches/Patches_Wang902/Patches_ICSE/Doverfitting/Arja/Closure/patch1-Closure-10-Arja-plausible.patch",
            "test": "test_from_WangICSE_patch1-Closure-10-GenProg-plausible",
            "failing": 0,
            "testrun": 105,
            "failings": [],
            "status": "ok",
            "test_executed": [
                "com.google.javascript.jscomp.PeepholeFoldConstants_ESTest"
            ],
            "failing_assertions": [],
            "failing_lines": []
        },
        {
            "patch": "/home/mmartinez/xTestCluster/Patches/Patches_Wang902/Patches_ICSE/Doverfitting/Arja/Closure/patch1-Closure-10-Arja-plausible.patch",
            "test": "test_from_WangICSE_patch1-Closure-10-Arja-plausible",
            "failing": 0,
            "testrun": 571,
            "failings": [],
            "status": "ok",
            "test_executed": [
                "com.google.javascript.rhino.Token_ESTest",
                "com.google.javascript.rhino.Node_ESTest"
            ],
            "failing_assertions": [],
            "failing_lines": []
        },
        {
            "patch": "/home/mmartinez/xTestCluster/Patches/Patches_Wang902/Patches_ICSE/Doverfitting/Arja/Closure/patch1-Closure-10-Arja-plausible.patch",
            "test": "test_from_WangICSE_patch1-Closure-10-Kali-plausible",
            "failing": 0,
            "testrun": 218,
            "failings": [],
            "status": "ok",
            "test_executed": [
                "com.google.javascript.jscomp.NodeUtil_ESTest"
            ],
            "failing_assertions": [],
            "failing_lines": []
        }
    ],
    "duration": 87.8
}