{
    "patch": "/home/mmartinez/xTestCluster/Patches/Patches_Wang902/Patches_ICSE/Doverfitting/RSRepair/Chart/patch1-Chart-12-RSRepair-plausible.patch",
    "project": "Chart",
    "bugid": "12",
    "dataset": "Patches_ICSE",
    "date": "2023-02-03T21:23:48.548089",
    "project_checked": "ok",
    "compiledProjectModified": "ok",
    "patchApplied": "ok",
    "arrive_end": "ok",
    "patched_project_pass_all_test": "no",
    "test_execution": [
        {
            "patch": "/home/mmartinez/xTestCluster/Patches/Patches_Wang902/Patches_ICSE/Doverfitting/RSRepair/Chart/patch1-Chart-12-RSRepair-plausible.patch",
            "test": "test_from_WangICSE_patch1-Chart-12-RSRepair-plausible",
            "failing": 0,
            "testrun": 44,
            "failings": [],
            "status": "ok",
            "test_executed": [
                "org.jfree.chart.plot.MultiplePiePlot_ESTest"
            ],
            "failing_assertions": [],
            "failing_lines": []
        },
        {
            "patch": "/home/mmartinez/xTestCluster/Patches/Patches_Wang902/Patches_ICSE/Doverfitting/RSRepair/Chart/patch1-Chart-12-RSRepair-plausible.patch",
            "test": "test_from_WangICSE_patch1-Chart-12-SimFix-plausible",
            "failing": 0,
            "testrun": 38,
            "failings": [],
            "status": "ok",
            "test_executed": [
                "org.jfree.chart.plot.MultiplePiePlot_ESTest"
            ],
            "failing_assertions": [],
            "failing_lines": []
        },
        {
            "patch": "/home/mmartinez/xTestCluster/Patches/Patches_Wang902/Patches_ICSE/Doverfitting/RSRepair/Chart/patch1-Chart-12-RSRepair-plausible.patch",
            "test": "test_from_WangICSE_patch1-Chart-12-GenProg-plausible",
            "failing": 22,
            "testrun": 163,
            "failings": [
                "test28(org.jfree.chart.plot.MultiplePiePlot_ESTest)",
                "test22(org.jfree.chart.plot.MultiplePiePlot_ESTest)",
                "test05(org.jfree.chart.plot.MultiplePiePlot_ESTest)",
                "test18(org.jfree.chart.plot.MultiplePiePlot_ESTest)",
                "test17(org.jfree.chart.plot.MultiplePiePlot_ESTest)",
                "test054(org.jfree.chart.JFreeChart_ESTest)",
                "test107(org.jfree.chart.JFreeChart_ESTest)",
                "test108(org.jfree.chart.JFreeChart_ESTest)",
                "test106(org.jfree.chart.JFreeChart_ESTest)",
                "test103(org.jfree.chart.JFreeChart_ESTest)",
                "test111(org.jfree.chart.JFreeChart_ESTest)",
                "test100(org.jfree.chart.JFreeChart_ESTest)",
                "test127(org.jfree.chart.JFreeChart_ESTest)",
                "test125(org.jfree.chart.JFreeChart_ESTest)",
                "test123(org.jfree.chart.JFreeChart_ESTest)",
                "test098(org.jfree.chart.JFreeChart_ESTest)",
                "test118(org.jfree.chart.JFreeChart_ESTest)",
                "test119(org.jfree.chart.JFreeChart_ESTest)",
                "test117(org.jfree.chart.JFreeChart_ESTest)",
                "test112(org.jfree.chart.JFreeChart_ESTest)",
                "test121(org.jfree.chart.JFreeChart_ESTest)",
                "test122(org.jfree.chart.JFreeChart_ESTest)"
            ],
            "status": "ok",
            "test_executed": [
                "org.jfree.chart.plot.MultiplePiePlot_ESTest",
                "org.jfree.chart.JFreeChart_ESTest"
            ],
            "failing_assertions": [
                "java.lang.AssertionError: expected null, but was:<java.awt.Color[r=192,g=192,b=192]>",
                "java.lang.AssertionError: Expecting exception: NullPointerException",
                "java.lang.AssertionError: Expecting exception: NullPointerException",
                "java.lang.AssertionError: Expecting exception: NullPointerException",
                "java.lang.AssertionError: Expecting exception: NullPointerException",
                "java.lang.AssertionError",
                "java.lang.AssertionError: expected:<1> but was:<0>",
                "java.lang.AssertionError: expected:<1> but was:<0>",
                "java.lang.AssertionError: expected:<1> but was:<0>",
                "java.lang.AssertionError: expected:<1> but was:<0>",
                "java.lang.AssertionError: expected:<1> but was:<0>",
                "java.lang.AssertionError: expected:<1> but was:<0>",
                "java.lang.AssertionError: expected:<1> but was:<0>",
                "java.lang.AssertionError: expected:<1> but was:<0>",
                "java.lang.AssertionError: expected:<2> but was:<1>",
                "java.lang.AssertionError: expected:<1> but was:<0>",
                "java.lang.AssertionError: expected:<1> but was:<0>",
                "java.lang.AssertionError: expected:<1> but was:<0>",
                "java.lang.AssertionError: expected:<1> but was:<0>",
                "java.lang.AssertionError: expected:<1> but was:<0>",
                "java.lang.AssertionError: expected:<1> but was:<0>",
                "java.lang.AssertionError: expected:<1> but was:<0>"
            ],
            "failing_lines": [
                [
                    "org.jfree.chart.plot.MultiplePiePlot_ESTest.test28(MultiplePiePlot_ESTest.java:411)"
                ],
                [
                    "org.jfree.chart.plot.MultiplePiePlot_ESTest.test22(MultiplePiePlot_ESTest.java:337)"
                ],
                [
                    "org.jfree.chart.plot.MultiplePiePlot_ESTest.test05(MultiplePiePlot_ESTest.java:95)"
                ],
                [
                    "org.jfree.chart.plot.MultiplePiePlot_ESTest.test18(MultiplePiePlot_ESTest.java:268)"
                ],
                [
                    "org.jfree.chart.plot.MultiplePiePlot_ESTest.test17(MultiplePiePlot_ESTest.java:249)"
                ],
                [
                    "org.jfree.chart.JFreeChart_ESTest.test054(JFreeChart_ESTest.java:766)"
                ],
                [
                    "org.jfree.chart.JFreeChart_ESTest.test107(JFreeChart_ESTest.java:1424)"
                ],
                [
                    "org.jfree.chart.JFreeChart_ESTest.test108(JFreeChart_ESTest.java:1436)"
                ],
                [
                    "org.jfree.chart.JFreeChart_ESTest.test106(JFreeChart_ESTest.java:1412)"
                ],
                [
                    "org.jfree.chart.JFreeChart_ESTest.test103(JFreeChart_ESTest.java:1375)"
                ],
                [
                    "org.jfree.chart.JFreeChart_ESTest.test111(JFreeChart_ESTest.java:1485)"
                ],
                [
                    "org.jfree.chart.JFreeChart_ESTest.test100(JFreeChart_ESTest.java:1329)"
                ],
                [
                    "org.jfree.chart.JFreeChart_ESTest.test127(JFreeChart_ESTest.java:1669)"
                ],
                [
                    "org.jfree.chart.JFreeChart_ESTest.test125(JFreeChart_ESTest.java:1649)"
                ],
                [
                    "org.jfree.chart.JFreeChart_ESTest.test123(JFreeChart_ESTest.java:1622)"
                ],
                [
                    "org.jfree.chart.JFreeChart_ESTest.test098(JFreeChart_ESTest.java:1307)"
                ],
                [
                    "org.jfree.chart.JFreeChart_ESTest.test118(JFreeChart_ESTest.java:1565)"
                ],
                [
                    "org.jfree.chart.JFreeChart_ESTest.test119(JFreeChart_ESTest.java:1575)"
                ],
                [
                    "org.jfree.chart.JFreeChart_ESTest.test117(JFreeChart_ESTest.java:1553)"
                ],
                [
                    "org.jfree.chart.JFreeChart_ESTest.test112(JFreeChart_ESTest.java:1496)"
                ],
                [
                    "org.jfree.chart.JFreeChart_ESTest.test121(JFreeChart_ESTest.java:1600)"
                ],
                [
                    "org.jfree.chart.JFreeChart_ESTest.test122(JFreeChart_ESTest.java:1610)"
                ]
            ]
        },
        {
            "patch": "/home/mmartinez/xTestCluster/Patches/Patches_Wang902/Patches_ICSE/Doverfitting/RSRepair/Chart/patch1-Chart-12-RSRepair-plausible.patch",
            "test": "test_from_WangICSE_patch1-Chart-12-Kali-plausible",
            "failing": 1,
            "testrun": 11,
            "failings": [
                "test08(org.jfree.data.general.AbstractDataset_ESTest)"
            ],
            "status": "ok",
            "test_executed": [
                "org.jfree.data.general.AbstractDataset_ESTest"
            ],
            "failing_assertions": [
                "java.lang.AssertionError"
            ],
            "failing_lines": [
                [
                    "org.jfree.data.general.AbstractDataset_ESTest.test08(AbstractDataset_ESTest.java:110)"
                ]
            ]
        },
        {
            "patch": "/home/mmartinez/xTestCluster/Patches/Patches_Wang902/Patches_ICSE/Doverfitting/RSRepair/Chart/patch1-Chart-12-RSRepair-plausible.patch",
            "test": "test_from_WangICSE_patch1-Chart-12-TBar-plausible",
            "failing": 1,
            "testrun": 14,
            "failings": [
                "test09(org.jfree.data.general.AbstractDataset_ESTest)"
            ],
            "status": "ok",
            "test_executed": [
                "org.jfree.data.general.AbstractDataset_ESTest"
            ],
            "failing_assertions": [
                "java.lang.AssertionError"
            ],
            "failing_lines": [
                [
                    "org.jfree.data.general.AbstractDataset_ESTest.test09(AbstractDataset_ESTest.java:138)"
                ]
            ]
        },
        {
            "patch": "/home/mmartinez/xTestCluster/Patches/Patches_Wang902/Patches_ICSE/Doverfitting/RSRepair/Chart/patch1-Chart-12-RSRepair-plausible.patch",
            "test": "test_from_WangICSE_patch1-Chart-12-Arja",
            "failing": 0,
            "testrun": 38,
            "failings": [],
            "status": "ok",
            "test_executed": [
                "org.jfree.chart.plot.MultiplePiePlot_ESTest"
            ],
            "failing_assertions": [],
            "failing_lines": []
        }
    ],
    "duration": 35.49
}