{
    "patch": "/home/mmartinez/xTestCluster/Patches/Patches_Wang902/Patches_ICSE/Doverfitting/kPAR/Closure/patch1-Closure-126-kPAR-plausible.patch",
    "project": "Closure",
    "bugid": "126",
    "dataset": "Patches_ICSE",
    "date": "2022-12-24T10:42:55.147241",
    "project_checked": "ok",
    "compiledProjectModified": "ok",
    "patchApplied": "ok",
    "arrive_end": "ok",
    "patched_project_pass_all_test": "no",
    "test_execution": [
        {
            "patch": "/home/mmartinez/xTestCluster/Patches/Patches_Wang902/Patches_ICSE/Doverfitting/kPAR/Closure/patch1-Closure-126-kPAR-plausible.patch",
            "test": "test_from_WangICSE_patch1-Closure-126-kPAR-plausible",
            "failing": 0,
            "testrun": 22,
            "failings": [
                "Error",
                "Error",
                "Error",
                "Error",
                "Error"
            ],
            "status": "ok",
            "test_executed": [
                "com.google.javascript.jscomp.MinimizeExitPoints_ESTest"
            ],
            "failing_assertions": [
                "10:43:25.569 [main] INFO org.evosuite.runtime.instrumentation.EvoClassLoader - Seeing class for first time: com.google.javascript.rhino.head.VMBridge_custom",
                "10:43:25.595 [main] INFO org.evosuite.runtime.instrumentation.EvoClassLoader - Seeing class for first time: com.google.javascript.rhino.head.VMBridge_custom",
                "10:43:25.640 [main] INFO org.evosuite.runtime.instrumentation.EvoClassLoader - Seeing class for first time: com.google.javascript.rhino.head.VMBridge_custom",
                "10:43:25.685 [main] INFO org.evosuite.runtime.instrumentation.EvoClassLoader - Seeing class for first time: com.google.javascript.rhino.head.VMBridge_custom",
                "10:43:25.798 [main] INFO org.evosuite.runtime.instrumentation.EvoClassLoader - Seeing class for first time: com.google.javascript.rhino.head.VMBridge_custom"
            ],
            "failing_lines": []
        },
        {
            "patch": "/home/mmartinez/xTestCluster/Patches/Patches_Wang902/Patches_ICSE/Doverfitting/kPAR/Closure/patch1-Closure-126-kPAR-plausible.patch",
            "test": "test_from_WangDRR_patch1-Closure-126-SketchFix",
            "failing": 0,
            "testrun": 14,
            "failings": [
                "Error"
            ],
            "status": "ok",
            "test_executed": [
                "com.google.javascript.jscomp.MinimizeExitPoints_ESTest"
            ],
            "failing_assertions": [
                "10:43:29.955 [main] INFO org.evosuite.runtime.instrumentation.EvoClassLoader - Seeing class for first time: com.google.javascript.rhino.head.VMBridge_custom"
            ],
            "failing_lines": []
        },
        {
            "patch": "/home/mmartinez/xTestCluster/Patches/Patches_Wang902/Patches_ICSE/Doverfitting/kPAR/Closure/patch1-Closure-126-kPAR-plausible.patch",
            "test": "test_from_WangICSE_patch1-Closure-126-jKali",
            "failing": 0,
            "testrun": 14,
            "failings": [
                "Error"
            ],
            "status": "ok",
            "test_executed": [
                "com.google.javascript.jscomp.MinimizeExitPoints_ESTest"
            ],
            "failing_assertions": [
                "10:43:33.931 [main] INFO org.evosuite.runtime.instrumentation.EvoClassLoader - Seeing class for first time: com.google.javascript.rhino.head.VMBridge_custom"
            ],
            "failing_lines": []
        },
        {
            "patch": "/home/mmartinez/xTestCluster/Patches/Patches_Wang902/Patches_ICSE/Doverfitting/kPAR/Closure/patch1-Closure-126-kPAR-plausible.patch",
            "test": "test_from_WangICSE_patch1-Closure-126-SimFix-plausible",
            "failing": 0,
            "testrun": 16,
            "failings": [],
            "status": "ok",
            "test_executed": [
                "com.google.javascript.jscomp.MinimizeExitPoints_ESTest"
            ],
            "failing_assertions": [],
            "failing_lines": []
        },
        {
            "patch": "/home/mmartinez/xTestCluster/Patches/Patches_Wang902/Patches_ICSE/Doverfitting/kPAR/Closure/patch1-Closure-126-kPAR-plausible.patch",
            "test": "test_from_WangICSE_patch1-Closure-126-GenProg",
            "failing": 0,
            "testrun": 15,
            "failings": [],
            "status": "ok",
            "test_executed": [
                "com.google.javascript.jscomp.MinimizeExitPoints_ESTest"
            ],
            "failing_assertions": [],
            "failing_lines": []
        },
        {
            "patch": "/home/mmartinez/xTestCluster/Patches/Patches_Wang902/Patches_ICSE/Doverfitting/kPAR/Closure/patch1-Closure-126-kPAR-plausible.patch",
            "test": "test_from_WangICSE_patch1-Closure-126-TBar-plausible",
            "failing": 0,
            "testrun": 14,
            "failings": [],
            "status": "ok",
            "test_executed": [
                "com.google.javascript.jscomp.MinimizeExitPoints_ESTest"
            ],
            "failing_assertions": [],
            "failing_lines": []
        },
        {
            "patch": "/home/mmartinez/xTestCluster/Patches/Patches_Wang902/Patches_ICSE/Doverfitting/kPAR/Closure/patch1-Closure-126-kPAR-plausible.patch",
            "test": "test_from_WangICSE_patch1-Closure-126-jMutRepair-plausible",
            "failing": 0,
            "testrun": 13,
            "failings": [
                "Error",
                "Error"
            ],
            "status": "ok",
            "test_executed": [
                "com.google.javascript.jscomp.MinimizeExitPoints_ESTest"
            ],
            "failing_assertions": [
                "10:43:50.706 [main] INFO org.evosuite.runtime.instrumentation.EvoClassLoader - Seeing class for first time: com.google.javascript.rhino.head.VMBridge_custom",
                "10:43:50.729 [main] INFO org.evosuite.runtime.instrumentation.EvoClassLoader - Seeing class for first time: com.google.javascript.rhino.head.VMBridge_custom"
            ],
            "failing_lines": []
        },
        {
            "patch": "/home/mmartinez/xTestCluster/Patches/Patches_Wang902/Patches_ICSE/Doverfitting/kPAR/Closure/patch1-Closure-126-kPAR-plausible.patch",
            "test": "test_from_WangICSE_patch1-Closure-126-Arja",
            "failing": 0,
            "testrun": 15,
            "failings": [],
            "status": "ok",
            "test_executed": [
                "com.google.javascript.jscomp.MinimizeExitPoints_ESTest"
            ],
            "failing_assertions": [],
            "failing_lines": []
        },
        {
            "patch": "/home/mmartinez/xTestCluster/Patches/Patches_Wang902/Patches_ICSE/Doverfitting/kPAR/Closure/patch1-Closure-126-kPAR-plausible.patch",
            "test": "test_from_WangICSE_patch1-Closure-126-AVATAR-plausible",
            "failing": 0,
            "testrun": 16,
            "failings": [],
            "status": "ok",
            "test_executed": [
                "com.google.javascript.jscomp.MinimizeExitPoints_ESTest"
            ],
            "failing_assertions": [],
            "failing_lines": []
        },
        {
            "patch": "/home/mmartinez/xTestCluster/Patches/Patches_Wang902/Patches_ICSE/Doverfitting/kPAR/Closure/patch1-Closure-126-kPAR-plausible.patch",
            "test": "test_from_WangICSE_patch1-Closure-126-RSRepair",
            "failing": 0,
            "testrun": 14,
            "failings": [
                "Error",
                "Error"
            ],
            "status": "ok",
            "test_executed": [
                "com.google.javascript.jscomp.MinimizeExitPoints_ESTest"
            ],
            "failing_assertions": [
                "10:44:03.574 [main] INFO org.evosuite.runtime.instrumentation.EvoClassLoader - Seeing class for first time: com.google.javascript.rhino.head.VMBridge_custom",
                "10:44:03.597 [main] INFO org.evosuite.runtime.instrumentation.EvoClassLoader - Seeing class for first time: com.google.javascript.rhino.head.VMBridge_custom"
            ],
            "failing_lines": []
        },
        {
            "patch": "/home/mmartinez/xTestCluster/Patches/Patches_Wang902/Patches_ICSE/Doverfitting/kPAR/Closure/patch1-Closure-126-kPAR-plausible.patch",
            "test": "test_from_WangDRR_patch1-Closure-126-Jaid",
            "failing": 0,
            "testrun": 15,
            "failings": [
                "Error"
            ],
            "status": "ok",
            "test_executed": [
                "com.google.javascript.jscomp.MinimizeExitPoints_ESTest"
            ],
            "failing_assertions": [
                "10:44:07.625 [main] INFO org.evosuite.runtime.instrumentation.EvoClassLoader - Seeing class for first time: com.google.javascript.rhino.head.VMBridge_custom"
            ],
            "failing_lines": []
        },
        {
            "patch": "/home/mmartinez/xTestCluster/Patches/Patches_Wang902/Patches_ICSE/Doverfitting/kPAR/Closure/patch1-Closure-126-kPAR-plausible.patch",
            "test": "test_from_WangICSE_patch1-Closure-126-Kali",
            "failing": 0,
            "testrun": 16,
            "failings": [
                "Error",
                "Error"
            ],
            "status": "ok",
            "test_executed": [
                "com.google.javascript.jscomp.MinimizeExitPoints_ESTest"
            ],
            "failing_assertions": [
                "10:44:11.482 [main] INFO org.evosuite.runtime.instrumentation.EvoClassLoader - Seeing class for first time: com.google.javascript.rhino.head.VMBridge_custom",
                "10:44:11.606 [main] INFO org.evosuite.runtime.instrumentation.EvoClassLoader - Seeing class for first time: com.google.javascript.rhino.head.VMBridge_custom"
            ],
            "failing_lines": []
        }
    ],
    "duration": 76.77
}