{
    "patch": "/home/mmartinez/xTestCluster/Patches/Patches_Wang902/Patches_ICSE/Doverfitting/Kali/Closure/patch1-Closure-129-Kali-plausible.patch",
    "project": "Closure",
    "bugid": "129",
    "dataset": "Patches_ICSE",
    "date": "2022-12-16T03:43:19.277464",
    "project_checked": "ok",
    "compiledProjectModified": "ok",
    "patchApplied": "ok",
    "arrive_end": "ok",
    "patched_project_pass_all_test": "no",
    "test_execution": [
        {
            "patch": "/home/mmartinez/xTestCluster/Patches/Patches_Wang902/Patches_ICSE/Doverfitting/Kali/Closure/patch1-Closure-129-Kali-plausible.patch",
            "test": "test_from_WangICSE_patch1-Closure-129-FixMiner-plausible",
            "failing": 0,
            "testrun": 319,
            "failings": [],
            "status": "ok",
            "test_executed": [
                "com.google.javascript.rhino.Node_ESTest"
            ],
            "failing_assertions": [],
            "failing_lines": []
        },
        {
            "patch": "/home/mmartinez/xTestCluster/Patches/Patches_Wang902/Patches_ICSE/Doverfitting/Kali/Closure/patch1-Closure-129-Kali-plausible.patch",
            "test": "test_from_WangICSE_patch1-Closure-129-Kali-plausible",
            "failing": 0,
            "testrun": 315,
            "failings": [],
            "status": "ok",
            "test_executed": [
                "com.google.javascript.rhino.Node_ESTest"
            ],
            "failing_assertions": [],
            "failing_lines": []
        },
        {
            "patch": "/home/mmartinez/xTestCluster/Patches/Patches_Wang902/Patches_ICSE/Doverfitting/Kali/Closure/patch1-Closure-129-Kali-plausible.patch",
            "test": "test_from_WangICSE_patch1-Closure-129-Arja-plausible",
            "failing": 0,
            "testrun": 367,
            "failings": [],
            "status": "ok",
            "test_executed": [
                "com.google.javascript.rhino.Node_ESTest"
            ],
            "failing_assertions": [],
            "failing_lines": []
        }
    ],
    "duration": 51.75
}