{
    "patch": "/home/mmartinez/xTestCluster/Patches/Patches_Wang902/Patches_ICSE/Doverfitting/RSRepair/Closure/patch1-Closure-121-RSRepair-plausible.patch",
    "project": "Closure",
    "bugid": "121",
    "dataset": "Patches_ICSE",
    "date": "2022-12-16T04:54:11.840186",
    "project_checked": "ok",
    "compiledProjectModified": "ok",
    "patchApplied": "ok",
    "arrive_end": "ok",
    "patched_project_pass_all_test": "no",
    "test_execution": [
        {
            "patch": "/home/mmartinez/xTestCluster/Patches/Patches_Wang902/Patches_ICSE/Doverfitting/RSRepair/Closure/patch1-Closure-121-RSRepair-plausible.patch",
            "test": "test_from_WangICSE_patch1-Closure-121-RSRepair-plausible",
            "failing": 0,
            "testrun": 3,
            "failings": [],
            "status": "ok",
            "test_executed": [
                "com.google.javascript.jscomp.InlineVariables_ESTest"
            ],
            "failing_assertions": [],
            "failing_lines": []
        },
        {
            "patch": "/home/mmartinez/xTestCluster/Patches/Patches_Wang902/Patches_ICSE/Doverfitting/RSRepair/Closure/patch1-Closure-121-RSRepair-plausible.patch",
            "test": "test_from_WangICSE_patch1-Closure-121-Kali-plausible",
            "failing": 0,
            "testrun": 323,
            "failings": [],
            "status": "ok",
            "test_executed": [
                "com.google.javascript.rhino.Node_ESTest"
            ],
            "failing_assertions": [],
            "failing_lines": []
        },
        {
            "patch": "/home/mmartinez/xTestCluster/Patches/Patches_Wang902/Patches_ICSE/Doverfitting/RSRepair/Closure/patch1-Closure-121-RSRepair-plausible.patch",
            "test": "test_from_WangICSE_patch1-Closure-121-Arja-plausible",
            "failing": 0,
            "testrun": 8,
            "failings": [],
            "status": "ok",
            "test_executed": [
                "com.google.javascript.jscomp.GlobalVarReferenceMap_ESTest"
            ],
            "failing_assertions": [],
            "failing_lines": []
        }
    ],
    "duration": 41.15
}