{
    "patch": "/home/mmartinez/xTestCluster/Patches/Patches_Wang902/Patches_others/Doverfitting/Jaid/Math/patch4-Math-85-Jaid-plausible.patch",
    "project": "Math",
    "bugid": "85",
    "dataset": "Patches_others",
    "date": "2022-12-16T01:10:24.472924",
    "project_checked": "ok",
    "compiledProjectModified": "ok",
    "patchApplied": "ok",
    "arrive_end": "ok",
    "patched_project_pass_all_test": "no",
    "test_execution": [
        {
            "patch": "/home/mmartinez/xTestCluster/Patches/Patches_Wang902/Patches_others/Doverfitting/Jaid/Math/patch4-Math-85-Jaid-plausible.patch",
            "test": "test_from_WangDRR_patch2-Math-85-CapGen-plausible",
            "failing": 1,
            "testrun": 31,
            "failings": [
                "test16(org.apache.commons.math.analysis.solvers.UnivariateRealSolverUtils_ESTest)"
            ],
            "status": "ok",
            "test_executed": [
                "org.apache.commons.math.analysis.solvers.UnivariateRealSolverUtils_ESTest"
            ],
            "failing_assertions": [
                "java.lang.AssertionError: Expecting exception: Exception"
            ],
            "failing_lines": [
                [
                    "org.apache.commons.math.analysis.solvers.UnivariateRealSolverUtils_ESTest.test16(UnivariateRealSolverUtils_ESTest.java:216)"
                ]
            ]
        },
        {
            "patch": "/home/mmartinez/xTestCluster/Patches/Patches_Wang902/Patches_others/Doverfitting/Jaid/Math/patch4-Math-85-Jaid-plausible.patch",
            "test": "test_from_WangICSE_patch1-Math-85-jMutRepair",
            "failing": 2,
            "testrun": 28,
            "failings": [
                "test15(org.apache.commons.math.analysis.solvers.UnivariateRealSolverUtils_ESTest)",
                "test20(org.apache.commons.math.analysis.solvers.UnivariateRealSolverUtils_ESTest)"
            ],
            "status": "ok",
            "test_executed": [
                "org.apache.commons.math.analysis.solvers.UnivariateRealSolverUtils_ESTest"
            ],
            "failing_assertions": [
                "java.lang.AssertionError: Expecting exception: Exception",
                "java.lang.AssertionError: Expecting exception: Exception"
            ],
            "failing_lines": [
                [
                    "org.apache.commons.math.analysis.solvers.UnivariateRealSolverUtils_ESTest.test15(UnivariateRealSolverUtils_ESTest.java:188)"
                ],
                [
                    "org.apache.commons.math.analysis.solvers.UnivariateRealSolverUtils_ESTest.test20(UnivariateRealSolverUtils_ESTest.java:271)"
                ]
            ]
        },
        {
            "patch": "/home/mmartinez/xTestCluster/Patches/Patches_Wang902/Patches_others/Doverfitting/Jaid/Math/patch4-Math-85-Jaid-plausible.patch",
            "test": "test_from_WangDRR_patch1-Math-85-CapGen",
            "failing": 2,
            "testrun": 28,
            "failings": [
                "test16(org.apache.commons.math.analysis.solvers.UnivariateRealSolverUtils_ESTest)",
                "test22(org.apache.commons.math.analysis.solvers.UnivariateRealSolverUtils_ESTest)"
            ],
            "status": "ok",
            "test_executed": [
                "org.apache.commons.math.analysis.solvers.UnivariateRealSolverUtils_ESTest"
            ],
            "failing_assertions": [
                "java.lang.AssertionError: Expecting exception: Exception",
                "java.lang.AssertionError: Expecting exception: Exception"
            ],
            "failing_lines": [
                [
                    "org.apache.commons.math.analysis.solvers.UnivariateRealSolverUtils_ESTest.test16(UnivariateRealSolverUtils_ESTest.java:198)"
                ],
                [
                    "org.apache.commons.math.analysis.solvers.UnivariateRealSolverUtils_ESTest.test22(UnivariateRealSolverUtils_ESTest.java:296)"
                ]
            ]
        },
        {
            "patch": "/home/mmartinez/xTestCluster/Patches/Patches_Wang902/Patches_others/Doverfitting/Jaid/Math/patch4-Math-85-Jaid-plausible.patch",
            "test": "test_from_WangDRR_patch12-Math-85-SequenceR",
            "failing": 2,
            "testrun": 28,
            "failings": [
                "test17(org.apache.commons.math.analysis.solvers.UnivariateRealSolverUtils_ESTest)",
                "test22(org.apache.commons.math.analysis.solvers.UnivariateRealSolverUtils_ESTest)"
            ],
            "status": "ok",
            "test_executed": [
                "org.apache.commons.math.analysis.solvers.UnivariateRealSolverUtils_ESTest"
            ],
            "failing_assertions": [
                "java.lang.AssertionError: Expecting exception: Exception",
                "java.lang.AssertionError: Expecting exception: Exception"
            ],
            "failing_lines": [
                [
                    "org.apache.commons.math.analysis.solvers.UnivariateRealSolverUtils_ESTest.test17(UnivariateRealSolverUtils_ESTest.java:214)"
                ],
                [
                    "org.apache.commons.math.analysis.solvers.UnivariateRealSolverUtils_ESTest.test22(UnivariateRealSolverUtils_ESTest.java:297)"
                ]
            ]
        },
        {
            "patch": "/home/mmartinez/xTestCluster/Patches/Patches_Wang902/Patches_others/Doverfitting/Jaid/Math/patch4-Math-85-Jaid-plausible.patch",
            "test": "test_from_WangDRR_patch17-Math-85-SequenceR",
            "failing": 3,
            "testrun": 31,
            "failings": [
                "test18(org.apache.commons.math.analysis.solvers.UnivariateRealSolverUtils_ESTest)",
                "test21(org.apache.commons.math.analysis.solvers.UnivariateRealSolverUtils_ESTest)",
                "test22(org.apache.commons.math.analysis.solvers.UnivariateRealSolverUtils_ESTest)"
            ],
            "status": "ok",
            "test_executed": [
                "org.apache.commons.math.analysis.solvers.UnivariateRealSolverUtils_ESTest"
            ],
            "failing_assertions": [
                "java.lang.AssertionError: Expecting exception: Exception",
                "org.apache.commons.math.ConvergenceException: number of iterations=228, maximum iterations=228, initial=0, lower bound=-1,729.948, upper bound=1, final a value=-228, final b value=1, f(a)=1, f(b)=1",
                "java.lang.AssertionError: Expecting exception: Exception"
            ],
            "failing_lines": [
                [
                    "org.apache.commons.math.analysis.solvers.UnivariateRealSolverUtils_ESTest.test18(UnivariateRealSolverUtils_ESTest.java:243)"
                ],
                [
                    "org.apache.commons.math.analysis.solvers.UnivariateRealSolverUtils_ESTest.test21(UnivariateRealSolverUtils_ESTest.java:284)"
                ],
                [
                    "org.apache.commons.math.analysis.solvers.UnivariateRealSolverUtils_ESTest.test22(UnivariateRealSolverUtils_ESTest.java:295)"
                ]
            ]
        },
        {
            "patch": "/home/mmartinez/xTestCluster/Patches/Patches_Wang902/Patches_others/Doverfitting/Jaid/Math/patch4-Math-85-Jaid-plausible.patch",
            "test": "test_from_WangDRR_patch4-Math-85-SequenceR",
            "failing": 3,
            "testrun": 30,
            "failings": [
                "test21(org.apache.commons.math.analysis.solvers.UnivariateRealSolverUtils_ESTest)",
                "test00(org.apache.commons.math.analysis.solvers.UnivariateRealSolverUtils_ESTest)",
                "test01(org.apache.commons.math.analysis.solvers.UnivariateRealSolverUtils_ESTest)"
            ],
            "status": "ok",
            "test_executed": [
                "org.apache.commons.math.analysis.solvers.UnivariateRealSolverUtils_ESTest"
            ],
            "failing_assertions": [
                "org.apache.commons.math.ConvergenceException: number of iterations=14, maximum iterations=14, initial=-2,581.483, lower bound=-2,581.483, upper bound=14, final a value=-2,581.483, final b value=-2,567.483, f(a)=-1,604,998,515,534,277,890, f(b)=-1,561,946,566,931,211,260",
                "java.lang.AssertionError: Expecting exception: Exception",
                "java.lang.AssertionError: Expecting exception: Exception"
            ],
            "failing_lines": [
                [
                    "org.apache.commons.math.analysis.solvers.UnivariateRealSolverUtils_ESTest.test21(UnivariateRealSolverUtils_ESTest.java:284)"
                ],
                [
                    "org.apache.commons.math.analysis.solvers.UnivariateRealSolverUtils_ESTest.test00(UnivariateRealSolverUtils_ESTest.java:31)"
                ],
                [
                    "org.apache.commons.math.analysis.solvers.UnivariateRealSolverUtils_ESTest.test01(UnivariateRealSolverUtils_ESTest.java:47)"
                ]
            ]
        },
        {
            "patch": "/home/mmartinez/xTestCluster/Patches/Patches_Wang902/Patches_others/Doverfitting/Jaid/Math/patch4-Math-85-Jaid-plausible.patch",
            "test": "test_from_WangDRR_patch11-Math-85-SequenceR",
            "failing": 2,
            "testrun": 28,
            "failings": [
                "test16(org.apache.commons.math.analysis.solvers.UnivariateRealSolverUtils_ESTest)",
                "test22(org.apache.commons.math.analysis.solvers.UnivariateRealSolverUtils_ESTest)"
            ],
            "status": "ok",
            "test_executed": [
                "org.apache.commons.math.analysis.solvers.UnivariateRealSolverUtils_ESTest"
            ],
            "failing_assertions": [
                "java.lang.AssertionError: Expecting exception: Exception",
                "java.lang.AssertionError: Expecting exception: Exception"
            ],
            "failing_lines": [
                [
                    "org.apache.commons.math.analysis.solvers.UnivariateRealSolverUtils_ESTest.test16(UnivariateRealSolverUtils_ESTest.java:188)"
                ],
                [
                    "org.apache.commons.math.analysis.solvers.UnivariateRealSolverUtils_ESTest.test22(UnivariateRealSolverUtils_ESTest.java:288)"
                ]
            ]
        },
        {
            "patch": "/home/mmartinez/xTestCluster/Patches/Patches_Wang902/Patches_others/Doverfitting/Jaid/Math/patch4-Math-85-Jaid-plausible.patch",
            "test": "test_from_WangDRR_patch1-Math-85-SequenceR",
            "failing": 1,
            "testrun": 28,
            "failings": [
                "test17(org.apache.commons.math.analysis.solvers.UnivariateRealSolverUtils_ESTest)"
            ],
            "status": "ok",
            "test_executed": [
                "org.apache.commons.math.analysis.solvers.UnivariateRealSolverUtils_ESTest"
            ],
            "failing_assertions": [
                "java.lang.AssertionError: Expecting exception: Exception"
            ],
            "failing_lines": [
                [
                    "org.apache.commons.math.analysis.solvers.UnivariateRealSolverUtils_ESTest.test17(UnivariateRealSolverUtils_ESTest.java:221)"
                ]
            ]
        },
        {
            "patch": "/home/mmartinez/xTestCluster/Patches/Patches_Wang902/Patches_others/Doverfitting/Jaid/Math/patch4-Math-85-Jaid-plausible.patch",
            "test": "test_from_WangICSE_patch1-Math-85-ACS",
            "failing": 1,
            "testrun": 28,
            "failings": [
                "test16(org.apache.commons.math.analysis.solvers.UnivariateRealSolverUtils_ESTest)"
            ],
            "status": "ok",
            "test_executed": [
                "org.apache.commons.math.analysis.solvers.UnivariateRealSolverUtils_ESTest"
            ],
            "failing_assertions": [
                "java.lang.AssertionError: Expecting exception: Exception"
            ],
            "failing_lines": [
                [
                    "org.apache.commons.math.analysis.solvers.UnivariateRealSolverUtils_ESTest.test16(UnivariateRealSolverUtils_ESTest.java:206)"
                ]
            ]
        },
        {
            "patch": "/home/mmartinez/xTestCluster/Patches/Patches_Wang902/Patches_others/Doverfitting/Jaid/Math/patch4-Math-85-Jaid-plausible.patch",
            "test": "test_from_WangDRR_patch3-Math-85-CapGen-plausible",
            "failing": 3,
            "testrun": 28,
            "failings": [
                "test18(org.apache.commons.math.analysis.solvers.UnivariateRealSolverUtils_ESTest)",
                "test22(org.apache.commons.math.analysis.solvers.UnivariateRealSolverUtils_ESTest)",
                "test01(org.apache.commons.math.analysis.solvers.UnivariateRealSolverUtils_ESTest)"
            ],
            "status": "ok",
            "test_executed": [
                "org.apache.commons.math.analysis.solvers.UnivariateRealSolverUtils_ESTest"
            ],
            "failing_assertions": [
                "java.lang.AssertionError: Expecting exception: Exception",
                "org.apache.commons.math.ConvergenceException: number of iterations=6, maximum iterations=6, initial=2,253.2, lower bound=6, upper bound=2,253.2, final a value=2,247.2, final b value=2,253.2, f(a)=2,253.2, f(b)=2,253.2",
                "java.lang.AssertionError: Expecting exception: Exception"
            ],
            "failing_lines": [
                [
                    "org.apache.commons.math.analysis.solvers.UnivariateRealSolverUtils_ESTest.test18(UnivariateRealSolverUtils_ESTest.java:224)"
                ],
                [
                    "org.apache.commons.math.analysis.solvers.UnivariateRealSolverUtils_ESTest.test22(UnivariateRealSolverUtils_ESTest.java:286)"
                ],
                [
                    "org.apache.commons.math.analysis.solvers.UnivariateRealSolverUtils_ESTest.test01(UnivariateRealSolverUtils_ESTest.java:40)"
                ]
            ]
        },
        {
            "patch": "/home/mmartinez/xTestCluster/Patches/Patches_Wang902/Patches_others/Doverfitting/Jaid/Math/patch4-Math-85-Jaid-plausible.patch",
            "test": "test_from_WangDRR_patch1-Math-85-Jaid",
            "failing": 1,
            "testrun": 28,
            "failings": [
                "test17(org.apache.commons.math.analysis.solvers.UnivariateRealSolverUtils_ESTest)"
            ],
            "status": "ok",
            "test_executed": [
                "org.apache.commons.math.analysis.solvers.UnivariateRealSolverUtils_ESTest"
            ],
            "failing_assertions": [
                "java.lang.AssertionError: Expecting exception: Exception"
            ],
            "failing_lines": [
                [
                    "org.apache.commons.math.analysis.solvers.UnivariateRealSolverUtils_ESTest.test17(UnivariateRealSolverUtils_ESTest.java:221)"
                ]
            ]
        },
        {
            "patch": "/home/mmartinez/xTestCluster/Patches/Patches_Wang902/Patches_others/Doverfitting/Jaid/Math/patch4-Math-85-Jaid-plausible.patch",
            "test": "test_from_WangDRR_patch10-Math-85-SequenceR",
            "failing": 1,
            "testrun": 29,
            "failings": [
                "test20(org.apache.commons.math.analysis.solvers.UnivariateRealSolverUtils_ESTest)"
            ],
            "status": "ok",
            "test_executed": [
                "org.apache.commons.math.analysis.solvers.UnivariateRealSolverUtils_ESTest"
            ],
            "failing_assertions": [
                "java.lang.AssertionError: Expecting exception: Exception"
            ],
            "failing_lines": [
                [
                    "org.apache.commons.math.analysis.solvers.UnivariateRealSolverUtils_ESTest.test20(UnivariateRealSolverUtils_ESTest.java:278)"
                ]
            ]
        },
        {
            "patch": "/home/mmartinez/xTestCluster/Patches/Patches_Wang902/Patches_others/Doverfitting/Jaid/Math/patch4-Math-85-Jaid-plausible.patch",
            "test": "test_from_WangICSE_patch1-Math-85-DynaMoth-plausible",
            "failing": 1,
            "testrun": 29,
            "failings": [
                "test22(org.apache.commons.math.analysis.solvers.UnivariateRealSolverUtils_ESTest)"
            ],
            "status": "ok",
            "test_executed": [
                "org.apache.commons.math.analysis.solvers.UnivariateRealSolverUtils_ESTest"
            ],
            "failing_assertions": [
                "org.apache.commons.math.ConvergenceException: number of iterations=1, maximum iterations=1, initial=\\xe2\\x88\\x9e, lower bound=1, upper bound=\\xe2\\x88\\x9e, final a value=\\xe2\\x88\\x9e, final b value=\\xe2\\x88\\x9e, f(a)=\\xe2\\x88\\x9e, f(b)=\\xe2\\x88\\x9e"
            ],
            "failing_lines": [
                [
                    "org.apache.commons.math.analysis.solvers.UnivariateRealSolverUtils_ESTest.test22(UnivariateRealSolverUtils_ESTest.java:295)"
                ]
            ]
        },
        {
            "patch": "/home/mmartinez/xTestCluster/Patches/Patches_Wang902/Patches_others/Doverfitting/Jaid/Math/patch4-Math-85-Jaid-plausible.patch",
            "test": "test_from_WangDRR_patch8-Math-85-SequenceR",
            "failing": 1,
            "testrun": 30,
            "failings": [
                "test22(org.apache.commons.math.analysis.solvers.UnivariateRealSolverUtils_ESTest)"
            ],
            "status": "ok",
            "test_executed": [
                "org.apache.commons.math.analysis.solvers.UnivariateRealSolverUtils_ESTest"
            ],
            "failing_assertions": [
                "org.apache.commons.math.ConvergenceException: number of iterations=5, maximum iterations=5, initial=1,537.769, lower bound=5, upper bound=1,537.769, final a value=1,532.769, final b value=1,537.769, f(a)=1,537.769, f(b)=1,537.769"
            ],
            "failing_lines": [
                [
                    "org.apache.commons.math.analysis.solvers.UnivariateRealSolverUtils_ESTest.test22(UnivariateRealSolverUtils_ESTest.java:289)"
                ]
            ]
        },
        {
            "patch": "/home/mmartinez/xTestCluster/Patches/Patches_Wang902/Patches_others/Doverfitting/Jaid/Math/patch4-Math-85-Jaid-plausible.patch",
            "test": "test_from_WangDRR_patch3-Math-85-Jaid-plausible",
            "failing": 1,
            "testrun": 29,
            "failings": [
                "test24(org.apache.commons.math.analysis.solvers.UnivariateRealSolverUtils_ESTest)"
            ],
            "status": "ok",
            "test_executed": [
                "org.apache.commons.math.analysis.solvers.UnivariateRealSolverUtils_ESTest"
            ],
            "failing_assertions": [
                "org.apache.commons.math.ConvergenceException: number of iterations=3, maximum iterations=3, initial=0.683, lower bound=0.683, upper bound=3, final a value=0.683, final b value=3, f(a)=0.07, f(b)=498.091"
            ],
            "failing_lines": [
                [
                    "org.apache.commons.math.analysis.solvers.UnivariateRealSolverUtils_ESTest.test24(UnivariateRealSolverUtils_ESTest.java:333)"
                ]
            ]
        },
        {
            "patch": "/home/mmartinez/xTestCluster/Patches/Patches_Wang902/Patches_others/Doverfitting/Jaid/Math/patch4-Math-85-Jaid-plausible.patch",
            "test": "test_from_WangICSE_patch1-Math-85-Cardumen-plausible",
            "failing": 4,
            "testrun": 30,
            "failings": [
                "test03(org.apache.commons.math.distribution.NormalDistributionImpl_ESTest)",
                "test01(org.apache.commons.math.distribution.NormalDistributionImpl_ESTest)",
                "test23(org.apache.commons.math.distribution.NormalDistributionImpl_ESTest)",
                "test11(org.apache.commons.math.distribution.NormalDistributionImpl_ESTest)"
            ],
            "status": "ok",
            "test_executed": [
                "org.apache.commons.math.distribution.NormalDistributionImpl_ESTest"
            ],
            "failing_assertions": [
                "java.lang.AssertionError: expected:<0.0> but was:<0.5>",
                "java.lang.AssertionError: expected:<NaN> but was:<Infinity>",
                "java.lang.AssertionError: expected:<2.0> but was:<0.19477554405658723>",
                "java.lang.AssertionError: expected:<0.0> but was:<2112.3341264550177>"
            ],
            "failing_lines": [
                [
                    "org.apache.commons.math.distribution.NormalDistributionImpl_ESTest.test03(NormalDistributionImpl_ESTest.java:58)"
                ],
                [
                    "org.apache.commons.math.distribution.NormalDistributionImpl_ESTest.test01(NormalDistributionImpl_ESTest.java:31)"
                ],
                [
                    "org.apache.commons.math.distribution.NormalDistributionImpl_ESTest.test23(NormalDistributionImpl_ESTest.java:238)"
                ],
                [
                    "org.apache.commons.math.distribution.NormalDistributionImpl_ESTest.test11(NormalDistributionImpl_ESTest.java:124)"
                ]
            ]
        },
        {
            "patch": "/home/mmartinez/xTestCluster/Patches/Patches_Wang902/Patches_others/Doverfitting/Jaid/Math/patch4-Math-85-Jaid-plausible.patch",
            "test": "test_from_WangDRR_patch13-Math-85-SequenceR",
            "failing": 3,
            "testrun": 31,
            "failings": [
                "test17(org.apache.commons.math.analysis.solvers.UnivariateRealSolverUtils_ESTest)",
                "test18(org.apache.commons.math.analysis.solvers.UnivariateRealSolverUtils_ESTest)",
                "test16(org.apache.commons.math.analysis.solvers.UnivariateRealSolverUtils_ESTest)"
            ],
            "status": "ok",
            "test_executed": [
                "org.apache.commons.math.analysis.solvers.UnivariateRealSolverUtils_ESTest"
            ],
            "failing_assertions": [
                "org.apache.commons.math.ConvergenceException: number of iterations=1, maximum iterations=1, initial=0, lower bound=0, upper bound=1, final a value=0, final b value=1, f(a)=0, f(b)=0",
                "java.lang.AssertionError: Expecting exception: Exception",
                "java.lang.AssertionError: Expecting exception: Exception"
            ],
            "failing_lines": [
                [
                    "org.apache.commons.math.analysis.solvers.UnivariateRealSolverUtils_ESTest.test17(UnivariateRealSolverUtils_ESTest.java:226)"
                ],
                [
                    "org.apache.commons.math.analysis.solvers.UnivariateRealSolverUtils_ESTest.test18(UnivariateRealSolverUtils_ESTest.java:237)"
                ],
                [
                    "org.apache.commons.math.analysis.solvers.UnivariateRealSolverUtils_ESTest.test16(UnivariateRealSolverUtils_ESTest.java:212)"
                ]
            ]
        },
        {
            "patch": "/home/mmartinez/xTestCluster/Patches/Patches_Wang902/Patches_others/Doverfitting/Jaid/Math/patch4-Math-85-Jaid-plausible.patch",
            "test": "test_from_WangICSE_patch1-Math-85-jGenProg-plausible",
            "failing": 1,
            "testrun": 29,
            "failings": [
                "test21(org.apache.commons.math.analysis.solvers.UnivariateRealSolverUtils_ESTest)"
            ],
            "status": "ok",
            "test_executed": [
                "org.apache.commons.math.analysis.solvers.UnivariateRealSolverUtils_ESTest"
            ],
            "failing_assertions": [
                "org.apache.commons.math.ConvergenceException: number of iterations=3, maximum iterations=3, initial=3, lower bound=-2.014, upper bound=3, final a value=0, final b value=3, f(a)=-2.014, f(b)=-2.014"
            ],
            "failing_lines": [
                [
                    "org.apache.commons.math.analysis.solvers.UnivariateRealSolverUtils_ESTest.test21(UnivariateRealSolverUtils_ESTest.java:278)"
                ]
            ]
        },
        {
            "patch": "/home/mmartinez/xTestCluster/Patches/Patches_Wang902/Patches_others/Doverfitting/Jaid/Math/patch4-Math-85-Jaid-plausible.patch",
            "test": "test_from_WangDRR_patch14-Math-85-SequenceR",
            "failing": 1,
            "testrun": 30,
            "failings": [
                "test22(org.apache.commons.math.analysis.solvers.UnivariateRealSolverUtils_ESTest)"
            ],
            "status": "ok",
            "test_executed": [
                "org.apache.commons.math.analysis.solvers.UnivariateRealSolverUtils_ESTest"
            ],
            "failing_assertions": [
                "org.apache.commons.math.ConvergenceException: number of iterations=6, maximum iterations=6, initial=-2,179.478, lower bound=\\xef\\xbf\\xbd, upper bound=636.6, final a value=\\xef\\xbf\\xbd, final b value=-2,173.478, f(a)=636.6, f(b)=636.6"
            ],
            "failing_lines": [
                [
                    "org.apache.commons.math.analysis.solvers.UnivariateRealSolverUtils_ESTest.test22(UnivariateRealSolverUtils_ESTest.java:301)"
                ]
            ]
        },
        {
            "patch": "/home/mmartinez/xTestCluster/Patches/Patches_Wang902/Patches_others/Doverfitting/Jaid/Math/patch4-Math-85-Jaid-plausible.patch",
            "test": "test_from_WangDRR_patch3-Math-85-SequenceR",
            "failing": 2,
            "testrun": 31,
            "failings": [
                "test17(org.apache.commons.math.analysis.solvers.UnivariateRealSolverUtils_ESTest)",
                "test22(org.apache.commons.math.analysis.solvers.UnivariateRealSolverUtils_ESTest)"
            ],
            "status": "ok",
            "test_executed": [
                "org.apache.commons.math.analysis.solvers.UnivariateRealSolverUtils_ESTest"
            ],
            "failing_assertions": [
                "java.lang.AssertionError: Expecting exception: Exception",
                "java.lang.AssertionError: Expecting exception: Exception"
            ],
            "failing_lines": [
                [
                    "org.apache.commons.math.analysis.solvers.UnivariateRealSolverUtils_ESTest.test17(UnivariateRealSolverUtils_ESTest.java:236)"
                ],
                [
                    "org.apache.commons.math.analysis.solvers.UnivariateRealSolverUtils_ESTest.test22(UnivariateRealSolverUtils_ESTest.java:317)"
                ]
            ]
        },
        {
            "patch": "/home/mmartinez/xTestCluster/Patches/Patches_Wang902/Patches_others/Doverfitting/Jaid/Math/patch4-Math-85-Jaid-plausible.patch",
            "test": "test_from_WangDRR_patch5-Math-85-SequenceR",
            "failing": 2,
            "testrun": 31,
            "failings": [
                "test02(org.apache.commons.math.analysis.solvers.UnivariateRealSolverUtils_ESTest)",
                "test22(org.apache.commons.math.analysis.solvers.UnivariateRealSolverUtils_ESTest)"
            ],
            "status": "ok",
            "test_executed": [
                "org.apache.commons.math.analysis.solvers.UnivariateRealSolverUtils_ESTest"
            ],
            "failing_assertions": [
                "java.lang.AssertionError: Expecting exception: Exception",
                "java.lang.AssertionError: Expecting exception: Exception"
            ],
            "failing_lines": [
                [
                    "org.apache.commons.math.analysis.solvers.UnivariateRealSolverUtils_ESTest.test02(UnivariateRealSolverUtils_ESTest.java:45)"
                ],
                [
                    "org.apache.commons.math.analysis.solvers.UnivariateRealSolverUtils_ESTest.test22(UnivariateRealSolverUtils_ESTest.java:305)"
                ]
            ]
        },
        {
            "patch": "/home/mmartinez/xTestCluster/Patches/Patches_Wang902/Patches_others/Doverfitting/Jaid/Math/patch4-Math-85-Jaid-plausible.patch",
            "test": "test_from_WangICSE_patch1-Math-85-GenProg-plausible",
            "failing": 1,
            "testrun": 37,
            "failings": [
                "test24(org.apache.commons.math.analysis.solvers.UnivariateRealSolverUtils_ESTest)"
            ],
            "status": "ok",
            "test_executed": [
                "org.apache.commons.math.analysis.solvers.UnivariateRealSolverUtils_ESTest",
                "org.apache.commons.math.distribution.AbstractContinuousDistribution_ESTest"
            ],
            "failing_assertions": [
                "org.apache.commons.math.ConvergenceException: number of iterations=2, maximum iterations=2, initial=-54.649, lower bound=-54.649, upper bound=-13.953, final a value=-54.649, final b value=-52.649, f(a)=2,741.612, f(b)=2,741.612"
            ],
            "failing_lines": [
                [
                    "org.apache.commons.math.analysis.solvers.UnivariateRealSolverUtils_ESTest.test24(UnivariateRealSolverUtils_ESTest.java:315)"
                ]
            ]
        },
        {
            "patch": "/home/mmartinez/xTestCluster/Patches/Patches_Wang902/Patches_others/Doverfitting/Jaid/Math/patch4-Math-85-Jaid-plausible.patch",
            "test": "test_from_WangDRR_patch6-Math-85-SequenceR",
            "failing": 2,
            "testrun": 28,
            "failings": [
                "test19(org.apache.commons.math.analysis.solvers.UnivariateRealSolverUtils_ESTest)",
                "test21(org.apache.commons.math.analysis.solvers.UnivariateRealSolverUtils_ESTest)"
            ],
            "status": "ok",
            "test_executed": [
                "org.apache.commons.math.analysis.solvers.UnivariateRealSolverUtils_ESTest"
            ],
            "failing_assertions": [
                "java.lang.AssertionError: Expecting exception: Exception",
                "org.apache.commons.math.ConvergenceException: number of iterations=351, maximum iterations=351, initial=6, lower bound=-1,137.903, upper bound=2,351.739, final a value=-345, final b value=357, f(a)=-1,137.903, f(b)=-1,137.903"
            ],
            "failing_lines": [
                [
                    "org.apache.commons.math.analysis.solvers.UnivariateRealSolverUtils_ESTest.test19(UnivariateRealSolverUtils_ESTest.java:241)"
                ],
                [
                    "org.apache.commons.math.analysis.solvers.UnivariateRealSolverUtils_ESTest.test21(UnivariateRealSolverUtils_ESTest.java:265)"
                ]
            ]
        },
        {
            "patch": "/home/mmartinez/xTestCluster/Patches/Patches_Wang902/Patches_others/Doverfitting/Jaid/Math/patch4-Math-85-Jaid-plausible.patch",
            "test": "test_from_WangICSE_patch1-Math-85-Arja-plausible",
            "failing": 1,
            "testrun": 30,
            "failings": [
                "test24(org.apache.commons.math.analysis.solvers.UnivariateRealSolverUtils_ESTest)"
            ],
            "status": "ok",
            "test_executed": [
                "org.apache.commons.math.analysis.solvers.UnivariateRealSolverUtils_ESTest"
            ],
            "failing_assertions": [
                "org.apache.commons.math.ConvergenceException: number of iterations=1,349, maximum iterations=1,349, initial=1,438.298, lower bound=1,438.298, upper bound=4,212.285, final a value=1,438.298, final b value=2,787.298, f(a)=2,068,700.309, f(b)=4,008,963.923"
            ],
            "failing_lines": [
                [
                    "org.apache.commons.math.analysis.solvers.UnivariateRealSolverUtils_ESTest.test24(UnivariateRealSolverUtils_ESTest.java:320)"
                ]
            ]
        },
        {
            "patch": "/home/mmartinez/xTestCluster/Patches/Patches_Wang902/Patches_others/Doverfitting/Jaid/Math/patch4-Math-85-Jaid-plausible.patch",
            "test": "test_from_WangDRR_patch9-Math-85-SequenceR",
            "failing": 2,
            "testrun": 30,
            "failings": [
                "test15(org.apache.commons.math.analysis.solvers.UnivariateRealSolverUtils_ESTest)",
                "test22(org.apache.commons.math.analysis.solvers.UnivariateRealSolverUtils_ESTest)"
            ],
            "status": "ok",
            "test_executed": [
                "org.apache.commons.math.analysis.solvers.UnivariateRealSolverUtils_ESTest"
            ],
            "failing_assertions": [
                "java.lang.AssertionError: Expecting exception: Exception",
                "org.apache.commons.math.ConvergenceException: number of iterations=6, maximum iterations=6, initial=6, lower bound=0.5, upper bound=1,197,079.554, final a value=0.5, final b value=12, f(a)=-1,137.903, f(b)=-1,137.903"
            ],
            "failing_lines": [
                [
                    "org.apache.commons.math.analysis.solvers.UnivariateRealSolverUtils_ESTest.test15(UnivariateRealSolverUtils_ESTest.java:203)"
                ],
                [
                    "org.apache.commons.math.analysis.solvers.UnivariateRealSolverUtils_ESTest.test22(UnivariateRealSolverUtils_ESTest.java:294)"
                ]
            ]
        },
        {
            "patch": "/home/mmartinez/xTestCluster/Patches/Patches_Wang902/Patches_others/Doverfitting/Jaid/Math/patch4-Math-85-Jaid-plausible.patch",
            "test": "test_from_WangDRR_patch15-Math-85-SequenceR",
            "failing": 1,
            "testrun": 29,
            "failings": [
                "test20(org.apache.commons.math.analysis.solvers.UnivariateRealSolverUtils_ESTest)"
            ],
            "status": "ok",
            "test_executed": [
                "org.apache.commons.math.analysis.solvers.UnivariateRealSolverUtils_ESTest"
            ],
            "failing_assertions": [
                "org.apache.commons.math.ConvergenceException: number of iterations=25, maximum iterations=25, initial=-1,137.903, lower bound=-1,137.903, upper bound=25, final a value=-1,137.903, final b value=-1,112.903, f(a)=-1,137.903, f(b)=-1,137.903"
            ],
            "failing_lines": [
                [
                    "org.apache.commons.math.analysis.solvers.UnivariateRealSolverUtils_ESTest.test20(UnivariateRealSolverUtils_ESTest.java:255)"
                ]
            ]
        },
        {
            "patch": "/home/mmartinez/xTestCluster/Patches/Patches_Wang902/Patches_others/Doverfitting/Jaid/Math/patch4-Math-85-Jaid-plausible.patch",
            "test": "test_from_WangDRR_patch2-Math-85-Jaid-plausible",
            "failing": 1,
            "testrun": 30,
            "failings": [
                "test23(org.apache.commons.math.analysis.solvers.UnivariateRealSolverUtils_ESTest)"
            ],
            "status": "ok",
            "test_executed": [
                "org.apache.commons.math.analysis.solvers.UnivariateRealSolverUtils_ESTest"
            ],
            "failing_assertions": [
                "org.apache.commons.math.ConvergenceException: number of iterations=8, maximum iterations=8, initial=636.6, lower bound=0, upper bound=636.6, final a value=628.6, final b value=636.6, f(a)=636.6, f(b)=636.6"
            ],
            "failing_lines": [
                [
                    "org.apache.commons.math.analysis.solvers.UnivariateRealSolverUtils_ESTest.test23(UnivariateRealSolverUtils_ESTest.java:300)"
                ]
            ]
        },
        {
            "patch": "/home/mmartinez/xTestCluster/Patches/Patches_Wang902/Patches_others/Doverfitting/Jaid/Math/patch4-Math-85-Jaid-plausible.patch",
            "test": "test_from_WangDRR_patch16-Math-85-SequenceR",
            "failing": 4,
            "testrun": 31,
            "failings": [
                "test17(org.apache.commons.math.analysis.solvers.UnivariateRealSolverUtils_ESTest)",
                "test30(org.apache.commons.math.analysis.solvers.UnivariateRealSolverUtils_ESTest)",
                "test21(org.apache.commons.math.analysis.solvers.UnivariateRealSolverUtils_ESTest)",
                "test22(org.apache.commons.math.analysis.solvers.UnivariateRealSolverUtils_ESTest)"
            ],
            "status": "ok",
            "test_executed": [
                "org.apache.commons.math.analysis.solvers.UnivariateRealSolverUtils_ESTest"
            ],
            "failing_assertions": [
                "java.lang.AssertionError: Expecting exception: Exception",
                "java.lang.AssertionError: Expecting exception: Exception",
                "org.apache.commons.math.ConvergenceException: number of iterations=1, maximum iterations=1, initial=0, lower bound=-1,213.348, upper bound=0, final a value=-1, final b value=0, f(a)=-1,213.348, f(b)=0",
                "java.lang.AssertionError: Expecting exception: Exception"
            ],
            "failing_lines": [
                [
                    "org.apache.commons.math.analysis.solvers.UnivariateRealSolverUtils_ESTest.test17(UnivariateRealSolverUtils_ESTest.java:223)"
                ],
                [
                    "org.apache.commons.math.analysis.solvers.UnivariateRealSolverUtils_ESTest.test30(UnivariateRealSolverUtils_ESTest.java:412)"
                ],
                [
                    "org.apache.commons.math.analysis.solvers.UnivariateRealSolverUtils_ESTest.test21(UnivariateRealSolverUtils_ESTest.java:287)"
                ],
                [
                    "org.apache.commons.math.analysis.solvers.UnivariateRealSolverUtils_ESTest.test22(UnivariateRealSolverUtils_ESTest.java:298)"
                ]
            ]
        },
        {
            "patch": "/home/mmartinez/xTestCluster/Patches/Patches_Wang902/Patches_others/Doverfitting/Jaid/Math/patch4-Math-85-Jaid-plausible.patch",
            "test": "test_from_WangDRR_patch2-Math-85-SequenceR",
            "failing": 1,
            "testrun": 30,
            "failings": [
                "test21(org.apache.commons.math.analysis.solvers.UnivariateRealSolverUtils_ESTest)"
            ],
            "status": "ok",
            "test_executed": [
                "org.apache.commons.math.analysis.solvers.UnivariateRealSolverUtils_ESTest"
            ],
            "failing_assertions": [
                "org.apache.commons.math.ConvergenceException: number of iterations=42, maximum iterations=42, initial=1,930.377, lower bound=42, upper bound=1,930.377, final a value=1,888.377, final b value=1,930.377, f(a)=1,930.377, f(b)=1,930.377"
            ],
            "failing_lines": [
                [
                    "org.apache.commons.math.analysis.solvers.UnivariateRealSolverUtils_ESTest.test21(UnivariateRealSolverUtils_ESTest.java:257)"
                ]
            ]
        },
        {
            "patch": "/home/mmartinez/xTestCluster/Patches/Patches_Wang902/Patches_others/Doverfitting/Jaid/Math/patch4-Math-85-Jaid-plausible.patch",
            "test": "test_from_WangDRR_patch1-Math-85-Jaid-plausible",
            "failing": 1,
            "testrun": 27,
            "failings": [
                "test23(org.apache.commons.math.analysis.solvers.UnivariateRealSolverUtils_ESTest)"
            ],
            "status": "ok",
            "test_executed": [
                "org.apache.commons.math.analysis.solvers.UnivariateRealSolverUtils_ESTest"
            ],
            "failing_assertions": [
                "org.apache.commons.math.ConvergenceException: number of iterations=153, maximum iterations=153, initial=406,831,102,083,365,700,000,000,000,000,000, lower bound=1.69, upper bound=406,831,102,083,365,700,000,000,000,000,000, final a value=406,831,102,083,365,700,000,000,000,000,000, final b value=406,831,102,083,365,700,000,000,000,000,000, f(a)=1.69, f(b)=1.69"
            ],
            "failing_lines": [
                [
                    "org.apache.commons.math.analysis.solvers.UnivariateRealSolverUtils_ESTest.test23(UnivariateRealSolverUtils_ESTest.java:303)"
                ]
            ]
        },
        {
            "patch": "/home/mmartinez/xTestCluster/Patches/Patches_Wang902/Patches_others/Doverfitting/Jaid/Math/patch4-Math-85-Jaid-plausible.patch",
            "test": "test_from_WangDRR_patch7-Math-85-SequenceR",
            "failing": 0,
            "testrun": 27,
            "failings": [],
            "status": "ok",
            "test_executed": [
                "org.apache.commons.math.analysis.solvers.UnivariateRealSolverUtils_ESTest"
            ],
            "failing_assertions": [],
            "failing_lines": []
        },
        {
            "patch": "/home/mmartinez/xTestCluster/Patches/Patches_Wang902/Patches_others/Doverfitting/Jaid/Math/patch4-Math-85-Jaid-plausible.patch",
            "test": "test_from_WangICSE_patch1-Math-85-SimFix-plausible",
            "failing": 2,
            "testrun": 28,
            "failings": [
                "test27(org.apache.commons.math.analysis.solvers.UnivariateRealSolverUtils_ESTest)",
                "test20(org.apache.commons.math.analysis.solvers.UnivariateRealSolverUtils_ESTest)"
            ],
            "status": "ok",
            "test_executed": [
                "org.apache.commons.math.analysis.solvers.UnivariateRealSolverUtils_ESTest"
            ],
            "failing_assertions": [
                "java.lang.AssertionError: Expecting exception: Exception",
                "java.lang.AssertionError: Expecting exception: Exception"
            ],
            "failing_lines": [
                [
                    "org.apache.commons.math.analysis.solvers.UnivariateRealSolverUtils_ESTest.test27(UnivariateRealSolverUtils_ESTest.java:363)"
                ],
                [
                    "org.apache.commons.math.analysis.solvers.UnivariateRealSolverUtils_ESTest.test20(UnivariateRealSolverUtils_ESTest.java:264)"
                ]
            ]
        },
        {
            "patch": "/home/mmartinez/xTestCluster/Patches/Patches_Wang902/Patches_others/Doverfitting/Jaid/Math/patch4-Math-85-Jaid-plausible.patch",
            "test": "test_from_WangDRR_patch4-Math-85-Jaid-plausible",
            "failing": 0,
            "testrun": 29,
            "failings": [],
            "status": "ok",
            "test_executed": [
                "org.apache.commons.math.analysis.solvers.UnivariateRealSolverUtils_ESTest"
            ],
            "failing_assertions": [],
            "failing_lines": []
        },
        {
            "patch": "/home/mmartinez/xTestCluster/Patches/Patches_Wang902/Patches_others/Doverfitting/Jaid/Math/patch4-Math-85-Jaid-plausible.patch",
            "test": "test_from_WangICSE_patch1-Math-85-FixMiner-plausible",
            "failing": 1,
            "testrun": 29,
            "failings": [
                "test23(org.apache.commons.math.analysis.solvers.UnivariateRealSolverUtils_ESTest)"
            ],
            "status": "ok",
            "test_executed": [
                "org.apache.commons.math.analysis.solvers.UnivariateRealSolverUtils_ESTest"
            ],
            "failing_assertions": [
                "org.apache.commons.math.ConvergenceException: number of iterations=1,400, maximum iterations=1,400, initial=1,438.298, lower bound=0, upper bound=1,438.298, final a value=38.298, final b value=1,438.298, f(a)=1,438.298, f(b)=1,438.298"
            ],
            "failing_lines": [
                [
                    "org.apache.commons.math.analysis.solvers.UnivariateRealSolverUtils_ESTest.test23(UnivariateRealSolverUtils_ESTest.java:311)"
                ]
            ]
        },
        {
            "patch": "/home/mmartinez/xTestCluster/Patches/Patches_Wang902/Patches_others/Doverfitting/Jaid/Math/patch4-Math-85-Jaid-plausible.patch",
            "test": "test_from_WangDRR_patch1-Math-85-CapGen-plausible",
            "failing": 5,
            "testrun": 31,
            "failings": [
                "test02(org.apache.commons.math.analysis.solvers.UnivariateRealSolverUtils_ESTest)",
                "test00(org.apache.commons.math.analysis.solvers.UnivariateRealSolverUtils_ESTest)",
                "test22(org.apache.commons.math.analysis.solvers.UnivariateRealSolverUtils_ESTest)",
                "test01(org.apache.commons.math.analysis.solvers.UnivariateRealSolverUtils_ESTest)",
                "test23(org.apache.commons.math.analysis.solvers.UnivariateRealSolverUtils_ESTest)"
            ],
            "status": "ok",
            "test_executed": [
                "org.apache.commons.math.analysis.solvers.UnivariateRealSolverUtils_ESTest"
            ],
            "failing_assertions": [
                "java.lang.AssertionError: Expecting exception: Exception",
                "java.lang.AssertionError: Expecting exception: Exception",
                "java.lang.AssertionError: Expecting exception: Exception",
                "java.lang.AssertionError: Expecting exception: Exception",
                "org.apache.commons.math.ConvergenceException: number of iterations=32, maximum iterations=32, initial=-8.956, lower bound=-8.956, upper bound=32, final a value=-8.956, final b value=23.044, f(a)=-8.956, f(b)=-8.956"
            ],
            "failing_lines": [
                [
                    "org.apache.commons.math.analysis.solvers.UnivariateRealSolverUtils_ESTest.test02(UnivariateRealSolverUtils_ESTest.java:63)"
                ],
                [
                    "org.apache.commons.math.analysis.solvers.UnivariateRealSolverUtils_ESTest.test00(UnivariateRealSolverUtils_ESTest.java:30)"
                ],
                [
                    "org.apache.commons.math.analysis.solvers.UnivariateRealSolverUtils_ESTest.test22(UnivariateRealSolverUtils_ESTest.java:312)"
                ],
                [
                    "org.apache.commons.math.analysis.solvers.UnivariateRealSolverUtils_ESTest.test01(UnivariateRealSolverUtils_ESTest.java:47)"
                ],
                [
                    "org.apache.commons.math.analysis.solvers.UnivariateRealSolverUtils_ESTest.test23(UnivariateRealSolverUtils_ESTest.java:327)"
                ]
            ]
        },
        {
            "patch": "/home/mmartinez/xTestCluster/Patches/Patches_Wang902/Patches_others/Doverfitting/Jaid/Math/patch4-Math-85-Jaid-plausible.patch",
            "test": "test_from_WangICSE_patch1-Math-85-RSRepair-plausible",
            "failing": 1,
            "testrun": 35,
            "failings": [
                "test24(org.apache.commons.math.analysis.solvers.UnivariateRealSolverUtils_ESTest)"
            ],
            "status": "ok",
            "test_executed": [
                "org.apache.commons.math.analysis.solvers.UnivariateRealSolverUtils_ESTest",
                "org.apache.commons.math.distribution.AbstractContinuousDistribution_ESTest"
            ],
            "failing_assertions": [
                "org.apache.commons.math.ConvergenceException: number of iterations=1,364, maximum iterations=1,364, initial=1,438.26, lower bound=1,364, upper bound=\\xe2\\x88\\x9e, final a value=1,364, final b value=2,802.26, f(a)=1,961,786.245, f(b)=4,030,377.241"
            ],
            "failing_lines": [
                [
                    "org.apache.commons.math.analysis.solvers.UnivariateRealSolverUtils_ESTest.test24(UnivariateRealSolverUtils_ESTest.java:315)"
                ]
            ]
        }
    ],
    "duration": 81.27
}