{
    "patch": "/Users/matias/develop/git-xTestCluster/Patches/Patches_Wang902/Patches_ICSE/Doverfitting/SimFix/Chart/patch1-Chart-25-SimFix-plausible.patch",
    "project": "Chart",
    "bugid": "25",
    "dataset": "Patches_ICSE",
    "date": "2023-02-17T17:20:28.683355",
    "project_checked": "ok",
    "compiledProjectModified": "ok",
    "patchApplied": "ok",
    "arrive_end": "ok",
    "patched_project_pass_all_test": "no",
    "test_execution": [
        {
            "patch": "/Users/matias/develop/git-xTestCluster/Patches/Patches_Wang902/Patches_ICSE/Doverfitting/SimFix/Chart/patch1-Chart-25-SimFix-plausible.patch",
            "test": "test_from_WangICSE_patch1-Chart-25-SimFix-plausible",
            "failing": 0,
            "testrun": 20,
            "failings": [],
            "status": "ok",
            "test_executed": [
                "org.jfree.chart.renderer.category.StatisticalBarRenderer_ESTest"
            ],
            "failing_assertions": [],
            "failing_lines": []
        }
    ],
    "duration": 26.57
}