{
    "patch": "/home/mmartinez/xTestCluster/Patches/Patches_Wang902/Patches_ICSE/Doverfitting/Kali/Closure/patch1-Closure-119-Kali-plausible.patch",
    "project": "Closure",
    "bugid": "119",
    "dataset": "Patches_ICSE",
    "date": "2022-12-16T05:01:59.353993",
    "project_checked": "ok",
    "compiledProjectModified": "ok",
    "patchApplied": "ok",
    "arrive_end": "ok",
    "patched_project_pass_all_test": "no",
    "test_execution": [
        {
            "patch": "/home/mmartinez/xTestCluster/Patches/Patches_Wang902/Patches_ICSE/Doverfitting/Kali/Closure/patch1-Closure-119-Kali-plausible.patch",
            "test": "test_from_WangICSE_patch1-Closure-119-Kali-plausible",
            "failing": 0,
            "testrun": 2,
            "failings": [],
            "status": "ok",
            "test_executed": [
                "com.google.javascript.jscomp.CheckGlobalNames_ESTest"
            ],
            "failing_assertions": [],
            "failing_lines": []
        },
        {
            "patch": "/home/mmartinez/xTestCluster/Patches/Patches_Wang902/Patches_ICSE/Doverfitting/Kali/Closure/patch1-Closure-119-Kali-plausible.patch",
            "test": "test_from_WangICSE_patch1-Closure-119-Arja-plausible",
            "failing": 0,
            "testrun": 162,
            "failings": [],
            "status": "ok",
            "test_executed": [
                "com.google.javascript.jscomp.AstValidator_ESTest",
                "com.google.javascript.jscomp.SyntacticScopeCreator_ESTest"
            ],
            "failing_assertions": [],
            "failing_lines": []
        }
    ],
    "duration": 34.48
}