{
    "patch": "/home/mmartinez/xTestCluster/Patches/Patches_Wang902/Patches_ICSE/Doverfitting/GenProg/Chart/patch1-Chart-12-GenProg-plausible.patch",
    "project": "Chart",
    "bugid": "12",
    "dataset": "Patches_ICSE",
    "date": "2023-02-03T21:21:26.463535",
    "project_checked": "ok",
    "compiledProjectModified": "ok",
    "patchApplied": "ok",
    "arrive_end": "ok",
    "patched_project_pass_all_test": "no",
    "test_execution": [
        {
            "patch": "/home/mmartinez/xTestCluster/Patches/Patches_Wang902/Patches_ICSE/Doverfitting/GenProg/Chart/patch1-Chart-12-GenProg-plausible.patch",
            "test": "test_from_WangICSE_patch1-Chart-12-RSRepair-plausible",
            "failing": 11,
            "testrun": 44,
            "failings": [
                "test41(org.jfree.chart.plot.MultiplePiePlot_ESTest)",
                "test29(org.jfree.chart.plot.MultiplePiePlot_ESTest)",
                "test28(org.jfree.chart.plot.MultiplePiePlot_ESTest)",
                "test25(org.jfree.chart.plot.MultiplePiePlot_ESTest)",
                "test24(org.jfree.chart.plot.MultiplePiePlot_ESTest)",
                "test27(org.jfree.chart.plot.MultiplePiePlot_ESTest)",
                "test26(org.jfree.chart.plot.MultiplePiePlot_ESTest)",
                "test18(org.jfree.chart.plot.MultiplePiePlot_ESTest)",
                "test10(org.jfree.chart.plot.MultiplePiePlot_ESTest)",
                "test14(org.jfree.chart.plot.MultiplePiePlot_ESTest)",
                "test15(org.jfree.chart.plot.MultiplePiePlot_ESTest)"
            ],
            "status": "ok",
            "test_executed": [
                "org.jfree.chart.plot.MultiplePiePlot_ESTest"
            ],
            "failing_assertions": [
                "java.lang.NullPointerException",
                "java.lang.NullPointerException",
                "java.lang.NullPointerException",
                "java.lang.NullPointerException",
                "java.lang.NullPointerException",
                "java.lang.NullPointerException",
                "java.lang.NullPointerException",
                "java.lang.NullPointerException",
                "java.lang.NullPointerException",
                "java.lang.NullPointerException",
                "java.lang.NullPointerException"
            ],
            "failing_lines": [
                [
                    "org.jfree.chart.plot.MultiplePiePlot_ESTest.test41(MultiplePiePlot_ESTest.java:545)"
                ],
                [
                    "org.jfree.chart.plot.MultiplePiePlot_ESTest.test29(MultiplePiePlot_ESTest.java:402)"
                ],
                [
                    "org.jfree.chart.plot.MultiplePiePlot_ESTest.test28(MultiplePiePlot_ESTest.java:390)"
                ],
                [
                    "org.jfree.chart.plot.MultiplePiePlot_ESTest.test25(MultiplePiePlot_ESTest.java:357)"
                ],
                [
                    "org.jfree.chart.plot.MultiplePiePlot_ESTest.test24(MultiplePiePlot_ESTest.java:346)"
                ],
                [
                    "org.jfree.chart.plot.MultiplePiePlot_ESTest.test27(MultiplePiePlot_ESTest.java:379)"
                ],
                [
                    "org.jfree.chart.plot.MultiplePiePlot_ESTest.test26(MultiplePiePlot_ESTest.java:368)"
                ],
                [
                    "org.jfree.chart.plot.MultiplePiePlot_ESTest.test18(MultiplePiePlot_ESTest.java:277)"
                ],
                [
                    "org.jfree.chart.plot.MultiplePiePlot_ESTest.test10(MultiplePiePlot_ESTest.java:171)"
                ],
                [
                    "org.jfree.chart.plot.MultiplePiePlot_ESTest.test14(MultiplePiePlot_ESTest.java:233)"
                ],
                [
                    "org.jfree.chart.plot.MultiplePiePlot_ESTest.test15(MultiplePiePlot_ESTest.java:246)"
                ]
            ]
        },
        {
            "patch": "/home/mmartinez/xTestCluster/Patches/Patches_Wang902/Patches_ICSE/Doverfitting/GenProg/Chart/patch1-Chart-12-GenProg-plausible.patch",
            "test": "test_from_WangICSE_patch1-Chart-12-SimFix-plausible",
            "failing": 9,
            "testrun": 38,
            "failings": [
                "test28(org.jfree.chart.plot.MultiplePiePlot_ESTest)",
                "test08(org.jfree.chart.plot.MultiplePiePlot_ESTest)",
                "test21(org.jfree.chart.plot.MultiplePiePlot_ESTest)",
                "test20(org.jfree.chart.plot.MultiplePiePlot_ESTest)",
                "test23(org.jfree.chart.plot.MultiplePiePlot_ESTest)",
                "test22(org.jfree.chart.plot.MultiplePiePlot_ESTest)",
                "test24(org.jfree.chart.plot.MultiplePiePlot_ESTest)",
                "test18(org.jfree.chart.plot.MultiplePiePlot_ESTest)",
                "test11(org.jfree.chart.plot.MultiplePiePlot_ESTest)"
            ],
            "status": "ok",
            "test_executed": [
                "org.jfree.chart.plot.MultiplePiePlot_ESTest"
            ],
            "failing_assertions": [
                "java.lang.NullPointerException",
                "java.lang.NullPointerException",
                "java.lang.NullPointerException",
                "java.lang.NullPointerException",
                "java.lang.NullPointerException",
                "java.lang.NullPointerException",
                "java.lang.NullPointerException",
                "org.evosuite.runtime.mock.java.lang.MockIllegalArgumentException: Null \\'fillPaint\\' argument.",
                "java.lang.NullPointerException"
            ],
            "failing_lines": [
                [
                    "org.jfree.chart.plot.MultiplePiePlot_ESTest.test28(MultiplePiePlot_ESTest.java:410)"
                ],
                [
                    "org.jfree.chart.plot.MultiplePiePlot_ESTest.test08(MultiplePiePlot_ESTest.java:166)"
                ],
                [
                    "org.jfree.chart.plot.MultiplePiePlot_ESTest.test21(MultiplePiePlot_ESTest.java:307)"
                ],
                [
                    "org.jfree.chart.plot.MultiplePiePlot_ESTest.test20(MultiplePiePlot_ESTest.java:291)"
                ],
                [
                    "org.jfree.chart.plot.MultiplePiePlot_ESTest.test23(MultiplePiePlot_ESTest.java:329)"
                ],
                [
                    "org.jfree.chart.plot.MultiplePiePlot_ESTest.test22(MultiplePiePlot_ESTest.java:318)"
                ],
                [
                    "org.jfree.chart.plot.MultiplePiePlot_ESTest.test24(MultiplePiePlot_ESTest.java:349)"
                ],
                [
                    "org.jfree.chart.plot.MultiplePiePlot_ESTest.test18(MultiplePiePlot_ESTest.java:274)"
                ],
                [
                    "org.jfree.chart.plot.MultiplePiePlot_ESTest.test11(MultiplePiePlot_ESTest.java:195)"
                ]
            ]
        },
        {
            "patch": "/home/mmartinez/xTestCluster/Patches/Patches_Wang902/Patches_ICSE/Doverfitting/GenProg/Chart/patch1-Chart-12-GenProg-plausible.patch",
            "test": "test_from_WangICSE_patch1-Chart-12-GenProg-plausible",
            "failing": 0,
            "testrun": 163,
            "failings": [],
            "status": "ok",
            "test_executed": [
                "org.jfree.chart.plot.MultiplePiePlot_ESTest",
                "org.jfree.chart.JFreeChart_ESTest"
            ],
            "failing_assertions": [],
            "failing_lines": []
        },
        {
            "patch": "/home/mmartinez/xTestCluster/Patches/Patches_Wang902/Patches_ICSE/Doverfitting/GenProg/Chart/patch1-Chart-12-GenProg-plausible.patch",
            "test": "test_from_WangICSE_patch1-Chart-12-Kali-plausible",
            "failing": 1,
            "testrun": 11,
            "failings": [
                "test08(org.jfree.data.general.AbstractDataset_ESTest)"
            ],
            "status": "ok",
            "test_executed": [
                "org.jfree.data.general.AbstractDataset_ESTest"
            ],
            "failing_assertions": [
                "java.lang.AssertionError"
            ],
            "failing_lines": [
                [
                    "org.jfree.data.general.AbstractDataset_ESTest.test08(AbstractDataset_ESTest.java:110)"
                ]
            ]
        },
        {
            "patch": "/home/mmartinez/xTestCluster/Patches/Patches_Wang902/Patches_ICSE/Doverfitting/GenProg/Chart/patch1-Chart-12-GenProg-plausible.patch",
            "test": "test_from_WangICSE_patch1-Chart-12-TBar-plausible",
            "failing": 1,
            "testrun": 14,
            "failings": [
                "test09(org.jfree.data.general.AbstractDataset_ESTest)"
            ],
            "status": "ok",
            "test_executed": [
                "org.jfree.data.general.AbstractDataset_ESTest"
            ],
            "failing_assertions": [
                "java.lang.AssertionError"
            ],
            "failing_lines": [
                [
                    "org.jfree.data.general.AbstractDataset_ESTest.test09(AbstractDataset_ESTest.java:138)"
                ]
            ]
        },
        {
            "patch": "/home/mmartinez/xTestCluster/Patches/Patches_Wang902/Patches_ICSE/Doverfitting/GenProg/Chart/patch1-Chart-12-GenProg-plausible.patch",
            "test": "test_from_WangICSE_patch1-Chart-12-Arja",
            "failing": 6,
            "testrun": 38,
            "failings": [
                "test21(org.jfree.chart.plot.MultiplePiePlot_ESTest)",
                "test23(org.jfree.chart.plot.MultiplePiePlot_ESTest)",
                "test22(org.jfree.chart.plot.MultiplePiePlot_ESTest)",
                "test24(org.jfree.chart.plot.MultiplePiePlot_ESTest)",
                "test10(org.jfree.chart.plot.MultiplePiePlot_ESTest)",
                "test35(org.jfree.chart.plot.MultiplePiePlot_ESTest)"
            ],
            "status": "ok",
            "test_executed": [
                "org.jfree.chart.plot.MultiplePiePlot_ESTest"
            ],
            "failing_assertions": [
                "java.lang.NullPointerException",
                "java.lang.NullPointerException",
                "java.lang.NullPointerException",
                "java.lang.NullPointerException",
                "java.lang.NullPointerException",
                "java.lang.NullPointerException"
            ],
            "failing_lines": [
                [
                    "org.jfree.chart.plot.MultiplePiePlot_ESTest.test21(MultiplePiePlot_ESTest.java:308)"
                ],
                [
                    "org.jfree.chart.plot.MultiplePiePlot_ESTest.test23(MultiplePiePlot_ESTest.java:336)"
                ],
                [
                    "org.jfree.chart.plot.MultiplePiePlot_ESTest.test22(MultiplePiePlot_ESTest.java:323)"
                ],
                [
                    "org.jfree.chart.plot.MultiplePiePlot_ESTest.test24(MultiplePiePlot_ESTest.java:350)"
                ],
                [
                    "org.jfree.chart.plot.MultiplePiePlot_ESTest.test10(MultiplePiePlot_ESTest.java:200)"
                ],
                [
                    "org.jfree.chart.plot.MultiplePiePlot_ESTest.test35(MultiplePiePlot_ESTest.java:488)"
                ]
            ]
        }
    ],
    "duration": 35.74
}