{
    "patch": "/home/mmartinez/xTestCluster/Patches/Patches_Wang902/Patches_ICSE/Doverfitting/jGenProg/Chart/patch1-Chart-25-jGenProg-plausible.patch",
    "project": "Chart",
    "bugid": "25",
    "dataset": "Patches_ICSE",
    "date": "2022-12-21T23:46:52.277488",
    "project_checked": "ok",
    "compiledProjectModified": "ok",
    "patchApplied": "ok",
    "arrive_end": "ok",
    "patched_project_pass_all_test": "no",
    "test_execution": [
        {
            "patch": "/home/mmartinez/xTestCluster/Patches/Patches_Wang902/Patches_ICSE/Doverfitting/jGenProg/Chart/patch1-Chart-25-jGenProg-plausible.patch",
            "test": "test_from_WangICSE_patch1-Chart-25-Kali-plausible",
            "failing": 2,
            "testrun": 60,
            "failings": [
                "test44(org.jfree.data.statistics.DefaultStatisticalCategoryDataset_ESTest)",
                "test05(org.jfree.data.statistics.DefaultStatisticalCategoryDataset_ESTest)"
            ],
            "status": "ok",
            "test_executed": [
                "org.jfree.data.statistics.DefaultStatisticalCategoryDataset_ESTest"
            ],
            "failing_assertions": [
                "java.lang.AssertionError: expected null, but was:<0>",
                "java.lang.AssertionError: expected null, but was:<1>"
            ],
            "failing_lines": [
                [
                    "org.jfree.data.statistics.DefaultStatisticalCategoryDataset_ESTest.test44(DefaultStatisticalCategoryDataset_ESTest.java:520)"
                ],
                [
                    "org.jfree.data.statistics.DefaultStatisticalCategoryDataset_ESTest.test05(DefaultStatisticalCategoryDataset_ESTest.java:98)"
                ]
            ]
        },
        {
            "patch": "/home/mmartinez/xTestCluster/Patches/Patches_Wang902/Patches_ICSE/Doverfitting/jGenProg/Chart/patch1-Chart-25-jGenProg-plausible.patch",
            "test": "test_from_WangICSE_patch1-Chart-25-FixMiner-plausible",
            "failing": 3,
            "testrun": 61,
            "failings": [
                "test50(org.jfree.data.statistics.DefaultStatisticalCategoryDataset_ESTest)",
                "test51(org.jfree.data.statistics.DefaultStatisticalCategoryDataset_ESTest)",
                "test45(org.jfree.data.statistics.DefaultStatisticalCategoryDataset_ESTest)"
            ],
            "status": "ok",
            "test_executed": [
                "org.jfree.data.statistics.DefaultStatisticalCategoryDataset_ESTest"
            ],
            "failing_assertions": [
                "java.lang.ArrayIndexOutOfBoundsException: -1094",
                "java.lang.IndexOutOfBoundsException: Index: 1436, Size: 1",
                "java.lang.IndexOutOfBoundsException: Index: 911, Size: 1"
            ],
            "failing_lines": [
                [
                    "org.jfree.data.statistics.DefaultStatisticalCategoryDataset_ESTest.test50(DefaultStatisticalCategoryDataset_ESTest.java:553)"
                ],
                [
                    "org.jfree.data.statistics.DefaultStatisticalCategoryDataset_ESTest.test51(DefaultStatisticalCategoryDataset_ESTest.java:563)"
                ],
                [
                    "org.jfree.data.statistics.DefaultStatisticalCategoryDataset_ESTest.test45(DefaultStatisticalCategoryDataset_ESTest.java:501)"
                ]
            ]
        },
        {
            "patch": "/home/mmartinez/xTestCluster/Patches/Patches_Wang902/Patches_ICSE/Doverfitting/jGenProg/Chart/patch1-Chart-25-jGenProg-plausible.patch",
            "test": "test_from_WangICSE_patch1-Chart-25-jKali-plausible",
            "failing": 0,
            "testrun": 22,
            "failings": [],
            "status": "ok",
            "test_executed": [
                "org.jfree.chart.renderer.category.StatisticalBarRenderer_ESTest"
            ],
            "failing_assertions": [],
            "failing_lines": []
        },
        {
            "patch": "/home/mmartinez/xTestCluster/Patches/Patches_Wang902/Patches_ICSE/Doverfitting/jGenProg/Chart/patch1-Chart-25-jGenProg-plausible.patch",
            "test": "test_from_WangICSE_patch1-Chart-25-jGenProg-plausible",
            "failing": 0,
            "testrun": 17,
            "failings": [],
            "status": "ok",
            "test_executed": [
                "org.jfree.chart.renderer.category.StatisticalBarRenderer_ESTest"
            ],
            "failing_assertions": [],
            "failing_lines": []
        },
        {
            "patch": "/home/mmartinez/xTestCluster/Patches/Patches_Wang902/Patches_ICSE/Doverfitting/jGenProg/Chart/patch1-Chart-25-jGenProg-plausible.patch",
            "test": "test_from_WangICSE_patch1-Chart-25-RSRepair-plausible",
            "failing": 5,
            "testrun": 79,
            "failings": [
                "test08(org.jfree.chart.renderer.category.StatisticalBarRenderer_ESTest)",
                "test07(org.jfree.chart.renderer.category.StatisticalBarRenderer_ESTest)",
                "test15(org.jfree.chart.renderer.category.StatisticalBarRenderer_ESTest)",
                "test05(org.jfree.data.statistics.DefaultStatisticalCategoryDataset_ESTest)",
                "test21(org.jfree.data.statistics.DefaultStatisticalCategoryDataset_ESTest)"
            ],
            "status": "ok",
            "test_executed": [
                "org.jfree.chart.renderer.category.StatisticalBarRenderer_ESTest",
                "org.jfree.data.statistics.DefaultStatisticalCategoryDataset_ESTest"
            ],
            "failing_assertions": [
                "java.lang.AssertionError: Expecting exception: IndexOutOfBoundsException",
                "java.lang.AssertionError: Expecting exception: NullPointerException",
                "java.lang.AssertionError: Expecting exception: ArrayIndexOutOfBoundsException",
                "java.lang.AssertionError: expected null, but was:<1>",
                "java.lang.AssertionError: expected null, but was:<0>"
            ],
            "failing_lines": [
                [
                    "org.jfree.chart.renderer.category.StatisticalBarRenderer_ESTest.test08(StatisticalBarRenderer_ESTest.java:204)"
                ],
                [
                    "org.jfree.chart.renderer.category.StatisticalBarRenderer_ESTest.test07(StatisticalBarRenderer_ESTest.java:180)"
                ],
                [
                    "org.jfree.chart.renderer.category.StatisticalBarRenderer_ESTest.test15(StatisticalBarRenderer_ESTest.java:317)"
                ],
                [
                    "org.jfree.data.statistics.DefaultStatisticalCategoryDataset_ESTest.test05(DefaultStatisticalCategoryDataset_ESTest.java:98)"
                ],
                [
                    "org.jfree.data.statistics.DefaultStatisticalCategoryDataset_ESTest.test21(DefaultStatisticalCategoryDataset_ESTest.java:252)"
                ]
            ]
        },
        {
            "patch": "/home/mmartinez/xTestCluster/Patches/Patches_Wang902/Patches_ICSE/Doverfitting/jGenProg/Chart/patch1-Chart-25-jGenProg-plausible.patch",
            "test": "test_from_WangICSE_patch1-Chart-25-GenProg-plausible",
            "failing": 2,
            "testrun": 60,
            "failings": [
                "test42(org.jfree.data.statistics.DefaultStatisticalCategoryDataset_ESTest)",
                "test05(org.jfree.data.statistics.DefaultStatisticalCategoryDataset_ESTest)"
            ],
            "status": "ok",
            "test_executed": [
                "org.jfree.data.statistics.DefaultStatisticalCategoryDataset_ESTest"
            ],
            "failing_assertions": [
                "java.lang.AssertionError: expected null, but was:<0>",
                "java.lang.AssertionError: expected null, but was:<1>"
            ],
            "failing_lines": [
                [
                    "org.jfree.data.statistics.DefaultStatisticalCategoryDataset_ESTest.test42(DefaultStatisticalCategoryDataset_ESTest.java:493)"
                ],
                [
                    "org.jfree.data.statistics.DefaultStatisticalCategoryDataset_ESTest.test05(DefaultStatisticalCategoryDataset_ESTest.java:98)"
                ]
            ]
        },
        {
            "patch": "/home/mmartinez/xTestCluster/Patches/Patches_Wang902/Patches_ICSE/Doverfitting/jGenProg/Chart/patch1-Chart-25-jGenProg-plausible.patch",
            "test": "test_from_WangICSE_patch1-Chart-25-Nopol-plausible",
            "failing": 0,
            "testrun": 22,
            "failings": [],
            "status": "ok",
            "test_executed": [
                "org.jfree.chart.renderer.category.StatisticalBarRenderer_ESTest"
            ],
            "failing_assertions": [],
            "failing_lines": []
        },
        {
            "patch": "/home/mmartinez/xTestCluster/Patches/Patches_Wang902/Patches_ICSE/Doverfitting/jGenProg/Chart/patch1-Chart-25-jGenProg-plausible.patch",
            "test": "test_from_WangICSE_patch1-Chart-25-jMutRepair-plausible",
            "failing": 4,
            "testrun": 61,
            "failings": [
                "test50(org.jfree.data.statistics.DefaultStatisticalCategoryDataset_ESTest)",
                "test51(org.jfree.data.statistics.DefaultStatisticalCategoryDataset_ESTest)",
                "test05(org.jfree.data.statistics.DefaultStatisticalCategoryDataset_ESTest)",
                "test49(org.jfree.data.statistics.DefaultStatisticalCategoryDataset_ESTest)"
            ],
            "status": "ok",
            "test_executed": [
                "org.jfree.data.statistics.DefaultStatisticalCategoryDataset_ESTest"
            ],
            "failing_assertions": [
                "java.lang.AssertionError: expected null, but was:<0>",
                "java.lang.AssertionError: Expecting exception: NullPointerException",
                "java.lang.AssertionError: expected null, but was:<1>",
                "java.lang.AssertionError: Expecting exception: NullPointerException"
            ],
            "failing_lines": [
                [
                    "org.jfree.data.statistics.DefaultStatisticalCategoryDataset_ESTest.test50(DefaultStatisticalCategoryDataset_ESTest.java:574)"
                ],
                [
                    "org.jfree.data.statistics.DefaultStatisticalCategoryDataset_ESTest.test51(DefaultStatisticalCategoryDataset_ESTest.java:585)"
                ],
                [
                    "org.jfree.data.statistics.DefaultStatisticalCategoryDataset_ESTest.test05(DefaultStatisticalCategoryDataset_ESTest.java:90)"
                ],
                [
                    "org.jfree.data.statistics.DefaultStatisticalCategoryDataset_ESTest.test49(DefaultStatisticalCategoryDataset_ESTest.java:558)"
                ]
            ]
        },
        {
            "patch": "/home/mmartinez/xTestCluster/Patches/Patches_Wang902/Patches_ICSE/Doverfitting/jGenProg/Chart/patch1-Chart-25-jGenProg-plausible.patch",
            "test": "test_from_WangICSE_patch1-Chart-25-SimFix-plausible",
            "failing": 0,
            "testrun": 20,
            "failings": [],
            "status": "ok",
            "test_executed": [
                "org.jfree.chart.renderer.category.StatisticalBarRenderer_ESTest"
            ],
            "failing_assertions": [],
            "failing_lines": []
        },
        {
            "patch": "/home/mmartinez/xTestCluster/Patches/Patches_Wang902/Patches_ICSE/Doverfitting/jGenProg/Chart/patch1-Chart-25-jGenProg-plausible.patch",
            "test": "test_from_WangICSE_patch1-Chart-25-Arja-plusible",
            "failing": 7,
            "testrun": 79,
            "failings": [
                "test08(org.jfree.chart.renderer.category.StatisticalBarRenderer_ESTest)",
                "test19(org.jfree.chart.renderer.category.StatisticalBarRenderer_ESTest)",
                "test09(org.jfree.chart.renderer.category.StatisticalBarRenderer_ESTest)",
                "test17(org.jfree.chart.renderer.category.StatisticalBarRenderer_ESTest)",
                "test03(org.jfree.chart.renderer.category.StatisticalBarRenderer_ESTest)",
                "test45(org.jfree.data.statistics.DefaultStatisticalCategoryDataset_ESTest)",
                "test32(org.jfree.data.statistics.DefaultStatisticalCategoryDataset_ESTest)"
            ],
            "status": "ok",
            "test_executed": [
                "org.jfree.chart.renderer.category.StatisticalBarRenderer_ESTest",
                "org.jfree.data.statistics.DefaultStatisticalCategoryDataset_ESTest"
            ],
            "failing_assertions": [
                "java.lang.AssertionError: Expecting exception: IndexOutOfBoundsException",
                "java.lang.AssertionError: Exception was not thrown in org.jfree.chart.renderer.category.StatisticalBarRenderer but in org.jfree.chart.axis.CategoryAxis.getCategoryStart(CategoryAxis.java:594): java.lang.NullPointerException",
                "java.lang.AssertionError: Expecting exception: ArrayIndexOutOfBoundsException",
                "java.lang.AssertionError: Expecting exception: NullPointerException",
                "java.lang.IndexOutOfBoundsException: Index: 935, Size: 0",
                "java.lang.AssertionError: expected null, but was:<1>",
                "java.lang.AssertionError: expected null, but was:<1>"
            ],
            "failing_lines": [
                [
                    "org.jfree.chart.renderer.category.StatisticalBarRenderer_ESTest.test08(StatisticalBarRenderer_ESTest.java:228)"
                ],
                [
                    "org.jfree.chart.renderer.category.StatisticalBarRenderer_ESTest.test19(StatisticalBarRenderer_ESTest.java:404)"
                ],
                [
                    "org.jfree.chart.renderer.category.StatisticalBarRenderer_ESTest.test09(StatisticalBarRenderer_ESTest.java:254)"
                ],
                [
                    "org.jfree.chart.renderer.category.StatisticalBarRenderer_ESTest.test17(StatisticalBarRenderer_ESTest.java:369)"
                ],
                [
                    "org.jfree.chart.renderer.category.StatisticalBarRenderer_ESTest.test03(StatisticalBarRenderer_ESTest.java:145)"
                ],
                [
                    "org.jfree.data.statistics.DefaultStatisticalCategoryDataset_ESTest.test45(DefaultStatisticalCategoryDataset_ESTest.java:499)"
                ],
                [
                    "org.jfree.data.statistics.DefaultStatisticalCategoryDataset_ESTest.test32(DefaultStatisticalCategoryDataset_ESTest.java:387)"
                ]
            ]
        },
        {
            "patch": "/home/mmartinez/xTestCluster/Patches/Patches_Wang902/Patches_ICSE/Doverfitting/jGenProg/Chart/patch1-Chart-25-jGenProg-plausible.patch",
            "test": "test_from_WangICSE_patch1-Chart-25-AVATAR-plausible",
            "failing": 0,
            "testrun": 16,
            "failings": [],
            "status": "ok",
            "test_executed": [
                "org.jfree.chart.renderer.category.StatisticalBarRenderer_ESTest"
            ],
            "failing_assertions": [],
            "failing_lines": []
        },
        {
            "patch": "/home/mmartinez/xTestCluster/Patches/Patches_Wang902/Patches_ICSE/Doverfitting/jGenProg/Chart/patch1-Chart-25-jGenProg-plausible.patch",
            "test": "test_from_WangICSE_patch1-Chart-25-DynaMoth-plausible",
            "failing": 0,
            "testrun": 18,
            "failings": [],
            "status": "ok",
            "test_executed": [
                "org.jfree.chart.renderer.category.StatisticalBarRenderer_ESTest"
            ],
            "failing_assertions": [],
            "failing_lines": []
        }
    ],
    "duration": 61.38
}