{
    "patch": "/home/mmartinez/xTestCluster/Patches/Patches_Wang902/Patches_others/Dcorrect/Jaid/Closure/patch1-Closure-31-Jaid.patch",
    "project": "Closure",
    "bugid": "31",
    "dataset": "Patches_others",
    "date": "2022-12-16T05:17:29.652541",
    "project_checked": "ok",
    "compiledProjectModified": "ok",
    "patchApplied": "ok",
    "arrive_end": "ok",
    "patched_project_pass_all_test": "no",
    "test_execution": [
        {
            "patch": "/home/mmartinez/xTestCluster/Patches/Patches_Wang902/Patches_others/Dcorrect/Jaid/Closure/patch1-Closure-31-Jaid.patch",
            "test": "test_from_WangICSE_patch1-Closure-31-Kali-plausible",
            "failing": 0,
            "testrun": 325,
            "failings": [],
            "status": "ok",
            "test_executed": [
                "com.google.javascript.rhino.Node_ESTest"
            ],
            "failing_assertions": [],
            "failing_lines": []
        },
        {
            "patch": "/home/mmartinez/xTestCluster/Patches/Patches_Wang902/Patches_others/Dcorrect/Jaid/Closure/patch1-Closure-31-Jaid.patch",
            "test": "test_from_WangDRR_patch1-Closure-31-Jaid",
            "failing": 0,
            "testrun": 167,
            "failings": [
                "Error",
                "Error",
                "Error"
            ],
            "status": "ok",
            "test_executed": [
                "com.google.javascript.jscomp.Compiler_ESTest"
            ],
            "failing_assertions": [
                "05:18:08.456 [main] INFO org.evosuite.runtime.instrumentation.EvoClassLoader - Seeing class for first time: com.google.javascript.rhino.head.VMBridge_custom",
                "05:18:08.538 [main] INFO org.evosuite.runtime.instrumentation.EvoClassLoader - Seeing class for first time: com.google.javascript.rhino.head.VMBridge_custom",
                "05:18:08.596 [main] INFO org.evosuite.runtime.instrumentation.EvoClassLoader - Seeing class for first time: com.google.javascript.rhino.head.VMBridge_custom"
            ],
            "failing_lines": []
        },
        {
            "patch": "/home/mmartinez/xTestCluster/Patches/Patches_Wang902/Patches_others/Dcorrect/Jaid/Closure/patch1-Closure-31-Jaid.patch",
            "test": "test_from_WangICSE_patch1-Closure-31-RSRepair-plausible",
            "failing": 0,
            "testrun": 300,
            "failings": [],
            "status": "ok",
            "test_executed": [
                "com.google.javascript.rhino.Node_ESTest"
            ],
            "failing_assertions": [],
            "failing_lines": []
        }
    ],
    "duration": 46.23
}