{
    "patch": "/home/mmartinez/xTestCluster/Patches/Patches_Wang902/Patches_ICSE/Doverfitting/kPAR/Math/patch1-Math-7-kPAR-plausible.patch",
    "project": "Math",
    "bugid": "7",
    "dataset": "Patches_ICSE",
    "date": "2022-12-16T06:02:25.304586",
    "project_checked": "ok",
    "compiledProjectModified": "ok",
    "patchApplied": "ok",
    "arrive_end": "ok",
    "patched_project_pass_all_test": "no",
    "test_execution": [
        {
            "patch": "/home/mmartinez/xTestCluster/Patches/Patches_Wang902/Patches_ICSE/Doverfitting/kPAR/Math/patch1-Math-7-kPAR-plausible.patch",
            "test": "test_from_WangICSE_patch1-Math-7-kPAR-plausible",
            "failing": 0,
            "testrun": 22,
            "failings": [],
            "status": "ok",
            "test_executed": [
                "org.apache.commons.math3.ode.AbstractIntegrator_ESTest"
            ],
            "failing_assertions": [],
            "failing_lines": []
        },
        {
            "patch": "/home/mmartinez/xTestCluster/Patches/Patches_Wang902/Patches_ICSE/Doverfitting/kPAR/Math/patch1-Math-7-kPAR-plausible.patch",
            "test": "test_from_WangICSE_patch1-Math-7-Nopol-plausible",
            "failing": 0,
            "testrun": 24,
            "failings": [],
            "status": "ok",
            "test_executed": [
                "org.apache.commons.math3.ode.AbstractIntegrator_ESTest"
            ],
            "failing_assertions": [],
            "failing_lines": []
        }
    ],
    "duration": 26.36
}