{
    "patch": "/home/mmartinez/xTestCluster/Patches/Patches_Wang902/Patches_ICSE/Doverfitting/kPAR/Math/patch1-Math-40-kPAR-plausible.patch",
    "project": "Math",
    "bugid": "40",
    "dataset": "Patches_ICSE",
    "date": "2022-12-16T03:22:34.594918",
    "project_checked": "ok",
    "compiledProjectModified": "ok",
    "patchApplied": "ok",
    "arrive_end": "ok",
    "patched_project_pass_all_test": "no",
    "test_execution": [
        {
            "patch": "/home/mmartinez/xTestCluster/Patches/Patches_Wang902/Patches_ICSE/Doverfitting/kPAR/Math/patch1-Math-40-kPAR-plausible.patch",
            "test": "test_from_WangICSE_patch1-Math-40-Arja-plausible",
            "failing": 3,
            "testrun": 31,
            "failings": [
                "test19(org.apache.commons.math.analysis.solvers.BracketingNthOrderBrentSolver_ESTest)",
                "test21(org.apache.commons.math.analysis.solvers.BracketingNthOrderBrentSolver_ESTest)",
                "test29(org.apache.commons.math.analysis.solvers.BracketingNthOrderBrentSolver_ESTest)"
            ],
            "status": "ok",
            "test_executed": [
                "org.apache.commons.math.analysis.solvers.BracketingNthOrderBrentSolver_ESTest"
            ],
            "failing_assertions": [
                "java.lang.AssertionError: expected:<329.86722862692835> but was:<336.15041481556455>",
                "java.lang.ArrayIndexOutOfBoundsException",
                "java.lang.AssertionError: expected:<191.63715256012262> but was:<304.73448740065135>"
            ],
            "failing_lines": [
                [
                    "org.apache.commons.math.analysis.solvers.BracketingNthOrderBrentSolver_ESTest.test19(BracketingNthOrderBrentSolver_ESTest.java:284)"
                ],
                [
                    "org.apache.commons.math.analysis.solvers.BracketingNthOrderBrentSolver_ESTest.test21(BracketingNthOrderBrentSolver_ESTest.java:305)"
                ],
                [
                    "org.apache.commons.math.analysis.solvers.BracketingNthOrderBrentSolver_ESTest.test29(BracketingNthOrderBrentSolver_ESTest.java:418)"
                ]
            ]
        },
        {
            "patch": "/home/mmartinez/xTestCluster/Patches/Patches_Wang902/Patches_ICSE/Doverfitting/kPAR/Math/patch1-Math-40-kPAR-plausible.patch",
            "test": "test_from_WangICSE_patch1-Math-40-kPAR-plausible",
            "failing": 0,
            "testrun": 33,
            "failings": [],
            "status": "ok",
            "test_executed": [
                "org.apache.commons.math.analysis.solvers.BracketingNthOrderBrentSolver_ESTest"
            ],
            "failing_assertions": [],
            "failing_lines": []
        },
        {
            "patch": "/home/mmartinez/xTestCluster/Patches/Patches_Wang902/Patches_ICSE/Doverfitting/kPAR/Math/patch1-Math-40-kPAR-plausible.patch",
            "test": "test_from_WangICSE_patch1-Math-40-GenProg-plausible",
            "failing": 1,
            "testrun": 69,
            "failings": [
                "test21(org.apache.commons.math.analysis.solvers.BracketingNthOrderBrentSolver_ESTest)"
            ],
            "status": "ok",
            "test_executed": [
                "org.apache.commons.math.analysis.solvers.BracketingNthOrderBrentSolver_ESTest",
                "org.apache.commons.math.analysis.solvers.BaseAbstractUnivariateRealSolver_ESTest"
            ],
            "failing_assertions": [
                "java.lang.AssertionError: expected:<-788.6008880582087> but was:<-921.9676392073756>"
            ],
            "failing_lines": [
                [
                    "org.apache.commons.math.analysis.solvers.BracketingNthOrderBrentSolver_ESTest.test21(BracketingNthOrderBrentSolver_ESTest.java:288)"
                ]
            ]
        },
        {
            "patch": "/home/mmartinez/xTestCluster/Patches/Patches_Wang902/Patches_ICSE/Doverfitting/kPAR/Math/patch1-Math-40-kPAR-plausible.patch",
            "test": "test_from_WangICSE_patch1-Math-40-RSRepair-plausible",
            "failing": 0,
            "testrun": 31,
            "failings": [],
            "status": "ok",
            "test_executed": [
                "org.apache.commons.math.analysis.solvers.BracketingNthOrderBrentSolver_ESTest"
            ],
            "failing_assertions": [],
            "failing_lines": []
        }
    ],
    "duration": 28.64
}