{
    "patch": "/home/mmartinez/xTestCluster/Patches/Patches_Wang902/Patches_others/Doverfitting/CapGen/Math/patch4-Math-80-CapGen-plausible.patch",
    "project": "Math",
    "bugid": "80",
    "dataset": "Patches_others",
    "date": "2022-12-15T23:23:57.963959",
    "project_checked": "ok",
    "compiledProjectModified": "ok",
    "patchApplied": "ok",
    "arrive_end": "ok",
    "patched_project_pass_all_test": "no",
    "test_execution": [
        {
            "patch": "/home/mmartinez/xTestCluster/Patches/Patches_Wang902/Patches_others/Doverfitting/CapGen/Math/patch4-Math-80-CapGen-plausible.patch",
            "test": "test_from_WangDRR_patch1-Math-80-Jaid-plausible",
            "failing": 0,
            "testrun": 42,
            "failings": [],
            "status": "ok",
            "test_executed": [
                "org.apache.commons.math.linear.EigenDecompositionImpl_ESTest"
            ],
            "failing_assertions": [],
            "failing_lines": []
        },
        {
            "patch": "/home/mmartinez/xTestCluster/Patches/Patches_Wang902/Patches_others/Doverfitting/CapGen/Math/patch4-Math-80-CapGen-plausible.patch",
            "test": "test_from_WangICSE_patch1-Math-80-DynaMoth-plausible",
            "failing": 0,
            "testrun": 40,
            "failings": [],
            "status": "ok",
            "test_executed": [
                "org.apache.commons.math.linear.EigenDecompositionImpl_ESTest"
            ],
            "failing_assertions": [],
            "failing_lines": []
        },
        {
            "patch": "/home/mmartinez/xTestCluster/Patches/Patches_Wang902/Patches_others/Doverfitting/CapGen/Math/patch4-Math-80-CapGen-plausible.patch",
            "test": "test_from_WangDRR_patch3-Math-80-CapGen-plausible",
            "failing": 0,
            "testrun": 35,
            "failings": [],
            "status": "ok",
            "test_executed": [
                "org.apache.commons.math.linear.EigenDecompositionImpl_ESTest"
            ],
            "failing_assertions": [],
            "failing_lines": []
        },
        {
            "patch": "/home/mmartinez/xTestCluster/Patches/Patches_Wang902/Patches_others/Doverfitting/CapGen/Math/patch4-Math-80-CapGen-plausible.patch",
            "test": "test_from_WangDRR_patch4-Math-80-CapGen-plausible",
            "failing": 0,
            "testrun": 28,
            "failings": [],
            "status": "ok",
            "test_executed": [
                "org.apache.commons.math.linear.EigenDecompositionImpl_ESTest"
            ],
            "failing_assertions": [],
            "failing_lines": []
        },
        {
            "patch": "/home/mmartinez/xTestCluster/Patches/Patches_Wang902/Patches_others/Doverfitting/CapGen/Math/patch4-Math-80-CapGen-plausible.patch",
            "test": "test_from_WangDRR_patch1-Math-80-CapGen-plausible",
            "failing": 0,
            "testrun": 38,
            "failings": [],
            "status": "ok",
            "test_executed": [
                "org.apache.commons.math.linear.EigenDecompositionImpl_ESTest"
            ],
            "failing_assertions": [],
            "failing_lines": []
        },
        {
            "patch": "/home/mmartinez/xTestCluster/Patches/Patches_Wang902/Patches_others/Doverfitting/CapGen/Math/patch4-Math-80-CapGen-plausible.patch",
            "test": "test_from_WangICSE_patch1-Math-80-Arja-plausible",
            "failing": 0,
            "testrun": 49,
            "failings": [],
            "status": "ok",
            "test_executed": [
                "org.apache.commons.math.linear.EigenDecompositionImpl_ESTest"
            ],
            "failing_assertions": [],
            "failing_lines": []
        },
        {
            "patch": "/home/mmartinez/xTestCluster/Patches/Patches_Wang902/Patches_others/Doverfitting/CapGen/Math/patch4-Math-80-CapGen-plausible.patch",
            "test": "test_from_WangDRR_patch5-Math-80-CapGen-plausible",
            "failing": 0,
            "testrun": 28,
            "failings": [],
            "status": "ok",
            "test_executed": [
                "org.apache.commons.math.linear.EigenDecompositionImpl_ESTest"
            ],
            "failing_assertions": [],
            "failing_lines": []
        },
        {
            "patch": "/home/mmartinez/xTestCluster/Patches/Patches_Wang902/Patches_others/Doverfitting/CapGen/Math/patch4-Math-80-CapGen-plausible.patch",
            "test": "test_from_WangDRR_patch6-Math-80-CapGen-plausible",
            "failing": 0,
            "testrun": 28,
            "failings": [],
            "status": "ok",
            "test_executed": [
                "org.apache.commons.math.linear.EigenDecompositionImpl_ESTest"
            ],
            "failing_assertions": [],
            "failing_lines": []
        },
        {
            "patch": "/home/mmartinez/xTestCluster/Patches/Patches_Wang902/Patches_others/Doverfitting/CapGen/Math/patch4-Math-80-CapGen-plausible.patch",
            "test": "test_from_WangDRR_patch1-Math-80-Jaid",
            "failing": 0,
            "testrun": 0,
            "failings": [],
            "status": "ERROR",
            "test_executed": [],
            "failing_assertions": null,
            "failing_lines": null,
            "errorLog": "no test generated"
        },
        {
            "patch": "/home/mmartinez/xTestCluster/Patches/Patches_Wang902/Patches_others/Doverfitting/CapGen/Math/patch4-Math-80-CapGen-plausible.patch",
            "test": "test_from_WangDRR_patch9-Math-80-CapGen-plausible",
            "failing": 0,
            "testrun": 33,
            "failings": [],
            "status": "ok",
            "test_executed": [
                "org.apache.commons.math.linear.EigenDecompositionImpl_ESTest"
            ],
            "failing_assertions": [],
            "failing_lines": []
        },
        {
            "patch": "/home/mmartinez/xTestCluster/Patches/Patches_Wang902/Patches_others/Doverfitting/CapGen/Math/patch4-Math-80-CapGen-plausible.patch",
            "test": "test_from_WangICSE_patch1-Math-80-jKali-plausible",
            "failing": 0,
            "testrun": 49,
            "failings": [],
            "status": "ok",
            "test_executed": [
                "org.apache.commons.math.linear.EigenDecompositionImpl_ESTest"
            ],
            "failing_assertions": [],
            "failing_lines": []
        },
        {
            "patch": "/home/mmartinez/xTestCluster/Patches/Patches_Wang902/Patches_others/Doverfitting/CapGen/Math/patch4-Math-80-CapGen-plausible.patch",
            "test": "test_from_WangDRR_patch2-Math-80-Jaid-plausible",
            "failing": 0,
            "testrun": 27,
            "failings": [],
            "status": "ok",
            "test_executed": [
                "org.apache.commons.math.linear.EigenDecompositionImpl_ESTest"
            ],
            "failing_assertions": [],
            "failing_lines": []
        },
        {
            "patch": "/home/mmartinez/xTestCluster/Patches/Patches_Wang902/Patches_others/Doverfitting/CapGen/Math/patch4-Math-80-CapGen-plausible.patch",
            "test": "test_from_WangDRR_patch1-Math-80-CapGen",
            "failing": 0,
            "testrun": 28,
            "failings": [],
            "status": "ok",
            "test_executed": [
                "org.apache.commons.math.linear.EigenDecompositionImpl_ESTest"
            ],
            "failing_assertions": [],
            "failing_lines": []
        },
        {
            "patch": "/home/mmartinez/xTestCluster/Patches/Patches_Wang902/Patches_others/Doverfitting/CapGen/Math/patch4-Math-80-CapGen-plausible.patch",
            "test": "test_from_WangDRR_patch7-Math-80-CapGen-plausible",
            "failing": 0,
            "testrun": 29,
            "failings": [],
            "status": "ok",
            "test_executed": [
                "org.apache.commons.math.linear.EigenDecompositionImpl_ESTest"
            ],
            "failing_assertions": [],
            "failing_lines": []
        },
        {
            "patch": "/home/mmartinez/xTestCluster/Patches/Patches_Wang902/Patches_others/Doverfitting/CapGen/Math/patch4-Math-80-CapGen-plausible.patch",
            "test": "test_from_WangICSE_patch1-Math-80-jMutRepair-plausible",
            "failing": 0,
            "testrun": 25,
            "failings": [],
            "status": "ok",
            "test_executed": [
                "org.apache.commons.math.linear.EigenDecompositionImpl_ESTest"
            ],
            "failing_assertions": [],
            "failing_lines": []
        },
        {
            "patch": "/home/mmartinez/xTestCluster/Patches/Patches_Wang902/Patches_others/Doverfitting/CapGen/Math/patch4-Math-80-CapGen-plausible.patch",
            "test": "test_from_WangICSE_patch1-Math-80-FixMiner-plausible",
            "failing": 0,
            "testrun": 27,
            "failings": [],
            "status": "ok",
            "test_executed": [
                "org.apache.commons.math.linear.EigenDecompositionImpl_ESTest"
            ],
            "failing_assertions": [],
            "failing_lines": []
        },
        {
            "patch": "/home/mmartinez/xTestCluster/Patches/Patches_Wang902/Patches_others/Doverfitting/CapGen/Math/patch4-Math-80-CapGen-plausible.patch",
            "test": "test_from_WangDRR_patch3-Math-80-Jaid-plausible",
            "failing": 0,
            "testrun": 40,
            "failings": [],
            "status": "ok",
            "test_executed": [
                "org.apache.commons.math.linear.EigenDecompositionImpl_ESTest"
            ],
            "failing_assertions": [],
            "failing_lines": []
        },
        {
            "patch": "/home/mmartinez/xTestCluster/Patches/Patches_Wang902/Patches_others/Doverfitting/CapGen/Math/patch4-Math-80-CapGen-plausible.patch",
            "test": "test_from_WangDRR_patch2-Math-80-Jaid",
            "failing": 0,
            "testrun": 28,
            "failings": [],
            "status": "ok",
            "test_executed": [
                "org.apache.commons.math.linear.EigenDecompositionImpl_ESTest"
            ],
            "failing_assertions": [],
            "failing_lines": []
        },
        {
            "patch": "/home/mmartinez/xTestCluster/Patches/Patches_Wang902/Patches_others/Doverfitting/CapGen/Math/patch4-Math-80-CapGen-plausible.patch",
            "test": "test_from_WangICSE_patch1-Math-80-SimFix-plausible",
            "failing": 0,
            "testrun": 29,
            "failings": [],
            "status": "ok",
            "test_executed": [
                "org.apache.commons.math.linear.EigenDecompositionImpl_ESTest"
            ],
            "failing_assertions": [],
            "failing_lines": []
        },
        {
            "patch": "/home/mmartinez/xTestCluster/Patches/Patches_Wang902/Patches_others/Doverfitting/CapGen/Math/patch4-Math-80-CapGen-plausible.patch",
            "test": "test_from_WangICSE_patch1-Math-80-Kali-plausible",
            "failing": 0,
            "testrun": 42,
            "failings": [],
            "status": "ok",
            "test_executed": [
                "org.apache.commons.math.linear.EigenDecompositionImpl_ESTest"
            ],
            "failing_assertions": [],
            "failing_lines": []
        },
        {
            "patch": "/home/mmartinez/xTestCluster/Patches/Patches_Wang902/Patches_others/Doverfitting/CapGen/Math/patch4-Math-80-CapGen-plausible.patch",
            "test": "test_from_WangICSE_patch1-Math-80-RSRepair-plausible",
            "failing": 0,
            "testrun": 55,
            "failings": [],
            "status": "ok",
            "test_executed": [
                "org.apache.commons.math.linear.EigenDecompositionImpl_ESTest"
            ],
            "failing_assertions": [],
            "failing_lines": []
        },
        {
            "patch": "/home/mmartinez/xTestCluster/Patches/Patches_Wang902/Patches_others/Doverfitting/CapGen/Math/patch4-Math-80-CapGen-plausible.patch",
            "test": "test_from_WangICSE_patch1-Math-80-Nopol-plausible",
            "failing": 0,
            "testrun": 48,
            "failings": [],
            "status": "ok",
            "test_executed": [
                "org.apache.commons.math.linear.EigenDecompositionImpl_ESTest"
            ],
            "failing_assertions": [],
            "failing_lines": []
        },
        {
            "patch": "/home/mmartinez/xTestCluster/Patches/Patches_Wang902/Patches_others/Doverfitting/CapGen/Math/patch4-Math-80-CapGen-plausible.patch",
            "test": "test_from_WangDRR_patch2-Math-80-CapGen-plausible",
            "failing": 0,
            "testrun": 31,
            "failings": [],
            "status": "ok",
            "test_executed": [
                "org.apache.commons.math.linear.EigenDecompositionImpl_ESTest"
            ],
            "failing_assertions": [],
            "failing_lines": []
        },
        {
            "patch": "/home/mmartinez/xTestCluster/Patches/Patches_Wang902/Patches_others/Doverfitting/CapGen/Math/patch4-Math-80-CapGen-plausible.patch",
            "test": "test_from_WangICSE_patch1-Math-80-GenProg-plausible",
            "failing": 0,
            "testrun": 50,
            "failings": [],
            "status": "ok",
            "test_executed": [
                "org.apache.commons.math.linear.EigenDecompositionImpl_ESTest"
            ],
            "failing_assertions": [],
            "failing_lines": []
        },
        {
            "patch": "/home/mmartinez/xTestCluster/Patches/Patches_Wang902/Patches_others/Doverfitting/CapGen/Math/patch4-Math-80-CapGen-plausible.patch",
            "test": "test_from_WangDRR_patch8-Math-80-CapGen-plausible",
            "failing": 0,
            "testrun": 46,
            "failings": [],
            "status": "ok",
            "test_executed": [
                "org.apache.commons.math.linear.EigenDecompositionImpl_ESTest"
            ],
            "failing_assertions": [],
            "failing_lines": []
        },
        {
            "patch": "/home/mmartinez/xTestCluster/Patches/Patches_Wang902/Patches_others/Doverfitting/CapGen/Math/patch4-Math-80-CapGen-plausible.patch",
            "test": "test_from_WangDRR_patch10-Math-80-CapGen-plausible",
            "failing": 0,
            "testrun": 31,
            "failings": [],
            "status": "ok",
            "test_executed": [
                "org.apache.commons.math.linear.EigenDecompositionImpl_ESTest"
            ],
            "failing_assertions": [],
            "failing_lines": []
        },
        {
            "patch": "/home/mmartinez/xTestCluster/Patches/Patches_Wang902/Patches_others/Doverfitting/CapGen/Math/patch4-Math-80-CapGen-plausible.patch",
            "test": "test_from_WangDRR_patch1-Math-80-SequenceR",
            "failing": 0,
            "testrun": 29,
            "failings": [],
            "status": "ok",
            "test_executed": [
                "org.apache.commons.math.linear.EigenDecompositionImpl_ESTest"
            ],
            "failing_assertions": [],
            "failing_lines": []
        },
        {
            "patch": "/home/mmartinez/xTestCluster/Patches/Patches_Wang902/Patches_others/Doverfitting/CapGen/Math/patch4-Math-80-CapGen-plausible.patch",
            "test": "test_from_WangICSE_patch1-Math-80-AVATAR-plausible",
            "failing": 0,
            "testrun": 29,
            "failings": [],
            "status": "ok",
            "test_executed": [
                "org.apache.commons.math.linear.EigenDecompositionImpl_ESTest"
            ],
            "failing_assertions": [],
            "failing_lines": []
        }
    ],
    "duration": 79.08
}