{
    "patch": "/home/mmartinez/xTestCluster/Patches/Patches_Wang902/Patches_ICSE/Doverfitting/SimFix/Lang/patch1-Lang-10-SimFix-plausible.patch",
    "project": "Lang",
    "bugid": "10",
    "dataset": "Patches_ICSE",
    "date": "2022-12-24T11:18:52.362691",
    "project_checked": "ok",
    "compiledProjectModified": "ok",
    "patchApplied": "ok",
    "arrive_end": "ok",
    "patched_project_pass_all_test": "no",
    "test_execution": [
        {
            "patch": "/home/mmartinez/xTestCluster/Patches/Patches_Wang902/Patches_ICSE/Doverfitting/SimFix/Lang/patch1-Lang-10-SimFix-plausible.patch",
            "test": "test_from_WangICSE_patch1-Lang-10-TBar",
            "failing": 2,
            "testrun": 52,
            "failings": [
                "test17(org.apache.commons.lang3.time.FastDateParser_ESTest)",
                "test01(org.apache.commons.lang3.time.FastDateParser_ESTest)"
            ],
            "status": "ok",
            "test_executed": [
                "org.apache.commons.lang3.time.FastDateParser_ESTest"
            ],
            "failing_assertions": [
                "java.lang.AssertionError: expected null, but was:<Fri Feb 14 20:21:21 GMT 2014>",
                "java.lang.AssertionError: expected null, but was:<Fri Feb 14 20:21:21 GMT 2014>"
            ],
            "failing_lines": [
                [
                    "org.apache.commons.lang3.time.FastDateParser_ESTest.test17(FastDateParser_ESTest.java:245)"
                ],
                [
                    "org.apache.commons.lang3.time.FastDateParser_ESTest.test01(FastDateParser_ESTest.java:44)"
                ]
            ]
        },
        {
            "patch": "/home/mmartinez/xTestCluster/Patches/Patches_Wang902/Patches_ICSE/Doverfitting/SimFix/Lang/patch1-Lang-10-SimFix-plausible.patch",
            "test": "test_from_WangICSE_patch1-Lang-10-AVATAR",
            "failing": 2,
            "testrun": 54,
            "failings": [
                "test14(org.apache.commons.lang3.time.FastDateParser_ESTest)",
                "test01(org.apache.commons.lang3.time.FastDateParser_ESTest)"
            ],
            "status": "ok",
            "test_executed": [
                "org.apache.commons.lang3.time.FastDateParser_ESTest"
            ],
            "failing_assertions": [
                "java.lang.AssertionError: expected null, but was:<Fri Feb 14 20:21:21 GMT 2014>",
                "java.lang.AssertionError: expected null, but was:<Fri Feb 14 20:21:21 GMT 2014>"
            ],
            "failing_lines": [
                [
                    "org.apache.commons.lang3.time.FastDateParser_ESTest.test14(FastDateParser_ESTest.java:209)"
                ],
                [
                    "org.apache.commons.lang3.time.FastDateParser_ESTest.test01(FastDateParser_ESTest.java:44)"
                ]
            ]
        },
        {
            "patch": "/home/mmartinez/xTestCluster/Patches/Patches_Wang902/Patches_ICSE/Doverfitting/SimFix/Lang/patch1-Lang-10-SimFix-plausible.patch",
            "test": "test_from_WangICSE_patch1-Lang-10-jKali",
            "failing": 1,
            "testrun": 56,
            "failings": [
                "test00(org.apache.commons.lang3.time.FastDateParser_ESTest)"
            ],
            "status": "ok",
            "test_executed": [
                "org.apache.commons.lang3.time.FastDateParser_ESTest"
            ],
            "failing_assertions": [
                "java.lang.AssertionError: expected null, but was:<Fri Feb 14 20:21:21 GMT 2014>"
            ],
            "failing_lines": [
                [
                    "org.apache.commons.lang3.time.FastDateParser_ESTest.test00(FastDateParser_ESTest.java:36)"
                ]
            ]
        },
        {
            "patch": "/home/mmartinez/xTestCluster/Patches/Patches_Wang902/Patches_ICSE/Doverfitting/SimFix/Lang/patch1-Lang-10-SimFix-plausible.patch",
            "test": "test_from_WangICSE_patch1-Lang-10-SimFix-plausible",
            "failing": 0,
            "testrun": 6,
            "failings": [],
            "status": "ok",
            "test_executed": [
                "org.apache.commons.lang3.event.EventListenerSupport_ESTest"
            ],
            "failing_assertions": [],
            "failing_lines": []
        },
        {
            "patch": "/home/mmartinez/xTestCluster/Patches/Patches_Wang902/Patches_ICSE/Doverfitting/SimFix/Lang/patch1-Lang-10-SimFix-plausible.patch",
            "test": "test_from_WangICSE_patch1-Lang-10-kPAR-plausible",
            "failing": 0,
            "testrun": 0,
            "failings": [],
            "status": "ERROR",
            "test_executed": [],
            "failing_assertions": null,
            "failing_lines": null,
            "errorLog": "no test generated"
        }
    ],
    "duration": 22.28
}