{
    "patch": "/home/mmartinez/xTestCluster/Patches/Patches_Wang902/Patches_ICSE/Doverfitting/Kali/Chart/patch1-Chart-12-Kali-plausible.patch",
    "project": "Chart",
    "bugid": "12",
    "dataset": "Patches_ICSE",
    "date": "2023-02-04T22:48:49.317898",
    "project_checked": "ok",
    "compiledProjectModified": "ok",
    "patchApplied": "ok",
    "arrive_end": "ok",
    "patched_project_pass_all_test": "no",
    "test_execution": [
        {
            "patch": "/home/mmartinez/xTestCluster/Patches/Patches_Wang902/Patches_ICSE/Doverfitting/Kali/Chart/patch1-Chart-12-Kali-plausible.patch",
            "test": "test_from_WangICSE_patch1-Chart-12-RSRepair-plausible",
            "failing": 0,
            "testrun": 39,
            "failings": [],
            "status": "ok",
            "test_executed": [
                "org.jfree.chart.plot.MultiplePiePlot_ESTest"
            ],
            "failing_assertions": [],
            "failing_lines": []
        },
        {
            "patch": "/home/mmartinez/xTestCluster/Patches/Patches_Wang902/Patches_ICSE/Doverfitting/Kali/Chart/patch1-Chart-12-Kali-plausible.patch",
            "test": "test_from_WangICSE_patch1-Chart-12-SimFix-plausible",
            "failing": 0,
            "testrun": 38,
            "failings": [],
            "status": "ok",
            "test_executed": [
                "org.jfree.chart.plot.MultiplePiePlot_ESTest"
            ],
            "failing_assertions": [],
            "failing_lines": []
        },
        {
            "patch": "/home/mmartinez/xTestCluster/Patches/Patches_Wang902/Patches_ICSE/Doverfitting/Kali/Chart/patch1-Chart-12-Kali-plausible.patch",
            "test": "test_from_WangICSE_patch1-Chart-12-GenProg-plausible",
            "failing": 14,
            "testrun": 163,
            "failings": [
                "test28(org.jfree.chart.plot.MultiplePiePlot_ESTest)",
                "test25(org.jfree.chart.plot.MultiplePiePlot_ESTest)",
                "test32(org.jfree.chart.plot.MultiplePiePlot_ESTest)",
                "test14(org.jfree.chart.plot.MultiplePiePlot_ESTest)",
                "test030(org.jfree.chart.JFreeChart_ESTest)",
                "test016(org.jfree.chart.JFreeChart_ESTest)",
                "test107(org.jfree.chart.JFreeChart_ESTest)",
                "test102(org.jfree.chart.JFreeChart_ESTest)",
                "test127(org.jfree.chart.JFreeChart_ESTest)",
                "test126(org.jfree.chart.JFreeChart_ESTest)",
                "test098(org.jfree.chart.JFreeChart_ESTest)",
                "test112(org.jfree.chart.JFreeChart_ESTest)",
                "test113(org.jfree.chart.JFreeChart_ESTest)",
                "test121(org.jfree.chart.JFreeChart_ESTest)"
            ],
            "status": "ok",
            "test_executed": [
                "org.jfree.chart.plot.MultiplePiePlot_ESTest",
                "org.jfree.chart.JFreeChart_ESTest"
            ],
            "failing_assertions": [
                "java.lang.AssertionError: Expecting exception: IllegalArgumentException",
                "java.lang.AssertionError: expected null, but was:<java.awt.Color[r=192,g=192,b=192]>",
                "java.lang.AssertionError: Expecting exception: NullPointerException",
                "java.lang.AssertionError: Expecting exception: NullPointerException",
                "org.evosuite.runtime.mock.java.lang.MockIllegalArgumentException: Index out of range.",
                "java.lang.AssertionError",
                "java.lang.AssertionError: expected:<1> but was:<0>",
                "java.lang.AssertionError: expected:<1> but was:<0>",
                "java.lang.AssertionError: expected:<1> but was:<0>",
                "java.lang.AssertionError: expected:<1> but was:<0>",
                "java.lang.AssertionError: expected:<1> but was:<0>",
                "java.lang.AssertionError: expected:<1> but was:<0>",
                "java.lang.AssertionError: expected:<1> but was:<0>",
                "java.lang.AssertionError: expected:<1> but was:<0>"
            ],
            "failing_lines": [
                [
                    "org.jfree.chart.plot.MultiplePiePlot_ESTest.test28(MultiplePiePlot_ESTest.java:370)"
                ],
                [
                    "org.jfree.chart.plot.MultiplePiePlot_ESTest.test25(MultiplePiePlot_ESTest.java:343)"
                ],
                [
                    "org.jfree.chart.plot.MultiplePiePlot_ESTest.test32(MultiplePiePlot_ESTest.java:413)"
                ],
                [
                    "org.jfree.chart.plot.MultiplePiePlot_ESTest.test14(MultiplePiePlot_ESTest.java:202)"
                ],
                [
                    "org.jfree.chart.JFreeChart_ESTest.test030(JFreeChart_ESTest.java:447)"
                ],
                [
                    "org.jfree.chart.JFreeChart_ESTest.test016(JFreeChart_ESTest.java:293)"
                ],
                [
                    "org.jfree.chart.JFreeChart_ESTest.test107(JFreeChart_ESTest.java:1517)"
                ],
                [
                    "org.jfree.chart.JFreeChart_ESTest.test102(JFreeChart_ESTest.java:1445)"
                ],
                [
                    "org.jfree.chart.JFreeChart_ESTest.test127(JFreeChart_ESTest.java:1764)"
                ],
                [
                    "org.jfree.chart.JFreeChart_ESTest.test126(JFreeChart_ESTest.java:1756)"
                ],
                [
                    "org.jfree.chart.JFreeChart_ESTest.test098(JFreeChart_ESTest.java:1388)"
                ],
                [
                    "org.jfree.chart.JFreeChart_ESTest.test112(JFreeChart_ESTest.java:1587)"
                ],
                [
                    "org.jfree.chart.JFreeChart_ESTest.test113(JFreeChart_ESTest.java:1598)"
                ],
                [
                    "org.jfree.chart.JFreeChart_ESTest.test121(JFreeChart_ESTest.java:1689)"
                ]
            ]
        },
        {
            "patch": "/home/mmartinez/xTestCluster/Patches/Patches_Wang902/Patches_ICSE/Doverfitting/Kali/Chart/patch1-Chart-12-Kali-plausible.patch",
            "test": "test_from_WangICSE_patch1-Chart-12-Kali-plausible",
            "failing": 0,
            "testrun": 14,
            "failings": [],
            "status": "ok",
            "test_executed": [
                "org.jfree.data.general.AbstractDataset_ESTest"
            ],
            "failing_assertions": [],
            "failing_lines": []
        },
        {
            "patch": "/home/mmartinez/xTestCluster/Patches/Patches_Wang902/Patches_ICSE/Doverfitting/Kali/Chart/patch1-Chart-12-Kali-plausible.patch",
            "test": "test_from_WangICSE_patch1-Chart-12-TBar-plausible",
            "failing": 0,
            "testrun": 10,
            "failings": [],
            "status": "ok",
            "test_executed": [
                "org.jfree.data.general.AbstractDataset_ESTest"
            ],
            "failing_assertions": [],
            "failing_lines": []
        },
        {
            "patch": "/home/mmartinez/xTestCluster/Patches/Patches_Wang902/Patches_ICSE/Doverfitting/Kali/Chart/patch1-Chart-12-Kali-plausible.patch",
            "test": "test_from_WangICSE_patch1-Chart-12-Arja",
            "failing": 0,
            "testrun": 40,
            "failings": [],
            "status": "ok",
            "test_executed": [
                "org.jfree.chart.plot.MultiplePiePlot_ESTest"
            ],
            "failing_assertions": [],
            "failing_lines": []
        }
    ],
    "duration": 35.35
}