{
    "patch": "/home/mmartinez/xTestCluster/Patches/Patches_Wang902/Patches_others/Dcorrect/CapGen/Math/patch2-Math-53-CapGen.patch",
    "project": "Math",
    "bugid": "53",
    "dataset": "Patches_others",
    "date": "2022-12-22T00:41:10.961079",
    "project_checked": "ok",
    "compiledProjectModified": "ok",
    "patchApplied": "ok",
    "arrive_end": "ok",
    "patched_project_pass_all_test": "no",
    "test_execution": [
        {
            "patch": "/home/mmartinez/xTestCluster/Patches/Patches_Wang902/Patches_others/Dcorrect/CapGen/Math/patch2-Math-53-CapGen.patch",
            "test": "test_from_WangDRR_patch1-Math-53-Jaid-plausible",
            "failing": 0,
            "testrun": 130,
            "failings": [],
            "status": "ok",
            "test_executed": [
                "org.apache.commons.math.complex.Complex_ESTest"
            ],
            "failing_assertions": [],
            "failing_lines": []
        },
        {
            "patch": "/home/mmartinez/xTestCluster/Patches/Patches_Wang902/Patches_others/Dcorrect/CapGen/Math/patch2-Math-53-CapGen.patch",
            "test": "test_from_WangICSE_patch1-Math-53-SimFix",
            "failing": 1,
            "testrun": 126,
            "failings": [
                "test055(org.apache.commons.math.complex.Complex_ESTest)"
            ],
            "status": "ok",
            "test_executed": [
                "org.apache.commons.math.complex.Complex_ESTest"
            ],
            "failing_assertions": [
                "java.lang.NullPointerException"
            ],
            "failing_lines": [
                [
                    "org.apache.commons.math.complex.Complex_ESTest.test055(Complex_ESTest.java:424)"
                ]
            ]
        },
        {
            "patch": "/home/mmartinez/xTestCluster/Patches/Patches_Wang902/Patches_others/Dcorrect/CapGen/Math/patch2-Math-53-CapGen.patch",
            "test": "test_from_WangDRR_patch2-Math-53-Jaid-plausible",
            "failing": 1,
            "testrun": 122,
            "failings": [
                "test056(org.apache.commons.math.complex.Complex_ESTest)"
            ],
            "status": "ok",
            "test_executed": [
                "org.apache.commons.math.complex.Complex_ESTest"
            ],
            "failing_assertions": [
                "java.lang.NullPointerException"
            ],
            "failing_lines": [
                [
                    "org.apache.commons.math.complex.Complex_ESTest.test056(Complex_ESTest.java:423)"
                ]
            ]
        },
        {
            "patch": "/home/mmartinez/xTestCluster/Patches/Patches_Wang902/Patches_others/Dcorrect/CapGen/Math/patch2-Math-53-CapGen.patch",
            "test": "test_from_WangDRR_patch1-Math-53-CapGen",
            "failing": 1,
            "testrun": 124,
            "failings": [
                "test058(org.apache.commons.math.complex.Complex_ESTest)"
            ],
            "status": "ok",
            "test_executed": [
                "org.apache.commons.math.complex.Complex_ESTest"
            ],
            "failing_assertions": [
                "java.lang.NullPointerException"
            ],
            "failing_lines": [
                [
                    "org.apache.commons.math.complex.Complex_ESTest.test058(Complex_ESTest.java:435)"
                ]
            ]
        },
        {
            "patch": "/home/mmartinez/xTestCluster/Patches/Patches_Wang902/Patches_others/Dcorrect/CapGen/Math/patch2-Math-53-CapGen.patch",
            "test": "test_from_WangICSE_patch1-Math-53-jGenProg",
            "failing": 1,
            "testrun": 126,
            "failings": [
                "test055(org.apache.commons.math.complex.Complex_ESTest)"
            ],
            "status": "ok",
            "test_executed": [
                "org.apache.commons.math.complex.Complex_ESTest"
            ],
            "failing_assertions": [
                "java.lang.NullPointerException"
            ],
            "failing_lines": [
                [
                    "org.apache.commons.math.complex.Complex_ESTest.test055(Complex_ESTest.java:424)"
                ]
            ]
        },
        {
            "patch": "/home/mmartinez/xTestCluster/Patches/Patches_Wang902/Patches_others/Dcorrect/CapGen/Math/patch2-Math-53-CapGen.patch",
            "test": "test_from_WangDRR_patch2-Math-53-Jaid",
            "failing": 0,
            "testrun": 122,
            "failings": [],
            "status": "ok",
            "test_executed": [
                "org.apache.commons.math.complex.Complex_ESTest"
            ],
            "failing_assertions": [],
            "failing_lines": []
        },
        {
            "patch": "/home/mmartinez/xTestCluster/Patches/Patches_Wang902/Patches_others/Dcorrect/CapGen/Math/patch2-Math-53-CapGen.patch",
            "test": "test_from_WangDRR_patch1-Math-53-Jaid",
            "failing": 1,
            "testrun": 121,
            "failings": [
                "test059(org.apache.commons.math.complex.Complex_ESTest)"
            ],
            "status": "ok",
            "test_executed": [
                "org.apache.commons.math.complex.Complex_ESTest"
            ],
            "failing_assertions": [
                "java.lang.NullPointerException"
            ],
            "failing_lines": [
                [
                    "org.apache.commons.math.complex.Complex_ESTest.test059(Complex_ESTest.java:456)"
                ]
            ]
        },
        {
            "patch": "/home/mmartinez/xTestCluster/Patches/Patches_Wang902/Patches_others/Dcorrect/CapGen/Math/patch2-Math-53-CapGen.patch",
            "test": "test_from_WangDRR_patch3-Math-53-Jaid-plausible",
            "failing": 2,
            "testrun": 125,
            "failings": [
                "test069(org.apache.commons.math.complex.Complex_ESTest)",
                "test055(org.apache.commons.math.complex.Complex_ESTest)"
            ],
            "status": "ok",
            "test_executed": [
                "org.apache.commons.math.complex.Complex_ESTest"
            ],
            "failing_assertions": [
                "java.lang.AssertionError",
                "java.lang.NullPointerException"
            ],
            "failing_lines": [
                [
                    "org.apache.commons.math.complex.Complex_ESTest.test069(Complex_ESTest.java:562)"
                ],
                [
                    "org.apache.commons.math.complex.Complex_ESTest.test055(Complex_ESTest.java:425)"
                ]
            ]
        },
        {
            "patch": "/home/mmartinez/xTestCluster/Patches/Patches_Wang902/Patches_others/Dcorrect/CapGen/Math/patch2-Math-53-CapGen.patch",
            "test": "test_from_WangDRR_patch2-Math-53-CapGen",
            "failing": 0,
            "testrun": 128,
            "failings": [],
            "status": "ok",
            "test_executed": [
                "org.apache.commons.math.complex.Complex_ESTest"
            ],
            "failing_assertions": [],
            "failing_lines": []
        }
    ],
    "duration": 45.71
}