{
    "patch": "/home/mmartinez/xTestCluster/Patches/Patches_Wang902/Patches_ICSE/Ddifferent/SimFix/Chart/patch1-Chart-20-SimFix.patch",
    "project": "Chart",
    "bugid": "20",
    "dataset": "Patches_ICSE",
    "date": "2022-12-16T07:09:15.887282",
    "project_checked": "ok",
    "compiledProjectModified": "ok",
    "patchApplied": "ok",
    "arrive_end": "ok",
    "patched_project_pass_all_test": "no",
    "test_execution": [
        {
            "patch": "/home/mmartinez/xTestCluster/Patches/Patches_Wang902/Patches_ICSE/Ddifferent/SimFix/Chart/patch1-Chart-20-SimFix.patch",
            "test": "test_from_WangDRR_patch1-Chart-20-SketchFix",
            "failing": 0,
            "testrun": 12,
            "failings": [],
            "status": "ok",
            "test_executed": [
                "org.jfree.chart.plot.ValueMarker_ESTest"
            ],
            "failing_assertions": [],
            "failing_lines": []
        },
        {
            "patch": "/home/mmartinez/xTestCluster/Patches/Patches_Wang902/Patches_ICSE/Ddifferent/SimFix/Chart/patch1-Chart-20-SimFix.patch",
            "test": "test_from_WangICSE_patch1-Chart-20-SimFix",
            "failing": 0,
            "testrun": 13,
            "failings": [],
            "status": "ok",
            "test_executed": [
                "org.jfree.chart.plot.ValueMarker_ESTest"
            ],
            "failing_assertions": [],
            "failing_lines": []
        },
        {
            "patch": "/home/mmartinez/xTestCluster/Patches/Patches_Wang902/Patches_ICSE/Ddifferent/SimFix/Chart/patch1-Chart-20-SimFix.patch",
            "test": "test_from_WangICSE_patch1-Chart-20-TBar",
            "failing": 0,
            "testrun": 12,
            "failings": [],
            "status": "ok",
            "test_executed": [
                "org.jfree.chart.plot.ValueMarker_ESTest"
            ],
            "failing_assertions": [],
            "failing_lines": []
        }
    ],
    "duration": 35.67
}