{
    "patch": "/home/mmartinez/xTestCluster/Patches/Patches_Wang902/Patches_others/Doverfitting/SequenceR/Math/patch4-Math-85-SequenceR.patch",
    "project": "Math",
    "bugid": "85",
    "dataset": "Patches_others",
    "date": "2022-12-16T01:26:48.653751",
    "project_checked": "ok",
    "compiledProjectModified": "ok",
    "patchApplied": "ok",
    "arrive_end": "ok",
    "patched_project_pass_all_test": "no",
    "test_execution": [
        {
            "patch": "/home/mmartinez/xTestCluster/Patches/Patches_Wang902/Patches_others/Doverfitting/SequenceR/Math/patch4-Math-85-SequenceR.patch",
            "test": "test_from_WangDRR_patch2-Math-85-CapGen-plausible",
            "failing": 2,
            "testrun": 31,
            "failings": [
                "test22(org.apache.commons.math.analysis.solvers.UnivariateRealSolverUtils_ESTest)",
                "test01(org.apache.commons.math.analysis.solvers.UnivariateRealSolverUtils_ESTest)"
            ],
            "status": "ok",
            "test_executed": [
                "org.apache.commons.math.analysis.solvers.UnivariateRealSolverUtils_ESTest"
            ],
            "failing_assertions": [
                "java.lang.AssertionError: Expecting exception: Exception",
                "org.apache.commons.math.ConvergenceException: number of iterations=1, maximum iterations=6, initial=\\xef\\xbf\\xbd, lower bound=-2,536.848, upper bound=98.4, final a value=\\xef\\xbf\\xbd, final b value=\\xef\\xbf\\xbd, f(a)=0, f(b)=0"
            ],
            "failing_lines": [
                [
                    "org.apache.commons.math.analysis.solvers.UnivariateRealSolverUtils_ESTest.test22(UnivariateRealSolverUtils_ESTest.java:300)"
                ],
                [
                    "org.apache.commons.math.analysis.solvers.UnivariateRealSolverUtils_ESTest.test01(UnivariateRealSolverUtils_ESTest.java:35)"
                ]
            ]
        },
        {
            "patch": "/home/mmartinez/xTestCluster/Patches/Patches_Wang902/Patches_others/Doverfitting/SequenceR/Math/patch4-Math-85-SequenceR.patch",
            "test": "test_from_WangICSE_patch1-Math-85-jMutRepair",
            "failing": 3,
            "testrun": 28,
            "failings": [
                "test14(org.apache.commons.math.analysis.solvers.UnivariateRealSolverUtils_ESTest)",
                "test07(org.apache.commons.math.analysis.solvers.UnivariateRealSolverUtils_ESTest)",
                "test00(org.apache.commons.math.analysis.solvers.UnivariateRealSolverUtils_ESTest)"
            ],
            "status": "ok",
            "test_executed": [
                "org.apache.commons.math.analysis.solvers.UnivariateRealSolverUtils_ESTest"
            ],
            "failing_assertions": [
                "org.apache.commons.math.ConvergenceException: number of iterations=1, maximum iterations=1,680, initial=0, lower bound=-2,599.65, upper bound=594.319, final a value=-1, final b value=1, f(a)=0, f(b)=0",
                "org.apache.commons.math.ConvergenceException: number of iterations=2, maximum iterations=2,147,483,647, initial=1, lower bound=1, upper bound=594.319, final a value=1, final b value=3, f(a)=635.6, f(b)=-92.4",
                "org.apache.commons.math.ConvergenceException: number of iterations=1, maximum iterations=2,147,483,647, initial=\\xef\\xbf\\xbd, lower bound=-857.7, upper bound=2,975.937, final a value=\\xef\\xbf\\xbd, final b value=\\xef\\xbf\\xbd, f(a)=0, f(b)=0"
            ],
            "failing_lines": [
                [
                    "org.apache.commons.math.analysis.solvers.UnivariateRealSolverUtils_ESTest.test14(UnivariateRealSolverUtils_ESTest.java:177)"
                ],
                [
                    "org.apache.commons.math.analysis.solvers.UnivariateRealSolverUtils_ESTest.test07(UnivariateRealSolverUtils_ESTest.java:97)"
                ],
                [
                    "org.apache.commons.math.analysis.solvers.UnivariateRealSolverUtils_ESTest.test00(UnivariateRealSolverUtils_ESTest.java:26)"
                ]
            ]
        },
        {
            "patch": "/home/mmartinez/xTestCluster/Patches/Patches_Wang902/Patches_others/Doverfitting/SequenceR/Math/patch4-Math-85-SequenceR.patch",
            "test": "test_from_WangDRR_patch1-Math-85-CapGen",
            "failing": 3,
            "testrun": 28,
            "failings": [
                "test15(org.apache.commons.math.analysis.solvers.UnivariateRealSolverUtils_ESTest)",
                "test08(org.apache.commons.math.analysis.solvers.UnivariateRealSolverUtils_ESTest)",
                "test00(org.apache.commons.math.analysis.solvers.UnivariateRealSolverUtils_ESTest)"
            ],
            "status": "ok",
            "test_executed": [
                "org.apache.commons.math.analysis.solvers.UnivariateRealSolverUtils_ESTest"
            ],
            "failing_assertions": [
                "org.apache.commons.math.ConvergenceException: number of iterations=1, maximum iterations=1,680, initial=0, lower bound=-2,599.65, upper bound=594.319, final a value=-1, final b value=1, f(a)=0, f(b)=0",
                "org.apache.commons.math.ConvergenceException: number of iterations=2, maximum iterations=2,147,483,647, initial=1, lower bound=1, upper bound=594.319, final a value=1, final b value=3, f(a)=635.6, f(b)=-92.4",
                "org.apache.commons.math.ConvergenceException: number of iterations=1, maximum iterations=2,147,483,647, initial=\\xef\\xbf\\xbd, lower bound=-857.7, upper bound=2,975.937, final a value=\\xef\\xbf\\xbd, final b value=\\xef\\xbf\\xbd, f(a)=0, f(b)=0"
            ],
            "failing_lines": [
                [
                    "org.apache.commons.math.analysis.solvers.UnivariateRealSolverUtils_ESTest.test15(UnivariateRealSolverUtils_ESTest.java:187)"
                ],
                [
                    "org.apache.commons.math.analysis.solvers.UnivariateRealSolverUtils_ESTest.test08(UnivariateRealSolverUtils_ESTest.java:114)"
                ],
                [
                    "org.apache.commons.math.analysis.solvers.UnivariateRealSolverUtils_ESTest.test00(UnivariateRealSolverUtils_ESTest.java:26)"
                ]
            ]
        },
        {
            "patch": "/home/mmartinez/xTestCluster/Patches/Patches_Wang902/Patches_others/Doverfitting/SequenceR/Math/patch4-Math-85-SequenceR.patch",
            "test": "test_from_WangDRR_patch12-Math-85-SequenceR",
            "failing": 3,
            "testrun": 28,
            "failings": [
                "test16(org.apache.commons.math.analysis.solvers.UnivariateRealSolverUtils_ESTest)",
                "test08(org.apache.commons.math.analysis.solvers.UnivariateRealSolverUtils_ESTest)",
                "test00(org.apache.commons.math.analysis.solvers.UnivariateRealSolverUtils_ESTest)"
            ],
            "status": "ok",
            "test_executed": [
                "org.apache.commons.math.analysis.solvers.UnivariateRealSolverUtils_ESTest"
            ],
            "failing_assertions": [
                "org.apache.commons.math.ConvergenceException: number of iterations=1, maximum iterations=1,680, initial=0, lower bound=-2,599.65, upper bound=594.319, final a value=-1, final b value=1, f(a)=0, f(b)=0",
                "org.apache.commons.math.ConvergenceException: number of iterations=2, maximum iterations=2,147,483,647, initial=1, lower bound=1, upper bound=594.319, final a value=1, final b value=3, f(a)=635.6, f(b)=-92.4",
                "org.apache.commons.math.ConvergenceException: number of iterations=1, maximum iterations=2,147,483,647, initial=\\xef\\xbf\\xbd, lower bound=-857.7, upper bound=2,975.937, final a value=\\xef\\xbf\\xbd, final b value=\\xef\\xbf\\xbd, f(a)=0, f(b)=0"
            ],
            "failing_lines": [
                [
                    "org.apache.commons.math.analysis.solvers.UnivariateRealSolverUtils_ESTest.test16(UnivariateRealSolverUtils_ESTest.java:203)"
                ],
                [
                    "org.apache.commons.math.analysis.solvers.UnivariateRealSolverUtils_ESTest.test08(UnivariateRealSolverUtils_ESTest.java:114)"
                ],
                [
                    "org.apache.commons.math.analysis.solvers.UnivariateRealSolverUtils_ESTest.test00(UnivariateRealSolverUtils_ESTest.java:26)"
                ]
            ]
        },
        {
            "patch": "/home/mmartinez/xTestCluster/Patches/Patches_Wang902/Patches_others/Doverfitting/SequenceR/Math/patch4-Math-85-SequenceR.patch",
            "test": "test_from_WangDRR_patch17-Math-85-SequenceR",
            "failing": 5,
            "testrun": 31,
            "failings": [
                "test17(org.apache.commons.math.analysis.solvers.UnivariateRealSolverUtils_ESTest)",
                "test19(org.apache.commons.math.analysis.solvers.UnivariateRealSolverUtils_ESTest)",
                "test30(org.apache.commons.math.analysis.solvers.UnivariateRealSolverUtils_ESTest)",
                "test21(org.apache.commons.math.analysis.solvers.UnivariateRealSolverUtils_ESTest)",
                "test00(org.apache.commons.math.analysis.solvers.UnivariateRealSolverUtils_ESTest)"
            ],
            "status": "ok",
            "test_executed": [
                "org.apache.commons.math.analysis.solvers.UnivariateRealSolverUtils_ESTest"
            ],
            "failing_assertions": [
                "org.apache.commons.math.ConvergenceException: number of iterations=2, maximum iterations=2,143,106,158, initial=0, lower bound=-1, upper bound=2, final a value=-1, final b value=2, f(a)=77.798, f(b)=-24,492.202",
                "org.apache.commons.math.ConvergenceException: number of iterations=1, maximum iterations=2,143,106,158, initial=0, lower bound=-1, upper bound=0.5, final a value=-1, final b value=0.5, f(a)=467.798, f(b)=467.798",
                "org.apache.commons.math.ConvergenceException: number of iterations=1, maximum iterations=2,147,483,647, initial=6,025,207,073,142.229, lower bound=1, upper bound=6,025,207,073,142.229, final a value=6,025,207,073,141.229, final b value=6,025,207,073,142.229, f(a)=0, f(b)=0",
                "org.apache.commons.math.ConvergenceException: number of iterations=228, maximum iterations=228, initial=0, lower bound=-1,729.948, upper bound=1, final a value=-228, final b value=1, f(a)=1, f(b)=1",
                "org.apache.commons.math.ConvergenceException: number of iterations=1, maximum iterations=7, initial=\\xef\\xbf\\xbd, lower bound=0, upper bound=\\xe2\\x88\\x9e, final a value=\\xef\\xbf\\xbd, final b value=\\xef\\xbf\\xbd, f(a)=0, f(b)=0"
            ],
            "failing_lines": [
                [
                    "org.apache.commons.math.analysis.solvers.UnivariateRealSolverUtils_ESTest.test17(UnivariateRealSolverUtils_ESTest.java:232)"
                ],
                [
                    "org.apache.commons.math.analysis.solvers.UnivariateRealSolverUtils_ESTest.test19(UnivariateRealSolverUtils_ESTest.java:258)"
                ],
                [
                    "org.apache.commons.math.analysis.solvers.UnivariateRealSolverUtils_ESTest.test30(UnivariateRealSolverUtils_ESTest.java:404)"
                ],
                [
                    "org.apache.commons.math.analysis.solvers.UnivariateRealSolverUtils_ESTest.test21(UnivariateRealSolverUtils_ESTest.java:284)"
                ],
                [
                    "org.apache.commons.math.analysis.solvers.UnivariateRealSolverUtils_ESTest.test00(UnivariateRealSolverUtils_ESTest.java:27)"
                ]
            ]
        },
        {
            "patch": "/home/mmartinez/xTestCluster/Patches/Patches_Wang902/Patches_others/Doverfitting/SequenceR/Math/patch4-Math-85-SequenceR.patch",
            "test": "test_from_WangDRR_patch4-Math-85-SequenceR",
            "failing": 0,
            "testrun": 30,
            "failings": [],
            "status": "ok",
            "test_executed": [
                "org.apache.commons.math.analysis.solvers.UnivariateRealSolverUtils_ESTest"
            ],
            "failing_assertions": [],
            "failing_lines": []
        },
        {
            "patch": "/home/mmartinez/xTestCluster/Patches/Patches_Wang902/Patches_others/Doverfitting/SequenceR/Math/patch4-Math-85-SequenceR.patch",
            "test": "test_from_WangDRR_patch11-Math-85-SequenceR",
            "failing": 2,
            "testrun": 28,
            "failings": [
                "test15(org.apache.commons.math.analysis.solvers.UnivariateRealSolverUtils_ESTest)",
                "test01(org.apache.commons.math.analysis.solvers.UnivariateRealSolverUtils_ESTest)"
            ],
            "status": "ok",
            "test_executed": [
                "org.apache.commons.math.analysis.solvers.UnivariateRealSolverUtils_ESTest"
            ],
            "failing_assertions": [
                "org.apache.commons.math.ConvergenceException: number of iterations=1, maximum iterations=2, initial=\\xef\\xbf\\xbd, lower bound=-1, upper bound=\\xef\\xbf\\xbd, final a value=\\xef\\xbf\\xbd, final b value=\\xef\\xbf\\xbd, f(a)=0, f(b)=0",
                "org.apache.commons.math.ConvergenceException: number of iterations=1, maximum iterations=2,147,483,647, initial=0, lower bound=-1,137.903, upper bound=0.5, final a value=-1, final b value=0.5, f(a)=2,426.696, f(b)=-1,213.348"
            ],
            "failing_lines": [
                [
                    "org.apache.commons.math.analysis.solvers.UnivariateRealSolverUtils_ESTest.test15(UnivariateRealSolverUtils_ESTest.java:177)"
                ],
                [
                    "org.apache.commons.math.analysis.solvers.UnivariateRealSolverUtils_ESTest.test01(UnivariateRealSolverUtils_ESTest.java:35)"
                ]
            ]
        },
        {
            "patch": "/home/mmartinez/xTestCluster/Patches/Patches_Wang902/Patches_others/Doverfitting/SequenceR/Math/patch4-Math-85-SequenceR.patch",
            "test": "test_from_WangDRR_patch1-Math-85-SequenceR",
            "failing": 3,
            "testrun": 28,
            "failings": [
                "test16(org.apache.commons.math.analysis.solvers.UnivariateRealSolverUtils_ESTest)",
                "test09(org.apache.commons.math.analysis.solvers.UnivariateRealSolverUtils_ESTest)",
                "test01(org.apache.commons.math.analysis.solvers.UnivariateRealSolverUtils_ESTest)"
            ],
            "status": "ok",
            "test_executed": [
                "org.apache.commons.math.analysis.solvers.UnivariateRealSolverUtils_ESTest"
            ],
            "failing_assertions": [
                "org.apache.commons.math.ConvergenceException: number of iterations=1, maximum iterations=1,680, initial=0, lower bound=-2,599.65, upper bound=594.319, final a value=-1, final b value=1, f(a)=0, f(b)=0",
                "org.apache.commons.math.ConvergenceException: number of iterations=2, maximum iterations=2,147,483,647, initial=1, lower bound=1, upper bound=594.319, final a value=1, final b value=3, f(a)=635.6, f(b)=-92.4",
                "org.apache.commons.math.ConvergenceException: number of iterations=1, maximum iterations=2,147,483,647, initial=\\xef\\xbf\\xbd, lower bound=-857.7, upper bound=2,975.937, final a value=\\xef\\xbf\\xbd, final b value=\\xef\\xbf\\xbd, f(a)=0, f(b)=0"
            ],
            "failing_lines": [
                [
                    "org.apache.commons.math.analysis.solvers.UnivariateRealSolverUtils_ESTest.test16(UnivariateRealSolverUtils_ESTest.java:210)"
                ],
                [
                    "org.apache.commons.math.analysis.solvers.UnivariateRealSolverUtils_ESTest.test09(UnivariateRealSolverUtils_ESTest.java:120)"
                ],
                [
                    "org.apache.commons.math.analysis.solvers.UnivariateRealSolverUtils_ESTest.test01(UnivariateRealSolverUtils_ESTest.java:32)"
                ]
            ]
        },
        {
            "patch": "/home/mmartinez/xTestCluster/Patches/Patches_Wang902/Patches_others/Doverfitting/SequenceR/Math/patch4-Math-85-SequenceR.patch",
            "test": "test_from_WangICSE_patch1-Math-85-ACS",
            "failing": 3,
            "testrun": 28,
            "failings": [
                "test17(org.apache.commons.math.analysis.solvers.UnivariateRealSolverUtils_ESTest)",
                "test12(org.apache.commons.math.analysis.solvers.UnivariateRealSolverUtils_ESTest)",
                "test27(org.apache.commons.math.analysis.solvers.UnivariateRealSolverUtils_ESTest)"
            ],
            "status": "ok",
            "test_executed": [
                "org.apache.commons.math.analysis.solvers.UnivariateRealSolverUtils_ESTest"
            ],
            "failing_assertions": [
                "java.lang.AssertionError: Expecting exception: Exception",
                "org.apache.commons.math.ConvergenceException: number of iterations=1, maximum iterations=1,214, initial=0, lower bound=0, upper bound=1,214, final a value=0, final b value=1, f(a)=0, f(b)=0",
                "org.apache.commons.math.ConvergenceException: number of iterations=1, maximum iterations=2,147,483,647, initial=-5,466.608, lower bound=-5,466.608, upper bound=225.309, final a value=-5,466.608, final b value=-5,465.608, f(a)=0, f(b)=0"
            ],
            "failing_lines": [
                [
                    "org.apache.commons.math.analysis.solvers.UnivariateRealSolverUtils_ESTest.test17(UnivariateRealSolverUtils_ESTest.java:223)"
                ],
                [
                    "org.apache.commons.math.analysis.solvers.UnivariateRealSolverUtils_ESTest.test12(UnivariateRealSolverUtils_ESTest.java:156)"
                ],
                [
                    "org.apache.commons.math.analysis.solvers.UnivariateRealSolverUtils_ESTest.test27(UnivariateRealSolverUtils_ESTest.java:359)"
                ]
            ]
        },
        {
            "patch": "/home/mmartinez/xTestCluster/Patches/Patches_Wang902/Patches_others/Doverfitting/SequenceR/Math/patch4-Math-85-SequenceR.patch",
            "test": "test_from_WangDRR_patch3-Math-85-CapGen-plausible",
            "failing": 5,
            "testrun": 28,
            "failings": [
                "test17(org.apache.commons.math.analysis.solvers.UnivariateRealSolverUtils_ESTest)",
                "test02(org.apache.commons.math.analysis.solvers.UnivariateRealSolverUtils_ESTest)",
                "test00(org.apache.commons.math.analysis.solvers.UnivariateRealSolverUtils_ESTest)",
                "test22(org.apache.commons.math.analysis.solvers.UnivariateRealSolverUtils_ESTest)",
                "test01(org.apache.commons.math.analysis.solvers.UnivariateRealSolverUtils_ESTest)"
            ],
            "status": "ok",
            "test_executed": [
                "org.apache.commons.math.analysis.solvers.UnivariateRealSolverUtils_ESTest"
            ],
            "failing_assertions": [
                "org.apache.commons.math.ConvergenceException: number of iterations=1, maximum iterations=6, initial=0, lower bound=0, upper bound=6, final a value=0, final b value=1, f(a)=0, f(b)=0",
                "org.apache.commons.math.ConvergenceException: number of iterations=1, maximum iterations=2,147,483,647, initial=\\xef\\xbf\\xbd, lower bound=-250.924, upper bound=14.197, final a value=\\xef\\xbf\\xbd, final b value=\\xef\\xbf\\xbd, f(a)=0, f(b)=0",
                "org.apache.commons.math.ConvergenceException: number of iterations=1, maximum iterations=2,147,483,647, initial=0, lower bound=-1,137.903, upper bound=0.5, final a value=-1, final b value=0.5, f(a)=2,426.696, f(b)=-1,213.348",
                "org.apache.commons.math.ConvergenceException: number of iterations=6, maximum iterations=6, initial=2,253.2, lower bound=6, upper bound=2,253.2, final a value=2,247.2, final b value=2,253.2, f(a)=2,253.2, f(b)=2,253.2",
                "java.lang.AssertionError: Expecting exception: Exception"
            ],
            "failing_lines": [
                [
                    "org.apache.commons.math.analysis.solvers.UnivariateRealSolverUtils_ESTest.test17(UnivariateRealSolverUtils_ESTest.java:213)"
                ],
                [
                    "org.apache.commons.math.analysis.solvers.UnivariateRealSolverUtils_ESTest.test02(UnivariateRealSolverUtils_ESTest.java:54)"
                ],
                [
                    "org.apache.commons.math.analysis.solvers.UnivariateRealSolverUtils_ESTest.test00(UnivariateRealSolverUtils_ESTest.java:29)"
                ],
                [
                    "org.apache.commons.math.analysis.solvers.UnivariateRealSolverUtils_ESTest.test22(UnivariateRealSolverUtils_ESTest.java:286)"
                ],
                [
                    "org.apache.commons.math.analysis.solvers.UnivariateRealSolverUtils_ESTest.test01(UnivariateRealSolverUtils_ESTest.java:40)"
                ]
            ]
        },
        {
            "patch": "/home/mmartinez/xTestCluster/Patches/Patches_Wang902/Patches_others/Doverfitting/SequenceR/Math/patch4-Math-85-SequenceR.patch",
            "test": "test_from_WangDRR_patch1-Math-85-Jaid",
            "failing": 3,
            "testrun": 28,
            "failings": [
                "test16(org.apache.commons.math.analysis.solvers.UnivariateRealSolverUtils_ESTest)",
                "test08(org.apache.commons.math.analysis.solvers.UnivariateRealSolverUtils_ESTest)",
                "test00(org.apache.commons.math.analysis.solvers.UnivariateRealSolverUtils_ESTest)"
            ],
            "status": "ok",
            "test_executed": [
                "org.apache.commons.math.analysis.solvers.UnivariateRealSolverUtils_ESTest"
            ],
            "failing_assertions": [
                "org.apache.commons.math.ConvergenceException: number of iterations=1, maximum iterations=1,680, initial=0, lower bound=-2,599.65, upper bound=594.319, final a value=-1, final b value=1, f(a)=0, f(b)=0",
                "org.apache.commons.math.ConvergenceException: number of iterations=2, maximum iterations=2,147,483,647, initial=1, lower bound=1, upper bound=594.319, final a value=1, final b value=3, f(a)=635.6, f(b)=-92.4",
                "org.apache.commons.math.ConvergenceException: number of iterations=1, maximum iterations=2,147,483,647, initial=\\xef\\xbf\\xbd, lower bound=-857.7, upper bound=2,975.937, final a value=\\xef\\xbf\\xbd, final b value=\\xef\\xbf\\xbd, f(a)=0, f(b)=0"
            ],
            "failing_lines": [
                [
                    "org.apache.commons.math.analysis.solvers.UnivariateRealSolverUtils_ESTest.test16(UnivariateRealSolverUtils_ESTest.java:210)"
                ],
                [
                    "org.apache.commons.math.analysis.solvers.UnivariateRealSolverUtils_ESTest.test08(UnivariateRealSolverUtils_ESTest.java:114)"
                ],
                [
                    "org.apache.commons.math.analysis.solvers.UnivariateRealSolverUtils_ESTest.test00(UnivariateRealSolverUtils_ESTest.java:26)"
                ]
            ]
        },
        {
            "patch": "/home/mmartinez/xTestCluster/Patches/Patches_Wang902/Patches_others/Doverfitting/SequenceR/Math/patch4-Math-85-SequenceR.patch",
            "test": "test_from_WangDRR_patch10-Math-85-SequenceR",
            "failing": 3,
            "testrun": 29,
            "failings": [
                "test21(org.apache.commons.math.analysis.solvers.UnivariateRealSolverUtils_ESTest)",
                "test00(org.apache.commons.math.analysis.solvers.UnivariateRealSolverUtils_ESTest)",
                "test22(org.apache.commons.math.analysis.solvers.UnivariateRealSolverUtils_ESTest)"
            ],
            "status": "ok",
            "test_executed": [
                "org.apache.commons.math.analysis.solvers.UnivariateRealSolverUtils_ESTest"
            ],
            "failing_assertions": [
                "java.lang.AssertionError: Expecting exception: Exception",
                "org.apache.commons.math.ConvergenceException: number of iterations=1, maximum iterations=2,147,483,647, initial=\\xef\\xbf\\xbd, lower bound=-2,429.003, upper bound=0, final a value=\\xef\\xbf\\xbd, final b value=\\xef\\xbf\\xbd, f(a)=0, f(b)=0",
                "org.apache.commons.math.ConvergenceException: number of iterations=12, maximum iterations=32, initial=11.266, lower bound=-1,134.609, upper bound=7,471,092,436,418.088, final a value=-0.734, final b value=23.266, f(a)=0.055, f(b)=-1.756"
            ],
            "failing_lines": [
                [
                    "org.apache.commons.math.analysis.solvers.UnivariateRealSolverUtils_ESTest.test21(UnivariateRealSolverUtils_ESTest.java:295)"
                ],
                [
                    "org.apache.commons.math.analysis.solvers.UnivariateRealSolverUtils_ESTest.test00(UnivariateRealSolverUtils_ESTest.java:28)"
                ],
                [
                    "org.apache.commons.math.analysis.solvers.UnivariateRealSolverUtils_ESTest.test22(UnivariateRealSolverUtils_ESTest.java:310)"
                ]
            ]
        },
        {
            "patch": "/home/mmartinez/xTestCluster/Patches/Patches_Wang902/Patches_others/Doverfitting/SequenceR/Math/patch4-Math-85-SequenceR.patch",
            "test": "test_from_WangICSE_patch1-Math-85-DynaMoth-plausible",
            "failing": 4,
            "testrun": 29,
            "failings": [
                "test14(org.apache.commons.math.analysis.solvers.UnivariateRealSolverUtils_ESTest)",
                "test16(org.apache.commons.math.analysis.solvers.UnivariateRealSolverUtils_ESTest)",
                "test20(org.apache.commons.math.analysis.solvers.UnivariateRealSolverUtils_ESTest)",
                "test22(org.apache.commons.math.analysis.solvers.UnivariateRealSolverUtils_ESTest)"
            ],
            "status": "ok",
            "test_executed": [
                "org.apache.commons.math.analysis.solvers.UnivariateRealSolverUtils_ESTest"
            ],
            "failing_assertions": [
                "org.apache.commons.math.ConvergenceException: number of iterations=1, maximum iterations=3, initial=1.5, lower bound=-3.492, upper bound=\\xe2\\x88\\x9e, final a value=0.5, final b value=2.5, f(a)=0, f(b)=0",
                "org.apache.commons.math.ConvergenceException: number of iterations=1,370, maximum iterations=309,408,894, initial=-1,369.492, lower bound=-1,369.492, upper bound=0, final a value=-1,369.492, final b value=0, f(a)=636.6, f(b)=636.6",
                "org.apache.commons.math.ConvergenceException: number of iterations=463, maximum iterations=2,147,483,647, initial=788.546, lower bound=788.546, upper bound=1,250.999, final a value=788.546, final b value=1,250.999, f(a)=1,250.999, f(b)=1,250.999",
                "org.apache.commons.math.ConvergenceException: number of iterations=1, maximum iterations=1, initial=\\xe2\\x88\\x9e, lower bound=1, upper bound=\\xe2\\x88\\x9e, final a value=\\xe2\\x88\\x9e, final b value=\\xe2\\x88\\x9e, f(a)=\\xe2\\x88\\x9e, f(b)=\\xe2\\x88\\x9e"
            ],
            "failing_lines": [
                [
                    "org.apache.commons.math.analysis.solvers.UnivariateRealSolverUtils_ESTest.test14(UnivariateRealSolverUtils_ESTest.java:189)"
                ],
                [
                    "org.apache.commons.math.analysis.solvers.UnivariateRealSolverUtils_ESTest.test16(UnivariateRealSolverUtils_ESTest.java:225)"
                ],
                [
                    "org.apache.commons.math.analysis.solvers.UnivariateRealSolverUtils_ESTest.test20(UnivariateRealSolverUtils_ESTest.java:277)"
                ],
                [
                    "org.apache.commons.math.analysis.solvers.UnivariateRealSolverUtils_ESTest.test22(UnivariateRealSolverUtils_ESTest.java:295)"
                ]
            ]
        },
        {
            "patch": "/home/mmartinez/xTestCluster/Patches/Patches_Wang902/Patches_others/Doverfitting/SequenceR/Math/patch4-Math-85-SequenceR.patch",
            "test": "test_from_WangDRR_patch8-Math-85-SequenceR",
            "failing": 2,
            "testrun": 30,
            "failings": [
                "test22(org.apache.commons.math.analysis.solvers.UnivariateRealSolverUtils_ESTest)",
                "test01(org.apache.commons.math.analysis.solvers.UnivariateRealSolverUtils_ESTest)"
            ],
            "status": "ok",
            "test_executed": [
                "org.apache.commons.math.analysis.solvers.UnivariateRealSolverUtils_ESTest"
            ],
            "failing_assertions": [
                "org.apache.commons.math.ConvergenceException: number of iterations=5, maximum iterations=5, initial=1,537.769, lower bound=5, upper bound=1,537.769, final a value=1,532.769, final b value=1,537.769, f(a)=1,537.769, f(b)=1,537.769",
                "org.apache.commons.math.ConvergenceException: number of iterations=1, maximum iterations=2,147,483,647, initial=\\xef\\xbf\\xbd, lower bound=-1,682, upper bound=1, final a value=\\xef\\xbf\\xbd, final b value=\\xef\\xbf\\xbd, f(a)=0, f(b)=0"
            ],
            "failing_lines": [
                [
                    "org.apache.commons.math.analysis.solvers.UnivariateRealSolverUtils_ESTest.test22(UnivariateRealSolverUtils_ESTest.java:289)"
                ],
                [
                    "org.apache.commons.math.analysis.solvers.UnivariateRealSolverUtils_ESTest.test01(UnivariateRealSolverUtils_ESTest.java:32)"
                ]
            ]
        },
        {
            "patch": "/home/mmartinez/xTestCluster/Patches/Patches_Wang902/Patches_others/Doverfitting/SequenceR/Math/patch4-Math-85-SequenceR.patch",
            "test": "test_from_WangDRR_patch3-Math-85-Jaid-plausible",
            "failing": 4,
            "testrun": 29,
            "failings": [
                "test17(org.apache.commons.math.analysis.solvers.UnivariateRealSolverUtils_ESTest)",
                "test18(org.apache.commons.math.analysis.solvers.UnivariateRealSolverUtils_ESTest)",
                "test16(org.apache.commons.math.analysis.solvers.UnivariateRealSolverUtils_ESTest)",
                "test24(org.apache.commons.math.analysis.solvers.UnivariateRealSolverUtils_ESTest)"
            ],
            "status": "ok",
            "test_executed": [
                "org.apache.commons.math.analysis.solvers.UnivariateRealSolverUtils_ESTest"
            ],
            "failing_assertions": [
                "org.apache.commons.math.ConvergenceException: number of iterations=1, maximum iterations=1,778, initial=0.5, lower bound=-4,167.891, upper bound=1, final a value=-0.5, final b value=1, f(a)=1,213.348, f(b)=-2,426.696",
                "org.apache.commons.math.ConvergenceException: number of iterations=1, maximum iterations=1,778, initial=0.5, lower bound=-4,167.891, upper bound=1, final a value=-0.5, final b value=1, f(a)=0, f(b)=0",
                "org.apache.commons.math.ConvergenceException: number of iterations=1, maximum iterations=2,147,483,647, initial=\\xef\\xbf\\xbd, lower bound=-2,703.7, upper bound=\\xef\\xbf\\xbd, final a value=\\xef\\xbf\\xbd, final b value=\\xef\\xbf\\xbd, f(a)=0, f(b)=0",
                "org.apache.commons.math.ConvergenceException: number of iterations=3, maximum iterations=3, initial=0.683, lower bound=0.683, upper bound=3, final a value=0.683, final b value=3, f(a)=0.07, f(b)=498.091"
            ],
            "failing_lines": [
                [
                    "org.apache.commons.math.analysis.solvers.UnivariateRealSolverUtils_ESTest.test17(UnivariateRealSolverUtils_ESTest.java:241)"
                ],
                [
                    "org.apache.commons.math.analysis.solvers.UnivariateRealSolverUtils_ESTest.test18(UnivariateRealSolverUtils_ESTest.java:249)"
                ],
                [
                    "org.apache.commons.math.analysis.solvers.UnivariateRealSolverUtils_ESTest.test16(UnivariateRealSolverUtils_ESTest.java:218)"
                ],
                [
                    "org.apache.commons.math.analysis.solvers.UnivariateRealSolverUtils_ESTest.test24(UnivariateRealSolverUtils_ESTest.java:333)"
                ]
            ]
        },
        {
            "patch": "/home/mmartinez/xTestCluster/Patches/Patches_Wang902/Patches_others/Doverfitting/SequenceR/Math/patch4-Math-85-SequenceR.patch",
            "test": "test_from_WangICSE_patch1-Math-85-Cardumen-plausible",
            "failing": 4,
            "testrun": 30,
            "failings": [
                "test03(org.apache.commons.math.distribution.NormalDistributionImpl_ESTest)",
                "test01(org.apache.commons.math.distribution.NormalDistributionImpl_ESTest)",
                "test23(org.apache.commons.math.distribution.NormalDistributionImpl_ESTest)",
                "test11(org.apache.commons.math.distribution.NormalDistributionImpl_ESTest)"
            ],
            "status": "ok",
            "test_executed": [
                "org.apache.commons.math.distribution.NormalDistributionImpl_ESTest"
            ],
            "failing_assertions": [
                "java.lang.AssertionError: expected:<0.0> but was:<0.5>",
                "java.lang.AssertionError: expected:<NaN> but was:<Infinity>",
                "java.lang.AssertionError: expected:<2.0> but was:<0.19477554405658723>",
                "java.lang.AssertionError: expected:<0.0> but was:<2112.3341264550177>"
            ],
            "failing_lines": [
                [
                    "org.apache.commons.math.distribution.NormalDistributionImpl_ESTest.test03(NormalDistributionImpl_ESTest.java:58)"
                ],
                [
                    "org.apache.commons.math.distribution.NormalDistributionImpl_ESTest.test01(NormalDistributionImpl_ESTest.java:31)"
                ],
                [
                    "org.apache.commons.math.distribution.NormalDistributionImpl_ESTest.test23(NormalDistributionImpl_ESTest.java:238)"
                ],
                [
                    "org.apache.commons.math.distribution.NormalDistributionImpl_ESTest.test11(NormalDistributionImpl_ESTest.java:124)"
                ]
            ]
        },
        {
            "patch": "/home/mmartinez/xTestCluster/Patches/Patches_Wang902/Patches_others/Doverfitting/SequenceR/Math/patch4-Math-85-SequenceR.patch",
            "test": "test_from_WangDRR_patch13-Math-85-SequenceR",
            "failing": 1,
            "testrun": 31,
            "failings": [
                "test17(org.apache.commons.math.analysis.solvers.UnivariateRealSolverUtils_ESTest)"
            ],
            "status": "ok",
            "test_executed": [
                "org.apache.commons.math.analysis.solvers.UnivariateRealSolverUtils_ESTest"
            ],
            "failing_assertions": [
                "org.apache.commons.math.ConvergenceException: number of iterations=1, maximum iterations=1, initial=0, lower bound=0, upper bound=1, final a value=0, final b value=1, f(a)=0, f(b)=0"
            ],
            "failing_lines": [
                [
                    "org.apache.commons.math.analysis.solvers.UnivariateRealSolverUtils_ESTest.test17(UnivariateRealSolverUtils_ESTest.java:226)"
                ]
            ]
        },
        {
            "patch": "/home/mmartinez/xTestCluster/Patches/Patches_Wang902/Patches_others/Doverfitting/SequenceR/Math/patch4-Math-85-SequenceR.patch",
            "test": "test_from_WangICSE_patch1-Math-85-jGenProg-plausible",
            "failing": 3,
            "testrun": 29,
            "failings": [
                "test17(org.apache.commons.math.analysis.solvers.UnivariateRealSolverUtils_ESTest)",
                "test18(org.apache.commons.math.analysis.solvers.UnivariateRealSolverUtils_ESTest)",
                "test00(org.apache.commons.math.analysis.solvers.UnivariateRealSolverUtils_ESTest)"
            ],
            "status": "ok",
            "test_executed": [
                "org.apache.commons.math.analysis.solvers.UnivariateRealSolverUtils_ESTest"
            ],
            "failing_assertions": [
                "org.apache.commons.math.ConvergenceException: number of iterations=1, maximum iterations=3, initial=3, lower bound=-2.014, upper bound=3, final a value=2, final b value=3, f(a)=0, f(b)=0",
                "org.apache.commons.math.ConvergenceException: number of iterations=1,370, maximum iterations=309,408,894, initial=-1,369.492, lower bound=-1,369.492, upper bound=0, final a value=-1,369.492, final b value=0, f(a)=636.6, f(b)=636.6",
                "org.apache.commons.math.ConvergenceException: number of iterations=1, maximum iterations=2,147,483,647, initial=\\xef\\xbf\\xbd, lower bound=-1,493.89, upper bound=\\xef\\xbf\\xbd, final a value=\\xef\\xbf\\xbd, final b value=\\xef\\xbf\\xbd, f(a)=0, f(b)=0"
            ],
            "failing_lines": [
                [
                    "org.apache.commons.math.analysis.solvers.UnivariateRealSolverUtils_ESTest.test17(UnivariateRealSolverUtils_ESTest.java:222)"
                ],
                [
                    "org.apache.commons.math.analysis.solvers.UnivariateRealSolverUtils_ESTest.test18(UnivariateRealSolverUtils_ESTest.java:243)"
                ],
                [
                    "org.apache.commons.math.analysis.solvers.UnivariateRealSolverUtils_ESTest.test00(UnivariateRealSolverUtils_ESTest.java:27)"
                ]
            ]
        },
        {
            "patch": "/home/mmartinez/xTestCluster/Patches/Patches_Wang902/Patches_others/Doverfitting/SequenceR/Math/patch4-Math-85-SequenceR.patch",
            "test": "test_from_WangDRR_patch14-Math-85-SequenceR",
            "failing": 4,
            "testrun": 30,
            "failings": [
                "test19(org.apache.commons.math.analysis.solvers.UnivariateRealSolverUtils_ESTest)",
                "test20(org.apache.commons.math.analysis.solvers.UnivariateRealSolverUtils_ESTest)",
                "test22(org.apache.commons.math.analysis.solvers.UnivariateRealSolverUtils_ESTest)",
                "test01(org.apache.commons.math.analysis.solvers.UnivariateRealSolverUtils_ESTest)"
            ],
            "status": "ok",
            "test_executed": [
                "org.apache.commons.math.analysis.solvers.UnivariateRealSolverUtils_ESTest"
            ],
            "failing_assertions": [
                "org.apache.commons.math.ConvergenceException: number of iterations=1, maximum iterations=6, initial=\\xef\\xbf\\xbd, lower bound=-361.653, upper bound=636.6, final a value=\\xef\\xbf\\xbd, final b value=\\xef\\xbf\\xbd, f(a)=0, f(b)=0",
                "org.apache.commons.math.ConvergenceException: number of iterations=1, maximum iterations=32, initial=636.6, lower bound=\\xef\\xbf\\xbd, upper bound=636.6, final a value=\\xef\\xbf\\xbd, final b value=636.6, f(a)=636.6, f(b)=636.6",
                "org.apache.commons.math.ConvergenceException: number of iterations=6, maximum iterations=6, initial=-2,179.478, lower bound=\\xef\\xbf\\xbd, upper bound=636.6, final a value=\\xef\\xbf\\xbd, final b value=-2,173.478, f(a)=636.6, f(b)=636.6",
                "org.apache.commons.math.ConvergenceException: number of iterations=1, maximum iterations=2,147,483,647, initial=0, lower bound=-1,137.903, upper bound=0.5, final a value=-1, final b value=0.5, f(a)=2,426.696, f(b)=-1,213.348"
            ],
            "failing_lines": [
                [
                    "org.apache.commons.math.analysis.solvers.UnivariateRealSolverUtils_ESTest.test19(UnivariateRealSolverUtils_ESTest.java:266)"
                ],
                [
                    "org.apache.commons.math.analysis.solvers.UnivariateRealSolverUtils_ESTest.test20(UnivariateRealSolverUtils_ESTest.java:275)"
                ],
                [
                    "org.apache.commons.math.analysis.solvers.UnivariateRealSolverUtils_ESTest.test22(UnivariateRealSolverUtils_ESTest.java:301)"
                ],
                [
                    "org.apache.commons.math.analysis.solvers.UnivariateRealSolverUtils_ESTest.test01(UnivariateRealSolverUtils_ESTest.java:35)"
                ]
            ]
        },
        {
            "patch": "/home/mmartinez/xTestCluster/Patches/Patches_Wang902/Patches_others/Doverfitting/SequenceR/Math/patch4-Math-85-SequenceR.patch",
            "test": "test_from_WangDRR_patch3-Math-85-SequenceR",
            "failing": 2,
            "testrun": 31,
            "failings": [
                "test30(org.apache.commons.math.analysis.solvers.UnivariateRealSolverUtils_ESTest)",
                "test02(org.apache.commons.math.analysis.solvers.UnivariateRealSolverUtils_ESTest)"
            ],
            "status": "ok",
            "test_executed": [
                "org.apache.commons.math.analysis.solvers.UnivariateRealSolverUtils_ESTest"
            ],
            "failing_assertions": [
                "org.apache.commons.math.ConvergenceException: number of iterations=1, maximum iterations=2,147,483,647, initial=2,775,627,963,159.453, lower bound=0.825, upper bound=2,775,627,963,159.453, final a value=2,775,627,963,158.453, final b value=2,775,627,963,159.453, f(a)=0, f(b)=0",
                "org.apache.commons.math.ConvergenceException: number of iterations=1, maximum iterations=6, initial=\\xef\\xbf\\xbd, lower bound=0, upper bound=1, final a value=\\xef\\xbf\\xbd, final b value=\\xef\\xbf\\xbd, f(a)=0, f(b)=0"
            ],
            "failing_lines": [
                [
                    "org.apache.commons.math.analysis.solvers.UnivariateRealSolverUtils_ESTest.test30(UnivariateRealSolverUtils_ESTest.java:421)"
                ],
                [
                    "org.apache.commons.math.analysis.solvers.UnivariateRealSolverUtils_ESTest.test02(UnivariateRealSolverUtils_ESTest.java:42)"
                ]
            ]
        },
        {
            "patch": "/home/mmartinez/xTestCluster/Patches/Patches_Wang902/Patches_others/Doverfitting/SequenceR/Math/patch4-Math-85-SequenceR.patch",
            "test": "test_from_WangDRR_patch5-Math-85-SequenceR",
            "failing": 3,
            "testrun": 31,
            "failings": [
                "test17(org.apache.commons.math.analysis.solvers.UnivariateRealSolverUtils_ESTest)",
                "test18(org.apache.commons.math.analysis.solvers.UnivariateRealSolverUtils_ESTest)",
                "test30(org.apache.commons.math.analysis.solvers.UnivariateRealSolverUtils_ESTest)"
            ],
            "status": "ok",
            "test_executed": [
                "org.apache.commons.math.analysis.solvers.UnivariateRealSolverUtils_ESTest"
            ],
            "failing_assertions": [
                "org.apache.commons.math.ConvergenceException: number of iterations=1, maximum iterations=1,829, initial=\\xef\\xbf\\xbd, lower bound=\\xef\\xbf\\xbd, upper bound=\\xef\\xbf\\xbd, final a value=\\xef\\xbf\\xbd, final b value=\\xef\\xbf\\xbd, f(a)=0, f(b)=0",
                "org.apache.commons.math.ConvergenceException: number of iterations=1, maximum iterations=94, initial=4,596, lower bound=94, upper bound=4,596, final a value=4,595, final b value=4,596, f(a)=0, f(b)=0",
                "org.apache.commons.math.ConvergenceException: number of iterations=1, maximum iterations=2,147,483,647, initial=0.5, lower bound=0.5, upper bound=\\xe2\\x88\\x9e, final a value=0.5, final b value=1.5, f(a)=0, f(b)=0"
            ],
            "failing_lines": [
                [
                    "org.apache.commons.math.analysis.solvers.UnivariateRealSolverUtils_ESTest.test17(UnivariateRealSolverUtils_ESTest.java:225)"
                ],
                [
                    "org.apache.commons.math.analysis.solvers.UnivariateRealSolverUtils_ESTest.test18(UnivariateRealSolverUtils_ESTest.java:245)"
                ],
                [
                    "org.apache.commons.math.analysis.solvers.UnivariateRealSolverUtils_ESTest.test30(UnivariateRealSolverUtils_ESTest.java:416)"
                ]
            ]
        },
        {
            "patch": "/home/mmartinez/xTestCluster/Patches/Patches_Wang902/Patches_others/Doverfitting/SequenceR/Math/patch4-Math-85-SequenceR.patch",
            "test": "test_from_WangICSE_patch1-Math-85-GenProg-plausible",
            "failing": 4,
            "testrun": 37,
            "failings": [
                "test18(org.apache.commons.math.analysis.solvers.UnivariateRealSolverUtils_ESTest)",
                "test15(org.apache.commons.math.analysis.solvers.UnivariateRealSolverUtils_ESTest)",
                "test24(org.apache.commons.math.analysis.solvers.UnivariateRealSolverUtils_ESTest)",
                "test20(org.apache.commons.math.analysis.solvers.UnivariateRealSolverUtils_ESTest)"
            ],
            "status": "ok",
            "test_executed": [
                "org.apache.commons.math.analysis.solvers.UnivariateRealSolverUtils_ESTest",
                "org.apache.commons.math.distribution.AbstractContinuousDistribution_ESTest"
            ],
            "failing_assertions": [
                "org.apache.commons.math.ConvergenceException: number of iterations=2,460, maximum iterations=2,145,453,236, initial=-2,431.779, lower bound=-2,431.779, upper bound=27.349, final a value=-2,431.779, final b value=27.349, f(a)=\\xe2\\x88\\x9e, f(b)=\\xe2\\x88\\x9e",
                "org.apache.commons.math.ConvergenceException: number of iterations=1, maximum iterations=2,147,483,647, initial=1, lower bound=0, upper bound=28,073,897,953,601.24, final a value=0, final b value=2, f(a)=1,774.3, f(b)=-2,716.64",
                "org.apache.commons.math.ConvergenceException: number of iterations=2, maximum iterations=2, initial=-54.649, lower bound=-54.649, upper bound=-13.953, final a value=-54.649, final b value=-52.649, f(a)=2,741.612, f(b)=2,741.612",
                "org.apache.commons.math.ConvergenceException: number of iterations=1, maximum iterations=382, initial=\\xef\\xbf\\xbd, lower bound=\\xef\\xbf\\xbd, upper bound=22.349, final a value=\\xef\\xbf\\xbd, final b value=\\xef\\xbf\\xbd, f(a)=0, f(b)=0"
            ],
            "failing_lines": [
                [
                    "org.apache.commons.math.analysis.solvers.UnivariateRealSolverUtils_ESTest.test18(UnivariateRealSolverUtils_ESTest.java:238)"
                ],
                [
                    "org.apache.commons.math.analysis.solvers.UnivariateRealSolverUtils_ESTest.test15(UnivariateRealSolverUtils_ESTest.java:200)"
                ],
                [
                    "org.apache.commons.math.analysis.solvers.UnivariateRealSolverUtils_ESTest.test24(UnivariateRealSolverUtils_ESTest.java:315)"
                ],
                [
                    "org.apache.commons.math.analysis.solvers.UnivariateRealSolverUtils_ESTest.test20(UnivariateRealSolverUtils_ESTest.java:255)"
                ]
            ]
        },
        {
            "patch": "/home/mmartinez/xTestCluster/Patches/Patches_Wang902/Patches_others/Doverfitting/SequenceR/Math/patch4-Math-85-SequenceR.patch",
            "test": "test_from_WangDRR_patch6-Math-85-SequenceR",
            "failing": 2,
            "testrun": 28,
            "failings": [
                "test18(org.apache.commons.math.analysis.solvers.UnivariateRealSolverUtils_ESTest)",
                "test01(org.apache.commons.math.analysis.solvers.UnivariateRealSolverUtils_ESTest)"
            ],
            "status": "ok",
            "test_executed": [
                "org.apache.commons.math.analysis.solvers.UnivariateRealSolverUtils_ESTest"
            ],
            "failing_assertions": [
                "org.apache.commons.math.ConvergenceException: number of iterations=1, maximum iterations=6, initial=-1,137.903, lower bound=-1,137.903, upper bound=6, final a value=-1,137.903, final b value=-1,136.903, f(a)=0, f(b)=0",
                "org.apache.commons.math.ConvergenceException: number of iterations=1, maximum iterations=2, initial=\\xef\\xbf\\xbd, lower bound=6, upper bound=1,175.696, final a value=\\xef\\xbf\\xbd, final b value=\\xef\\xbf\\xbd, f(a)=0, f(b)=0"
            ],
            "failing_lines": [
                [
                    "org.apache.commons.math.analysis.solvers.UnivariateRealSolverUtils_ESTest.test18(UnivariateRealSolverUtils_ESTest.java:227)"
                ],
                [
                    "org.apache.commons.math.analysis.solvers.UnivariateRealSolverUtils_ESTest.test01(UnivariateRealSolverUtils_ESTest.java:32)"
                ]
            ]
        },
        {
            "patch": "/home/mmartinez/xTestCluster/Patches/Patches_Wang902/Patches_others/Doverfitting/SequenceR/Math/patch4-Math-85-SequenceR.patch",
            "test": "test_from_WangICSE_patch1-Math-85-Arja-plausible",
            "failing": 5,
            "testrun": 30,
            "failings": [
                "test18(org.apache.commons.math.analysis.solvers.UnivariateRealSolverUtils_ESTest)",
                "test19(org.apache.commons.math.analysis.solvers.UnivariateRealSolverUtils_ESTest)",
                "test14(org.apache.commons.math.analysis.solvers.UnivariateRealSolverUtils_ESTest)",
                "test24(org.apache.commons.math.analysis.solvers.UnivariateRealSolverUtils_ESTest)",
                "test21(org.apache.commons.math.analysis.solvers.UnivariateRealSolverUtils_ESTest)"
            ],
            "status": "ok",
            "test_executed": [
                "org.apache.commons.math.analysis.solvers.UnivariateRealSolverUtils_ESTest"
            ],
            "failing_assertions": [
                "org.apache.commons.math.ConvergenceException: number of iterations=1, maximum iterations=2,147,483,647, initial=\\xef\\xbf\\xbd, lower bound=0, upper bound=1, final a value=\\xef\\xbf\\xbd, final b value=\\xef\\xbf\\xbd, f(a)=0, f(b)=0",
                "org.apache.commons.math.ConvergenceException: number of iterations=1, maximum iterations=1,390, initial=0, lower bound=-2,372.981, upper bound=2,147,483,647, final a value=-1, final b value=1, f(a)=0, f(b)=0",
                "org.apache.commons.math.ConvergenceException: number of iterations=1, maximum iterations=2,147,483,647, initial=\\xef\\xbf\\xbd, lower bound=0, upper bound=1, final a value=\\xef\\xbf\\xbd, final b value=\\xef\\xbf\\xbd, f(a)=0, f(b)=0",
                "org.apache.commons.math.ConvergenceException: number of iterations=1,349, maximum iterations=1,349, initial=1,438.298, lower bound=1,438.298, upper bound=4,212.285, final a value=1,438.298, final b value=2,787.298, f(a)=2,068,700.309, f(b)=4,008,963.923",
                "org.apache.commons.math.ConvergenceException: number of iterations=19, maximum iterations=1,390, initial=0, lower bound=0, upper bound=19, final a value=0, final b value=19, f(a)=2,253.2, f(b)=2,253.2"
            ],
            "failing_lines": [
                [
                    "org.apache.commons.math.analysis.solvers.UnivariateRealSolverUtils_ESTest.test18(UnivariateRealSolverUtils_ESTest.java:248)"
                ],
                [
                    "org.apache.commons.math.analysis.solvers.UnivariateRealSolverUtils_ESTest.test19(UnivariateRealSolverUtils_ESTest.java:259)"
                ],
                [
                    "org.apache.commons.math.analysis.solvers.UnivariateRealSolverUtils_ESTest.test14(UnivariateRealSolverUtils_ESTest.java:184)"
                ],
                [
                    "org.apache.commons.math.analysis.solvers.UnivariateRealSolverUtils_ESTest.test24(UnivariateRealSolverUtils_ESTest.java:320)"
                ],
                [
                    "org.apache.commons.math.analysis.solvers.UnivariateRealSolverUtils_ESTest.test21(UnivariateRealSolverUtils_ESTest.java:277)"
                ]
            ]
        },
        {
            "patch": "/home/mmartinez/xTestCluster/Patches/Patches_Wang902/Patches_others/Doverfitting/SequenceR/Math/patch4-Math-85-SequenceR.patch",
            "test": "test_from_WangDRR_patch9-Math-85-SequenceR",
            "failing": 4,
            "testrun": 30,
            "failings": [
                "test16(org.apache.commons.math.analysis.solvers.UnivariateRealSolverUtils_ESTest)",
                "test11(org.apache.commons.math.analysis.solvers.UnivariateRealSolverUtils_ESTest)",
                "test21(org.apache.commons.math.analysis.solvers.UnivariateRealSolverUtils_ESTest)",
                "test00(org.apache.commons.math.analysis.solvers.UnivariateRealSolverUtils_ESTest)"
            ],
            "status": "ok",
            "test_executed": [
                "org.apache.commons.math.analysis.solvers.UnivariateRealSolverUtils_ESTest"
            ],
            "failing_assertions": [
                "org.apache.commons.math.ConvergenceException: number of iterations=554, maximum iterations=2,014,663,299, initial=556, lower bound=1, upper bound=2,667.4, final a value=2, final b value=1,110, f(a)=572.6, f(b)=-1,870,414,552,160,999,420",
                "org.apache.commons.math.ConvergenceException: number of iterations=1, maximum iterations=6, initial=6, lower bound=0.5, upper bound=1,197,079.554, final a value=5, final b value=7, f(a)=0, f(b)=0",
                "org.apache.commons.math.ConvergenceException: number of iterations=567, maximum iterations=2,147,483,647, initial=-567.735, lower bound=-1,137.903, upper bound=-0.075, final a value=-1,134.735, final b value=-0.735, f(a)=1,290,080.881, f(b)=-301.522",
                "org.apache.commons.math.ConvergenceException: number of iterations=1, maximum iterations=2, initial=\\xef\\xbf\\xbd, lower bound=6, upper bound=1,175.696, final a value=\\xef\\xbf\\xbd, final b value=\\xef\\xbf\\xbd, f(a)=0, f(b)=0"
            ],
            "failing_lines": [
                [
                    "org.apache.commons.math.analysis.solvers.UnivariateRealSolverUtils_ESTest.test16(UnivariateRealSolverUtils_ESTest.java:219)"
                ],
                [
                    "org.apache.commons.math.analysis.solvers.UnivariateRealSolverUtils_ESTest.test11(UnivariateRealSolverUtils_ESTest.java:141)"
                ],
                [
                    "org.apache.commons.math.analysis.solvers.UnivariateRealSolverUtils_ESTest.test21(UnivariateRealSolverUtils_ESTest.java:285)"
                ],
                [
                    "org.apache.commons.math.analysis.solvers.UnivariateRealSolverUtils_ESTest.test00(UnivariateRealSolverUtils_ESTest.java:27)"
                ]
            ]
        },
        {
            "patch": "/home/mmartinez/xTestCluster/Patches/Patches_Wang902/Patches_others/Doverfitting/SequenceR/Math/patch4-Math-85-SequenceR.patch",
            "test": "test_from_WangDRR_patch15-Math-85-SequenceR",
            "failing": 3,
            "testrun": 29,
            "failings": [
                "test18(org.apache.commons.math.analysis.solvers.UnivariateRealSolverUtils_ESTest)",
                "test00(org.apache.commons.math.analysis.solvers.UnivariateRealSolverUtils_ESTest)",
                "test01(org.apache.commons.math.analysis.solvers.UnivariateRealSolverUtils_ESTest)"
            ],
            "status": "ok",
            "test_executed": [
                "org.apache.commons.math.analysis.solvers.UnivariateRealSolverUtils_ESTest"
            ],
            "failing_assertions": [
                "org.apache.commons.math.ConvergenceException: number of iterations=1, maximum iterations=25, initial=0, lower bound=0, upper bound=25, final a value=0, final b value=1, f(a)=0, f(b)=0",
                "org.apache.commons.math.ConvergenceException: number of iterations=1, maximum iterations=2,147,483,647, initial=0, lower bound=-1,137.903, upper bound=0.5, final a value=-1, final b value=0.5, f(a)=2,426.696, f(b)=-1,213.348",
                "org.apache.commons.math.ConvergenceException: number of iterations=1, maximum iterations=2,147,483,647, initial=\\xef\\xbf\\xbd, lower bound=-1,213.348, upper bound=-1,137.903, final a value=\\xef\\xbf\\xbd, final b value=\\xef\\xbf\\xbd, f(a)=0, f(b)=0"
            ],
            "failing_lines": [
                [
                    "org.apache.commons.math.analysis.solvers.UnivariateRealSolverUtils_ESTest.test18(UnivariateRealSolverUtils_ESTest.java:237)"
                ],
                [
                    "org.apache.commons.math.analysis.solvers.UnivariateRealSolverUtils_ESTest.test00(UnivariateRealSolverUtils_ESTest.java:28)"
                ],
                [
                    "org.apache.commons.math.analysis.solvers.UnivariateRealSolverUtils_ESTest.test01(UnivariateRealSolverUtils_ESTest.java:36)"
                ]
            ]
        },
        {
            "patch": "/home/mmartinez/xTestCluster/Patches/Patches_Wang902/Patches_others/Doverfitting/SequenceR/Math/patch4-Math-85-SequenceR.patch",
            "test": "test_from_WangDRR_patch2-Math-85-Jaid-plausible",
            "failing": 6,
            "testrun": 30,
            "failings": [
                "test17(org.apache.commons.math.analysis.solvers.UnivariateRealSolverUtils_ESTest)",
                "test16(org.apache.commons.math.analysis.solvers.UnivariateRealSolverUtils_ESTest)",
                "test28(org.apache.commons.math.analysis.solvers.UnivariateRealSolverUtils_ESTest)",
                "test29(org.apache.commons.math.analysis.solvers.UnivariateRealSolverUtils_ESTest)",
                "test22(org.apache.commons.math.analysis.solvers.UnivariateRealSolverUtils_ESTest)",
                "test23(org.apache.commons.math.analysis.solvers.UnivariateRealSolverUtils_ESTest)"
            ],
            "status": "ok",
            "test_executed": [
                "org.apache.commons.math.analysis.solvers.UnivariateRealSolverUtils_ESTest"
            ],
            "failing_assertions": [
                "org.apache.commons.math.ConvergenceException: number of iterations=1, maximum iterations=21, initial=0.5, lower bound=0, upper bound=0.5, final a value=0, final b value=0.5, f(a)=636.6, f(b)=636.6",
                "org.apache.commons.math.ConvergenceException: number of iterations=1, maximum iterations=3, initial=5.5, lower bound=0, upper bound=353.4, final a value=4.5, final b value=6.5, f(a)=0, f(b)=0",
                "org.apache.commons.math.ConvergenceException: number of iterations=1, maximum iterations=2,147,483,647, initial=-1, lower bound=-1, upper bound=1, final a value=-1, final b value=0, f(a)=0, f(b)=0",
                "org.apache.commons.math.ConvergenceException: number of iterations=1, maximum iterations=2,147,483,647, initial=9,505,766,166.379, lower bound=9,505,766,166.379, upper bound=\\xe2\\x88\\x9e, final a value=9,505,766,166.379, final b value=9,505,766,167.379, f(a)=0, f(b)=0",
                "org.apache.commons.math.ConvergenceException: number of iterations=1, maximum iterations=2,147,483,647, initial=599.782, lower bound=-1,787.637, upper bound=\\xef\\xbf\\xbd, final a value=598.782, final b value=\\xef\\xbf\\xbd, f(a)=46,167,492,115,547,624, f(b)=\\xef\\xbf\\xbd",
                "org.apache.commons.math.ConvergenceException: number of iterations=8, maximum iterations=8, initial=636.6, lower bound=0, upper bound=636.6, final a value=628.6, final b value=636.6, f(a)=636.6, f(b)=636.6"
            ],
            "failing_lines": [
                [
                    "org.apache.commons.math.analysis.solvers.UnivariateRealSolverUtils_ESTest.test17(UnivariateRealSolverUtils_ESTest.java:216)"
                ],
                [
                    "org.apache.commons.math.analysis.solvers.UnivariateRealSolverUtils_ESTest.test16(UnivariateRealSolverUtils_ESTest.java:207)"
                ],
                [
                    "org.apache.commons.math.analysis.solvers.UnivariateRealSolverUtils_ESTest.test28(UnivariateRealSolverUtils_ESTest.java:363)"
                ],
                [
                    "org.apache.commons.math.analysis.solvers.UnivariateRealSolverUtils_ESTest.test29(UnivariateRealSolverUtils_ESTest.java:382)"
                ],
                [
                    "org.apache.commons.math.analysis.solvers.UnivariateRealSolverUtils_ESTest.test22(UnivariateRealSolverUtils_ESTest.java:291)"
                ],
                [
                    "org.apache.commons.math.analysis.solvers.UnivariateRealSolverUtils_ESTest.test23(UnivariateRealSolverUtils_ESTest.java:300)"
                ]
            ]
        },
        {
            "patch": "/home/mmartinez/xTestCluster/Patches/Patches_Wang902/Patches_others/Doverfitting/SequenceR/Math/patch4-Math-85-SequenceR.patch",
            "test": "test_from_WangDRR_patch16-Math-85-SequenceR",
            "failing": 2,
            "testrun": 31,
            "failings": [
                "test11(org.apache.commons.math.analysis.solvers.UnivariateRealSolverUtils_ESTest)",
                "test23(org.apache.commons.math.analysis.solvers.UnivariateRealSolverUtils_ESTest)"
            ],
            "status": "ok",
            "test_executed": [
                "org.apache.commons.math.analysis.solvers.UnivariateRealSolverUtils_ESTest"
            ],
            "failing_assertions": [
                "org.apache.commons.math.ConvergenceException: number of iterations=1, maximum iterations=2,147,483,647, initial=0, lower bound=-1,137.903, upper bound=0.5, final a value=-1, final b value=0.5, f(a)=2,426.696, f(b)=-1,213.348",
                "java.lang.AssertionError: Expecting exception: Exception"
            ],
            "failing_lines": [
                [
                    "org.apache.commons.math.analysis.solvers.UnivariateRealSolverUtils_ESTest.test11(UnivariateRealSolverUtils_ESTest.java:133)"
                ],
                [
                    "org.apache.commons.math.analysis.solvers.UnivariateRealSolverUtils_ESTest.test23(UnivariateRealSolverUtils_ESTest.java:315)"
                ]
            ]
        },
        {
            "patch": "/home/mmartinez/xTestCluster/Patches/Patches_Wang902/Patches_others/Doverfitting/SequenceR/Math/patch4-Math-85-SequenceR.patch",
            "test": "test_from_WangDRR_patch2-Math-85-SequenceR",
            "failing": 6,
            "testrun": 30,
            "failings": [
                "test19(org.apache.commons.math.analysis.solvers.UnivariateRealSolverUtils_ESTest)",
                "test04(org.apache.commons.math.analysis.solvers.UnivariateRealSolverUtils_ESTest)",
                "test20(org.apache.commons.math.analysis.solvers.UnivariateRealSolverUtils_ESTest)",
                "test21(org.apache.commons.math.analysis.solvers.UnivariateRealSolverUtils_ESTest)",
                "test00(org.apache.commons.math.analysis.solvers.UnivariateRealSolverUtils_ESTest)",
                "test01(org.apache.commons.math.analysis.solvers.UnivariateRealSolverUtils_ESTest)"
            ],
            "status": "ok",
            "test_executed": [
                "org.apache.commons.math.analysis.solvers.UnivariateRealSolverUtils_ESTest"
            ],
            "failing_assertions": [
                "org.apache.commons.math.ConvergenceException: number of iterations=1, maximum iterations=19, initial=0, lower bound=0, upper bound=1,909.266, final a value=0, final b value=1, f(a)=0, f(b)=0",
                "org.apache.commons.math.ConvergenceException: number of iterations=1, maximum iterations=2,147,483,647, initial=\\xef\\xbf\\xbd, lower bound=2,843.179, upper bound=74,111,806,161.38, final a value=\\xef\\xbf\\xbd, final b value=\\xef\\xbf\\xbd, f(a)=0, f(b)=0",
                "org.apache.commons.math.ConvergenceException: number of iterations=1, maximum iterations=2,147,483,647, initial=1, lower bound=1, upper bound=594.319, final a value=1, final b value=2, f(a)=0, f(b)=0",
                "org.apache.commons.math.ConvergenceException: number of iterations=42, maximum iterations=42, initial=1,930.377, lower bound=42, upper bound=1,930.377, final a value=1,888.377, final b value=1,930.377, f(a)=1,930.377, f(b)=1,930.377",
                "org.apache.commons.math.ConvergenceException: number of iterations=2, maximum iterations=2,147,483,647, initial=1, lower bound=1, upper bound=594.319, final a value=1, final b value=3, f(a)=635.6, f(b)=-92.4",
                "org.apache.commons.math.ConvergenceException: number of iterations=594, maximum iterations=2,147,483,647, initial=1, lower bound=1, upper bound=594.319, final a value=1, final b value=594.319, f(a)=594.319, f(b)=74,147,796,537,840.48"
            ],
            "failing_lines": [
                [
                    "org.apache.commons.math.analysis.solvers.UnivariateRealSolverUtils_ESTest.test19(UnivariateRealSolverUtils_ESTest.java:236)"
                ],
                [
                    "org.apache.commons.math.analysis.solvers.UnivariateRealSolverUtils_ESTest.test04(UnivariateRealSolverUtils_ESTest.java:79)"
                ],
                [
                    "org.apache.commons.math.analysis.solvers.UnivariateRealSolverUtils_ESTest.test20(UnivariateRealSolverUtils_ESTest.java:244)"
                ],
                [
                    "org.apache.commons.math.analysis.solvers.UnivariateRealSolverUtils_ESTest.test21(UnivariateRealSolverUtils_ESTest.java:257)"
                ],
                [
                    "org.apache.commons.math.analysis.solvers.UnivariateRealSolverUtils_ESTest.test00(UnivariateRealSolverUtils_ESTest.java:28)"
                ],
                [
                    "org.apache.commons.math.analysis.solvers.UnivariateRealSolverUtils_ESTest.test01(UnivariateRealSolverUtils_ESTest.java:37)"
                ]
            ]
        },
        {
            "patch": "/home/mmartinez/xTestCluster/Patches/Patches_Wang902/Patches_others/Doverfitting/SequenceR/Math/patch4-Math-85-SequenceR.patch",
            "test": "test_from_WangDRR_patch1-Math-85-Jaid-plausible",
            "failing": 3,
            "testrun": 27,
            "failings": [
                "test22(org.apache.commons.math.analysis.solvers.UnivariateRealSolverUtils_ESTest)",
                "test01(org.apache.commons.math.analysis.solvers.UnivariateRealSolverUtils_ESTest)",
                "test23(org.apache.commons.math.analysis.solvers.UnivariateRealSolverUtils_ESTest)"
            ],
            "status": "ok",
            "test_executed": [
                "org.apache.commons.math.analysis.solvers.UnivariateRealSolverUtils_ESTest"
            ],
            "failing_assertions": [
                "org.apache.commons.math.ConvergenceException: number of iterations=138, maximum iterations=153, initial=15.715, lower bound=15.715, upper bound=153, final a value=15.715, final b value=153, f(a)=246.958, f(b)=2,404.379",
                "org.apache.commons.math.ConvergenceException: number of iterations=1, maximum iterations=2,147,483,647, initial=\\xef\\xbf\\xbd, lower bound=-1,280.447, upper bound=892.632, final a value=\\xef\\xbf\\xbd, final b value=\\xef\\xbf\\xbd, f(a)=0, f(b)=0",
                "org.apache.commons.math.ConvergenceException: number of iterations=153, maximum iterations=153, initial=406,831,102,083,365,700,000,000,000,000,000, lower bound=1.69, upper bound=406,831,102,083,365,700,000,000,000,000,000, final a value=406,831,102,083,365,700,000,000,000,000,000, final b value=406,831,102,083,365,700,000,000,000,000,000, f(a)=1.69, f(b)=1.69"
            ],
            "failing_lines": [
                [
                    "org.apache.commons.math.analysis.solvers.UnivariateRealSolverUtils_ESTest.test22(UnivariateRealSolverUtils_ESTest.java:294)"
                ],
                [
                    "org.apache.commons.math.analysis.solvers.UnivariateRealSolverUtils_ESTest.test01(UnivariateRealSolverUtils_ESTest.java:33)"
                ],
                [
                    "org.apache.commons.math.analysis.solvers.UnivariateRealSolverUtils_ESTest.test23(UnivariateRealSolverUtils_ESTest.java:303)"
                ]
            ]
        },
        {
            "patch": "/home/mmartinez/xTestCluster/Patches/Patches_Wang902/Patches_others/Doverfitting/SequenceR/Math/patch4-Math-85-SequenceR.patch",
            "test": "test_from_WangDRR_patch7-Math-85-SequenceR",
            "failing": 2,
            "testrun": 27,
            "failings": [
                "test19(org.apache.commons.math.analysis.solvers.UnivariateRealSolverUtils_ESTest)",
                "test01(org.apache.commons.math.analysis.solvers.UnivariateRealSolverUtils_ESTest)"
            ],
            "status": "ok",
            "test_executed": [
                "org.apache.commons.math.analysis.solvers.UnivariateRealSolverUtils_ESTest"
            ],
            "failing_assertions": [
                "org.apache.commons.math.ConvergenceException: number of iterations=1,645, maximum iterations=2,145,962,676, initial=636.916, lower bound=636.916, upper bound=2,281, final a value=636.916, final b value=2,281, f(a)=636.916, f(b)=636.916",
                "org.apache.commons.math.ConvergenceException: number of iterations=1, maximum iterations=2,147,483,647, initial=\\xef\\xbf\\xbd, lower bound=-3,602.914, upper bound=-481.559, final a value=\\xef\\xbf\\xbd, final b value=\\xef\\xbf\\xbd, f(a)=0, f(b)=0"
            ],
            "failing_lines": [
                [
                    "org.apache.commons.math.analysis.solvers.UnivariateRealSolverUtils_ESTest.test19(UnivariateRealSolverUtils_ESTest.java:261)"
                ],
                [
                    "org.apache.commons.math.analysis.solvers.UnivariateRealSolverUtils_ESTest.test01(UnivariateRealSolverUtils_ESTest.java:36)"
                ]
            ]
        },
        {
            "patch": "/home/mmartinez/xTestCluster/Patches/Patches_Wang902/Patches_others/Doverfitting/SequenceR/Math/patch4-Math-85-SequenceR.patch",
            "test": "test_from_WangICSE_patch1-Math-85-SimFix-plausible",
            "failing": 1,
            "testrun": 28,
            "failings": [
                "test19(org.apache.commons.math.analysis.solvers.UnivariateRealSolverUtils_ESTest)"
            ],
            "status": "ok",
            "test_executed": [
                "org.apache.commons.math.analysis.solvers.UnivariateRealSolverUtils_ESTest"
            ],
            "failing_assertions": [
                "org.apache.commons.math.ConvergenceException: number of iterations=1, maximum iterations=21, initial=21, lower bound=21, upper bound=\\xe2\\x88\\x9e, final a value=21, final b value=22, f(a)=0, f(b)=0"
            ],
            "failing_lines": [
                [
                    "org.apache.commons.math.analysis.solvers.UnivariateRealSolverUtils_ESTest.test19(UnivariateRealSolverUtils_ESTest.java:253)"
                ]
            ]
        },
        {
            "patch": "/home/mmartinez/xTestCluster/Patches/Patches_Wang902/Patches_others/Doverfitting/SequenceR/Math/patch4-Math-85-SequenceR.patch",
            "test": "test_from_WangDRR_patch4-Math-85-Jaid-plausible",
            "failing": 3,
            "testrun": 29,
            "failings": [
                "test19(org.apache.commons.math.analysis.solvers.UnivariateRealSolverUtils_ESTest)",
                "test21(org.apache.commons.math.analysis.solvers.UnivariateRealSolverUtils_ESTest)",
                "test01(org.apache.commons.math.analysis.solvers.UnivariateRealSolverUtils_ESTest)"
            ],
            "status": "ok",
            "test_executed": [
                "org.apache.commons.math.analysis.solvers.UnivariateRealSolverUtils_ESTest"
            ],
            "failing_assertions": [
                "org.apache.commons.math.ConvergenceException: number of iterations=1, maximum iterations=3, initial=0, lower bound=-1,134.2, upper bound=3, final a value=-1, final b value=1, f(a)=1,134.2, f(b)=-1,134.2",
                "java.lang.AssertionError: Expecting exception: Exception",
                "org.apache.commons.math.ConvergenceException: number of iterations=1, maximum iterations=2, initial=\\xef\\xbf\\xbd, lower bound=-3,063.24, upper bound=\\xef\\xbf\\xbd, final a value=\\xef\\xbf\\xbd, final b value=\\xef\\xbf\\xbd, f(a)=0, f(b)=0"
            ],
            "failing_lines": [
                [
                    "org.apache.commons.math.analysis.solvers.UnivariateRealSolverUtils_ESTest.test19(UnivariateRealSolverUtils_ESTest.java:244)"
                ],
                [
                    "org.apache.commons.math.analysis.solvers.UnivariateRealSolverUtils_ESTest.test21(UnivariateRealSolverUtils_ESTest.java:264)"
                ],
                [
                    "org.apache.commons.math.analysis.solvers.UnivariateRealSolverUtils_ESTest.test01(UnivariateRealSolverUtils_ESTest.java:33)"
                ]
            ]
        },
        {
            "patch": "/home/mmartinez/xTestCluster/Patches/Patches_Wang902/Patches_others/Doverfitting/SequenceR/Math/patch4-Math-85-SequenceR.patch",
            "test": "test_from_WangICSE_patch1-Math-85-FixMiner-plausible",
            "failing": 5,
            "testrun": 29,
            "failings": [
                "test18(org.apache.commons.math.analysis.solvers.UnivariateRealSolverUtils_ESTest)",
                "test19(org.apache.commons.math.analysis.solvers.UnivariateRealSolverUtils_ESTest)",
                "test14(org.apache.commons.math.analysis.solvers.UnivariateRealSolverUtils_ESTest)",
                "test20(org.apache.commons.math.analysis.solvers.UnivariateRealSolverUtils_ESTest)",
                "test23(org.apache.commons.math.analysis.solvers.UnivariateRealSolverUtils_ESTest)"
            ],
            "status": "ok",
            "test_executed": [
                "org.apache.commons.math.analysis.solvers.UnivariateRealSolverUtils_ESTest"
            ],
            "failing_assertions": [
                "org.apache.commons.math.ConvergenceException: number of iterations=1, maximum iterations=2,147,483,647, initial=\\xef\\xbf\\xbd, lower bound=0, upper bound=1, final a value=\\xef\\xbf\\xbd, final b value=\\xef\\xbf\\xbd, f(a)=0, f(b)=0",
                "org.apache.commons.math.ConvergenceException: number of iterations=1, maximum iterations=1,390, initial=0, lower bound=-2,372.981, upper bound=2,147,483,647, final a value=-1, final b value=1, f(a)=0, f(b)=0",
                "org.apache.commons.math.ConvergenceException: number of iterations=1, maximum iterations=2,147,483,647, initial=\\xef\\xbf\\xbd, lower bound=0, upper bound=1, final a value=\\xef\\xbf\\xbd, final b value=\\xef\\xbf\\xbd, f(a)=0, f(b)=0",
                "org.apache.commons.math.ConvergenceException: number of iterations=19, maximum iterations=1,390, initial=0, lower bound=0, upper bound=19, final a value=0, final b value=19, f(a)=2,253.2, f(b)=2,253.2",
                "org.apache.commons.math.ConvergenceException: number of iterations=1,400, maximum iterations=1,400, initial=1,438.298, lower bound=0, upper bound=1,438.298, final a value=38.298, final b value=1,438.298, f(a)=1,438.298, f(b)=1,438.298"
            ],
            "failing_lines": [
                [
                    "org.apache.commons.math.analysis.solvers.UnivariateRealSolverUtils_ESTest.test18(UnivariateRealSolverUtils_ESTest.java:248)"
                ],
                [
                    "org.apache.commons.math.analysis.solvers.UnivariateRealSolverUtils_ESTest.test19(UnivariateRealSolverUtils_ESTest.java:259)"
                ],
                [
                    "org.apache.commons.math.analysis.solvers.UnivariateRealSolverUtils_ESTest.test14(UnivariateRealSolverUtils_ESTest.java:184)"
                ],
                [
                    "org.apache.commons.math.analysis.solvers.UnivariateRealSolverUtils_ESTest.test20(UnivariateRealSolverUtils_ESTest.java:268)"
                ],
                [
                    "org.apache.commons.math.analysis.solvers.UnivariateRealSolverUtils_ESTest.test23(UnivariateRealSolverUtils_ESTest.java:311)"
                ]
            ]
        },
        {
            "patch": "/home/mmartinez/xTestCluster/Patches/Patches_Wang902/Patches_others/Doverfitting/SequenceR/Math/patch4-Math-85-SequenceR.patch",
            "test": "test_from_WangDRR_patch1-Math-85-CapGen-plausible",
            "failing": 1,
            "testrun": 31,
            "failings": [
                "test12(org.apache.commons.math.analysis.solvers.UnivariateRealSolverUtils_ESTest)"
            ],
            "status": "ok",
            "test_executed": [
                "org.apache.commons.math.analysis.solvers.UnivariateRealSolverUtils_ESTest"
            ],
            "failing_assertions": [
                "org.apache.commons.math.ConvergenceException: number of iterations=1, maximum iterations=2,147,483,647, initial=1, lower bound=1, upper bound=\\xe2\\x88\\x9e, final a value=1, final b value=2, f(a)=0, f(b)=0"
            ],
            "failing_lines": [
                [
                    "org.apache.commons.math.analysis.solvers.UnivariateRealSolverUtils_ESTest.test12(UnivariateRealSolverUtils_ESTest.java:158)"
                ]
            ]
        },
        {
            "patch": "/home/mmartinez/xTestCluster/Patches/Patches_Wang902/Patches_others/Doverfitting/SequenceR/Math/patch4-Math-85-SequenceR.patch",
            "test": "test_from_WangICSE_patch1-Math-85-RSRepair-plausible",
            "failing": 4,
            "testrun": 35,
            "failings": [
                "test15(org.apache.commons.math.analysis.solvers.UnivariateRealSolverUtils_ESTest)",
                "test24(org.apache.commons.math.analysis.solvers.UnivariateRealSolverUtils_ESTest)",
                "test20(org.apache.commons.math.analysis.solvers.UnivariateRealSolverUtils_ESTest)",
                "test21(org.apache.commons.math.analysis.solvers.UnivariateRealSolverUtils_ESTest)"
            ],
            "status": "ok",
            "test_executed": [
                "org.apache.commons.math.analysis.solvers.UnivariateRealSolverUtils_ESTest",
                "org.apache.commons.math.distribution.AbstractContinuousDistribution_ESTest"
            ],
            "failing_assertions": [
                "org.apache.commons.math.ConvergenceException: number of iterations=1, maximum iterations=2,147,483,647, initial=\\xef\\xbf\\xbd, lower bound=0, upper bound=1, final a value=\\xef\\xbf\\xbd, final b value=\\xef\\xbf\\xbd, f(a)=0, f(b)=0",
                "org.apache.commons.math.ConvergenceException: number of iterations=1,364, maximum iterations=1,364, initial=1,438.26, lower bound=1,364, upper bound=\\xe2\\x88\\x9e, final a value=1,364, final b value=2,802.26, f(a)=1,961,786.245, f(b)=4,030,377.241",
                "org.apache.commons.math.ConvergenceException: number of iterations=1, maximum iterations=234, initial=0, lower bound=-2,571.526, upper bound=1,438.26, final a value=-1, final b value=1, f(a)=0, f(b)=0",
                "org.apache.commons.math.ConvergenceException: number of iterations=19, maximum iterations=1,390, initial=0, lower bound=0, upper bound=19, final a value=0, final b value=19, f(a)=2,253.2, f(b)=2,253.2"
            ],
            "failing_lines": [
                [
                    "org.apache.commons.math.analysis.solvers.UnivariateRealSolverUtils_ESTest.test15(UnivariateRealSolverUtils_ESTest.java:190)"
                ],
                [
                    "org.apache.commons.math.analysis.solvers.UnivariateRealSolverUtils_ESTest.test24(UnivariateRealSolverUtils_ESTest.java:315)"
                ],
                [
                    "org.apache.commons.math.analysis.solvers.UnivariateRealSolverUtils_ESTest.test20(UnivariateRealSolverUtils_ESTest.java:263)"
                ],
                [
                    "org.apache.commons.math.analysis.solvers.UnivariateRealSolverUtils_ESTest.test21(UnivariateRealSolverUtils_ESTest.java:272)"
                ]
            ]
        }
    ],
    "duration": 81.54
}