{
    "patch": "/home/mmartinez/xTestCluster/Patches/Patches_Wang902/Patches_ICSE/Doverfitting/SimFix/Lang/patch1-Lang-10-SimFix-plausible.patch",
    "project": "Lang",
    "bugid": "10",
    "dataset": "Patches_ICSE",
    "date": "2023-02-04T04:51:32.801413",
    "project_checked": "ok",
    "compiledProjectModified": "ok",
    "patchApplied": "ok",
    "arrive_end": "ok",
    "patched_project_pass_all_test": "no",
    "test_execution": [
        {
            "patch": "/home/mmartinez/xTestCluster/Patches/Patches_Wang902/Patches_ICSE/Doverfitting/SimFix/Lang/patch1-Lang-10-SimFix-plausible.patch",
            "test": "test_from_WangICSE_patch1-Lang-10-TBar",
            "failing": 0,
            "testrun": 52,
            "failings": [],
            "status": "ok",
            "test_executed": [
                "org.apache.commons.lang3.time.FastDateParser_ESTest"
            ],
            "failing_assertions": [],
            "failing_lines": []
        },
        {
            "patch": "/home/mmartinez/xTestCluster/Patches/Patches_Wang902/Patches_ICSE/Doverfitting/SimFix/Lang/patch1-Lang-10-SimFix-plausible.patch",
            "test": "test_from_WangICSE_patch1-Lang-10-AVATAR",
            "failing": 0,
            "testrun": 50,
            "failings": [],
            "status": "ok",
            "test_executed": [
                "org.apache.commons.lang3.time.FastDateParser_ESTest"
            ],
            "failing_assertions": [],
            "failing_lines": []
        },
        {
            "patch": "/home/mmartinez/xTestCluster/Patches/Patches_Wang902/Patches_ICSE/Doverfitting/SimFix/Lang/patch1-Lang-10-SimFix-plausible.patch",
            "test": "test_from_WangICSE_patch1-Lang-10-jKali",
            "failing": 0,
            "testrun": 59,
            "failings": [],
            "status": "ok",
            "test_executed": [
                "org.apache.commons.lang3.time.FastDateParser_ESTest"
            ],
            "failing_assertions": [],
            "failing_lines": []
        },
        {
            "patch": "/home/mmartinez/xTestCluster/Patches/Patches_Wang902/Patches_ICSE/Doverfitting/SimFix/Lang/patch1-Lang-10-SimFix-plausible.patch",
            "test": "test_from_WangICSE_patch1-Lang-10-SimFix-plausible",
            "failing": 0,
            "testrun": 6,
            "failings": [],
            "status": "ok",
            "test_executed": [
                "org.apache.commons.lang3.event.EventListenerSupport_ESTest"
            ],
            "failing_assertions": [],
            "failing_lines": []
        },
        {
            "patch": "/home/mmartinez/xTestCluster/Patches/Patches_Wang902/Patches_ICSE/Doverfitting/SimFix/Lang/patch1-Lang-10-SimFix-plausible.patch",
            "test": "test_from_WangICSE_patch1-Lang-10-kPAR-plausible",
            "failing": 1,
            "testrun": 50,
            "failings": [
                "test43(org.apache.commons.lang3.time.FastDateParser_ESTest)"
            ],
            "status": "ok",
            "test_executed": [
                "org.apache.commons.lang3.time.FastDateParser_ESTest"
            ],
            "failing_assertions": [
                "java.lang.AssertionError: expected null, but was:<Fri Feb 14 20:21:21 GMT 2014>"
            ],
            "failing_lines": [
                [
                    "org.apache.commons.lang3.time.FastDateParser_ESTest.test43(FastDateParser_ESTest.java:509)"
                ]
            ]
        }
    ],
    "duration": 18.24
}