{
    "patch": "/home/mmartinez/xTestCluster/Patches/Patches_Wang902/Patches_ICSE/Doverfitting/jGenProg/Chart/patch1-Chart-7-jGenProg-plausible.patch",
    "project": "Chart",
    "bugid": "7",
    "dataset": "Patches_ICSE",
    "date": "2023-02-01T20:46:58.869475",
    "project_checked": "ok",
    "compiledProjectModified": "ok",
    "patchApplied": "ok",
    "arrive_end": "ok",
    "patched_project_pass_all_test": "no",
    "test_execution": [
        {
            "patch": "/home/mmartinez/xTestCluster/Patches/Patches_Wang902/Patches_ICSE/Doverfitting/jGenProg/Chart/patch1-Chart-7-jGenProg-plausible.patch",
            "test": "test_from_WangICSE_patch1-Chart-7-jMutRepair-plausible",
            "failing": 0,
            "testrun": 60,
            "failings": [],
            "status": "ok",
            "test_executed": [
                "org.jfree.data.time.TimePeriodValues_ESTest"
            ],
            "failing_assertions": [],
            "failing_lines": []
        },
        {
            "patch": "/home/mmartinez/xTestCluster/Patches/Patches_Wang902/Patches_ICSE/Doverfitting/jGenProg/Chart/patch1-Chart-7-jGenProg-plausible.patch",
            "test": "test_from_WangICSE_patch1-Chart-7-kPAR-plausible",
            "failing": 0,
            "testrun": 62,
            "failings": [],
            "status": "ok",
            "test_executed": [
                "org.jfree.data.time.TimePeriodValues_ESTest"
            ],
            "failing_assertions": [],
            "failing_lines": []
        },
        {
            "patch": "/home/mmartinez/xTestCluster/Patches/Patches_Wang902/Patches_ICSE/Doverfitting/jGenProg/Chart/patch1-Chart-7-jGenProg-plausible.patch",
            "test": "test_from_WangICSE_patch1-Chart-7-SimFix",
            "failing": 0,
            "testrun": 59,
            "failings": [],
            "status": "ok",
            "test_executed": [
                "org.jfree.data.time.TimePeriodValues_ESTest"
            ],
            "failing_assertions": [],
            "failing_lines": []
        },
        {
            "patch": "/home/mmartinez/xTestCluster/Patches/Patches_Wang902/Patches_ICSE/Doverfitting/jGenProg/Chart/patch1-Chart-7-jGenProg-plausible.patch",
            "test": "test_from_WangICSE_patch1-Chart-7-Arja-plusible",
            "failing": 1,
            "testrun": 65,
            "failings": [
                "test24(org.jfree.data.time.TimePeriodValues_ESTest)"
            ],
            "status": "ok",
            "test_executed": [
                "org.jfree.data.time.TimePeriodValues_ESTest"
            ],
            "failing_assertions": [
                "java.lang.AssertionError: expected:<1> but was:<2>"
            ],
            "failing_lines": [
                [
                    "org.jfree.data.time.TimePeriodValues_ESTest.test24(TimePeriodValues_ESTest.java:360)"
                ]
            ]
        },
        {
            "patch": "/home/mmartinez/xTestCluster/Patches/Patches_Wang902/Patches_ICSE/Doverfitting/jGenProg/Chart/patch1-Chart-7-jGenProg-plausible.patch",
            "test": "test_from_WangICSE_patch1-Chart-7-jGenProg-plausible",
            "failing": 0,
            "testrun": 59,
            "failings": [],
            "status": "ok",
            "test_executed": [
                "org.jfree.data.time.TimePeriodValues_ESTest"
            ],
            "failing_assertions": [],
            "failing_lines": []
        },
        {
            "patch": "/home/mmartinez/xTestCluster/Patches/Patches_Wang902/Patches_ICSE/Doverfitting/jGenProg/Chart/patch1-Chart-7-jGenProg-plausible.patch",
            "test": "test_from_WangICSE_patch1-Chart-7-AVATAR-plausible",
            "failing": 0,
            "testrun": 60,
            "failings": [],
            "status": "ok",
            "test_executed": [
                "org.jfree.data.time.TimePeriodValues_ESTest"
            ],
            "failing_assertions": [],
            "failing_lines": []
        },
        {
            "patch": "/home/mmartinez/xTestCluster/Patches/Patches_Wang902/Patches_ICSE/Doverfitting/jGenProg/Chart/patch1-Chart-7-jGenProg-plausible.patch",
            "test": "test_from_WangICSE_patch1-Chart-7-FixMiner-plausible",
            "failing": 0,
            "testrun": 61,
            "failings": [],
            "status": "ok",
            "test_executed": [
                "org.jfree.data.time.TimePeriodValues_ESTest"
            ],
            "failing_assertions": [],
            "failing_lines": []
        },
        {
            "patch": "/home/mmartinez/xTestCluster/Patches/Patches_Wang902/Patches_ICSE/Doverfitting/jGenProg/Chart/patch1-Chart-7-jGenProg-plausible.patch",
            "test": "test_from_WangICSE_patch1-Chart-7-TBar-plausible",
            "failing": 0,
            "testrun": 61,
            "failings": [],
            "status": "ok",
            "test_executed": [
                "org.jfree.data.time.TimePeriodValues_ESTest"
            ],
            "failing_assertions": [],
            "failing_lines": []
        }
    ],
    "duration": 34.45
}