{
    "patch": "/home/mmartinez/xTestCluster/Patches/Patches_Wang902/Patches_others/Doverfitting/SketchFix/Math/patch2-Math-70-SketchFix-plausible.patch",
    "project": "Math",
    "bugid": "70",
    "dataset": "Patches_others",
    "date": "2023-02-05T12:42:47.771226",
    "project_checked": "ok",
    "compiledProjectModified": "ok",
    "patchApplied": "ok",
    "arrive_end": "ok",
    "patched_project_pass_all_test": "no",
    "test_execution": [
        {
            "patch": "/home/mmartinez/xTestCluster/Patches/Patches_Wang902/Patches_others/Doverfitting/SketchFix/Math/patch2-Math-70-SketchFix-plausible.patch",
            "test": "test_from_WangDRR_patch1-Math-70-SketchFix-plausible",
            "failing": 2,
            "testrun": 28,
            "failings": [
                "test05(org.apache.commons.math.analysis.solvers.BisectionSolver_ESTest)",
                "test03(org.apache.commons.math.analysis.solvers.BisectionSolver_ESTest)"
            ],
            "status": "ok",
            "test_executed": [
                "org.apache.commons.math.analysis.solvers.BisectionSolver_ESTest"
            ],
            "failing_assertions": [
                "java.lang.AssertionError: expected:<1.0000004765202337> but was:<2047.6388195234795>",
                "java.lang.AssertionError: expected:<4.3344010035304634E-7> but was:<0.9089893398954915>"
            ],
            "failing_lines": [
                [
                    "org.apache.commons.math.analysis.solvers.BisectionSolver_ESTest.test05(BisectionSolver_ESTest.java:97)"
                ],
                [
                    "org.apache.commons.math.analysis.solvers.BisectionSolver_ESTest.test03(BisectionSolver_ESTest.java:70)"
                ]
            ]
        },
        {
            "patch": "/home/mmartinez/xTestCluster/Patches/Patches_Wang902/Patches_others/Doverfitting/SketchFix/Math/patch2-Math-70-SketchFix-plausible.patch",
            "test": "test_from_WangDRR_patch1-Math-70-SOFix",
            "failing": 7,
            "testrun": 29,
            "failings": [
                "test05(org.apache.commons.math.analysis.solvers.BisectionSolver_ESTest)",
                "test27(org.apache.commons.math.analysis.solvers.BisectionSolver_ESTest)",
                "test04(org.apache.commons.math.analysis.solvers.BisectionSolver_ESTest)",
                "test26(org.apache.commons.math.analysis.solvers.BisectionSolver_ESTest)",
                "test03(org.apache.commons.math.analysis.solvers.BisectionSolver_ESTest)",
                "test02(org.apache.commons.math.analysis.solvers.BisectionSolver_ESTest)",
                "test06(org.apache.commons.math.analysis.solvers.BisectionSolver_ESTest)"
            ],
            "status": "ok",
            "test_executed": [
                "org.apache.commons.math.analysis.solvers.BisectionSolver_ESTest"
            ],
            "failing_assertions": [
                "java.lang.AssertionError: expected:<-1282.456100701405> but was:<-2.9859507945366204E-7>",
                "java.lang.AssertionError: expected:<-5604.11733216784> but was:<0.9999996737392309>",
                "java.lang.AssertionError: expected:<4.76837158203125E-7> but was:<0.9999995231628418>",
                "java.lang.AssertionError: Expecting exception: Exception",
                "java.lang.AssertionError: expected:<-4625.0757417984805> but was:<-1774.8000003318157>",
                "java.lang.AssertionError: expected:<3.184517557681226E-7> but was:<683.8699378704813>",
                "java.lang.AssertionError: expected:<0.027834105683075185> but was:<764730.1245875505>"
            ],
            "failing_lines": [
                [
                    "org.apache.commons.math.analysis.solvers.BisectionSolver_ESTest.test05(BisectionSolver_ESTest.java:83)"
                ],
                [
                    "org.apache.commons.math.analysis.solvers.BisectionSolver_ESTest.test27(BisectionSolver_ESTest.java:429)"
                ],
                [
                    "org.apache.commons.math.analysis.solvers.BisectionSolver_ESTest.test04(BisectionSolver_ESTest.java:73)"
                ],
                [
                    "org.apache.commons.math.analysis.solvers.BisectionSolver_ESTest.test26(BisectionSolver_ESTest.java:412)"
                ],
                [
                    "org.apache.commons.math.analysis.solvers.BisectionSolver_ESTest.test03(BisectionSolver_ESTest.java:63)"
                ],
                [
                    "org.apache.commons.math.analysis.solvers.BisectionSolver_ESTest.test02(BisectionSolver_ESTest.java:53)"
                ],
                [
                    "org.apache.commons.math.analysis.solvers.BisectionSolver_ESTest.test06(BisectionSolver_ESTest.java:93)"
                ]
            ]
        },
        {
            "patch": "/home/mmartinez/xTestCluster/Patches/Patches_Wang902/Patches_others/Doverfitting/SketchFix/Math/patch2-Math-70-SketchFix-plausible.patch",
            "test": "test_from_WangICSE_patch1-Math-70-Cardumen",
            "failing": 7,
            "testrun": 29,
            "failings": [
                "test05(org.apache.commons.math.analysis.solvers.BisectionSolver_ESTest)",
                "test27(org.apache.commons.math.analysis.solvers.BisectionSolver_ESTest)",
                "test04(org.apache.commons.math.analysis.solvers.BisectionSolver_ESTest)",
                "test26(org.apache.commons.math.analysis.solvers.BisectionSolver_ESTest)",
                "test03(org.apache.commons.math.analysis.solvers.BisectionSolver_ESTest)",
                "test02(org.apache.commons.math.analysis.solvers.BisectionSolver_ESTest)",
                "test06(org.apache.commons.math.analysis.solvers.BisectionSolver_ESTest)"
            ],
            "status": "ok",
            "test_executed": [
                "org.apache.commons.math.analysis.solvers.BisectionSolver_ESTest"
            ],
            "failing_assertions": [
                "java.lang.AssertionError: expected:<-1282.456100701405> but was:<-2.9859507945366204E-7>",
                "java.lang.AssertionError: expected:<-5604.11733216784> but was:<0.9999996737392309>",
                "java.lang.AssertionError: expected:<4.76837158203125E-7> but was:<0.9999995231628418>",
                "java.lang.AssertionError: Expecting exception: Exception",
                "java.lang.AssertionError: expected:<-4625.0757417984805> but was:<-1774.8000003318157>",
                "java.lang.AssertionError: expected:<3.184517557681226E-7> but was:<683.8699378704813>",
                "java.lang.AssertionError: expected:<0.027834105683075185> but was:<764730.1245875505>"
            ],
            "failing_lines": [
                [
                    "org.apache.commons.math.analysis.solvers.BisectionSolver_ESTest.test05(BisectionSolver_ESTest.java:83)"
                ],
                [
                    "org.apache.commons.math.analysis.solvers.BisectionSolver_ESTest.test27(BisectionSolver_ESTest.java:420)"
                ],
                [
                    "org.apache.commons.math.analysis.solvers.BisectionSolver_ESTest.test04(BisectionSolver_ESTest.java:73)"
                ],
                [
                    "org.apache.commons.math.analysis.solvers.BisectionSolver_ESTest.test26(BisectionSolver_ESTest.java:403)"
                ],
                [
                    "org.apache.commons.math.analysis.solvers.BisectionSolver_ESTest.test03(BisectionSolver_ESTest.java:63)"
                ],
                [
                    "org.apache.commons.math.analysis.solvers.BisectionSolver_ESTest.test02(BisectionSolver_ESTest.java:53)"
                ],
                [
                    "org.apache.commons.math.analysis.solvers.BisectionSolver_ESTest.test06(BisectionSolver_ESTest.java:93)"
                ]
            ]
        },
        {
            "patch": "/home/mmartinez/xTestCluster/Patches/Patches_Wang902/Patches_others/Doverfitting/SketchFix/Math/patch2-Math-70-SketchFix-plausible.patch",
            "test": "test_from_WangDRR_patch1-Math-70-CapGen",
            "failing": 5,
            "testrun": 25,
            "failings": [
                "test04(org.apache.commons.math.analysis.solvers.BisectionSolver_ESTest)",
                "test03(org.apache.commons.math.analysis.solvers.BisectionSolver_ESTest)",
                "test02(org.apache.commons.math.analysis.solvers.BisectionSolver_ESTest)",
                "test24(org.apache.commons.math.analysis.solvers.BisectionSolver_ESTest)",
                "test01(org.apache.commons.math.analysis.solvers.BisectionSolver_ESTest)"
            ],
            "status": "ok",
            "test_executed": [
                "org.apache.commons.math.analysis.solvers.BisectionSolver_ESTest"
            ],
            "failing_assertions": [
                "java.lang.AssertionError: expected:<0.027834105683075185> but was:<764730.1245875505>",
                "java.lang.AssertionError: expected:<4.76837158203125E-7> but was:<0.9999995231628418>",
                "java.lang.AssertionError: expected:<-4625.0757417984805> but was:<-1774.8000003318157>",
                "java.lang.AssertionError: Expecting exception: Exception",
                "java.lang.AssertionError: expected:<3.184517557681226E-7> but was:<683.8699378704813>"
            ],
            "failing_lines": [
                [
                    "org.apache.commons.math.analysis.solvers.BisectionSolver_ESTest.test04(BisectionSolver_ESTest.java:72)"
                ],
                [
                    "org.apache.commons.math.analysis.solvers.BisectionSolver_ESTest.test03(BisectionSolver_ESTest.java:62)"
                ],
                [
                    "org.apache.commons.math.analysis.solvers.BisectionSolver_ESTest.test02(BisectionSolver_ESTest.java:52)"
                ],
                [
                    "org.apache.commons.math.analysis.solvers.BisectionSolver_ESTest.test24(BisectionSolver_ESTest.java:396)"
                ],
                [
                    "org.apache.commons.math.analysis.solvers.BisectionSolver_ESTest.test01(BisectionSolver_ESTest.java:42)"
                ]
            ]
        },
        {
            "patch": "/home/mmartinez/xTestCluster/Patches/Patches_Wang902/Patches_others/Doverfitting/SketchFix/Math/patch2-Math-70-SketchFix-plausible.patch",
            "test": "test_from_WangDRR_patch2-Math-70-SketchFix-plausible",
            "failing": 0,
            "testrun": 28,
            "failings": [],
            "status": "ok",
            "test_executed": [
                "org.apache.commons.math.analysis.solvers.BisectionSolver_ESTest"
            ],
            "failing_assertions": [],
            "failing_lines": []
        },
        {
            "patch": "/home/mmartinez/xTestCluster/Patches/Patches_Wang902/Patches_others/Doverfitting/SketchFix/Math/patch2-Math-70-SketchFix-plausible.patch",
            "test": "test_from_WangICSE_patch1-Math-70-TBar",
            "failing": 7,
            "testrun": 29,
            "failings": [
                "test05(org.apache.commons.math.analysis.solvers.BisectionSolver_ESTest)",
                "test27(org.apache.commons.math.analysis.solvers.BisectionSolver_ESTest)",
                "test04(org.apache.commons.math.analysis.solvers.BisectionSolver_ESTest)",
                "test26(org.apache.commons.math.analysis.solvers.BisectionSolver_ESTest)",
                "test03(org.apache.commons.math.analysis.solvers.BisectionSolver_ESTest)",
                "test02(org.apache.commons.math.analysis.solvers.BisectionSolver_ESTest)",
                "test06(org.apache.commons.math.analysis.solvers.BisectionSolver_ESTest)"
            ],
            "status": "ok",
            "test_executed": [
                "org.apache.commons.math.analysis.solvers.BisectionSolver_ESTest"
            ],
            "failing_assertions": [
                "java.lang.AssertionError: expected:<-1282.456100701405> but was:<-2.9859507945366204E-7>",
                "java.lang.AssertionError: expected:<-5604.11733216784> but was:<0.9999996737392309>",
                "java.lang.AssertionError: expected:<4.76837158203125E-7> but was:<0.9999995231628418>",
                "java.lang.AssertionError: Expecting exception: Exception",
                "java.lang.AssertionError: expected:<-4625.0757417984805> but was:<-1774.8000003318157>",
                "java.lang.AssertionError: expected:<3.184517557681226E-7> but was:<683.8699378704813>",
                "java.lang.AssertionError: expected:<0.027834105683075185> but was:<764730.1245875505>"
            ],
            "failing_lines": [
                [
                    "org.apache.commons.math.analysis.solvers.BisectionSolver_ESTest.test05(BisectionSolver_ESTest.java:83)"
                ],
                [
                    "org.apache.commons.math.analysis.solvers.BisectionSolver_ESTest.test27(BisectionSolver_ESTest.java:429)"
                ],
                [
                    "org.apache.commons.math.analysis.solvers.BisectionSolver_ESTest.test04(BisectionSolver_ESTest.java:73)"
                ],
                [
                    "org.apache.commons.math.analysis.solvers.BisectionSolver_ESTest.test26(BisectionSolver_ESTest.java:412)"
                ],
                [
                    "org.apache.commons.math.analysis.solvers.BisectionSolver_ESTest.test03(BisectionSolver_ESTest.java:63)"
                ],
                [
                    "org.apache.commons.math.analysis.solvers.BisectionSolver_ESTest.test02(BisectionSolver_ESTest.java:53)"
                ],
                [
                    "org.apache.commons.math.analysis.solvers.BisectionSolver_ESTest.test06(BisectionSolver_ESTest.java:93)"
                ]
            ]
        },
        {
            "patch": "/home/mmartinez/xTestCluster/Patches/Patches_Wang902/Patches_others/Doverfitting/SketchFix/Math/patch2-Math-70-SketchFix-plausible.patch",
            "test": "test_from_WangDRR_patch1-Math-70-SketchFix",
            "failing": 7,
            "testrun": 30,
            "failings": [
                "test05(org.apache.commons.math.analysis.solvers.BisectionSolver_ESTest)",
                "test27(org.apache.commons.math.analysis.solvers.BisectionSolver_ESTest)",
                "test04(org.apache.commons.math.analysis.solvers.BisectionSolver_ESTest)",
                "test03(org.apache.commons.math.analysis.solvers.BisectionSolver_ESTest)",
                "test02(org.apache.commons.math.analysis.solvers.BisectionSolver_ESTest)",
                "test06(org.apache.commons.math.analysis.solvers.BisectionSolver_ESTest)",
                "test28(org.apache.commons.math.analysis.solvers.BisectionSolver_ESTest)"
            ],
            "status": "ok",
            "test_executed": [
                "org.apache.commons.math.analysis.solvers.BisectionSolver_ESTest"
            ],
            "failing_assertions": [
                "java.lang.AssertionError: expected:<-1282.456100701405> but was:<-2.9859507945366204E-7>",
                "java.lang.AssertionError: Expecting exception: Exception",
                "java.lang.AssertionError: expected:<4.76837158203125E-7> but was:<0.9999995231628418>",
                "java.lang.AssertionError: expected:<-4625.0757417984805> but was:<-1774.8000003318157>",
                "java.lang.AssertionError: expected:<3.184517557681226E-7> but was:<683.8699378704813>",
                "java.lang.AssertionError: expected:<0.027834105683075185> but was:<764730.1245875505>",
                "java.lang.AssertionError: expected:<-5604.11733216784> but was:<0.9999996737392309>"
            ],
            "failing_lines": [
                [
                    "org.apache.commons.math.analysis.solvers.BisectionSolver_ESTest.test05(BisectionSolver_ESTest.java:83)"
                ],
                [
                    "org.apache.commons.math.analysis.solvers.BisectionSolver_ESTest.test27(BisectionSolver_ESTest.java:429)"
                ],
                [
                    "org.apache.commons.math.analysis.solvers.BisectionSolver_ESTest.test04(BisectionSolver_ESTest.java:73)"
                ],
                [
                    "org.apache.commons.math.analysis.solvers.BisectionSolver_ESTest.test03(BisectionSolver_ESTest.java:63)"
                ],
                [
                    "org.apache.commons.math.analysis.solvers.BisectionSolver_ESTest.test02(BisectionSolver_ESTest.java:53)"
                ],
                [
                    "org.apache.commons.math.analysis.solvers.BisectionSolver_ESTest.test06(BisectionSolver_ESTest.java:93)"
                ],
                [
                    "org.apache.commons.math.analysis.solvers.BisectionSolver_ESTest.test28(BisectionSolver_ESTest.java:446)"
                ]
            ]
        },
        {
            "patch": "/home/mmartinez/xTestCluster/Patches/Patches_Wang902/Patches_others/Doverfitting/SketchFix/Math/patch2-Math-70-SketchFix-plausible.patch",
            "test": "test_from_WangICSE_patch1-Math-70-jGenProg",
            "failing": 7,
            "testrun": 29,
            "failings": [
                "test05(org.apache.commons.math.analysis.solvers.BisectionSolver_ESTest)",
                "test27(org.apache.commons.math.analysis.solvers.BisectionSolver_ESTest)",
                "test04(org.apache.commons.math.analysis.solvers.BisectionSolver_ESTest)",
                "test26(org.apache.commons.math.analysis.solvers.BisectionSolver_ESTest)",
                "test03(org.apache.commons.math.analysis.solvers.BisectionSolver_ESTest)",
                "test02(org.apache.commons.math.analysis.solvers.BisectionSolver_ESTest)",
                "test06(org.apache.commons.math.analysis.solvers.BisectionSolver_ESTest)"
            ],
            "status": "ok",
            "test_executed": [
                "org.apache.commons.math.analysis.solvers.BisectionSolver_ESTest"
            ],
            "failing_assertions": [
                "java.lang.AssertionError: expected:<-1282.456100701405> but was:<-2.9859507945366204E-7>",
                "java.lang.AssertionError: expected:<-5604.11733216784> but was:<0.9999996737392309>",
                "java.lang.AssertionError: expected:<4.76837158203125E-7> but was:<0.9999995231628418>",
                "java.lang.AssertionError: Expecting exception: Exception",
                "java.lang.AssertionError: expected:<-4625.0757417984805> but was:<-1774.8000003318157>",
                "java.lang.AssertionError: expected:<3.184517557681226E-7> but was:<683.8699378704813>",
                "java.lang.AssertionError: expected:<0.027834105683075185> but was:<764730.1245875505>"
            ],
            "failing_lines": [
                [
                    "org.apache.commons.math.analysis.solvers.BisectionSolver_ESTest.test05(BisectionSolver_ESTest.java:83)"
                ],
                [
                    "org.apache.commons.math.analysis.solvers.BisectionSolver_ESTest.test27(BisectionSolver_ESTest.java:430)"
                ],
                [
                    "org.apache.commons.math.analysis.solvers.BisectionSolver_ESTest.test04(BisectionSolver_ESTest.java:73)"
                ],
                [
                    "org.apache.commons.math.analysis.solvers.BisectionSolver_ESTest.test26(BisectionSolver_ESTest.java:413)"
                ],
                [
                    "org.apache.commons.math.analysis.solvers.BisectionSolver_ESTest.test03(BisectionSolver_ESTest.java:63)"
                ],
                [
                    "org.apache.commons.math.analysis.solvers.BisectionSolver_ESTest.test02(BisectionSolver_ESTest.java:53)"
                ],
                [
                    "org.apache.commons.math.analysis.solvers.BisectionSolver_ESTest.test06(BisectionSolver_ESTest.java:93)"
                ]
            ]
        },
        {
            "patch": "/home/mmartinez/xTestCluster/Patches/Patches_Wang902/Patches_others/Doverfitting/SketchFix/Math/patch2-Math-70-SketchFix-plausible.patch",
            "test": "test_from_WangICSE_patch1-Math-70-FixMiner",
            "failing": 7,
            "testrun": 29,
            "failings": [
                "test05(org.apache.commons.math.analysis.solvers.BisectionSolver_ESTest)",
                "test27(org.apache.commons.math.analysis.solvers.BisectionSolver_ESTest)",
                "test04(org.apache.commons.math.analysis.solvers.BisectionSolver_ESTest)",
                "test26(org.apache.commons.math.analysis.solvers.BisectionSolver_ESTest)",
                "test03(org.apache.commons.math.analysis.solvers.BisectionSolver_ESTest)",
                "test02(org.apache.commons.math.analysis.solvers.BisectionSolver_ESTest)",
                "test06(org.apache.commons.math.analysis.solvers.BisectionSolver_ESTest)"
            ],
            "status": "ok",
            "test_executed": [
                "org.apache.commons.math.analysis.solvers.BisectionSolver_ESTest"
            ],
            "failing_assertions": [
                "java.lang.AssertionError: expected:<-1282.456100701405> but was:<-2.9859507945366204E-7>",
                "java.lang.AssertionError: expected:<-5604.11733216784> but was:<0.9999996737392309>",
                "java.lang.AssertionError: expected:<4.76837158203125E-7> but was:<0.9999995231628418>",
                "java.lang.AssertionError: Expecting exception: Exception",
                "java.lang.AssertionError: expected:<-4625.0757417984805> but was:<-1774.8000003318157>",
                "java.lang.AssertionError: expected:<3.184517557681226E-7> but was:<683.8699378704813>",
                "java.lang.AssertionError: expected:<0.027834105683075185> but was:<764730.1245875505>"
            ],
            "failing_lines": [
                [
                    "org.apache.commons.math.analysis.solvers.BisectionSolver_ESTest.test05(BisectionSolver_ESTest.java:83)"
                ],
                [
                    "org.apache.commons.math.analysis.solvers.BisectionSolver_ESTest.test27(BisectionSolver_ESTest.java:431)"
                ],
                [
                    "org.apache.commons.math.analysis.solvers.BisectionSolver_ESTest.test04(BisectionSolver_ESTest.java:73)"
                ],
                [
                    "org.apache.commons.math.analysis.solvers.BisectionSolver_ESTest.test26(BisectionSolver_ESTest.java:414)"
                ],
                [
                    "org.apache.commons.math.analysis.solvers.BisectionSolver_ESTest.test03(BisectionSolver_ESTest.java:63)"
                ],
                [
                    "org.apache.commons.math.analysis.solvers.BisectionSolver_ESTest.test02(BisectionSolver_ESTest.java:53)"
                ],
                [
                    "org.apache.commons.math.analysis.solvers.BisectionSolver_ESTest.test06(BisectionSolver_ESTest.java:93)"
                ]
            ]
        },
        {
            "patch": "/home/mmartinez/xTestCluster/Patches/Patches_Wang902/Patches_others/Doverfitting/SketchFix/Math/patch2-Math-70-SketchFix-plausible.patch",
            "test": "test_from_WangICSE_patch1-Math-70-SimFix",
            "failing": 7,
            "testrun": 28,
            "failings": [
                "test05(org.apache.commons.math.analysis.solvers.BisectionSolver_ESTest)",
                "test04(org.apache.commons.math.analysis.solvers.BisectionSolver_ESTest)",
                "test26(org.apache.commons.math.analysis.solvers.BisectionSolver_ESTest)",
                "test03(org.apache.commons.math.analysis.solvers.BisectionSolver_ESTest)",
                "test25(org.apache.commons.math.analysis.solvers.BisectionSolver_ESTest)",
                "test02(org.apache.commons.math.analysis.solvers.BisectionSolver_ESTest)",
                "test24(org.apache.commons.math.analysis.solvers.BisectionSolver_ESTest)"
            ],
            "status": "ok",
            "test_executed": [
                "org.apache.commons.math.analysis.solvers.BisectionSolver_ESTest"
            ],
            "failing_assertions": [
                "java.lang.AssertionError: expected:<0.027834105683075185> but was:<764730.1245875505>",
                "java.lang.AssertionError: expected:<-1282.456100701405> but was:<-2.9859507945366204E-7>",
                "java.lang.AssertionError: expected:<-5604.11733216784> but was:<0.9999996737392309>",
                "java.lang.AssertionError: expected:<4.76837158203125E-7> but was:<0.9999995231628418>",
                "java.lang.AssertionError: expected:<-141.25219974297084> but was:<-3.260729203329144>",
                "java.lang.AssertionError: expected:<-4625.0757417984805> but was:<-1774.8000003318157>",
                "java.lang.AssertionError: Expecting exception: Exception"
            ],
            "failing_lines": [
                [
                    "org.apache.commons.math.analysis.solvers.BisectionSolver_ESTest.test05(BisectionSolver_ESTest.java:83)"
                ],
                [
                    "org.apache.commons.math.analysis.solvers.BisectionSolver_ESTest.test04(BisectionSolver_ESTest.java:73)"
                ],
                [
                    "org.apache.commons.math.analysis.solvers.BisectionSolver_ESTest.test26(BisectionSolver_ESTest.java:416)"
                ],
                [
                    "org.apache.commons.math.analysis.solvers.BisectionSolver_ESTest.test03(BisectionSolver_ESTest.java:63)"
                ],
                [
                    "org.apache.commons.math.analysis.solvers.BisectionSolver_ESTest.test25(BisectionSolver_ESTest.java:406)"
                ],
                [
                    "org.apache.commons.math.analysis.solvers.BisectionSolver_ESTest.test02(BisectionSolver_ESTest.java:53)"
                ],
                [
                    "org.apache.commons.math.analysis.solvers.BisectionSolver_ESTest.test24(BisectionSolver_ESTest.java:389)"
                ]
            ]
        },
        {
            "patch": "/home/mmartinez/xTestCluster/Patches/Patches_Wang902/Patches_others/Doverfitting/SketchFix/Math/patch2-Math-70-SketchFix-plausible.patch",
            "test": "test_from_WangICSE_patch1-Math-70-kPAR",
            "failing": 7,
            "testrun": 29,
            "failings": [
                "test05(org.apache.commons.math.analysis.solvers.BisectionSolver_ESTest)",
                "test27(org.apache.commons.math.analysis.solvers.BisectionSolver_ESTest)",
                "test04(org.apache.commons.math.analysis.solvers.BisectionSolver_ESTest)",
                "test26(org.apache.commons.math.analysis.solvers.BisectionSolver_ESTest)",
                "test03(org.apache.commons.math.analysis.solvers.BisectionSolver_ESTest)",
                "test02(org.apache.commons.math.analysis.solvers.BisectionSolver_ESTest)",
                "test06(org.apache.commons.math.analysis.solvers.BisectionSolver_ESTest)"
            ],
            "status": "ok",
            "test_executed": [
                "org.apache.commons.math.analysis.solvers.BisectionSolver_ESTest"
            ],
            "failing_assertions": [
                "java.lang.AssertionError: expected:<-1282.456100701405> but was:<-2.9859507945366204E-7>",
                "java.lang.AssertionError: expected:<-5604.11733216784> but was:<0.9999996737392309>",
                "java.lang.AssertionError: expected:<4.76837158203125E-7> but was:<0.9999995231628418>",
                "java.lang.AssertionError: Expecting exception: Exception",
                "java.lang.AssertionError: expected:<-4625.0757417984805> but was:<-1774.8000003318157>",
                "java.lang.AssertionError: expected:<3.184517557681226E-7> but was:<683.8699378704813>",
                "java.lang.AssertionError: expected:<0.027834105683075185> but was:<764730.1245875505>"
            ],
            "failing_lines": [
                [
                    "org.apache.commons.math.analysis.solvers.BisectionSolver_ESTest.test05(BisectionSolver_ESTest.java:83)"
                ],
                [
                    "org.apache.commons.math.analysis.solvers.BisectionSolver_ESTest.test27(BisectionSolver_ESTest.java:430)"
                ],
                [
                    "org.apache.commons.math.analysis.solvers.BisectionSolver_ESTest.test04(BisectionSolver_ESTest.java:73)"
                ],
                [
                    "org.apache.commons.math.analysis.solvers.BisectionSolver_ESTest.test26(BisectionSolver_ESTest.java:413)"
                ],
                [
                    "org.apache.commons.math.analysis.solvers.BisectionSolver_ESTest.test03(BisectionSolver_ESTest.java:63)"
                ],
                [
                    "org.apache.commons.math.analysis.solvers.BisectionSolver_ESTest.test02(BisectionSolver_ESTest.java:53)"
                ],
                [
                    "org.apache.commons.math.analysis.solvers.BisectionSolver_ESTest.test06(BisectionSolver_ESTest.java:93)"
                ]
            ]
        }
    ],
    "duration": 27.43
}