{
    "patch": "/home/mmartinez/xTestCluster/Patches/Patches_Wang902/Patches_ICSE/Doverfitting/Arja/Chart/patch1-Chart-14-Arja-plusible.patch",
    "project": "Chart",
    "bugid": "14",
    "dataset": "Patches_ICSE",
    "date": "2022-12-16T05:19:56.978641",
    "project_checked": "ok",
    "compiledProjectModified": "ok",
    "patchApplied": "ok",
    "arrive_end": "ok",
    "patched_project_pass_all_test": "no",
    "test_execution": [
        {
            "patch": "/home/mmartinez/xTestCluster/Patches/Patches_Wang902/Patches_ICSE/Doverfitting/Arja/Chart/patch1-Chart-14-Arja-plusible.patch",
            "test": "test_from_WangICSE_patch1-Chart-14-TBar-plausible",
            "failing": 6,
            "testrun": 295,
            "failings": [
                "test270(org.jfree.chart.plot.XYPlot_ESTest)",
                "test043(org.jfree.chart.plot.XYPlot_ESTest)",
                "test044(org.jfree.chart.plot.XYPlot_ESTest)",
                "test071(org.jfree.chart.plot.XYPlot_ESTest)",
                "test072(org.jfree.chart.plot.XYPlot_ESTest)",
                "test094(org.jfree.chart.plot.XYPlot_ESTest)"
            ],
            "status": "ok",
            "test_executed": [
                "org.jfree.chart.plot.XYPlot_ESTest"
            ],
            "failing_assertions": [
                "java.lang.AssertionError: Expecting exception: NullPointerException",
                "java.lang.AssertionError: Expecting exception: IllegalArgumentException",
                "java.lang.AssertionError: Expecting exception: IllegalArgumentException",
                "java.lang.NullPointerException",
                "java.lang.NullPointerException",
                "java.lang.AssertionError: Expecting exception: NullPointerException"
            ],
            "failing_lines": [
                [
                    "org.jfree.chart.plot.XYPlot_ESTest.test270(XYPlot_ESTest.java:25243)"
                ],
                [
                    "org.jfree.chart.plot.XYPlot_ESTest.test043(XYPlot_ESTest.java:5830)"
                ],
                [
                    "org.jfree.chart.plot.XYPlot_ESTest.test044(XYPlot_ESTest.java:5933)"
                ],
                [
                    "org.jfree.chart.plot.XYPlot_ESTest.test071(XYPlot_ESTest.java:8808)"
                ],
                [
                    "org.jfree.chart.plot.XYPlot_ESTest.test072(XYPlot_ESTest.java:9109)"
                ],
                [
                    "org.jfree.chart.plot.XYPlot_ESTest.test094(XYPlot_ESTest.java:11616)"
                ]
            ]
        },
        {
            "patch": "/home/mmartinez/xTestCluster/Patches/Patches_Wang902/Patches_ICSE/Doverfitting/Arja/Chart/patch1-Chart-14-Arja-plusible.patch",
            "test": "test_from_WangICSE_patch1-Chart-14-FixMiner-plausible",
            "failing": 4,
            "testrun": 287,
            "failings": [
                "test262(org.jfree.chart.plot.XYPlot_ESTest)",
                "test047(org.jfree.chart.plot.XYPlot_ESTest)",
                "test074(org.jfree.chart.plot.XYPlot_ESTest)",
                "test095(org.jfree.chart.plot.XYPlot_ESTest)"
            ],
            "status": "ok",
            "test_executed": [
                "org.jfree.chart.plot.XYPlot_ESTest"
            ],
            "failing_assertions": [
                "java.lang.AssertionError: Expecting exception: NullPointerException",
                "java.lang.AssertionError: Expecting exception: NullPointerException",
                "java.lang.NullPointerException",
                "java.lang.AssertionError: Expecting exception: IllegalArgumentException"
            ],
            "failing_lines": [
                [
                    "org.jfree.chart.plot.XYPlot_ESTest.test262(XYPlot_ESTest.java:25253)"
                ],
                [
                    "org.jfree.chart.plot.XYPlot_ESTest.test047(XYPlot_ESTest.java:6216)"
                ],
                [
                    "org.jfree.chart.plot.XYPlot_ESTest.test074(XYPlot_ESTest.java:9295)"
                ],
                [
                    "org.jfree.chart.plot.XYPlot_ESTest.test095(XYPlot_ESTest.java:11994)"
                ]
            ]
        },
        {
            "patch": "/home/mmartinez/xTestCluster/Patches/Patches_Wang902/Patches_ICSE/Doverfitting/Arja/Chart/patch1-Chart-14-Arja-plusible.patch",
            "test": "test_from_WangICSE_patch1-Chart-14-AVATAR-plausible",
            "failing": 5,
            "testrun": 283,
            "failings": [
                "test258(org.jfree.chart.plot.XYPlot_ESTest)",
                "test035(org.jfree.chart.plot.XYPlot_ESTest)",
                "test061(org.jfree.chart.plot.XYPlot_ESTest)",
                "test062(org.jfree.chart.plot.XYPlot_ESTest)",
                "test084(org.jfree.chart.plot.XYPlot_ESTest)"
            ],
            "status": "ok",
            "test_executed": [
                "org.jfree.chart.plot.XYPlot_ESTest"
            ],
            "failing_assertions": [
                "java.lang.AssertionError: Expecting exception: NullPointerException",
                "java.lang.AssertionError: Expecting exception: IllegalArgumentException",
                "java.lang.NullPointerException",
                "java.lang.NullPointerException",
                "java.lang.AssertionError: Expecting exception: NullPointerException"
            ],
            "failing_lines": [
                [
                    "org.jfree.chart.plot.XYPlot_ESTest.test258(XYPlot_ESTest.java:26971)"
                ],
                [
                    "org.jfree.chart.plot.XYPlot_ESTest.test035(XYPlot_ESTest.java:3850)"
                ],
                [
                    "org.jfree.chart.plot.XYPlot_ESTest.test061(XYPlot_ESTest.java:7643)"
                ],
                [
                    "org.jfree.chart.plot.XYPlot_ESTest.test062(XYPlot_ESTest.java:7981)"
                ],
                [
                    "org.jfree.chart.plot.XYPlot_ESTest.test084(XYPlot_ESTest.java:10503)"
                ]
            ]
        },
        {
            "patch": "/home/mmartinez/xTestCluster/Patches/Patches_Wang902/Patches_ICSE/Doverfitting/Arja/Chart/patch1-Chart-14-Arja-plusible.patch",
            "test": "test_from_WangICSE_patch1-Chart-14-Arja-plusible",
            "failing": 0,
            "testrun": 540,
            "failings": [],
            "status": "ok",
            "test_executed": [
                "org.jfree.chart.plot.XYPlot_ESTest",
                "org.jfree.chart.plot.CategoryPlot_ESTest"
            ],
            "failing_assertions": [],
            "failing_lines": []
        },
        {
            "patch": "/home/mmartinez/xTestCluster/Patches/Patches_Wang902/Patches_ICSE/Doverfitting/Arja/Chart/patch1-Chart-14-Arja-plusible.patch",
            "test": "test_from_WangICSE_patch1-Chart-14-ACS",
            "failing": 43,
            "testrun": 278,
            "failings": [
                "test203(org.jfree.chart.plot.CategoryPlot_ESTest)",
                "test060(org.jfree.chart.plot.CategoryPlot_ESTest)",
                "test073(org.jfree.chart.plot.CategoryPlot_ESTest)",
                "test071(org.jfree.chart.plot.CategoryPlot_ESTest)",
                "test078(org.jfree.chart.plot.CategoryPlot_ESTest)",
                "test070(org.jfree.chart.plot.CategoryPlot_ESTest)",
                "test084(org.jfree.chart.plot.CategoryPlot_ESTest)",
                "test083(org.jfree.chart.plot.CategoryPlot_ESTest)",
                "test082(org.jfree.chart.plot.CategoryPlot_ESTest)",
                "test099(org.jfree.chart.plot.CategoryPlot_ESTest)",
                "test092(org.jfree.chart.plot.CategoryPlot_ESTest)",
                "test023(org.jfree.chart.plot.CategoryPlot_ESTest)",
                "test143(org.jfree.chart.plot.CategoryPlot_ESTest)",
                "test264(org.jfree.chart.plot.CategoryPlot_ESTest)",
                "test141(org.jfree.chart.plot.CategoryPlot_ESTest)",
                "test148(org.jfree.chart.plot.CategoryPlot_ESTest)",
                "test272(org.jfree.chart.plot.CategoryPlot_ESTest)",
                "test270(org.jfree.chart.plot.CategoryPlot_ESTest)",
                "test034(org.jfree.chart.plot.CategoryPlot_ESTest)",
                "test155(org.jfree.chart.plot.CategoryPlot_ESTest)",
                "test033(org.jfree.chart.plot.CategoryPlot_ESTest)",
                "test162(org.jfree.chart.plot.CategoryPlot_ESTest)",
                "test166(org.jfree.chart.plot.CategoryPlot_ESTest)",
                "test044(org.jfree.chart.plot.CategoryPlot_ESTest)",
                "test048(org.jfree.chart.plot.CategoryPlot_ESTest)",
                "test046(org.jfree.chart.plot.CategoryPlot_ESTest)",
                "test173(org.jfree.chart.plot.CategoryPlot_ESTest)",
                "test051(org.jfree.chart.plot.CategoryPlot_ESTest)",
                "test100(org.jfree.chart.plot.CategoryPlot_ESTest)",
                "test221(org.jfree.chart.plot.CategoryPlot_ESTest)",
                "test103(org.jfree.chart.plot.CategoryPlot_ESTest)",
                "test108(org.jfree.chart.plot.CategoryPlot_ESTest)",
                "test228(org.jfree.chart.plot.CategoryPlot_ESTest)",
                "test236(org.jfree.chart.plot.CategoryPlot_ESTest)",
                "test119(org.jfree.chart.plot.CategoryPlot_ESTest)",
                "test239(org.jfree.chart.plot.CategoryPlot_ESTest)",
                "test117(org.jfree.chart.plot.CategoryPlot_ESTest)",
                "test126(org.jfree.chart.plot.CategoryPlot_ESTest)",
                "test125(org.jfree.chart.plot.CategoryPlot_ESTest)",
                "test246(org.jfree.chart.plot.CategoryPlot_ESTest)",
                "test011(org.jfree.chart.plot.CategoryPlot_ESTest)",
                "test253(org.jfree.chart.plot.CategoryPlot_ESTest)",
                "test131(org.jfree.chart.plot.CategoryPlot_ESTest)"
            ],
            "status": "ok",
            "test_executed": [
                "org.jfree.chart.plot.CategoryPlot_ESTest"
            ],
            "failing_assertions": [
                "java.lang.AssertionError: Expecting exception: IllegalArgumentException",
                "java.lang.NullPointerException",
                "java.lang.NullPointerException",
                "java.lang.NullPointerException",
                "java.lang.NullPointerException",
                "java.lang.NullPointerException",
                "java.lang.NullPointerException",
                "java.lang.NullPointerException",
                "java.lang.NullPointerException",
                "java.lang.NullPointerException",
                "java.lang.NullPointerException",
                "java.lang.NullPointerException",
                "java.lang.NullPointerException",
                "java.lang.NullPointerException",
                "java.lang.NullPointerException",
                "java.lang.NullPointerException",
                "java.lang.NullPointerException",
                "java.lang.NullPointerException",
                "java.lang.NullPointerException",
                "java.lang.NullPointerException",
                "java.lang.NullPointerException",
                "java.lang.NullPointerException",
                "java.lang.NullPointerException",
                "java.lang.NullPointerException",
                "java.lang.NullPointerException",
                "java.lang.NullPointerException",
                "java.lang.NullPointerException",
                "java.lang.NullPointerException",
                "java.lang.NullPointerException",
                "java.lang.NullPointerException",
                "java.lang.NullPointerException",
                "java.lang.NullPointerException",
                "java.lang.NullPointerException",
                "java.lang.NullPointerException",
                "java.lang.NullPointerException",
                "java.lang.NullPointerException",
                "java.lang.NullPointerException",
                "java.lang.NullPointerException",
                "java.lang.NullPointerException",
                "java.lang.NullPointerException",
                "java.lang.NullPointerException",
                "java.lang.NullPointerException",
                "java.lang.NullPointerException"
            ],
            "failing_lines": [
                [
                    "org.jfree.chart.plot.CategoryPlot_ESTest.test203(CategoryPlot_ESTest.java)"
                ],
                [
                    "org.jfree.chart.plot.CategoryPlot_ESTest.test060(CategoryPlot_ESTest.java:2165)"
                ],
                [
                    "org.jfree.chart.plot.CategoryPlot_ESTest.test073(CategoryPlot_ESTest.java:2502)"
                ],
                [
                    "org.jfree.chart.plot.CategoryPlot_ESTest.test071(CategoryPlot_ESTest.java:2441)"
                ],
                [
                    "org.jfree.chart.plot.CategoryPlot_ESTest.test078(CategoryPlot_ESTest.java:2661)"
                ],
                [
                    "org.jfree.chart.plot.CategoryPlot_ESTest.test070(CategoryPlot_ESTest.java:2425)"
                ],
                [
                    "org.jfree.chart.plot.CategoryPlot_ESTest.test084(CategoryPlot_ESTest.java:4663)"
                ],
                [
                    "org.jfree.chart.plot.CategoryPlot_ESTest.test083(CategoryPlot_ESTest.java:3154)"
                ],
                [
                    "org.jfree.chart.plot.CategoryPlot_ESTest.test082(CategoryPlot_ESTest.java:2786)"
                ],
                [
                    "org.jfree.chart.plot.CategoryPlot_ESTest.test099(CategoryPlot_ESTest.java:13691)"
                ],
                [
                    "org.jfree.chart.plot.CategoryPlot_ESTest.test092(CategoryPlot_ESTest.java:9558)"
                ],
                [
                    "org.jfree.chart.plot.CategoryPlot_ESTest.test023(CategoryPlot_ESTest.java:1119)"
                ],
                [
                    "org.jfree.chart.plot.CategoryPlot_ESTest.test143(CategoryPlot_ESTest.java:39874)"
                ],
                [
                    "org.jfree.chart.plot.CategoryPlot_ESTest.test264(CategoryPlot_ESTest.java)"
                ],
                [
                    "org.jfree.chart.plot.CategoryPlot_ESTest.test141(CategoryPlot_ESTest.java:38112)"
                ],
                [
                    "org.jfree.chart.plot.CategoryPlot_ESTest.test148(CategoryPlot_ESTest.java:42849)"
                ],
                [
                    "org.jfree.chart.plot.CategoryPlot_ESTest.test272(CategoryPlot_ESTest.java)"
                ],
                [
                    "org.jfree.chart.plot.CategoryPlot_ESTest.test270(CategoryPlot_ESTest.java)"
                ],
                [
                    "org.jfree.chart.plot.CategoryPlot_ESTest.test034(CategoryPlot_ESTest.java:1382)"
                ],
                [
                    "org.jfree.chart.plot.CategoryPlot_ESTest.test155(CategoryPlot_ESTest.java:46606)"
                ],
                [
                    "org.jfree.chart.plot.CategoryPlot_ESTest.test033(CategoryPlot_ESTest.java:1356)"
                ],
                [
                    "org.jfree.chart.plot.CategoryPlot_ESTest.test162(CategoryPlot_ESTest.java:50229)"
                ],
                [
                    "org.jfree.chart.plot.CategoryPlot_ESTest.test166(CategoryPlot_ESTest.java:51593)"
                ],
                [
                    "org.jfree.chart.plot.CategoryPlot_ESTest.test044(CategoryPlot_ESTest.java:1626)"
                ],
                [
                    "org.jfree.chart.plot.CategoryPlot_ESTest.test048(CategoryPlot_ESTest.java:1736)"
                ],
                [
                    "org.jfree.chart.plot.CategoryPlot_ESTest.test046(CategoryPlot_ESTest.java:1682)"
                ],
                [
                    "org.jfree.chart.plot.CategoryPlot_ESTest.test173(CategoryPlot_ESTest.java:55883)"
                ],
                [
                    "org.jfree.chart.plot.CategoryPlot_ESTest.test051(CategoryPlot_ESTest.java:1840)"
                ],
                [
                    "org.jfree.chart.plot.CategoryPlot_ESTest.test100(CategoryPlot_ESTest.java:14557)"
                ],
                [
                    "org.jfree.chart.plot.CategoryPlot_ESTest.test221(CategoryPlot_ESTest.java)"
                ],
                [
                    "org.jfree.chart.plot.CategoryPlot_ESTest.test103(CategoryPlot_ESTest.java:16531)"
                ],
                [
                    "org.jfree.chart.plot.CategoryPlot_ESTest.test108(CategoryPlot_ESTest.java:19731)"
                ],
                [
                    "org.jfree.chart.plot.CategoryPlot_ESTest.test228(CategoryPlot_ESTest.java)"
                ],
                [
                    "org.jfree.chart.plot.CategoryPlot_ESTest.test236(CategoryPlot_ESTest.java)"
                ],
                [
                    "org.jfree.chart.plot.CategoryPlot_ESTest.test119(CategoryPlot_ESTest.java:24817)"
                ],
                [
                    "org.jfree.chart.plot.CategoryPlot_ESTest.test239(CategoryPlot_ESTest.java)"
                ],
                [
                    "org.jfree.chart.plot.CategoryPlot_ESTest.test117(CategoryPlot_ESTest.java:23656)"
                ],
                [
                    "org.jfree.chart.plot.CategoryPlot_ESTest.test126(CategoryPlot_ESTest.java:28425)"
                ],
                [
                    "org.jfree.chart.plot.CategoryPlot_ESTest.test125(CategoryPlot_ESTest.java:28213)"
                ],
                [
                    "org.jfree.chart.plot.CategoryPlot_ESTest.test246(CategoryPlot_ESTest.java)"
                ],
                [
                    "org.jfree.chart.plot.CategoryPlot_ESTest.test011(CategoryPlot_ESTest.java:831)"
                ],
                [
                    "org.jfree.chart.plot.CategoryPlot_ESTest.test253(CategoryPlot_ESTest.java)"
                ],
                [
                    "org.jfree.chart.plot.CategoryPlot_ESTest.test131(CategoryPlot_ESTest.java:31773)"
                ]
            ]
        }
    ],
    "duration": 66.84
}