{
    "patch": "/home/mmartinez/xTestCluster/Patches/Patches_Wang902/Patches_ICSE/Doverfitting/kPAR/Math/patch1-Math-8-kPAR-plausible.patch",
    "project": "Math",
    "bugid": "8",
    "dataset": "Patches_ICSE",
    "date": "2022-12-16T02:02:35.170828",
    "project_checked": "ok",
    "compiledProjectModified": "ok",
    "patchApplied": "ok",
    "arrive_end": "ok",
    "patched_project_pass_all_test": "no",
    "test_execution": [
        {
            "patch": "/home/mmartinez/xTestCluster/Patches/Patches_Wang902/Patches_ICSE/Doverfitting/kPAR/Math/patch1-Math-8-kPAR-plausible.patch",
            "test": "test_from_WangICSE_patch1-Math-8-jGenProg-plausible",
            "failing": 2,
            "testrun": 20,
            "failings": [
                "test03(org.apache.commons.math3.distribution.DiscreteDistribution_ESTest)",
                "test11(org.apache.commons.math3.distribution.DiscreteDistribution_ESTest)"
            ],
            "status": "ok",
            "test_executed": [
                "org.apache.commons.math3.distribution.DiscreteDistribution_ESTest"
            ],
            "failing_assertions": [
                "java.lang.IndexOutOfBoundsException: Index: 1, Size: 1",
                "java.lang.IndexOutOfBoundsException: Index: 1, Size: 1"
            ],
            "failing_lines": [
                [
                    "org.apache.commons.math3.distribution.DiscreteDistribution_ESTest.test03(DiscreteDistribution_ESTest.java:87)"
                ],
                [
                    "org.apache.commons.math3.distribution.DiscreteDistribution_ESTest.test11(DiscreteDistribution_ESTest.java:236)"
                ]
            ]
        },
        {
            "patch": "/home/mmartinez/xTestCluster/Patches/Patches_Wang902/Patches_ICSE/Doverfitting/kPAR/Math/patch1-Math-8-kPAR-plausible.patch",
            "test": "test_from_WangICSE_patch1-Math-8-DynaMoth-plausible",
            "failing": 2,
            "testrun": 21,
            "failings": [
                "test02(org.apache.commons.math3.distribution.DiscreteDistribution_ESTest)",
                "test11(org.apache.commons.math3.distribution.DiscreteDistribution_ESTest)"
            ],
            "status": "ok",
            "test_executed": [
                "org.apache.commons.math3.distribution.DiscreteDistribution_ESTest"
            ],
            "failing_assertions": [
                "java.lang.IndexOutOfBoundsException: Index: 1, Size: 1",
                "java.lang.IndexOutOfBoundsException: Index: 1, Size: 1"
            ],
            "failing_lines": [
                [
                    "org.apache.commons.math3.distribution.DiscreteDistribution_ESTest.test02(DiscreteDistribution_ESTest.java:74)"
                ],
                [
                    "org.apache.commons.math3.distribution.DiscreteDistribution_ESTest.test11(DiscreteDistribution_ESTest.java:228)"
                ]
            ]
        },
        {
            "patch": "/home/mmartinez/xTestCluster/Patches/Patches_Wang902/Patches_ICSE/Doverfitting/kPAR/Math/patch1-Math-8-kPAR-plausible.patch",
            "test": "test_from_WangICSE_patch1-Math-8-TBar-plausible",
            "failing": 2,
            "testrun": 19,
            "failings": [
                "test03(org.apache.commons.math3.distribution.DiscreteDistribution_ESTest)",
                "test10(org.apache.commons.math3.distribution.DiscreteDistribution_ESTest)"
            ],
            "status": "ok",
            "test_executed": [
                "org.apache.commons.math3.distribution.DiscreteDistribution_ESTest"
            ],
            "failing_assertions": [
                "java.lang.IndexOutOfBoundsException: Index: 1, Size: 1",
                "java.lang.IndexOutOfBoundsException: Index: 1, Size: 1"
            ],
            "failing_lines": [
                [
                    "org.apache.commons.math3.distribution.DiscreteDistribution_ESTest.test03(DiscreteDistribution_ESTest.java:84)"
                ],
                [
                    "org.apache.commons.math3.distribution.DiscreteDistribution_ESTest.test10(DiscreteDistribution_ESTest.java:212)"
                ]
            ]
        },
        {
            "patch": "/home/mmartinez/xTestCluster/Patches/Patches_Wang902/Patches_ICSE/Doverfitting/kPAR/Math/patch1-Math-8-kPAR-plausible.patch",
            "test": "test_from_WangICSE_patch1-Math-8-jKali-plausible",
            "failing": 2,
            "testrun": 21,
            "failings": [
                "test04(org.apache.commons.math3.distribution.DiscreteDistribution_ESTest)",
                "test12(org.apache.commons.math3.distribution.DiscreteDistribution_ESTest)"
            ],
            "status": "ok",
            "test_executed": [
                "org.apache.commons.math3.distribution.DiscreteDistribution_ESTest"
            ],
            "failing_assertions": [
                "java.lang.IndexOutOfBoundsException: Index: 1, Size: 1",
                "java.lang.IndexOutOfBoundsException: Index: 1, Size: 1"
            ],
            "failing_lines": [
                [
                    "org.apache.commons.math3.distribution.DiscreteDistribution_ESTest.test04(DiscreteDistribution_ESTest.java:96)"
                ],
                [
                    "org.apache.commons.math3.distribution.DiscreteDistribution_ESTest.test12(DiscreteDistribution_ESTest.java:245)"
                ]
            ]
        },
        {
            "patch": "/home/mmartinez/xTestCluster/Patches/Patches_Wang902/Patches_ICSE/Doverfitting/kPAR/Math/patch1-Math-8-kPAR-plausible.patch",
            "test": "test_from_WangICSE_patch1-Math-8-SimFix-plausible",
            "failing": 2,
            "testrun": 20,
            "failings": [
                "test03(org.apache.commons.math3.distribution.DiscreteDistribution_ESTest)",
                "test11(org.apache.commons.math3.distribution.DiscreteDistribution_ESTest)"
            ],
            "status": "ok",
            "test_executed": [
                "org.apache.commons.math3.distribution.DiscreteDistribution_ESTest"
            ],
            "failing_assertions": [
                "java.lang.IndexOutOfBoundsException: Index: 1, Size: 1",
                "java.lang.IndexOutOfBoundsException: Index: 1, Size: 1"
            ],
            "failing_lines": [
                [
                    "org.apache.commons.math3.distribution.DiscreteDistribution_ESTest.test03(DiscreteDistribution_ESTest.java:85)"
                ],
                [
                    "org.apache.commons.math3.distribution.DiscreteDistribution_ESTest.test11(DiscreteDistribution_ESTest.java:234)"
                ]
            ]
        },
        {
            "patch": "/home/mmartinez/xTestCluster/Patches/Patches_Wang902/Patches_ICSE/Doverfitting/kPAR/Math/patch1-Math-8-kPAR-plausible.patch",
            "test": "test_from_WangICSE_patch1-Math-8-kPAR-plausible",
            "failing": 0,
            "testrun": 22,
            "failings": [],
            "status": "ok",
            "test_executed": [
                "org.apache.commons.math3.distribution.DiscreteDistribution_ESTest"
            ],
            "failing_assertions": [],
            "failing_lines": []
        }
    ],
    "duration": 33.15
}