{
    "patch": "/home/mmartinez/xTestCluster/Patches/Patches_Wang902/Patches_ICSE/Doverfitting/Cardumen/Closure/patch1-Closure-62-Cardumen-plausible.patch",
    "project": "Closure",
    "bugid": "62",
    "dataset": "Patches_ICSE",
    "date": "2022-12-16T05:47:18.769915",
    "project_checked": "ok",
    "compiledProjectModified": "ok",
    "patchApplied": "ok",
    "arrive_end": "ok",
    "patched_project_pass_all_test": "no",
    "test_execution": [
        {
            "patch": "/home/mmartinez/xTestCluster/Patches/Patches_Wang902/Patches_ICSE/Doverfitting/Cardumen/Closure/patch1-Closure-62-Cardumen-plausible.patch",
            "test": "test_from_WangICSE_patch1-Closure-62-AVATAR",
            "failing": 0,
            "testrun": 14,
            "failings": [],
            "status": "ok",
            "test_executed": [
                "com.google.javascript.jscomp.LightweightMessageFormatter_ESTest"
            ],
            "failing_assertions": [],
            "failing_lines": []
        },
        {
            "patch": "/home/mmartinez/xTestCluster/Patches/Patches_Wang902/Patches_ICSE/Doverfitting/Cardumen/Closure/patch1-Closure-62-Cardumen-plausible.patch",
            "test": "test_from_WangDRR_patch1-Closure-62-Jaid",
            "failing": 0,
            "testrun": 15,
            "failings": [],
            "status": "ok",
            "test_executed": [
                "com.google.javascript.jscomp.LightweightMessageFormatter_ESTest"
            ],
            "failing_assertions": [],
            "failing_lines": []
        },
        {
            "patch": "/home/mmartinez/xTestCluster/Patches/Patches_Wang902/Patches_ICSE/Doverfitting/Cardumen/Closure/patch1-Closure-62-Cardumen-plausible.patch",
            "test": "test_from_WangDRR_patch1-Closure-62-Jaid-plausible",
            "failing": 0,
            "testrun": 14,
            "failings": [],
            "status": "ok",
            "test_executed": [
                "com.google.javascript.jscomp.LightweightMessageFormatter_ESTest"
            ],
            "failing_assertions": [],
            "failing_lines": []
        },
        {
            "patch": "/home/mmartinez/xTestCluster/Patches/Patches_Wang902/Patches_ICSE/Doverfitting/Cardumen/Closure/patch1-Closure-62-Cardumen-plausible.patch",
            "test": "test_from_WangICSE_patch1-Closure-62-Cardumen-plausible",
            "failing": 0,
            "testrun": 14,
            "failings": [],
            "status": "ok",
            "test_executed": [
                "com.google.javascript.jscomp.LightweightMessageFormatter_ESTest"
            ],
            "failing_assertions": [],
            "failing_lines": []
        },
        {
            "patch": "/home/mmartinez/xTestCluster/Patches/Patches_Wang902/Patches_ICSE/Doverfitting/Cardumen/Closure/patch1-Closure-62-Cardumen-plausible.patch",
            "test": "test_from_WangICSE_patch1-Closure-62-jKali-plausible",
            "failing": 0,
            "testrun": 14,
            "failings": [],
            "status": "ok",
            "test_executed": [
                "com.google.javascript.jscomp.LightweightMessageFormatter_ESTest"
            ],
            "failing_assertions": [],
            "failing_lines": []
        },
        {
            "patch": "/home/mmartinez/xTestCluster/Patches/Patches_Wang902/Patches_ICSE/Doverfitting/Cardumen/Closure/patch1-Closure-62-Cardumen-plausible.patch",
            "test": "test_from_WangICSE_patch1-Closure-62-kPAR-plausible",
            "failing": 0,
            "testrun": 14,
            "failings": [],
            "status": "ok",
            "test_executed": [
                "com.google.javascript.jscomp.LightweightMessageFormatter_ESTest"
            ],
            "failing_assertions": [],
            "failing_lines": []
        },
        {
            "patch": "/home/mmartinez/xTestCluster/Patches/Patches_Wang902/Patches_ICSE/Doverfitting/Cardumen/Closure/patch1-Closure-62-Cardumen-plausible.patch",
            "test": "test_from_WangICSE_patch1-Closure-62-jMutRepair",
            "failing": 0,
            "testrun": 15,
            "failings": [],
            "status": "ok",
            "test_executed": [
                "com.google.javascript.jscomp.LightweightMessageFormatter_ESTest"
            ],
            "failing_assertions": [],
            "failing_lines": []
        }
    ],
    "duration": 53.95
}