{
    "patch": "/home/mmartinez/xTestCluster/Patches/Patches_Wang902/Patches_ICSE/Doverfitting/Kali/Math/patch1-Math-32-Kali-plausible.patch",
    "project": "Math",
    "bugid": "32",
    "dataset": "Patches_ICSE",
    "date": "2022-12-16T02:11:33.011584",
    "project_checked": "ok",
    "compiledProjectModified": "ok",
    "patchApplied": "ok",
    "arrive_end": "ok",
    "patched_project_pass_all_test": "no",
    "test_execution": [
        {
            "patch": "/home/mmartinez/xTestCluster/Patches/Patches_Wang902/Patches_ICSE/Doverfitting/Kali/Math/patch1-Math-32-Kali-plausible.patch",
            "test": "test_from_WangICSE_patch1-Math-32-Kali-plausible",
            "failing": 0,
            "testrun": 20,
            "failings": [],
            "status": "ok",
            "test_executed": [
                "org.apache.commons.math3.geometry.euclidean.twod.PolygonsSet_ESTest"
            ],
            "failing_assertions": [],
            "failing_lines": []
        },
        {
            "patch": "/home/mmartinez/xTestCluster/Patches/Patches_Wang902/Patches_ICSE/Doverfitting/Kali/Math/patch1-Math-32-Kali-plausible.patch",
            "test": "test_from_WangDRR_patch1-Math-32-Jaid-plausible",
            "failing": 0,
            "testrun": 22,
            "failings": [],
            "status": "ok",
            "test_executed": [
                "org.apache.commons.math3.geometry.euclidean.twod.PolygonsSet_ESTest"
            ],
            "failing_assertions": [],
            "failing_lines": []
        },
        {
            "patch": "/home/mmartinez/xTestCluster/Patches/Patches_Wang902/Patches_ICSE/Doverfitting/Kali/Math/patch1-Math-32-Kali-plausible.patch",
            "test": "test_from_WangICSE_patch1-Math-32-DynaMoth-plausible",
            "failing": 0,
            "testrun": 20,
            "failings": [],
            "status": "ok",
            "test_executed": [
                "org.apache.commons.math3.geometry.euclidean.twod.PolygonsSet_ESTest"
            ],
            "failing_assertions": [],
            "failing_lines": []
        },
        {
            "patch": "/home/mmartinez/xTestCluster/Patches/Patches_Wang902/Patches_ICSE/Doverfitting/Kali/Math/patch1-Math-32-Kali-plausible.patch",
            "test": "test_from_WangDRR_patch1-Math-32-Jaid",
            "failing": 1,
            "testrun": 22,
            "failings": [
                "test06(org.apache.commons.math3.geometry.euclidean.twod.PolygonsSet_ESTest)"
            ],
            "status": "ok",
            "test_executed": [
                "org.apache.commons.math3.geometry.euclidean.twod.PolygonsSet_ESTest"
            ],
            "failing_assertions": [
                "java.lang.AssertionError: Expecting exception: ClassCastException"
            ],
            "failing_lines": [
                [
                    "org.apache.commons.math3.geometry.euclidean.twod.PolygonsSet_ESTest.test06(PolygonsSet_ESTest.java:102)"
                ]
            ]
        }
    ],
    "duration": 27.1
}