{
    "patch": "/home/mmartinez/xTestCluster/Patches/Patches_Wang902/Patches_ICSE/Doverfitting/Arja/Closure/patch1-Closure-68-Arja-plausible.patch",
    "project": "Closure",
    "bugid": "68",
    "dataset": "Patches_ICSE",
    "date": "2022-12-16T05:07:17.035540",
    "project_checked": "ok",
    "compiledProjectModified": "ok",
    "patchApplied": "ok",
    "arrive_end": "ok",
    "patched_project_pass_all_test": "no",
    "test_execution": [
        {
            "patch": "/home/mmartinez/xTestCluster/Patches/Patches_Wang902/Patches_ICSE/Doverfitting/Arja/Closure/patch1-Closure-68-Arja-plausible.patch",
            "test": "test_from_WangICSE_patch1-Closure-68-SimFix",
            "failing": 4,
            "testrun": 41,
            "failings": [
                "test21(com.google.javascript.jscomp.parsing.JsDocInfoParser_ESTest)",
                "test22(com.google.javascript.jscomp.parsing.JsDocInfoParser_ESTest)",
                "test25(com.google.javascript.jscomp.parsing.JsDocInfoParser_ESTest)",
                "test31(com.google.javascript.jscomp.parsing.JsDocInfoParser_ESTest)"
            ],
            "status": "ok",
            "test_executed": [
                "com.google.javascript.jscomp.parsing.JsDocInfoParser_ESTest"
            ],
            "failing_assertions": [
                "java.lang.AssertionError: Expecting exception: UnsupportedOperationException",
                "java.lang.AssertionError: Expecting exception: UnsupportedOperationException",
                "java.lang.AssertionError: Expecting exception: UnsupportedOperationException",
                "java.lang.AssertionError: Expecting exception: UnsupportedOperationException"
            ],
            "failing_lines": [
                [
                    "com.google.javascript.jscomp.parsing.JsDocInfoParser_ESTest.test21(JsDocInfoParser_ESTest.java:254)"
                ],
                [
                    "com.google.javascript.jscomp.parsing.JsDocInfoParser_ESTest.test22(JsDocInfoParser_ESTest.java:276)"
                ],
                [
                    "com.google.javascript.jscomp.parsing.JsDocInfoParser_ESTest.test25(JsDocInfoParser_ESTest.java:320)"
                ],
                [
                    "com.google.javascript.jscomp.parsing.JsDocInfoParser_ESTest.test31(JsDocInfoParser_ESTest.java:410)"
                ]
            ]
        },
        {
            "patch": "/home/mmartinez/xTestCluster/Patches/Patches_Wang902/Patches_ICSE/Doverfitting/Arja/Closure/patch1-Closure-68-Arja-plausible.patch",
            "test": "test_from_WangICSE_patch1-Closure-68-Kali-plausible",
            "failing": 17,
            "testrun": 42,
            "failings": [
                "test28(com.google.javascript.jscomp.parsing.JsDocInfoParser_ESTest)",
                "test29(com.google.javascript.jscomp.parsing.JsDocInfoParser_ESTest)",
                "test08(com.google.javascript.jscomp.parsing.JsDocInfoParser_ESTest)",
                "test00(com.google.javascript.jscomp.parsing.JsDocInfoParser_ESTest)",
                "test22(com.google.javascript.jscomp.parsing.JsDocInfoParser_ESTest)",
                "test23(com.google.javascript.jscomp.parsing.JsDocInfoParser_ESTest)",
                "test02(com.google.javascript.jscomp.parsing.JsDocInfoParser_ESTest)",
                "test24(com.google.javascript.jscomp.parsing.JsDocInfoParser_ESTest)",
                "test25(com.google.javascript.jscomp.parsing.JsDocInfoParser_ESTest)",
                "test26(com.google.javascript.jscomp.parsing.JsDocInfoParser_ESTest)",
                "test27(com.google.javascript.jscomp.parsing.JsDocInfoParser_ESTest)",
                "test31(com.google.javascript.jscomp.parsing.JsDocInfoParser_ESTest)",
                "test32(com.google.javascript.jscomp.parsing.JsDocInfoParser_ESTest)",
                "test33(com.google.javascript.jscomp.parsing.JsDocInfoParser_ESTest)",
                "test34(com.google.javascript.jscomp.parsing.JsDocInfoParser_ESTest)",
                "test35(com.google.javascript.jscomp.parsing.JsDocInfoParser_ESTest)",
                "test30(com.google.javascript.jscomp.parsing.JsDocInfoParser_ESTest)"
            ],
            "status": "ok",
            "test_executed": [
                "com.google.javascript.jscomp.parsing.JsDocInfoParser_ESTest"
            ],
            "failing_assertions": [
                "java.lang.AssertionError",
                "java.lang.AssertionError",
                "java.lang.AssertionError",
                "java.lang.NullPointerException",
                "java.lang.AssertionError",
                "java.lang.AssertionError",
                "java.lang.AssertionError",
                "java.lang.AssertionError",
                "java.lang.AssertionError",
                "java.lang.AssertionError",
                "java.lang.AssertionError",
                "java.lang.AssertionError",
                "java.lang.AssertionError",
                "java.lang.AssertionError",
                "java.lang.AssertionError",
                "java.lang.AssertionError",
                "java.lang.AssertionError"
            ],
            "failing_lines": [
                [
                    "com.google.javascript.jscomp.parsing.JsDocInfoParser_ESTest.test28(JsDocInfoParser_ESTest.java:357)"
                ],
                [
                    "com.google.javascript.jscomp.parsing.JsDocInfoParser_ESTest.test29(JsDocInfoParser_ESTest.java:372)"
                ],
                [
                    "com.google.javascript.jscomp.parsing.JsDocInfoParser_ESTest.test08(JsDocInfoParser_ESTest.java:175)"
                ],
                [
                    "com.google.javascript.jscomp.parsing.JsDocInfoParser_ESTest.test00(JsDocInfoParser_ESTest.java:46)"
                ],
                [
                    "com.google.javascript.jscomp.parsing.JsDocInfoParser_ESTest.test22(JsDocInfoParser_ESTest.java:276)"
                ],
                [
                    "com.google.javascript.jscomp.parsing.JsDocInfoParser_ESTest.test23(JsDocInfoParser_ESTest.java:288)"
                ],
                [
                    "com.google.javascript.jscomp.parsing.JsDocInfoParser_ESTest.test02(JsDocInfoParser_ESTest.java:68)"
                ],
                [
                    "com.google.javascript.jscomp.parsing.JsDocInfoParser_ESTest.test24(JsDocInfoParser_ESTest.java:300)"
                ],
                [
                    "com.google.javascript.jscomp.parsing.JsDocInfoParser_ESTest.test25(JsDocInfoParser_ESTest.java:313)"
                ],
                [
                    "com.google.javascript.jscomp.parsing.JsDocInfoParser_ESTest.test26(JsDocInfoParser_ESTest.java:327)"
                ],
                [
                    "com.google.javascript.jscomp.parsing.JsDocInfoParser_ESTest.test27(JsDocInfoParser_ESTest.java:342)"
                ],
                [
                    "com.google.javascript.jscomp.parsing.JsDocInfoParser_ESTest.test31(JsDocInfoParser_ESTest.java:399)"
                ],
                [
                    "com.google.javascript.jscomp.parsing.JsDocInfoParser_ESTest.test32(JsDocInfoParser_ESTest.java:414)"
                ],
                [
                    "com.google.javascript.jscomp.parsing.JsDocInfoParser_ESTest.test33(JsDocInfoParser_ESTest.java:428)"
                ],
                [
                    "com.google.javascript.jscomp.parsing.JsDocInfoParser_ESTest.test34(JsDocInfoParser_ESTest.java:441)"
                ],
                [
                    "com.google.javascript.jscomp.parsing.JsDocInfoParser_ESTest.test35(JsDocInfoParser_ESTest.java:453)"
                ],
                [
                    "com.google.javascript.jscomp.parsing.JsDocInfoParser_ESTest.test30(JsDocInfoParser_ESTest.java:384)"
                ]
            ]
        },
        {
            "patch": "/home/mmartinez/xTestCluster/Patches/Patches_Wang902/Patches_ICSE/Doverfitting/Arja/Closure/patch1-Closure-68-Arja-plausible.patch",
            "test": "test_from_WangICSE_patch1-Closure-68-Arja-plausible",
            "failing": 0,
            "testrun": 46,
            "failings": [],
            "status": "ok",
            "test_executed": [
                "com.google.javascript.jscomp.parsing.JsDocInfoParser_ESTest"
            ],
            "failing_assertions": [],
            "failing_lines": []
        }
    ],
    "duration": 30.68
}