{
    "patch": "/Users/matias/develop/git-xTestCluster/Patches/Patches_Wang902/Patches_ICSE/Dsame/TBar/Chart/patch1-Chart-9-TBar.patch",
    "project": "Chart",
    "bugid": "9",
    "dataset": "Patches_ICSE",
    "date": "2023-02-17T17:21:49.040080",
    "project_checked": "ok",
    "compiledProjectModified": "ok",
    "patchApplied": "ok",
    "arrive_end": "ok",
    "patched_project_pass_all_test": "no",
    "test_execution": [
        {
            "patch": "/Users/matias/develop/git-xTestCluster/Patches/Patches_Wang902/Patches_ICSE/Dsame/TBar/Chart/patch1-Chart-9-TBar.patch",
            "test": "test_from_WangICSE_patch1-Chart-9-TBar",
            "failing": 0,
            "testrun": 123,
            "failings": [],
            "status": "ok",
            "test_executed": [
                "org.jfree.data.time.TimeSeries_ESTest"
            ],
            "failing_assertions": [],
            "failing_lines": []
        }
    ],
    "duration": 33.14
}