{
    "patch": "/Users/matias/develop/git-xTestCluster/Patches/Patches_Wang902/Patches_ICSE/Doverfitting/SimFix/Closure/patch1-Closure-126-SimFix-plausible.patch",
    "project": "Closure",
    "bugid": "126",
    "dataset": "Patches_ICSE",
    "date": "2022-12-22T12:51:07.035249",
    "project_checked": "ok",
    "compiledProjectModified": "ok",
    "patchApplied": "ok",
    "arrive_end": "ok",
    "patched_project_pass_all_test": "no",
    "test_execution": [
        {
            "patch": "/Users/matias/develop/git-xTestCluster/Patches/Patches_Wang902/Patches_ICSE/Doverfitting/SimFix/Closure/patch1-Closure-126-SimFix-plausible.patch",
            "test": "test_from_WangICSE_patch1-Closure-126-SimFix-plausible",
            "failing": 11,
            "testrun": 13,
            "failings": [
                "test00(com.google.javascript.jscomp.MinimizeExitPoints_ESTest)",
                "test01(com.google.javascript.jscomp.MinimizeExitPoints_ESTest)",
                "test02(com.google.javascript.jscomp.MinimizeExitPoints_ESTest)",
                "test04(com.google.javascript.jscomp.MinimizeExitPoints_ESTest)",
                "test05(com.google.javascript.jscomp.MinimizeExitPoints_ESTest)",
                "test06(com.google.javascript.jscomp.MinimizeExitPoints_ESTest)",
                "test07(com.google.javascript.jscomp.MinimizeExitPoints_ESTest)",
                "test08(com.google.javascript.jscomp.MinimizeExitPoints_ESTest)",
                "test10(com.google.javascript.jscomp.MinimizeExitPoints_ESTest)",
                "test11(com.google.javascript.jscomp.MinimizeExitPoints_ESTest)",
                "test12(com.google.javascript.jscomp.MinimizeExitPoints_ESTest)"
            ],
            "status": "ok",
            "test_executed": [
                "com.google.javascript.jscomp.MinimizeExitPoints_ESTest"
            ],
            "failing_assertions": [
                "java.lang.NoClassDefFoundError: Could not initialize class com.google.javascript.jscomp.Compiler",
                "java.lang.NoClassDefFoundError: Could not initialize class com.google.javascript.jscomp.Compiler",
                "java.lang.NoClassDefFoundError: Could not initialize class com.google.javascript.jscomp.Compiler",
                "java.lang.NoClassDefFoundError: Could not initialize class com.google.javascript.jscomp.Compiler",
                "java.lang.NoClassDefFoundError: Could not initialize class com.google.javascript.jscomp.Compiler",
                "java.lang.NoClassDefFoundError: Could not initialize class java.util.logging.LogManager",
                "java.lang.NoClassDefFoundError: Could not initialize class com.google.javascript.jscomp.Compiler",
                "java.lang.NoClassDefFoundError: Could not initialize class java.util.logging.LogManager",
                "java.lang.NoClassDefFoundError: Could not initialize class com.google.javascript.jscomp.Compiler",
                "java.lang.NoClassDefFoundError: Could not initialize class com.google.javascript.jscomp.Compiler",
                "java.lang.NoClassDefFoundError: Could not initialize class com.google.javascript.jscomp.Compiler"
            ],
            "failing_lines": [
                [
                    "com.google.javascript.jscomp.MinimizeExitPoints_ESTest.test00(MinimizeExitPoints_ESTest.java:53)"
                ],
                [
                    "com.google.javascript.jscomp.MinimizeExitPoints_ESTest.test01(MinimizeExitPoints_ESTest.java:93)"
                ],
                [
                    "com.google.javascript.jscomp.MinimizeExitPoints_ESTest.test02(MinimizeExitPoints_ESTest.java:113)"
                ],
                [
                    "com.google.javascript.jscomp.MinimizeExitPoints_ESTest.test04(MinimizeExitPoints_ESTest.java:185)"
                ],
                [
                    "com.google.javascript.jscomp.MinimizeExitPoints_ESTest.test05(MinimizeExitPoints_ESTest.java:221)"
                ],
                [
                    "com.google.javascript.jscomp.MinimizeExitPoints_ESTest.test06(MinimizeExitPoints_ESTest.java:259)"
                ],
                [
                    "com.google.javascript.jscomp.MinimizeExitPoints_ESTest.test07(MinimizeExitPoints_ESTest.java:303)"
                ],
                [
                    "com.google.javascript.jscomp.MinimizeExitPoints_ESTest.test08(MinimizeExitPoints_ESTest.java:321)"
                ],
                [
                    "com.google.javascript.jscomp.MinimizeExitPoints_ESTest.test10(MinimizeExitPoints_ESTest.java:363)"
                ],
                [
                    "com.google.javascript.jscomp.MinimizeExitPoints_ESTest.test11(MinimizeExitPoints_ESTest.java:401)"
                ],
                [
                    "com.google.javascript.jscomp.MinimizeExitPoints_ESTest.test12(MinimizeExitPoints_ESTest.java:429)"
                ]
            ]
        }
    ],
    "duration": 39.26
}