{
    "patch": "/home/mmartinez/xTestCluster/Patches/Patches_Wang902/Patches_others/Doverfitting/SequenceR/Closure/patch4-Closure-86-SequenceR.patch",
    "project": "Closure",
    "bugid": "86",
    "dataset": "Patches_others",
    "date": "2022-12-16T07:22:28.640787",
    "project_checked": "ok",
    "compiledProjectModified": "ok",
    "patchApplied": "ok",
    "arrive_end": "ok",
    "patched_project_pass_all_test": "no",
    "test_execution": [
        {
            "patch": "/home/mmartinez/xTestCluster/Patches/Patches_Wang902/Patches_others/Doverfitting/SequenceR/Closure/patch4-Closure-86-SequenceR.patch",
            "test": "test_from_WangDRR_patch2-Closure-86-SequenceR",
            "failing": 0,
            "testrun": 358,
            "failings": [
                "Error",
                "Error"
            ],
            "status": "ok",
            "test_executed": [
                "com.google.javascript.jscomp.NodeUtil_ESTest"
            ],
            "failing_assertions": [
                "07:22:51.805 [main] INFO org.evosuite.runtime.instrumentation.EvoClassLoader - Seeing class for first time: com.google.javascript.jscomp.mozilla.rhino.VMBridge_custom",
                "07:22:52.284 [main] INFO org.evosuite.runtime.instrumentation.EvoClassLoader - Seeing class for first time: com.google.javascript.jscomp.mozilla.rhino.VMBridge_custom"
            ],
            "failing_lines": []
        },
        {
            "patch": "/home/mmartinez/xTestCluster/Patches/Patches_Wang902/Patches_others/Doverfitting/SequenceR/Closure/patch4-Closure-86-SequenceR.patch",
            "test": "test_from_WangDRR_patch4-Closure-86-SequenceR",
            "failing": 0,
            "testrun": 327,
            "failings": [
                "Error",
                "Error",
                "Error",
                "Error",
                "Error",
                "Error",
                "Error",
                "Error",
                "Error",
                "Error",
                "Error",
                "Error",
                "Error"
            ],
            "status": "ok",
            "test_executed": [
                "com.google.javascript.jscomp.NodeUtil_ESTest"
            ],
            "failing_assertions": [
                "07:22:57.021 [main] INFO org.evosuite.runtime.instrumentation.EvoClassLoader - Seeing class for first time: com.google.javascript.jscomp.mozilla.rhino.VMBridge_custom",
                "07:22:57.132 [main] INFO org.evosuite.runtime.instrumentation.EvoClassLoader - Seeing class for first time: com.google.javascript.jscomp.mozilla.rhino.VMBridge_custom",
                "07:22:57.191 [main] INFO org.evosuite.runtime.instrumentation.EvoClassLoader - Seeing class for first time: com.google.javascript.jscomp.mozilla.rhino.VMBridge_custom",
                "07:22:57.806 [main] INFO org.evosuite.runtime.instrumentation.EvoClassLoader - Seeing class for first time: com.google.javascript.jscomp.mozilla.rhino.VMBridge_custom",
                "07:22:57.893 [main] INFO org.evosuite.runtime.instrumentation.EvoClassLoader - Seeing class for first time: com.google.javascript.jscomp.mozilla.rhino.VMBridge_custom",
                "07:22:57.919 [main] INFO org.evosuite.runtime.instrumentation.EvoClassLoader - Seeing class for first time: com.google.javascript.jscomp.mozilla.rhino.VMBridge_custom",
                "07:22:58.051 [main] INFO org.evosuite.runtime.instrumentation.EvoClassLoader - Seeing class for first time: com.google.javascript.jscomp.mozilla.rhino.VMBridge_custom",
                "07:22:58.103 [main] INFO org.evosuite.runtime.instrumentation.EvoClassLoader - Seeing class for first time: com.google.javascript.jscomp.mozilla.rhino.VMBridge_custom",
                "07:22:58.207 [main] INFO org.evosuite.runtime.instrumentation.EvoClassLoader - Seeing class for first time: com.google.javascript.jscomp.mozilla.rhino.VMBridge_custom",
                "07:22:58.250 [main] INFO org.evosuite.runtime.instrumentation.EvoClassLoader - Seeing class for first time: com.google.javascript.jscomp.mozilla.rhino.VMBridge_custom",
                "07:22:58.256 [main] INFO org.evosuite.runtime.instrumentation.EvoClassLoader - Seeing class for first time: com.google.javascript.jscomp.mozilla.rhino.VMBridge_custom",
                "07:22:58.415 [main] INFO org.evosuite.runtime.instrumentation.EvoClassLoader - Seeing class for first time: com.google.javascript.jscomp.mozilla.rhino.VMBridge_custom",
                "07:22:58.483 [main] INFO org.evosuite.runtime.instrumentation.EvoClassLoader - Seeing class for first time: com.google.javascript.jscomp.mozilla.rhino.VMBridge_custom"
            ],
            "failing_lines": []
        },
        {
            "patch": "/home/mmartinez/xTestCluster/Patches/Patches_Wang902/Patches_others/Doverfitting/SequenceR/Closure/patch4-Closure-86-SequenceR.patch",
            "test": "test_from_WangDRR_patch1-Closure-86-SequenceR",
            "failing": 0,
            "testrun": 291,
            "failings": [
                "Error"
            ],
            "status": "ok",
            "test_executed": [
                "com.google.javascript.jscomp.NodeUtil_ESTest"
            ],
            "failing_assertions": [
                "07:23:03.301 [main] INFO org.evosuite.runtime.instrumentation.EvoClassLoader - Seeing class for first time: com.google.javascript.jscomp.mozilla.rhino.VMBridge_custom"
            ],
            "failing_lines": []
        },
        {
            "patch": "/home/mmartinez/xTestCluster/Patches/Patches_Wang902/Patches_others/Doverfitting/SequenceR/Closure/patch4-Closure-86-SequenceR.patch",
            "test": "test_from_WangDRR_patch3-Closure-86-SequenceR",
            "failing": 0,
            "testrun": 116,
            "failings": [
                "Error",
                "Error",
                "Error",
                "Error",
                "Error"
            ],
            "status": "ok",
            "test_executed": [
                "com.google.javascript.jscomp.NodeUtil_ESTest"
            ],
            "failing_assertions": [
                "07:23:08.639 [main] INFO org.evosuite.runtime.instrumentation.EvoClassLoader - Seeing class for first time: com.google.common.collect.ImmutableCollection$1",
                "07:23:08.950 [main] INFO org.evosuite.runtime.instrumentation.EvoClassLoader - Seeing class for first time: com.google.javascript.jscomp.mozilla.rhino.VMBridge_custom",
                "07:23:09.048 [main] INFO org.evosuite.runtime.instrumentation.EvoClassLoader - Seeing class for first time: com.google.javascript.jscomp.mozilla.rhino.VMBridge_custom",
                "07:23:09.340 [main] INFO org.evosuite.runtime.instrumentation.EvoClassLoader - Seeing class for first time: com.google.javascript.jscomp.mozilla.rhino.VMBridge_custom",
                "07:23:09.350 [main] INFO org.evosuite.runtime.instrumentation.EvoClassLoader - Seeing class for first time: com.google.javascript.jscomp.mozilla.rhino.VMBridge_custom"
            ],
            "failing_lines": []
        },
        {
            "patch": "/home/mmartinez/xTestCluster/Patches/Patches_Wang902/Patches_others/Doverfitting/SequenceR/Closure/patch4-Closure-86-SequenceR.patch",
            "test": "test_from_WangDRR_patch5-Closure-86-SequenceR",
            "failing": 0,
            "testrun": 283,
            "failings": [
                "Error"
            ],
            "status": "ok",
            "test_executed": [
                "com.google.javascript.jscomp.NodeUtil_ESTest"
            ],
            "failing_assertions": [
                "07:23:15.407 [main] INFO org.evosuite.runtime.instrumentation.EvoClassLoader - Seeing class for first time: com.google.javascript.jscomp.mozilla.rhino.VMBridge_custom"
            ],
            "failing_lines": []
        }
    ],
    "duration": 49.05
}