{
    "patch": "/home/mmartinez/xTestCluster/Patches/Patches_Wang902/Patches_ICSE/Dsame/SimFix/Lang/patch1-Lang-39-SimFix.patch",
    "project": "Lang",
    "bugid": "39",
    "dataset": "Patches_ICSE",
    "date": "2023-02-17T00:19:32.848672",
    "project_checked": "ok",
    "compiledProjectModified": "ok",
    "patchApplied": "ok",
    "arrive_end": "ok",
    "patched_project_pass_all_test": "no",
    "test_execution": [
        {
            "patch": "/home/mmartinez/xTestCluster/Patches/Patches_Wang902/Patches_ICSE/Dsame/SimFix/Lang/patch1-Lang-39-SimFix.patch",
            "test": "test_from_WangICSE_patch1-Lang-39-jGenProg-plausible",
            "failing": 0,
            "testrun": 5995,
            "failings": [],
            "status": "ok",
            "test_executed": [
                "RegressionTest11",
                "RegressionTest10",
                "RegressionTest1",
                "RegressionTest6",
                "RegressionTest8",
                "RegressionTest3",
                "RegressionTest9",
                "RegressionTest5",
                "RegressionTest4",
                "RegressionTest2",
                "RegressionTest0",
                "RegressionTest7"
            ],
            "failing_assertions": [],
            "failing_lines": []
        },
        {
            "patch": "/home/mmartinez/xTestCluster/Patches/Patches_Wang902/Patches_ICSE/Dsame/SimFix/Lang/patch1-Lang-39-SimFix.patch",
            "test": "test_from_WangICSE_patch1-Lang-39-SimFix",
            "failing": 0,
            "testrun": 6092,
            "failings": [],
            "status": "ok",
            "test_executed": [
                "RegressionTest11",
                "RegressionTest10",
                "RegressionTest1",
                "RegressionTest6",
                "RegressionTest8",
                "RegressionTest12",
                "RegressionTest3",
                "RegressionTest9",
                "RegressionTest5",
                "RegressionTest4",
                "RegressionTest2",
                "RegressionTest0",
                "RegressionTest7"
            ],
            "failing_assertions": [],
            "failing_lines": []
        },
        {
            "patch": "/home/mmartinez/xTestCluster/Patches/Patches_Wang902/Patches_ICSE/Dsame/SimFix/Lang/patch1-Lang-39-SimFix.patch",
            "test": "test_from_WangICSE_patch1-Lang-39-AVATAR-plausible",
            "failing": 0,
            "testrun": 5991,
            "failings": [],
            "status": "ok",
            "test_executed": [
                "RegressionTest11",
                "RegressionTest10",
                "RegressionTest1",
                "RegressionTest6",
                "RegressionTest8",
                "RegressionTest3",
                "RegressionTest9",
                "RegressionTest5",
                "RegressionTest4",
                "RegressionTest2",
                "RegressionTest0",
                "RegressionTest7"
            ],
            "failing_assertions": [],
            "failing_lines": []
        },
        {
            "patch": "/home/mmartinez/xTestCluster/Patches/Patches_Wang902/Patches_ICSE/Dsame/SimFix/Lang/patch1-Lang-39-SimFix.patch",
            "test": "test_from_WangICSE_patch1-Lang-39-TBar-plausible",
            "failing": 0,
            "testrun": 5929,
            "failings": [],
            "status": "ok",
            "test_executed": [
                "RegressionTest11",
                "RegressionTest10",
                "RegressionTest1",
                "RegressionTest6",
                "RegressionTest8",
                "RegressionTest3",
                "RegressionTest9",
                "RegressionTest5",
                "RegressionTest4",
                "RegressionTest2",
                "RegressionTest0",
                "RegressionTest7"
            ],
            "failing_assertions": [],
            "failing_lines": []
        }
    ],
    "duration": 25.31
}