{
    "patch": "/home/mmartinez/xTestCluster/Patches/Patches_Wang902/Patches_ICSE/Doverfitting/Arja/Closure/patch1-Closure-121-Arja-plausible.patch",
    "project": "Closure",
    "bugid": "121",
    "dataset": "Patches_ICSE",
    "date": "2022-12-16T04:53:30.604836",
    "project_checked": "ok",
    "compiledProjectModified": "ok",
    "patchApplied": "ok",
    "arrive_end": "ok",
    "patched_project_pass_all_test": "no",
    "test_execution": [
        {
            "patch": "/home/mmartinez/xTestCluster/Patches/Patches_Wang902/Patches_ICSE/Doverfitting/Arja/Closure/patch1-Closure-121-Arja-plausible.patch",
            "test": "test_from_WangICSE_patch1-Closure-121-RSRepair-plausible",
            "failing": 3,
            "testrun": 3,
            "failings": [
                "test2(com.google.javascript.jscomp.InlineVariables_ESTest)",
                "test0(com.google.javascript.jscomp.InlineVariables_ESTest)",
                "test1(com.google.javascript.jscomp.InlineVariables_ESTest)"
            ],
            "status": "ok",
            "test_executed": [
                "com.google.javascript.jscomp.InlineVariables_ESTest"
            ],
            "failing_assertions": [
                "org.evosuite.runtime.mock.java.lang.MockRuntimeException: INTERNAL COMPILER ERROR.",
                "org.evosuite.runtime.mock.java.lang.MockRuntimeException: INTERNAL COMPILER ERROR.",
                "org.evosuite.runtime.mock.java.lang.MockRuntimeException: INTERNAL COMPILER ERROR."
            ],
            "failing_lines": [
                [
                    "com.google.javascript.jscomp.InlineVariables_ESTest.test2(InlineVariables_ESTest.java:41)"
                ],
                [
                    "com.google.javascript.jscomp.InlineVariables_ESTest.test0(InlineVariables_ESTest.java:25)"
                ],
                [
                    "com.google.javascript.jscomp.InlineVariables_ESTest.test1(InlineVariables_ESTest.java:33)"
                ]
            ]
        },
        {
            "patch": "/home/mmartinez/xTestCluster/Patches/Patches_Wang902/Patches_ICSE/Doverfitting/Arja/Closure/patch1-Closure-121-Arja-plausible.patch",
            "test": "test_from_WangICSE_patch1-Closure-121-Kali-plausible",
            "failing": 0,
            "testrun": 323,
            "failings": [],
            "status": "ok",
            "test_executed": [
                "com.google.javascript.rhino.Node_ESTest"
            ],
            "failing_assertions": [],
            "failing_lines": []
        },
        {
            "patch": "/home/mmartinez/xTestCluster/Patches/Patches_Wang902/Patches_ICSE/Doverfitting/Arja/Closure/patch1-Closure-121-Arja-plausible.patch",
            "test": "test_from_WangICSE_patch1-Closure-121-Arja-plausible",
            "failing": 0,
            "testrun": 8,
            "failings": [],
            "status": "ok",
            "test_executed": [
                "com.google.javascript.jscomp.GlobalVarReferenceMap_ESTest"
            ],
            "failing_assertions": [],
            "failing_lines": []
        }
    ],
    "duration": 41.23
}