{
    "patch": "/home/mmartinez/xTestCluster/Patches/Patches_Wang902/Patches_ICSE/Doverfitting/DynaMoth/Math/patch1-Math-41-DynaMoth-plausible.patch",
    "project": "Math",
    "bugid": "41",
    "dataset": "Patches_ICSE",
    "date": "2022-12-16T00:50:02.469590",
    "project_checked": "ok",
    "compiledProjectModified": "ok",
    "patchApplied": "ok",
    "arrive_end": "ok",
    "patched_project_pass_all_test": "no",
    "test_execution": [
        {
            "patch": "/home/mmartinez/xTestCluster/Patches/Patches_Wang902/Patches_ICSE/Doverfitting/DynaMoth/Math/patch1-Math-41-DynaMoth-plausible.patch",
            "test": "test_from_WangICSE_patch1-Math-41-SimFix",
            "failing": 6,
            "testrun": 79,
            "failings": [
                "test29(org.apache.commons.math.stat.descriptive.moment.Variance_ESTest)",
                "test28(org.apache.commons.math.stat.descriptive.moment.Variance_ESTest)",
                "test27(org.apache.commons.math.stat.descriptive.moment.Variance_ESTest)",
                "test26(org.apache.commons.math.stat.descriptive.moment.Variance_ESTest)",
                "test25(org.apache.commons.math.stat.descriptive.moment.Variance_ESTest)",
                "test38(org.apache.commons.math.stat.descriptive.moment.Variance_ESTest)"
            ],
            "status": "ok",
            "test_executed": [
                "org.apache.commons.math.stat.descriptive.moment.Variance_ESTest"
            ],
            "failing_assertions": [
                "java.lang.AssertionError: Exception was not thrown in org.apache.commons.math.stat.descriptive.AbstractUnivariateStatistic but in org.apache.commons.math.stat.descriptive.moment.Variance.evaluate(Variance.java:318): java.lang.ArrayIndexOutOfBoundsException: 0",
                "java.lang.AssertionError: Exception was not thrown in org.apache.commons.math.stat.descriptive.AbstractUnivariateStatistic but in org.apache.commons.math.stat.descriptive.moment.Variance.evaluate(Variance.java:318): java.lang.NullPointerException",
                "java.lang.NullPointerException",
                "java.lang.ArrayIndexOutOfBoundsException: 0",
                "java.lang.AssertionError: Expecting exception: IllegalArgumentException",
                "java.lang.ArrayIndexOutOfBoundsException: 0"
            ],
            "failing_lines": [
                [
                    "org.apache.commons.math.stat.descriptive.moment.Variance_ESTest.test29(Variance_ESTest.java:336)"
                ],
                [
                    "org.apache.commons.math.stat.descriptive.moment.Variance_ESTest.test28(Variance_ESTest.java:319)"
                ],
                [
                    "org.apache.commons.math.stat.descriptive.moment.Variance_ESTest.test27(Variance_ESTest.java:295)"
                ],
                [
                    "org.apache.commons.math.stat.descriptive.moment.Variance_ESTest.test26(Variance_ESTest.java:279)"
                ],
                [
                    "org.apache.commons.math.stat.descriptive.moment.Variance_ESTest.test25(Variance_ESTest.java:262)"
                ],
                [
                    "org.apache.commons.math.stat.descriptive.moment.Variance_ESTest.test38(Variance_ESTest.java:483)"
                ]
            ]
        },
        {
            "patch": "/home/mmartinez/xTestCluster/Patches/Patches_Wang902/Patches_ICSE/Doverfitting/DynaMoth/Math/patch1-Math-41-DynaMoth-plausible.patch",
            "test": "test_from_WangICSE_patch1-Math-41-Nopol-plausible",
            "failing": 2,
            "testrun": 42,
            "failings": [
                "test32(org.apache.commons.math.stat.descriptive.moment.Mean_ESTest)",
                "test01(org.apache.commons.math.stat.descriptive.moment.Mean_ESTest)"
            ],
            "status": "ok",
            "test_executed": [
                "org.apache.commons.math.stat.descriptive.moment.Mean_ESTest"
            ],
            "failing_assertions": [
                "java.lang.AssertionError: expected:<NaN> but was:<1.0>",
                "java.lang.AssertionError: expected:<NaN> but was:<212.84>"
            ],
            "failing_lines": [
                [
                    "org.apache.commons.math.stat.descriptive.moment.Mean_ESTest.test32(Mean_ESTest.java:440)"
                ],
                [
                    "org.apache.commons.math.stat.descriptive.moment.Mean_ESTest.test01(Mean_ESTest.java:39)"
                ]
            ]
        },
        {
            "patch": "/home/mmartinez/xTestCluster/Patches/Patches_Wang902/Patches_ICSE/Doverfitting/DynaMoth/Math/patch1-Math-41-DynaMoth-plausible.patch",
            "test": "test_from_WangICSE_patch1-Math-41-DynaMoth-plausible",
            "failing": 0,
            "testrun": 81,
            "failings": [],
            "status": "ok",
            "test_executed": [
                "org.apache.commons.math.stat.descriptive.moment.Variance_ESTest"
            ],
            "failing_assertions": [],
            "failing_lines": []
        }
    ],
    "duration": 24.31
}