{
    "patch": "/home/mmartinez/xTestCluster/Patches/Patches_Wang902/Patches_ICSE/Doverfitting/Kali/Math/patch1-Math-81-Kali-plausible.patch",
    "project": "Math",
    "bugid": "81",
    "dataset": "Patches_ICSE",
    "date": "2022-12-15T22:42:11.496715",
    "project_checked": "ok",
    "compiledProjectModified": "ok",
    "patchApplied": "ok",
    "arrive_end": "ok",
    "patched_project_pass_all_test": "no",
    "test_execution": [
        {
            "patch": "/home/mmartinez/xTestCluster/Patches/Patches_Wang902/Patches_ICSE/Doverfitting/Kali/Math/patch1-Math-81-Kali-plausible.patch",
            "test": "test_from_WangICSE_patch1-Math-81-ACS-plausible",
            "failing": 0,
            "testrun": 44,
            "failings": [],
            "status": "ok",
            "test_executed": [
                "org.apache.commons.math.linear.EigenDecompositionImpl_ESTest"
            ],
            "failing_assertions": [],
            "failing_lines": []
        },
        {
            "patch": "/home/mmartinez/xTestCluster/Patches/Patches_Wang902/Patches_ICSE/Doverfitting/Kali/Math/patch1-Math-81-Kali-plausible.patch",
            "test": "test_from_WangICSE_patch1-Math-81-Nopol-plausible",
            "failing": 3,
            "testrun": 43,
            "failings": [
                "test19(org.apache.commons.math.linear.EigenDecompositionImpl_ESTest)",
                "test26(org.apache.commons.math.linear.EigenDecompositionImpl_ESTest)",
                "test20(org.apache.commons.math.linear.EigenDecompositionImpl_ESTest)"
            ],
            "status": "ok",
            "test_executed": [
                "org.apache.commons.math.linear.EigenDecompositionImpl_ESTest"
            ],
            "failing_assertions": [
                "java.lang.AssertionError: expected:<-1.2238252483052007E22> but was:<-1.2238252483052166E22>",
                "java.lang.AssertionError: Expecting exception: ArrayIndexOutOfBoundsException",
                "java.lang.AssertionError: expected:<-1.2238321504057194E22> but was:<-1.2238321504056854E22>"
            ],
            "failing_lines": [
                [
                    "org.apache.commons.math.linear.EigenDecompositionImpl_ESTest.test19(EigenDecompositionImpl_ESTest.java:484)"
                ],
                [
                    "org.apache.commons.math.linear.EigenDecompositionImpl_ESTest.test26(EigenDecompositionImpl_ESTest.java:666)"
                ],
                [
                    "org.apache.commons.math.linear.EigenDecompositionImpl_ESTest.test20(EigenDecompositionImpl_ESTest.java:511)"
                ]
            ]
        },
        {
            "patch": "/home/mmartinez/xTestCluster/Patches/Patches_Wang902/Patches_ICSE/Doverfitting/Kali/Math/patch1-Math-81-Kali-plausible.patch",
            "test": "test_from_WangICSE_patch1-Math-81-FixMiner-plausible",
            "failing": 0,
            "testrun": 28,
            "failings": [],
            "status": "ok",
            "test_executed": [
                "org.apache.commons.math.linear.EigenDecompositionImpl_ESTest"
            ],
            "failing_assertions": [],
            "failing_lines": []
        },
        {
            "patch": "/home/mmartinez/xTestCluster/Patches/Patches_Wang902/Patches_ICSE/Doverfitting/Kali/Math/patch1-Math-81-Kali-plausible.patch",
            "test": "test_from_WangICSE_patch1-Math-81-jMutRepair-plausible",
            "failing": 0,
            "testrun": 31,
            "failings": [],
            "status": "ok",
            "test_executed": [
                "org.apache.commons.math.linear.EigenDecompositionImpl_ESTest"
            ],
            "failing_assertions": [],
            "failing_lines": []
        },
        {
            "patch": "/home/mmartinez/xTestCluster/Patches/Patches_Wang902/Patches_ICSE/Doverfitting/Kali/Math/patch1-Math-81-Kali-plausible.patch",
            "test": "test_from_WangICSE_patch1-Math-81-Arja-plausible",
            "failing": 0,
            "testrun": 32,
            "failings": [],
            "status": "ok",
            "test_executed": [
                "org.apache.commons.math.linear.EigenDecompositionImpl_ESTest"
            ],
            "failing_assertions": [],
            "failing_lines": []
        },
        {
            "patch": "/home/mmartinez/xTestCluster/Patches/Patches_Wang902/Patches_ICSE/Doverfitting/Kali/Math/patch1-Math-81-Kali-plausible.patch",
            "test": "test_from_WangICSE_patch1-Math-81-Kali-plausible",
            "failing": 0,
            "testrun": 35,
            "failings": [],
            "status": "ok",
            "test_executed": [
                "org.apache.commons.math.linear.EigenDecompositionImpl_ESTest"
            ],
            "failing_assertions": [],
            "failing_lines": []
        },
        {
            "patch": "/home/mmartinez/xTestCluster/Patches/Patches_Wang902/Patches_ICSE/Doverfitting/Kali/Math/patch1-Math-81-Kali-plausible.patch",
            "test": "test_from_WangICSE_patch1-Math-81-jGenProg-plausible",
            "failing": 0,
            "testrun": 37,
            "failings": [],
            "status": "ok",
            "test_executed": [
                "org.apache.commons.math.linear.EigenDecompositionImpl_ESTest"
            ],
            "failing_assertions": [],
            "failing_lines": []
        },
        {
            "patch": "/home/mmartinez/xTestCluster/Patches/Patches_Wang902/Patches_ICSE/Doverfitting/Kali/Math/patch1-Math-81-Kali-plausible.patch",
            "test": "test_from_WangICSE_patch1-Math-81-GenProg-plausible",
            "failing": 0,
            "testrun": 42,
            "failings": [],
            "status": "ok",
            "test_executed": [
                "org.apache.commons.math.linear.EigenDecompositionImpl_ESTest"
            ],
            "failing_assertions": [],
            "failing_lines": []
        },
        {
            "patch": "/home/mmartinez/xTestCluster/Patches/Patches_Wang902/Patches_ICSE/Doverfitting/Kali/Math/patch1-Math-81-Kali-plausible.patch",
            "test": "test_from_WangICSE_patch1-Math-81-SimFix-plausible",
            "failing": 0,
            "testrun": 32,
            "failings": [],
            "status": "ok",
            "test_executed": [
                "org.apache.commons.math.linear.EigenDecompositionImpl_ESTest"
            ],
            "failing_assertions": [],
            "failing_lines": []
        },
        {
            "patch": "/home/mmartinez/xTestCluster/Patches/Patches_Wang902/Patches_ICSE/Doverfitting/Kali/Math/patch1-Math-81-Kali-plausible.patch",
            "test": "test_from_WangICSE_patch1-Math-81-TBar-plausible",
            "failing": 0,
            "testrun": 30,
            "failings": [],
            "status": "ok",
            "test_executed": [
                "org.apache.commons.math.linear.EigenDecompositionImpl_ESTest"
            ],
            "failing_assertions": [],
            "failing_lines": []
        },
        {
            "patch": "/home/mmartinez/xTestCluster/Patches/Patches_Wang902/Patches_ICSE/Doverfitting/Kali/Math/patch1-Math-81-Kali-plausible.patch",
            "test": "test_from_WangICSE_patch1-Math-81-AVATAR-plausible",
            "failing": 0,
            "testrun": 43,
            "failings": [],
            "status": "ok",
            "test_executed": [
                "org.apache.commons.math.linear.EigenDecompositionImpl_ESTest"
            ],
            "failing_assertions": [],
            "failing_lines": []
        },
        {
            "patch": "/home/mmartinez/xTestCluster/Patches/Patches_Wang902/Patches_ICSE/Doverfitting/Kali/Math/patch1-Math-81-Kali-plausible.patch",
            "test": "test_from_WangICSE_patch1-Math-81-DynaMoth-plausible",
            "failing": 0,
            "testrun": 33,
            "failings": [],
            "status": "ok",
            "test_executed": [
                "org.apache.commons.math.linear.EigenDecompositionImpl_ESTest"
            ],
            "failing_assertions": [],
            "failing_lines": []
        },
        {
            "patch": "/home/mmartinez/xTestCluster/Patches/Patches_Wang902/Patches_ICSE/Doverfitting/Kali/Math/patch1-Math-81-Kali-plausible.patch",
            "test": "test_from_WangICSE_patch1-Math-81-RSRepair-plausible",
            "failing": 0,
            "testrun": 31,
            "failings": [],
            "status": "ok",
            "test_executed": [
                "org.apache.commons.math.linear.EigenDecompositionImpl_ESTest"
            ],
            "failing_assertions": [],
            "failing_lines": []
        }
    ],
    "duration": 46.13
}