{
    "patch": "/home/mmartinez/xTestCluster/Patches/Patches_Wang902/Patches_ICSE/Doverfitting/RSRepair/Closure/patch1-Closure-21-RSRepair-plausible.patch",
    "project": "Closure",
    "bugid": "21",
    "dataset": "Patches_ICSE",
    "date": "2022-12-16T00:41:41.309881",
    "project_checked": "ok",
    "compiledProjectModified": "ok",
    "patchApplied": "ok",
    "arrive_end": "ok",
    "patched_project_pass_all_test": "no",
    "test_execution": [
        {
            "patch": "/home/mmartinez/xTestCluster/Patches/Patches_Wang902/Patches_ICSE/Doverfitting/RSRepair/Closure/patch1-Closure-21-RSRepair-plausible.patch",
            "test": "test_from_WangICSE_patch1-Closure-21-jGenProg-plausible",
            "failing": 0,
            "testrun": 20,
            "failings": [
                "Error"
            ],
            "status": "ok",
            "test_executed": [
                "com.google.javascript.jscomp.CheckSideEffects_ESTest"
            ],
            "failing_assertions": [
                "00:42:12.478 [main] INFO org.evosuite.runtime.instrumentation.EvoClassLoader - Seeing class for first time: com.google.javascript.rhino.head.VMBridge_custom"
            ],
            "failing_lines": []
        },
        {
            "patch": "/home/mmartinez/xTestCluster/Patches/Patches_Wang902/Patches_ICSE/Doverfitting/RSRepair/Closure/patch1-Closure-21-RSRepair-plausible.patch",
            "test": "test_from_WangICSE_patch1-Closure-21-SimFix-plausible",
            "failing": 0,
            "testrun": 18,
            "failings": [],
            "status": "ok",
            "test_executed": [
                "com.google.javascript.jscomp.CheckSideEffects_ESTest"
            ],
            "failing_assertions": [],
            "failing_lines": []
        },
        {
            "patch": "/home/mmartinez/xTestCluster/Patches/Patches_Wang902/Patches_ICSE/Doverfitting/RSRepair/Closure/patch1-Closure-21-RSRepair-plausible.patch",
            "test": "test_from_WangICSE_patch1-Closure-21-AVATAR-plausible",
            "failing": 0,
            "testrun": 22,
            "failings": [],
            "status": "ok",
            "test_executed": [
                "com.google.javascript.jscomp.CheckSideEffects_ESTest"
            ],
            "failing_assertions": [],
            "failing_lines": []
        },
        {
            "patch": "/home/mmartinez/xTestCluster/Patches/Patches_Wang902/Patches_ICSE/Doverfitting/RSRepair/Closure/patch1-Closure-21-RSRepair-plausible.patch",
            "test": "test_from_WangICSE_patch1-Closure-21-Arja-plausible",
            "failing": 0,
            "testrun": 18,
            "failings": [],
            "status": "ok",
            "test_executed": [
                "com.google.javascript.jscomp.CheckSideEffects_ESTest"
            ],
            "failing_assertions": [],
            "failing_lines": []
        },
        {
            "patch": "/home/mmartinez/xTestCluster/Patches/Patches_Wang902/Patches_ICSE/Doverfitting/RSRepair/Closure/patch1-Closure-21-RSRepair-plausible.patch",
            "test": "test_from_WangICSE_patch1-Closure-21-RSRepair-plausible",
            "failing": 0,
            "testrun": 18,
            "failings": [
                "Error",
                "Error",
                "Error",
                "Error",
                "Error"
            ],
            "status": "ok",
            "test_executed": [
                "com.google.javascript.jscomp.CheckSideEffects_ESTest"
            ],
            "failing_assertions": [
                "00:42:28.924 [main] INFO org.evosuite.runtime.instrumentation.EvoClassLoader - Seeing class for first time: com.google.javascript.rhino.head.VMBridge_custom",
                "00:42:28.986 [main] INFO org.evosuite.runtime.instrumentation.EvoClassLoader - Seeing class for first time: com.google.javascript.rhino.head.VMBridge_custom",
                "00:42:29.024 [main] INFO org.evosuite.runtime.instrumentation.EvoClassLoader - Seeing class for first time: com.google.javascript.rhino.head.VMBridge_custom",
                "00:42:29.107 [main] INFO org.evosuite.runtime.instrumentation.EvoClassLoader - Seeing class for first time: com.google.javascript.rhino.head.VMBridge_custom",
                "00:42:29.159 [main] INFO org.evosuite.runtime.instrumentation.EvoClassLoader - Seeing class for first time: com.google.javascript.rhino.head.VMBridge_custom"
            ],
            "failing_lines": []
        },
        {
            "patch": "/home/mmartinez/xTestCluster/Patches/Patches_Wang902/Patches_ICSE/Doverfitting/RSRepair/Closure/patch1-Closure-21-RSRepair-plausible.patch",
            "test": "test_from_WangICSE_patch1-Closure-21-Kali-plausible",
            "failing": 0,
            "testrun": 17,
            "failings": [],
            "status": "ok",
            "test_executed": [
                "com.google.javascript.jscomp.CheckSideEffects_ESTest"
            ],
            "failing_assertions": [],
            "failing_lines": []
        },
        {
            "patch": "/home/mmartinez/xTestCluster/Patches/Patches_Wang902/Patches_ICSE/Doverfitting/RSRepair/Closure/patch1-Closure-21-RSRepair-plausible.patch",
            "test": "test_from_WangICSE_patch1-Closure-21-jMutRepair-plausible",
            "failing": 0,
            "testrun": 16,
            "failings": [],
            "status": "ok",
            "test_executed": [
                "com.google.javascript.jscomp.CheckSideEffects_ESTest"
            ],
            "failing_assertions": [],
            "failing_lines": []
        },
        {
            "patch": "/home/mmartinez/xTestCluster/Patches/Patches_Wang902/Patches_ICSE/Doverfitting/RSRepair/Closure/patch1-Closure-21-RSRepair-plausible.patch",
            "test": "test_from_WangICSE_patch1-Closure-21-jKali-plausible",
            "failing": 0,
            "testrun": 23,
            "failings": [
                "Error",
                "Error"
            ],
            "status": "ok",
            "test_executed": [
                "com.google.javascript.jscomp.CheckSideEffects_ESTest"
            ],
            "failing_assertions": [
                "00:42:41.583 [main] INFO org.evosuite.runtime.instrumentation.EvoClassLoader - Seeing class for first time: com.google.javascript.rhino.head.VMBridge_custom",
                "00:42:41.650 [main] INFO org.evosuite.runtime.instrumentation.EvoClassLoader - Seeing class for first time: com.google.javascript.rhino.head.VMBridge_custom"
            ],
            "failing_lines": []
        },
        {
            "patch": "/home/mmartinez/xTestCluster/Patches/Patches_Wang902/Patches_ICSE/Doverfitting/RSRepair/Closure/patch1-Closure-21-RSRepair-plausible.patch",
            "test": "test_from_WangICSE_patch1-Closure-21-TBar-plausible",
            "failing": 0,
            "testrun": 22,
            "failings": [],
            "status": "ok",
            "test_executed": [
                "com.google.javascript.jscomp.CheckSideEffects_ESTest"
            ],
            "failing_assertions": [],
            "failing_lines": []
        },
        {
            "patch": "/home/mmartinez/xTestCluster/Patches/Patches_Wang902/Patches_ICSE/Doverfitting/RSRepair/Closure/patch1-Closure-21-RSRepair-plausible.patch",
            "test": "test_from_WangICSE_patch1-Closure-21-GenProg-plausible",
            "failing": 0,
            "testrun": 17,
            "failings": [
                "Error"
            ],
            "status": "ok",
            "test_executed": [
                "com.google.javascript.jscomp.CheckSideEffects_ESTest"
            ],
            "failing_assertions": [
                "00:42:50.088 [main] INFO org.evosuite.runtime.instrumentation.EvoClassLoader - Seeing class for first time: com.google.javascript.rhino.head.VMBridge_custom"
            ],
            "failing_lines": []
        }
    ],
    "duration": 69.06
}