{
    "patch": "/home/mmartinez/xTestCluster/Patches/Patches_Wang902/Patches_ICSE/Doverfitting/SimFix/Math/patch1-Math-73-SimFix-plausible.patch",
    "project": "Math",
    "bugid": "73",
    "dataset": "Patches_ICSE",
    "date": "2022-12-16T04:29:44.361191",
    "project_checked": "ok",
    "compiledProjectModified": "ok",
    "patchApplied": "ok",
    "arrive_end": "ok",
    "patched_project_pass_all_test": "no",
    "test_execution": [
        {
            "patch": "/home/mmartinez/xTestCluster/Patches/Patches_Wang902/Patches_ICSE/Doverfitting/SimFix/Math/patch1-Math-73-SimFix-plausible.patch",
            "test": "test_from_WangICSE_patch1-Math-73-ACS-plausible",
            "failing": 4,
            "testrun": 42,
            "failings": [
                "test13(org.apache.commons.math.analysis.solvers.BrentSolver_ESTest)",
                "test37(org.apache.commons.math.analysis.solvers.BrentSolver_ESTest)",
                "test02(org.apache.commons.math.analysis.solvers.BrentSolver_ESTest)",
                "test27(org.apache.commons.math.analysis.solvers.BrentSolver_ESTest)"
            ],
            "status": "ok",
            "test_executed": [
                "org.apache.commons.math.analysis.solvers.BrentSolver_ESTest"
            ],
            "failing_assertions": [
                "java.lang.AssertionError: Expecting exception: IllegalArgumentException",
                "04:30:02.226 [main] INFO org.evosuite.runtime.instrumentation.EvoClassLoader - Seeing class for first time: org.apache.commons.math.MessagesResources",
                "org.apache.commons.math.MathRuntimeException$4: function values at endpoints do not have different signs.  Endpoints: [-1,629,776.161, -2,900.62], Values: [0, 0]",
                "java.lang.AssertionError: Exception was not thrown in org.apache.commons.math.analysis.solvers.BrentSolver but in org.apache.commons.math.MathRuntimeException.createIllegalArgumentException(MathRuntimeException.java:305): org.evosuite.runtime.mock.java.lang.MockThrowable"
            ],
            "failing_lines": [
                [
                    "org.apache.commons.math.analysis.solvers.BrentSolver_ESTest.test13(BrentSolver_ESTest.java:213)"
                ],
                [
                    "org.apache.commons.math.analysis.solvers.BrentSolver_ESTest.test37(BrentSolver_ESTest.java:557)"
                ],
                [
                    "org.apache.commons.math.analysis.solvers.BrentSolver_ESTest.test02(BrentSolver_ESTest.java:55)"
                ],
                [
                    "org.apache.commons.math.analysis.solvers.BrentSolver_ESTest.test27(BrentSolver_ESTest.java:416)"
                ]
            ]
        },
        {
            "patch": "/home/mmartinez/xTestCluster/Patches/Patches_Wang902/Patches_ICSE/Doverfitting/SimFix/Math/patch1-Math-73-SimFix-plausible.patch",
            "test": "test_from_WangICSE_patch1-Math-73-Nopol-plausible",
            "failing": 2,
            "testrun": 39,
            "failings": [
                "test01(org.apache.commons.math.analysis.solvers.UnivariateRealSolverImpl_ESTest)",
                "test00(org.apache.commons.math.analysis.solvers.UnivariateRealSolverImpl_ESTest)"
            ],
            "status": "ok",
            "test_executed": [
                "org.apache.commons.math.analysis.solvers.UnivariateRealSolverImpl_ESTest"
            ],
            "failing_assertions": [
                "04:30:04.203 [main] INFO org.evosuite.runtime.instrumentation.EvoClassLoader - Seeing class for first time: org.apache.commons.math.MessagesResources",
                "org.apache.commons.math.MathRuntimeException$4: invalid interval, initial value parameters:  lower=2,011, initial=2,575.993, upper=2,575.993"
            ],
            "failing_lines": [
                [
                    "org.apache.commons.math.analysis.solvers.UnivariateRealSolverImpl_ESTest.test01(UnivariateRealSolverImpl_ESTest.java:39)"
                ],
                [
                    "org.apache.commons.math.analysis.solvers.UnivariateRealSolverImpl_ESTest.test00(UnivariateRealSolverImpl_ESTest.java:32)"
                ]
            ]
        },
        {
            "patch": "/home/mmartinez/xTestCluster/Patches/Patches_Wang902/Patches_ICSE/Doverfitting/SimFix/Math/patch1-Math-73-SimFix-plausible.patch",
            "test": "test_from_WangICSE_patch1-Math-73-jGenProg-plausible",
            "failing": 0,
            "testrun": 37,
            "failings": [],
            "status": "ok",
            "test_executed": [
                "org.apache.commons.math.analysis.solvers.BrentSolver_ESTest"
            ],
            "failing_assertions": [],
            "failing_lines": []
        },
        {
            "patch": "/home/mmartinez/xTestCluster/Patches/Patches_Wang902/Patches_ICSE/Doverfitting/SimFix/Math/patch1-Math-73-SimFix-plausible.patch",
            "test": "test_from_WangICSE_patch1-Math-73-Cardumen-plausible",
            "failing": 1,
            "testrun": 43,
            "failings": [
                "test12(org.apache.commons.math.analysis.solvers.BrentSolver_ESTest)"
            ],
            "status": "ok",
            "test_executed": [
                "org.apache.commons.math.analysis.solvers.BrentSolver_ESTest"
            ],
            "failing_assertions": [
                "java.lang.AssertionError: Expecting exception: IllegalArgumentException"
            ],
            "failing_lines": [
                [
                    "org.apache.commons.math.analysis.solvers.BrentSolver_ESTest.test12(BrentSolver_ESTest.java:484)"
                ]
            ]
        },
        {
            "patch": "/home/mmartinez/xTestCluster/Patches/Patches_Wang902/Patches_ICSE/Doverfitting/SimFix/Math/patch1-Math-73-SimFix-plausible.patch",
            "test": "test_from_WangICSE_patch1-Math-73-SimFix-plausible",
            "failing": 0,
            "testrun": 38,
            "failings": [],
            "status": "ok",
            "test_executed": [
                "org.apache.commons.math.analysis.solvers.BrentSolver_ESTest"
            ],
            "failing_assertions": [],
            "failing_lines": []
        }
    ],
    "duration": 25.72
}