{
    "patch": "/home/mmartinez/xTestCluster/Patches/Patches_Wang902/Patches_ICSE/Doverfitting/SimFix/Closure/patch1-Closure-108-SimFix-plausible.patch",
    "project": "Closure",
    "bugid": "108",
    "dataset": "Patches_ICSE",
    "date": "2022-12-16T04:39:35.526514",
    "project_checked": "ok",
    "compiledProjectModified": "ok",
    "patchApplied": "ok",
    "arrive_end": "ok",
    "patched_project_pass_all_test": "no",
    "test_execution": [
        {
            "patch": "/home/mmartinez/xTestCluster/Patches/Patches_Wang902/Patches_ICSE/Doverfitting/SimFix/Closure/patch1-Closure-108-SimFix-plausible.patch",
            "test": "test_from_WangICSE_patch1-Closure-108-AVATAR-plausible",
            "failing": 0,
            "testrun": 6,
            "failings": [],
            "status": "ok",
            "test_executed": [
                "com.google.javascript.jscomp.ScopedAliases_ESTest"
            ],
            "failing_assertions": [],
            "failing_lines": []
        },
        {
            "patch": "/home/mmartinez/xTestCluster/Patches/Patches_Wang902/Patches_ICSE/Doverfitting/SimFix/Closure/patch1-Closure-108-SimFix-plausible.patch",
            "test": "test_from_WangICSE_patch1-Closure-108-SimFix-plausible",
            "failing": 0,
            "testrun": 357,
            "failings": [],
            "status": "ok",
            "test_executed": [
                "com.google.javascript.rhino.Node_ESTest"
            ],
            "failing_assertions": [],
            "failing_lines": []
        }
    ],
    "duration": 38.71
}