{
    "patch": "/Users/matias/develop/git-xTestCluster/Patches/Patches_Wang902/Patches_others/Dcorrect/SketchFix/Closure/patch1-Closure-126-SketchFix.patch",
    "project": "Closure",
    "bugid": "126",
    "dataset": "Patches_others",
    "date": "2023-02-17T17:02:02.519023",
    "project_checked": "ok",
    "compiledProjectModified": "ok",
    "patchApplied": "ok",
    "arrive_end": "ok",
    "patched_project_pass_all_test": "no",
    "test_execution": [
        {
            "patch": "/Users/matias/develop/git-xTestCluster/Patches/Patches_Wang902/Patches_others/Dcorrect/SketchFix/Closure/patch1-Closure-126-SketchFix.patch",
            "test": "test_from_WangDRR_patch1-Closure-126-SketchFix",
            "failing": 8,
            "testrun": 10,
            "failings": [
                "test0(com.google.javascript.jscomp.MinimizeExitPoints_ESTest)",
                "test1(com.google.javascript.jscomp.MinimizeExitPoints_ESTest)",
                "test3(com.google.javascript.jscomp.MinimizeExitPoints_ESTest)",
                "test4(com.google.javascript.jscomp.MinimizeExitPoints_ESTest)",
                "test5(com.google.javascript.jscomp.MinimizeExitPoints_ESTest)",
                "test6(com.google.javascript.jscomp.MinimizeExitPoints_ESTest)",
                "test7(com.google.javascript.jscomp.MinimizeExitPoints_ESTest)",
                "test8(com.google.javascript.jscomp.MinimizeExitPoints_ESTest)"
            ],
            "status": "ok",
            "test_executed": [
                "com.google.javascript.jscomp.MinimizeExitPoints_ESTest"
            ],
            "failing_assertions": [
                "java.lang.NoClassDefFoundError: Could not initialize class com.google.javascript.jscomp.Compiler",
                "java.lang.NoClassDefFoundError: Could not initialize class com.google.javascript.jscomp.Compiler",
                "java.lang.NoClassDefFoundError: Could not initialize class com.google.javascript.jscomp.Compiler",
                "java.lang.NoClassDefFoundError: Could not initialize class com.google.javascript.jscomp.Compiler",
                "java.lang.NoClassDefFoundError: Could not initialize class com.google.javascript.jscomp.Compiler",
                "java.lang.NoClassDefFoundError: Could not initialize class com.google.javascript.jscomp.Compiler",
                "java.lang.NoClassDefFoundError: Could not initialize class com.google.javascript.jscomp.Compiler",
                "java.lang.NoClassDefFoundError: Could not initialize class com.google.javascript.jscomp.Compiler"
            ],
            "failing_lines": [
                [
                    "com.google.javascript.jscomp.MinimizeExitPoints_ESTest.test0(MinimizeExitPoints_ESTest.java:51)"
                ],
                [
                    "com.google.javascript.jscomp.MinimizeExitPoints_ESTest.test1(MinimizeExitPoints_ESTest.java:71)"
                ],
                [
                    "com.google.javascript.jscomp.MinimizeExitPoints_ESTest.test3(MinimizeExitPoints_ESTest.java:123)"
                ],
                [
                    "com.google.javascript.jscomp.MinimizeExitPoints_ESTest.test4(MinimizeExitPoints_ESTest.java:141)"
                ],
                [
                    "com.google.javascript.jscomp.MinimizeExitPoints_ESTest.test5(MinimizeExitPoints_ESTest.java:175)"
                ],
                [
                    "com.google.javascript.jscomp.MinimizeExitPoints_ESTest.test6(MinimizeExitPoints_ESTest.java:209)"
                ],
                [
                    "com.google.javascript.jscomp.MinimizeExitPoints_ESTest.test7(MinimizeExitPoints_ESTest.java:247)"
                ],
                [
                    "com.google.javascript.jscomp.MinimizeExitPoints_ESTest.test8(MinimizeExitPoints_ESTest.java:267)"
                ]
            ]
        }
    ],
    "duration": 35.66
}