{
    "patch": "/home/mmartinez/xTestCluster/Patches/Patches_Wang902/Patches_others/Doverfitting/Jaid/Lang/patch1-Lang-61-Jaid-plausible.patch",
    "project": "Lang",
    "bugid": "61",
    "dataset": "Patches_others",
    "date": "2022-12-16T04:50:45.997319",
    "project_checked": "ok",
    "compiledProjectModified": "ok",
    "patchApplied": "ok",
    "arrive_end": "ok",
    "patched_project_pass_all_test": "no",
    "test_execution": [
        {
            "patch": "/home/mmartinez/xTestCluster/Patches/Patches_Wang902/Patches_others/Doverfitting/Jaid/Lang/patch1-Lang-61-Jaid-plausible.patch",
            "test": "test_from_WangDRR_patch1-Lang-61-Jaid-plausible",
            "failing": 0,
            "testrun": 352,
            "failings": [],
            "status": "ok",
            "test_executed": [
                "org.apache.commons.lang.text.StrBuilder_ESTest"
            ],
            "failing_assertions": [],
            "failing_lines": []
        },
        {
            "patch": "/home/mmartinez/xTestCluster/Patches/Patches_Wang902/Patches_others/Doverfitting/Jaid/Lang/patch1-Lang-61-Jaid-plausible.patch",
            "test": "test_from_WangDRR_patch2-Lang-61-Jaid-plausible",
            "failing": 0,
            "testrun": 357,
            "failings": [],
            "status": "ok",
            "test_executed": [
                "org.apache.commons.lang.text.StrBuilder_ESTest"
            ],
            "failing_assertions": [],
            "failing_lines": []
        },
        {
            "patch": "/home/mmartinez/xTestCluster/Patches/Patches_Wang902/Patches_others/Doverfitting/Jaid/Lang/patch1-Lang-61-Jaid-plausible.patch",
            "test": "test_from_WangICSE_patch1-Lang-61-SimFix-plausible",
            "failing": 2,
            "testrun": 340,
            "failings": [
                "test092(org.apache.commons.lang.text.StrBuilder_ESTest)",
                "test063(org.apache.commons.lang.text.StrBuilder_ESTest)"
            ],
            "status": "ok",
            "test_executed": [
                "org.apache.commons.lang.text.StrBuilder_ESTest"
            ],
            "failing_assertions": [
                "java.lang.AssertionError: Expecting exception: ArrayIndexOutOfBoundsException",
                "java.lang.AssertionError: expected:<12> but was:<-1>"
            ],
            "failing_lines": [
                [
                    "org.apache.commons.lang.text.StrBuilder_ESTest.test092(StrBuilder_ESTest.java:3386)"
                ],
                [
                    "org.apache.commons.lang.text.StrBuilder_ESTest.test063(StrBuilder_ESTest.java:2298)"
                ]
            ]
        }
    ],
    "duration": 24.45
}