{
    "patch": "/home/mmartinez/xTestCluster/Patches/Patches_Wang902/Patches_ICSE/Ddifferent/GenProg/Closure/patch1-Closure-126-GenProg.patch",
    "project": "Closure",
    "bugid": "126",
    "dataset": "Patches_ICSE",
    "date": "2023-02-05T16:37:32.064098",
    "project_checked": "ok",
    "compiledProjectModified": "ok",
    "patchApplied": "ok",
    "arrive_end": "ok",
    "patched_project_pass_all_test": "no",
    "test_execution": [
        {
            "patch": "/home/mmartinez/xTestCluster/Patches/Patches_Wang902/Patches_ICSE/Ddifferent/GenProg/Closure/patch1-Closure-126-GenProg.patch",
            "test": "test_from_WangICSE_patch1-Closure-126-kPAR-plausible",
            "failing": 0,
            "testrun": 8,
            "failings": [],
            "status": "ok",
            "test_executed": [
                "com.google.javascript.jscomp.MinimizeExitPoints_ESTest"
            ],
            "failing_assertions": [],
            "failing_lines": []
        },
        {
            "patch": "/home/mmartinez/xTestCluster/Patches/Patches_Wang902/Patches_ICSE/Ddifferent/GenProg/Closure/patch1-Closure-126-GenProg.patch",
            "test": "test_from_WangDRR_patch1-Closure-126-SketchFix",
            "failing": 0,
            "testrun": 13,
            "failings": [
                "Error",
                "Error",
                "Error",
                "Error",
                "Error",
                "Error"
            ],
            "status": "ok",
            "test_executed": [
                "com.google.javascript.jscomp.MinimizeExitPoints_ESTest"
            ],
            "failing_assertions": [
                "16:37:56.642 [main] INFO org.evosuite.runtime.instrumentation.EvoClassLoader - Seeing class for first time: com.google.common.collect.ImmutableCollection$1",
                "16:37:57.015 [main] INFO org.evosuite.runtime.instrumentation.EvoClassLoader - Seeing class for first time: com.google.javascript.rhino.head.VMBridge_custom",
                "16:37:57.027 [main] INFO org.evosuite.runtime.instrumentation.EvoClassLoader - Seeing class for first time: com.google.javascript.rhino.head.VMBridge_custom",
                "16:37:57.038 [main] INFO org.evosuite.runtime.instrumentation.EvoClassLoader - Seeing class for first time: com.google.javascript.rhino.head.VMBridge_custom",
                "16:37:57.047 [main] INFO org.evosuite.runtime.instrumentation.EvoClassLoader - Seeing class for first time: com.google.javascript.rhino.head.VMBridge_custom",
                "16:37:57.065 [main] INFO org.evosuite.runtime.instrumentation.EvoClassLoader - Seeing class for first time: com.google.javascript.rhino.head.VMBridge_custom"
            ],
            "failing_lines": []
        },
        {
            "patch": "/home/mmartinez/xTestCluster/Patches/Patches_Wang902/Patches_ICSE/Ddifferent/GenProg/Closure/patch1-Closure-126-GenProg.patch",
            "test": "test_from_WangICSE_patch1-Closure-126-jKali",
            "failing": 0,
            "testrun": 9,
            "failings": [],
            "status": "ok",
            "test_executed": [
                "com.google.javascript.jscomp.MinimizeExitPoints_ESTest"
            ],
            "failing_assertions": [],
            "failing_lines": []
        },
        {
            "patch": "/home/mmartinez/xTestCluster/Patches/Patches_Wang902/Patches_ICSE/Ddifferent/GenProg/Closure/patch1-Closure-126-GenProg.patch",
            "test": "test_from_WangICSE_patch1-Closure-126-SimFix-plausible",
            "failing": 0,
            "testrun": 12,
            "failings": [],
            "status": "ok",
            "test_executed": [
                "com.google.javascript.jscomp.MinimizeExitPoints_ESTest"
            ],
            "failing_assertions": [],
            "failing_lines": []
        },
        {
            "patch": "/home/mmartinez/xTestCluster/Patches/Patches_Wang902/Patches_ICSE/Ddifferent/GenProg/Closure/patch1-Closure-126-GenProg.patch",
            "test": "test_from_WangICSE_patch1-Closure-126-GenProg",
            "failing": 0,
            "testrun": 9,
            "failings": [],
            "status": "ok",
            "test_executed": [
                "com.google.javascript.jscomp.MinimizeExitPoints_ESTest"
            ],
            "failing_assertions": [],
            "failing_lines": []
        },
        {
            "patch": "/home/mmartinez/xTestCluster/Patches/Patches_Wang902/Patches_ICSE/Ddifferent/GenProg/Closure/patch1-Closure-126-GenProg.patch",
            "test": "test_from_WangICSE_patch1-Closure-126-TBar-plausible",
            "failing": 0,
            "testrun": 10,
            "failings": [
                "Error",
                "Error"
            ],
            "status": "ok",
            "test_executed": [
                "com.google.javascript.jscomp.MinimizeExitPoints_ESTest"
            ],
            "failing_assertions": [
                "16:38:08.031 [main] INFO org.evosuite.runtime.instrumentation.EvoClassLoader - Seeing class for first time: com.google.javascript.rhino.head.VMBridge_custom",
                "16:38:08.043 [main] INFO org.evosuite.runtime.instrumentation.EvoClassLoader - Seeing class for first time: com.google.javascript.rhino.head.VMBridge_custom"
            ],
            "failing_lines": []
        },
        {
            "patch": "/home/mmartinez/xTestCluster/Patches/Patches_Wang902/Patches_ICSE/Ddifferent/GenProg/Closure/patch1-Closure-126-GenProg.patch",
            "test": "test_from_WangICSE_patch1-Closure-126-jMutRepair-plausible",
            "failing": 0,
            "testrun": 9,
            "failings": [],
            "status": "ok",
            "test_executed": [
                "com.google.javascript.jscomp.MinimizeExitPoints_ESTest"
            ],
            "failing_assertions": [],
            "failing_lines": []
        },
        {
            "patch": "/home/mmartinez/xTestCluster/Patches/Patches_Wang902/Patches_ICSE/Ddifferent/GenProg/Closure/patch1-Closure-126-GenProg.patch",
            "test": "test_from_WangICSE_patch1-Closure-126-Arja",
            "failing": 0,
            "testrun": 12,
            "failings": [],
            "status": "ok",
            "test_executed": [
                "com.google.javascript.jscomp.MinimizeExitPoints_ESTest"
            ],
            "failing_assertions": [],
            "failing_lines": []
        },
        {
            "patch": "/home/mmartinez/xTestCluster/Patches/Patches_Wang902/Patches_ICSE/Ddifferent/GenProg/Closure/patch1-Closure-126-GenProg.patch",
            "test": "test_from_WangICSE_patch1-Closure-126-AVATAR-plausible",
            "failing": 0,
            "testrun": 13,
            "failings": [],
            "status": "ok",
            "test_executed": [
                "com.google.javascript.jscomp.MinimizeExitPoints_ESTest"
            ],
            "failing_assertions": [],
            "failing_lines": []
        },
        {
            "patch": "/home/mmartinez/xTestCluster/Patches/Patches_Wang902/Patches_ICSE/Ddifferent/GenProg/Closure/patch1-Closure-126-GenProg.patch",
            "test": "test_from_WangICSE_patch1-Closure-126-RSRepair",
            "failing": 0,
            "testrun": 11,
            "failings": [],
            "status": "ok",
            "test_executed": [
                "com.google.javascript.jscomp.MinimizeExitPoints_ESTest"
            ],
            "failing_assertions": [],
            "failing_lines": []
        },
        {
            "patch": "/home/mmartinez/xTestCluster/Patches/Patches_Wang902/Patches_ICSE/Ddifferent/GenProg/Closure/patch1-Closure-126-GenProg.patch",
            "test": "test_from_WangDRR_patch1-Closure-126-Jaid",
            "failing": 0,
            "testrun": 11,
            "failings": [],
            "status": "ok",
            "test_executed": [
                "com.google.javascript.jscomp.MinimizeExitPoints_ESTest"
            ],
            "failing_assertions": [],
            "failing_lines": []
        },
        {
            "patch": "/home/mmartinez/xTestCluster/Patches/Patches_Wang902/Patches_ICSE/Ddifferent/GenProg/Closure/patch1-Closure-126-GenProg.patch",
            "test": "test_from_WangICSE_patch1-Closure-126-Kali",
            "failing": 0,
            "testrun": 12,
            "failings": [
                "Error"
            ],
            "status": "ok",
            "test_executed": [
                "com.google.javascript.jscomp.MinimizeExitPoints_ESTest"
            ],
            "failing_assertions": [
                "16:38:24.605 [main] INFO org.evosuite.runtime.instrumentation.EvoClassLoader - Seeing class for first time: com.google.javascript.rhino.head.VMBridge_custom"
            ],
            "failing_lines": []
        }
    ],
    "duration": 52.65
}