{
    "patch": "/home/mmartinez/xTestCluster/Patches/Patches_Wang902/Patches_others/Doverfitting/CapGen/Lang/patch8-Lang-59-CapGen-plausible.patch",
    "project": "Lang",
    "bugid": "59",
    "dataset": "Patches_others",
    "date": "2022-12-16T06:22:03.038268",
    "project_checked": "ok",
    "compiledProjectModified": "ok",
    "patchApplied": "ok",
    "arrive_end": "ok",
    "patched_project_pass_all_test": "no",
    "test_execution": [
        {
            "patch": "/home/mmartinez/xTestCluster/Patches/Patches_Wang902/Patches_others/Doverfitting/CapGen/Lang/patch8-Lang-59-CapGen-plausible.patch",
            "test": "test_from_WangICSE_patch1-Lang-59-TBar",
            "failing": 3,
            "testrun": 339,
            "failings": [
                "test294(org.apache.commons.lang.text.StrBuilder_ESTest)",
                "test162(org.apache.commons.lang.text.StrBuilder_ESTest)",
                "test091(org.apache.commons.lang.text.StrBuilder_ESTest)"
            ],
            "status": "ok",
            "test_executed": [
                "org.apache.commons.lang.text.StrBuilder_ESTest"
            ],
            "failing_assertions": [
                "java.lang.ArrayIndexOutOfBoundsException",
                "java.lang.ArrayIndexOutOfBoundsException",
                "java.lang.ArrayIndexOutOfBoundsException"
            ],
            "failing_lines": [
                [
                    "org.apache.commons.lang.text.StrBuilder_ESTest.test294(StrBuilder_ESTest.java:8363)"
                ],
                [
                    "org.apache.commons.lang.text.StrBuilder_ESTest.test162(StrBuilder_ESTest.java:5713)"
                ],
                [
                    "org.apache.commons.lang.text.StrBuilder_ESTest.test091(StrBuilder_ESTest.java:3346)"
                ]
            ]
        },
        {
            "patch": "/home/mmartinez/xTestCluster/Patches/Patches_Wang902/Patches_others/Doverfitting/CapGen/Lang/patch8-Lang-59-CapGen-plausible.patch",
            "test": "test_from_WangDRR_patch11-Lang-59-CapGen-plausible",
            "failing": 7,
            "testrun": 365,
            "failings": [
                "test011(org.apache.commons.lang.text.StrBuilder_ESTest)",
                "test244(org.apache.commons.lang.text.StrBuilder_ESTest)",
                "test112(org.apache.commons.lang.text.StrBuilder_ESTest)",
                "test115(org.apache.commons.lang.text.StrBuilder_ESTest)",
                "test232(org.apache.commons.lang.text.StrBuilder_ESTest)",
                "test102(org.apache.commons.lang.text.StrBuilder_ESTest)",
                "test019(org.apache.commons.lang.text.StrBuilder_ESTest)"
            ],
            "status": "ok",
            "test_executed": [
                "org.apache.commons.lang.text.StrBuilder_ESTest"
            ],
            "failing_assertions": [
                "java.lang.ArrayIndexOutOfBoundsException: 32",
                "java.lang.ArrayIndexOutOfBoundsException: 32",
                "java.lang.ArrayIndexOutOfBoundsException: 34",
                "java.lang.AssertionError: Expecting exception: ArrayIndexOutOfBoundsException",
                "java.lang.ArrayIndexOutOfBoundsException",
                "java.lang.ArrayIndexOutOfBoundsException: 34",
                "java.lang.ArrayIndexOutOfBoundsException"
            ],
            "failing_lines": [
                [
                    "org.apache.commons.lang.text.StrBuilder_ESTest.test011(StrBuilder_ESTest.java:406)"
                ],
                [
                    "org.apache.commons.lang.text.StrBuilder_ESTest.test244(StrBuilder_ESTest.java:7980)"
                ],
                [
                    "org.apache.commons.lang.text.StrBuilder_ESTest.test112(StrBuilder_ESTest.java:4113)"
                ],
                [
                    "org.apache.commons.lang.text.StrBuilder_ESTest.test115(StrBuilder_ESTest.java:4242)"
                ],
                [
                    "org.apache.commons.lang.text.StrBuilder_ESTest.test232(StrBuilder_ESTest.java:7613)"
                ],
                [
                    "org.apache.commons.lang.text.StrBuilder_ESTest.test102(StrBuilder_ESTest.java:3820)"
                ],
                [
                    "org.apache.commons.lang.text.StrBuilder_ESTest.test019(StrBuilder_ESTest.java:700)"
                ]
            ]
        },
        {
            "patch": "/home/mmartinez/xTestCluster/Patches/Patches_Wang902/Patches_others/Doverfitting/CapGen/Lang/patch8-Lang-59-CapGen-plausible.patch",
            "test": "test_from_WangDRR_patch13-Lang-59-CapGen-plausible",
            "failing": 10,
            "testrun": 354,
            "failings": [
                "test130(org.apache.commons.lang.text.StrBuilder_ESTest)",
                "test132(org.apache.commons.lang.text.StrBuilder_ESTest)",
                "test008(org.apache.commons.lang.text.StrBuilder_ESTest)",
                "test235(org.apache.commons.lang.text.StrBuilder_ESTest)",
                "test038(org.apache.commons.lang.text.StrBuilder_ESTest)",
                "test031(org.apache.commons.lang.text.StrBuilder_ESTest)",
                "test272(org.apache.commons.lang.text.StrBuilder_ESTest)",
                "test097(org.apache.commons.lang.text.StrBuilder_ESTest)",
                "test313(org.apache.commons.lang.text.StrBuilder_ESTest)",
                "test319(org.apache.commons.lang.text.StrBuilder_ESTest)"
            ],
            "status": "ok",
            "test_executed": [
                "org.apache.commons.lang.text.StrBuilder_ESTest"
            ],
            "failing_assertions": [
                "java.lang.ArrayIndexOutOfBoundsException: 48",
                "java.lang.ArrayIndexOutOfBoundsException: 48",
                "java.lang.ArrayIndexOutOfBoundsException: 48",
                "java.lang.ArrayIndexOutOfBoundsException: 32",
                "java.lang.ArrayIndexOutOfBoundsException: 32",
                "java.lang.ArrayIndexOutOfBoundsException: 48",
                "java.lang.ArrayIndexOutOfBoundsException: 32",
                "java.lang.ArrayIndexOutOfBoundsException: 48",
                "java.lang.ArrayIndexOutOfBoundsException: 32",
                "java.lang.ArrayIndexOutOfBoundsException: 43"
            ],
            "failing_lines": [
                [
                    "org.apache.commons.lang.text.StrBuilder_ESTest.test130(StrBuilder_ESTest.java:5085)"
                ],
                [
                    "org.apache.commons.lang.text.StrBuilder_ESTest.test132(StrBuilder_ESTest.java:5160)"
                ],
                [
                    "org.apache.commons.lang.text.StrBuilder_ESTest.test008(StrBuilder_ESTest.java:330)"
                ],
                [
                    "org.apache.commons.lang.text.StrBuilder_ESTest.test235(StrBuilder_ESTest.java:8203)"
                ],
                [
                    "org.apache.commons.lang.text.StrBuilder_ESTest.test038(StrBuilder_ESTest.java:1532)"
                ],
                [
                    "org.apache.commons.lang.text.StrBuilder_ESTest.test031(StrBuilder_ESTest.java:1208)"
                ],
                [
                    "org.apache.commons.lang.text.StrBuilder_ESTest.test272(StrBuilder_ESTest.java:9176)"
                ],
                [
                    "org.apache.commons.lang.text.StrBuilder_ESTest.test097(StrBuilder_ESTest.java:4019)"
                ],
                [
                    "org.apache.commons.lang.text.StrBuilder_ESTest.test313(StrBuilder_ESTest.java:9657)"
                ],
                [
                    "org.apache.commons.lang.text.StrBuilder_ESTest.test319(StrBuilder_ESTest.java:9726)"
                ]
            ]
        },
        {
            "patch": "/home/mmartinez/xTestCluster/Patches/Patches_Wang902/Patches_others/Doverfitting/CapGen/Lang/patch8-Lang-59-CapGen-plausible.patch",
            "test": "test_from_WangDRR_patch1-Lang-59-SequenceR",
            "failing": 9,
            "testrun": 362,
            "failings": [
                "test123(org.apache.commons.lang.text.StrBuilder_ESTest)",
                "test122(org.apache.commons.lang.text.StrBuilder_ESTest)",
                "test235(org.apache.commons.lang.text.StrBuilder_ESTest)",
                "test050(org.apache.commons.lang.text.StrBuilder_ESTest)",
                "test029(org.apache.commons.lang.text.StrBuilder_ESTest)",
                "test015(org.apache.commons.lang.text.StrBuilder_ESTest)",
                "test096(org.apache.commons.lang.text.StrBuilder_ESTest)",
                "test193(org.apache.commons.lang.text.StrBuilder_ESTest)",
                "test066(org.apache.commons.lang.text.StrBuilder_ESTest)"
            ],
            "status": "ok",
            "test_executed": [
                "org.apache.commons.lang.text.StrBuilder_ESTest"
            ],
            "failing_assertions": [
                "java.lang.ArrayIndexOutOfBoundsException",
                "java.lang.ArrayIndexOutOfBoundsException: 40",
                "java.lang.ArrayIndexOutOfBoundsException: 40",
                "java.lang.ArrayIndexOutOfBoundsException",
                "java.lang.ArrayIndexOutOfBoundsException: 32",
                "java.lang.ArrayIndexOutOfBoundsException: 32",
                "java.lang.ArrayIndexOutOfBoundsException",
                "java.lang.ArrayIndexOutOfBoundsException: 47",
                "java.lang.ArrayIndexOutOfBoundsException: 32"
            ],
            "failing_lines": [
                [
                    "org.apache.commons.lang.text.StrBuilder_ESTest.test123(StrBuilder_ESTest.java:4804)"
                ],
                [
                    "org.apache.commons.lang.text.StrBuilder_ESTest.test122(StrBuilder_ESTest.java:4735)"
                ],
                [
                    "org.apache.commons.lang.text.StrBuilder_ESTest.test235(StrBuilder_ESTest.java:8257)"
                ],
                [
                    "org.apache.commons.lang.text.StrBuilder_ESTest.test050(StrBuilder_ESTest.java:1885)"
                ],
                [
                    "org.apache.commons.lang.text.StrBuilder_ESTest.test029(StrBuilder_ESTest.java:1141)"
                ],
                [
                    "org.apache.commons.lang.text.StrBuilder_ESTest.test015(StrBuilder_ESTest.java:649)"
                ],
                [
                    "org.apache.commons.lang.text.StrBuilder_ESTest.test096(StrBuilder_ESTest.java:3810)"
                ],
                [
                    "org.apache.commons.lang.text.StrBuilder_ESTest.test193(StrBuilder_ESTest.java:7014)"
                ],
                [
                    "org.apache.commons.lang.text.StrBuilder_ESTest.test066(StrBuilder_ESTest.java:2539)"
                ]
            ]
        },
        {
            "patch": "/home/mmartinez/xTestCluster/Patches/Patches_Wang902/Patches_others/Doverfitting/CapGen/Lang/patch8-Lang-59-CapGen-plausible.patch",
            "test": "test_from_WangDRR_patch8-Lang-59-CapGen-plausible",
            "failing": 0,
            "testrun": 340,
            "failings": [],
            "status": "ok",
            "test_executed": [
                "org.apache.commons.lang.text.StrBuilder_ESTest"
            ],
            "failing_assertions": [],
            "failing_lines": []
        },
        {
            "patch": "/home/mmartinez/xTestCluster/Patches/Patches_Wang902/Patches_others/Doverfitting/CapGen/Lang/patch8-Lang-59-CapGen-plausible.patch",
            "test": "test_from_WangDRR_patch5-Lang-59-CapGen-plausible",
            "failing": 12,
            "testrun": 357,
            "failings": [
                "test010(org.apache.commons.lang.text.StrBuilder_ESTest)",
                "test012(org.apache.commons.lang.text.StrBuilder_ESTest)",
                "test002(org.apache.commons.lang.text.StrBuilder_ESTest)",
                "test123(org.apache.commons.lang.text.StrBuilder_ESTest)",
                "test125(org.apache.commons.lang.text.StrBuilder_ESTest)",
                "test122(org.apache.commons.lang.text.StrBuilder_ESTest)",
                "test119(org.apache.commons.lang.text.StrBuilder_ESTest)",
                "test232(org.apache.commons.lang.text.StrBuilder_ESTest)",
                "test104(org.apache.commons.lang.text.StrBuilder_ESTest)",
                "test175(org.apache.commons.lang.text.StrBuilder_ESTest)",
                "test034(org.apache.commons.lang.text.StrBuilder_ESTest)",
                "test014(org.apache.commons.lang.text.StrBuilder_ESTest)"
            ],
            "status": "ok",
            "test_executed": [
                "org.apache.commons.lang.text.StrBuilder_ESTest"
            ],
            "failing_assertions": [
                "java.lang.ArrayIndexOutOfBoundsException: 32",
                "java.lang.ArrayIndexOutOfBoundsException: 32",
                "java.lang.ArrayIndexOutOfBoundsException: 32",
                "java.lang.ArrayIndexOutOfBoundsException: 32",
                "java.lang.ArrayIndexOutOfBoundsException",
                "java.lang.ArrayIndexOutOfBoundsException: 48",
                "java.lang.ArrayIndexOutOfBoundsException: 48",
                "java.lang.ArrayIndexOutOfBoundsException: 32",
                "java.lang.AssertionError: Expecting exception: ArrayIndexOutOfBoundsException",
                "java.lang.ArrayIndexOutOfBoundsException: 32",
                "java.lang.ArrayIndexOutOfBoundsException: 48",
                "java.lang.ArrayIndexOutOfBoundsException: 48"
            ],
            "failing_lines": [
                [
                    "org.apache.commons.lang.text.StrBuilder_ESTest.test010(StrBuilder_ESTest.java:473)"
                ],
                [
                    "org.apache.commons.lang.text.StrBuilder_ESTest.test012(StrBuilder_ESTest.java:534)"
                ],
                [
                    "org.apache.commons.lang.text.StrBuilder_ESTest.test002(StrBuilder_ESTest.java:171)"
                ],
                [
                    "org.apache.commons.lang.text.StrBuilder_ESTest.test123(StrBuilder_ESTest.java:4413)"
                ],
                [
                    "org.apache.commons.lang.text.StrBuilder_ESTest.test125(StrBuilder_ESTest.java:4498)"
                ],
                [
                    "org.apache.commons.lang.text.StrBuilder_ESTest.test122(StrBuilder_ESTest.java:4365)"
                ],
                [
                    "org.apache.commons.lang.text.StrBuilder_ESTest.test119(StrBuilder_ESTest.java:4259)"
                ],
                [
                    "org.apache.commons.lang.text.StrBuilder_ESTest.test232(StrBuilder_ESTest.java:7705)"
                ],
                [
                    "org.apache.commons.lang.text.StrBuilder_ESTest.test104(StrBuilder_ESTest.java:3815)"
                ],
                [
                    "org.apache.commons.lang.text.StrBuilder_ESTest.test175(StrBuilder_ESTest.java:6107)"
                ],
                [
                    "org.apache.commons.lang.text.StrBuilder_ESTest.test034(StrBuilder_ESTest.java:1237)"
                ],
                [
                    "org.apache.commons.lang.text.StrBuilder_ESTest.test014(StrBuilder_ESTest.java:595)"
                ]
            ]
        },
        {
            "patch": "/home/mmartinez/xTestCluster/Patches/Patches_Wang902/Patches_others/Doverfitting/CapGen/Lang/patch8-Lang-59-CapGen-plausible.patch",
            "test": "test_from_WangDRR_patch9-Lang-59-CapGen-plausible",
            "failing": 1,
            "testrun": 345,
            "failings": [
                "test115(org.apache.commons.lang.text.StrBuilder_ESTest)"
            ],
            "status": "ok",
            "test_executed": [
                "org.apache.commons.lang.text.StrBuilder_ESTest"
            ],
            "failing_assertions": [
                "java.lang.AssertionError: expected:<1296> but was:<1297>"
            ],
            "failing_lines": [
                [
                    "org.apache.commons.lang.text.StrBuilder_ESTest.test115(StrBuilder_ESTest.java:4660)"
                ]
            ]
        },
        {
            "patch": "/home/mmartinez/xTestCluster/Patches/Patches_Wang902/Patches_others/Doverfitting/CapGen/Lang/patch8-Lang-59-CapGen-plausible.patch",
            "test": "test_from_WangDRR_patch1-Lang-59-CapGen-plausible",
            "failing": 1,
            "testrun": 359,
            "failings": [
                "test131(org.apache.commons.lang.text.StrBuilder_ESTest)"
            ],
            "status": "ok",
            "test_executed": [
                "org.apache.commons.lang.text.StrBuilder_ESTest"
            ],
            "failing_assertions": [
                "java.lang.AssertionError: expected:<88> but was:<117>"
            ],
            "failing_lines": [
                [
                    "org.apache.commons.lang.text.StrBuilder_ESTest.test131(StrBuilder_ESTest.java:4299)"
                ]
            ]
        },
        {
            "patch": "/home/mmartinez/xTestCluster/Patches/Patches_Wang902/Patches_others/Doverfitting/CapGen/Lang/patch8-Lang-59-CapGen-plausible.patch",
            "test": "test_from_WangDRR_patch2-Lang-59-CapGen-plausible",
            "failing": 1,
            "testrun": 356,
            "failings": [
                "test135(org.apache.commons.lang.text.StrBuilder_ESTest)"
            ],
            "status": "ok",
            "test_executed": [
                "org.apache.commons.lang.text.StrBuilder_ESTest"
            ],
            "failing_assertions": [
                "java.lang.AssertionError: expected:<88> but was:<117>"
            ],
            "failing_lines": [
                [
                    "org.apache.commons.lang.text.StrBuilder_ESTest.test135(StrBuilder_ESTest.java:4554)"
                ]
            ]
        },
        {
            "patch": "/home/mmartinez/xTestCluster/Patches/Patches_Wang902/Patches_others/Doverfitting/CapGen/Lang/patch8-Lang-59-CapGen-plausible.patch",
            "test": "test_from_WangDRR_patch1-Lang-59-CapGen",
            "failing": 6,
            "testrun": 357,
            "failings": [
                "test133(org.apache.commons.lang.text.StrBuilder_ESTest)",
                "test103(org.apache.commons.lang.text.StrBuilder_ESTest)",
                "test033(org.apache.commons.lang.text.StrBuilder_ESTest)",
                "test138(org.apache.commons.lang.text.StrBuilder_ESTest)",
                "test256(org.apache.commons.lang.text.StrBuilder_ESTest)",
                "test199(org.apache.commons.lang.text.StrBuilder_ESTest)"
            ],
            "status": "ok",
            "test_executed": [
                "org.apache.commons.lang.text.StrBuilder_ESTest"
            ],
            "failing_assertions": [
                "java.lang.ArrayIndexOutOfBoundsException: 48",
                "java.lang.ArrayIndexOutOfBoundsException",
                "java.lang.ArrayIndexOutOfBoundsException: 47",
                "java.lang.ArrayIndexOutOfBoundsException: 47",
                "java.lang.ArrayIndexOutOfBoundsException",
                "java.lang.ArrayIndexOutOfBoundsException: 48"
            ],
            "failing_lines": [
                [
                    "org.apache.commons.lang.text.StrBuilder_ESTest.test133(StrBuilder_ESTest.java:5243)"
                ],
                [
                    "org.apache.commons.lang.text.StrBuilder_ESTest.test103(StrBuilder_ESTest.java:4143)"
                ],
                [
                    "org.apache.commons.lang.text.StrBuilder_ESTest.test033(StrBuilder_ESTest.java:1272)"
                ],
                [
                    "org.apache.commons.lang.text.StrBuilder_ESTest.test138(StrBuilder_ESTest.java:5407)"
                ],
                [
                    "org.apache.commons.lang.text.StrBuilder_ESTest.test256(StrBuilder_ESTest.java:8124)"
                ],
                [
                    "org.apache.commons.lang.text.StrBuilder_ESTest.test199(StrBuilder_ESTest.java:7241)"
                ]
            ]
        },
        {
            "patch": "/home/mmartinez/xTestCluster/Patches/Patches_Wang902/Patches_others/Doverfitting/CapGen/Lang/patch8-Lang-59-CapGen-plausible.patch",
            "test": "test_from_WangICSE_patch1-Lang-59-kPAR-plausible",
            "failing": 5,
            "testrun": 360,
            "failings": [
                "test014(org.apache.commons.lang.text.StrBuilder_ESTest)",
                "test136(org.apache.commons.lang.text.StrBuilder_ESTest)",
                "test195(org.apache.commons.lang.text.StrBuilder_ESTest)",
                "test067(org.apache.commons.lang.text.StrBuilder_ESTest)",
                "test303(org.apache.commons.lang.text.StrBuilder_ESTest)"
            ],
            "status": "ok",
            "test_executed": [
                "org.apache.commons.lang.text.StrBuilder_ESTest"
            ],
            "failing_assertions": [
                "java.lang.AssertionError: expected:<70> but was:<32>",
                "java.lang.ArrayIndexOutOfBoundsException",
                "java.lang.ArrayIndexOutOfBoundsException",
                "java.lang.AssertionError: expected:<70> but was:<32>",
                "java.lang.AssertionError: expected:<107> but was:<33>"
            ],
            "failing_lines": [
                [
                    "org.apache.commons.lang.text.StrBuilder_ESTest.test014(StrBuilder_ESTest.java:611)"
                ],
                [
                    "org.apache.commons.lang.text.StrBuilder_ESTest.test136(StrBuilder_ESTest.java:4791)"
                ],
                [
                    "org.apache.commons.lang.text.StrBuilder_ESTest.test195(StrBuilder_ESTest.java:6523)"
                ],
                [
                    "org.apache.commons.lang.text.StrBuilder_ESTest.test067(StrBuilder_ESTest.java:2454)"
                ],
                [
                    "org.apache.commons.lang.text.StrBuilder_ESTest.test303(StrBuilder_ESTest.java:7910)"
                ]
            ]
        },
        {
            "patch": "/home/mmartinez/xTestCluster/Patches/Patches_Wang902/Patches_others/Doverfitting/CapGen/Lang/patch8-Lang-59-CapGen-plausible.patch",
            "test": "test_from_WangDRR_patch7-Lang-59-CapGen-plausible",
            "failing": 6,
            "testrun": 369,
            "failings": [
                "test119(org.apache.commons.lang.text.StrBuilder_ESTest)",
                "test229(org.apache.commons.lang.text.StrBuilder_ESTest)",
                "test049(org.apache.commons.lang.text.StrBuilder_ESTest)",
                "test045(org.apache.commons.lang.text.StrBuilder_ESTest)",
                "test143(org.apache.commons.lang.text.StrBuilder_ESTest)",
                "test013(org.apache.commons.lang.text.StrBuilder_ESTest)"
            ],
            "status": "ok",
            "test_executed": [
                "org.apache.commons.lang.text.StrBuilder_ESTest"
            ],
            "failing_assertions": [
                "java.lang.ArrayIndexOutOfBoundsException: 48",
                "java.lang.ArrayIndexOutOfBoundsException: 43",
                "java.lang.ArrayIndexOutOfBoundsException: 32",
                "java.lang.ArrayIndexOutOfBoundsException",
                "java.lang.ArrayIndexOutOfBoundsException",
                "java.lang.ArrayIndexOutOfBoundsException: 32"
            ],
            "failing_lines": [
                [
                    "org.apache.commons.lang.text.StrBuilder_ESTest.test119(StrBuilder_ESTest.java:4688)"
                ],
                [
                    "org.apache.commons.lang.text.StrBuilder_ESTest.test229(StrBuilder_ESTest.java:7510)"
                ],
                [
                    "org.apache.commons.lang.text.StrBuilder_ESTest.test049(StrBuilder_ESTest.java:1951)"
                ],
                [
                    "org.apache.commons.lang.text.StrBuilder_ESTest.test045(StrBuilder_ESTest.java:1821)"
                ],
                [
                    "org.apache.commons.lang.text.StrBuilder_ESTest.test143(StrBuilder_ESTest.java:5450)"
                ],
                [
                    "org.apache.commons.lang.text.StrBuilder_ESTest.test013(StrBuilder_ESTest.java:561)"
                ]
            ]
        },
        {
            "patch": "/home/mmartinez/xTestCluster/Patches/Patches_Wang902/Patches_others/Doverfitting/CapGen/Lang/patch8-Lang-59-CapGen-plausible.patch",
            "test": "test_from_WangDRR_patch10-Lang-59-CapGen-plausible",
            "failing": 2,
            "testrun": 360,
            "failings": [
                "test248(org.apache.commons.lang.text.StrBuilder_ESTest)",
                "test140(org.apache.commons.lang.text.StrBuilder_ESTest)"
            ],
            "status": "ok",
            "test_executed": [
                "org.apache.commons.lang.text.StrBuilder_ESTest"
            ],
            "failing_assertions": [
                "java.lang.ArrayIndexOutOfBoundsException: 32",
                "java.lang.ArrayIndexOutOfBoundsException"
            ],
            "failing_lines": [
                [
                    "org.apache.commons.lang.text.StrBuilder_ESTest.test248(StrBuilder_ESTest.java:8449)"
                ],
                [
                    "org.apache.commons.lang.text.StrBuilder_ESTest.test140(StrBuilder_ESTest.java:5232)"
                ]
            ]
        },
        {
            "patch": "/home/mmartinez/xTestCluster/Patches/Patches_Wang902/Patches_others/Doverfitting/CapGen/Lang/patch8-Lang-59-CapGen-plausible.patch",
            "test": "test_from_WangDRR_patch12-Lang-59-CapGen-plausible",
            "failing": 5,
            "testrun": 362,
            "failings": [
                "test120(org.apache.commons.lang.text.StrBuilder_ESTest)",
                "test242(org.apache.commons.lang.text.StrBuilder_ESTest)",
                "test236(org.apache.commons.lang.text.StrBuilder_ESTest)",
                "test048(org.apache.commons.lang.text.StrBuilder_ESTest)",
                "test019(org.apache.commons.lang.text.StrBuilder_ESTest)"
            ],
            "status": "ok",
            "test_executed": [
                "org.apache.commons.lang.text.StrBuilder_ESTest"
            ],
            "failing_assertions": [
                "java.lang.AssertionError: Expecting exception: ArrayIndexOutOfBoundsException",
                "java.lang.ArrayIndexOutOfBoundsException: 32",
                "java.lang.ArrayIndexOutOfBoundsException: 32",
                "java.lang.ArrayIndexOutOfBoundsException: 32",
                "java.lang.ArrayIndexOutOfBoundsException: 32"
            ],
            "failing_lines": [
                [
                    "org.apache.commons.lang.text.StrBuilder_ESTest.test120(StrBuilder_ESTest.java:4431)"
                ],
                [
                    "org.apache.commons.lang.text.StrBuilder_ESTest.test242(StrBuilder_ESTest.java:7605)"
                ],
                [
                    "org.apache.commons.lang.text.StrBuilder_ESTest.test236(StrBuilder_ESTest.java:7561)"
                ],
                [
                    "org.apache.commons.lang.text.StrBuilder_ESTest.test048(StrBuilder_ESTest.java:1786)"
                ],
                [
                    "org.apache.commons.lang.text.StrBuilder_ESTest.test019(StrBuilder_ESTest.java:666)"
                ]
            ]
        },
        {
            "patch": "/home/mmartinez/xTestCluster/Patches/Patches_Wang902/Patches_others/Doverfitting/CapGen/Lang/patch8-Lang-59-CapGen-plausible.patch",
            "test": "test_from_WangDRR_patch6-Lang-59-CapGen-plausible",
            "failing": 4,
            "testrun": 367,
            "failings": [
                "test250(org.apache.commons.lang.text.StrBuilder_ESTest)",
                "test003(org.apache.commons.lang.text.StrBuilder_ESTest)",
                "test266(org.apache.commons.lang.text.StrBuilder_ESTest)",
                "test019(org.apache.commons.lang.text.StrBuilder_ESTest)"
            ],
            "status": "ok",
            "test_executed": [
                "org.apache.commons.lang.text.StrBuilder_ESTest"
            ],
            "failing_assertions": [
                "java.lang.ArrayIndexOutOfBoundsException: 32",
                "java.lang.ArrayIndexOutOfBoundsException: 32",
                "java.lang.ArrayIndexOutOfBoundsException",
                "java.lang.ArrayIndexOutOfBoundsException"
            ],
            "failing_lines": [
                [
                    "org.apache.commons.lang.text.StrBuilder_ESTest.test250(StrBuilder_ESTest.java:8254)"
                ],
                [
                    "org.apache.commons.lang.text.StrBuilder_ESTest.test003(StrBuilder_ESTest.java:165)"
                ],
                [
                    "org.apache.commons.lang.text.StrBuilder_ESTest.test266(StrBuilder_ESTest.java:8438)"
                ],
                [
                    "org.apache.commons.lang.text.StrBuilder_ESTest.test019(StrBuilder_ESTest.java:660)"
                ]
            ]
        },
        {
            "patch": "/home/mmartinez/xTestCluster/Patches/Patches_Wang902/Patches_others/Doverfitting/CapGen/Lang/patch8-Lang-59-CapGen-plausible.patch",
            "test": "test_from_WangDRR_patch4-Lang-59-CapGen-plausible",
            "failing": 6,
            "testrun": 348,
            "failings": [
                "test111(org.apache.commons.lang.text.StrBuilder_ESTest)",
                "test108(org.apache.commons.lang.text.StrBuilder_ESTest)",
                "test217(org.apache.commons.lang.text.StrBuilder_ESTest)",
                "test020(org.apache.commons.lang.text.StrBuilder_ESTest)",
                "test201(org.apache.commons.lang.text.StrBuilder_ESTest)",
                "test308(org.apache.commons.lang.text.StrBuilder_ESTest)"
            ],
            "status": "ok",
            "test_executed": [
                "org.apache.commons.lang.text.StrBuilder_ESTest"
            ],
            "failing_assertions": [
                "java.lang.ArrayIndexOutOfBoundsException",
                "java.lang.ArrayIndexOutOfBoundsException: 48",
                "java.lang.ArrayIndexOutOfBoundsException: 32",
                "java.lang.ArrayIndexOutOfBoundsException: 32",
                "java.lang.ArrayIndexOutOfBoundsException: 48",
                "java.lang.ArrayIndexOutOfBoundsException: 48"
            ],
            "failing_lines": [
                [
                    "org.apache.commons.lang.text.StrBuilder_ESTest.test111(StrBuilder_ESTest.java:3680)"
                ],
                [
                    "org.apache.commons.lang.text.StrBuilder_ESTest.test108(StrBuilder_ESTest.java:3574)"
                ],
                [
                    "org.apache.commons.lang.text.StrBuilder_ESTest.test217(StrBuilder_ESTest.java:6935)"
                ],
                [
                    "org.apache.commons.lang.text.StrBuilder_ESTest.test020(StrBuilder_ESTest.java:743)"
                ],
                [
                    "org.apache.commons.lang.text.StrBuilder_ESTest.test201(StrBuilder_ESTest.java:6351)"
                ],
                [
                    "org.apache.commons.lang.text.StrBuilder_ESTest.test308(StrBuilder_ESTest.java:8400)"
                ]
            ]
        },
        {
            "patch": "/home/mmartinez/xTestCluster/Patches/Patches_Wang902/Patches_others/Doverfitting/CapGen/Lang/patch8-Lang-59-CapGen-plausible.patch",
            "test": "test_from_WangICSE_patch1-Lang-59-AVATAR-plausible",
            "failing": 9,
            "testrun": 353,
            "failings": [
                "test006(org.apache.commons.lang.text.StrBuilder_ESTest)",
                "test117(org.apache.commons.lang.text.StrBuilder_ESTest)",
                "test116(org.apache.commons.lang.text.StrBuilder_ESTest)",
                "test224(org.apache.commons.lang.text.StrBuilder_ESTest)",
                "test149(org.apache.commons.lang.text.StrBuilder_ESTest)",
                "test143(org.apache.commons.lang.text.StrBuilder_ESTest)",
                "test199(org.apache.commons.lang.text.StrBuilder_ESTest)",
                "test069(org.apache.commons.lang.text.StrBuilder_ESTest)",
                "test063(org.apache.commons.lang.text.StrBuilder_ESTest)"
            ],
            "status": "ok",
            "test_executed": [
                "org.apache.commons.lang.text.StrBuilder_ESTest"
            ],
            "failing_assertions": [
                "java.lang.ArrayIndexOutOfBoundsException: 32",
                "java.lang.ArrayIndexOutOfBoundsException: 32",
                "java.lang.AssertionError: Expecting exception: ArrayIndexOutOfBoundsException",
                "java.lang.ArrayIndexOutOfBoundsException: 32",
                "java.lang.ArrayIndexOutOfBoundsException",
                "java.lang.ArrayIndexOutOfBoundsException: 32",
                "java.lang.ArrayIndexOutOfBoundsException: 32",
                "java.lang.ArrayIndexOutOfBoundsException: 32",
                "java.lang.AssertionError: expected:<61> but was:<32>"
            ],
            "failing_lines": [
                [
                    "org.apache.commons.lang.text.StrBuilder_ESTest.test006(StrBuilder_ESTest.java:446)"
                ],
                [
                    "org.apache.commons.lang.text.StrBuilder_ESTest.test117(StrBuilder_ESTest.java:4781)"
                ],
                [
                    "org.apache.commons.lang.text.StrBuilder_ESTest.test116(StrBuilder_ESTest.java:4760)"
                ],
                [
                    "org.apache.commons.lang.text.StrBuilder_ESTest.test224(StrBuilder_ESTest.java:8080)"
                ],
                [
                    "org.apache.commons.lang.text.StrBuilder_ESTest.test149(StrBuilder_ESTest.java:5807)"
                ],
                [
                    "org.apache.commons.lang.text.StrBuilder_ESTest.test143(StrBuilder_ESTest.java:5593)"
                ],
                [
                    "org.apache.commons.lang.text.StrBuilder_ESTest.test199(StrBuilder_ESTest.java:7495)"
                ],
                [
                    "org.apache.commons.lang.text.StrBuilder_ESTest.test069(StrBuilder_ESTest.java:2947)"
                ],
                [
                    "org.apache.commons.lang.text.StrBuilder_ESTest.test063(StrBuilder_ESTest.java:2728)"
                ]
            ]
        },
        {
            "patch": "/home/mmartinez/xTestCluster/Patches/Patches_Wang902/Patches_others/Doverfitting/CapGen/Lang/patch8-Lang-59-CapGen-plausible.patch",
            "test": "test_from_WangDRR_patch3-Lang-59-CapGen-plausible",
            "failing": 11,
            "testrun": 338,
            "failings": [
                "test133(org.apache.commons.lang.text.StrBuilder_ESTest)",
                "test007(org.apache.commons.lang.text.StrBuilder_ESTest)",
                "test119(org.apache.commons.lang.text.StrBuilder_ESTest)",
                "test105(org.apache.commons.lang.text.StrBuilder_ESTest)",
                "test017(org.apache.commons.lang.text.StrBuilder_ESTest)",
                "test015(org.apache.commons.lang.text.StrBuilder_ESTest)",
                "test094(org.apache.commons.lang.text.StrBuilder_ESTest)",
                "test075(org.apache.commons.lang.text.StrBuilder_ESTest)",
                "test069(org.apache.commons.lang.text.StrBuilder_ESTest)",
                "test183(org.apache.commons.lang.text.StrBuilder_ESTest)",
                "test316(org.apache.commons.lang.text.StrBuilder_ESTest)"
            ],
            "status": "ok",
            "test_executed": [
                "org.apache.commons.lang.text.StrBuilder_ESTest"
            ],
            "failing_assertions": [
                "java.lang.ArrayIndexOutOfBoundsException: 48",
                "java.lang.ArrayIndexOutOfBoundsException",
                "java.lang.ArrayIndexOutOfBoundsException: 48",
                "java.lang.ArrayIndexOutOfBoundsException: 42",
                "java.lang.ArrayIndexOutOfBoundsException: 48",
                "java.lang.ArrayIndexOutOfBoundsException: 48",
                "java.lang.ArrayIndexOutOfBoundsException: 48",
                "java.lang.ArrayIndexOutOfBoundsException: 34",
                "java.lang.ArrayIndexOutOfBoundsException",
                "java.lang.ArrayIndexOutOfBoundsException: 48",
                "java.lang.ArrayIndexOutOfBoundsException: 48"
            ],
            "failing_lines": [
                [
                    "org.apache.commons.lang.text.StrBuilder_ESTest.test133(StrBuilder_ESTest.java:4939)"
                ],
                [
                    "org.apache.commons.lang.text.StrBuilder_ESTest.test007(StrBuilder_ESTest.java:347)"
                ],
                [
                    "org.apache.commons.lang.text.StrBuilder_ESTest.test119(StrBuilder_ESTest.java:4446)"
                ],
                [
                    "org.apache.commons.lang.text.StrBuilder_ESTest.test105(StrBuilder_ESTest.java:4056)"
                ],
                [
                    "org.apache.commons.lang.text.StrBuilder_ESTest.test017(StrBuilder_ESTest.java:736)"
                ],
                [
                    "org.apache.commons.lang.text.StrBuilder_ESTest.test015(StrBuilder_ESTest.java:631)"
                ],
                [
                    "org.apache.commons.lang.text.StrBuilder_ESTest.test094(StrBuilder_ESTest.java:3671)"
                ],
                [
                    "org.apache.commons.lang.text.StrBuilder_ESTest.test075(StrBuilder_ESTest.java:3025)"
                ],
                [
                    "org.apache.commons.lang.text.StrBuilder_ESTest.test069(StrBuilder_ESTest.java:2739)"
                ],
                [
                    "org.apache.commons.lang.text.StrBuilder_ESTest.test183(StrBuilder_ESTest.java:6326)"
                ],
                [
                    "org.apache.commons.lang.text.StrBuilder_ESTest.test316(StrBuilder_ESTest.java:7673)"
                ]
            ]
        }
    ],
    "duration": 77.05
}