{
    "patch": "/home/mmartinez/xTestCluster/Patches/Patches_Wang902/Patches_ICSE/Doverfitting/SimFix/Chart/patch1-Chart-18-SimFix-plausible.patch",
    "project": "Chart",
    "bugid": "18",
    "dataset": "Patches_ICSE",
    "date": "2022-12-16T03:04:18.103436",
    "project_checked": "ok",
    "compiledProjectModified": "ok",
    "patchApplied": "ok",
    "arrive_end": "ok",
    "patched_project_pass_all_test": "no",
    "test_execution": [
        {
            "patch": "/home/mmartinez/xTestCluster/Patches/Patches_Wang902/Patches_ICSE/Doverfitting/SimFix/Chart/patch1-Chart-18-SimFix-plausible.patch",
            "test": "test_from_WangICSE_patch1-Chart-18-DynaMoth-plausible",
            "failing": 0,
            "testrun": 55,
            "failings": [],
            "status": "ok",
            "test_executed": [
                "org.jfree.data.category.DefaultCategoryDataset_ESTest"
            ],
            "failing_assertions": [],
            "failing_lines": []
        },
        {
            "patch": "/home/mmartinez/xTestCluster/Patches/Patches_Wang902/Patches_ICSE/Doverfitting/SimFix/Chart/patch1-Chart-18-SimFix-plausible.patch",
            "test": "test_from_WangICSE_patch1-Chart-18-SimFix-plausible",
            "failing": 0,
            "testrun": 55,
            "failings": [],
            "status": "ok",
            "test_executed": [
                "org.jfree.data.DefaultKeyedValues_ESTest"
            ],
            "failing_assertions": [],
            "failing_lines": []
        }
    ],
    "duration": 32.43
}