{
    "patch": "/home/mmartinez/xTestCluster/Patches/Patches_Wang902/Patches_others/Doverfitting/Jaid/Chart/patch1-Chart-26-Jaid-plausible.patch",
    "project": "Chart",
    "bugid": "26",
    "dataset": "Patches_others",
    "date": "2022-12-16T00:01:38.384989",
    "project_checked": "ok",
    "compiledProjectModified": "ok",
    "patchApplied": "ok",
    "arrive_end": "ok",
    "patched_project_pass_all_test": "no",
    "test_execution": [
        {
            "patch": "/home/mmartinez/xTestCluster/Patches/Patches_Wang902/Patches_others/Doverfitting/Jaid/Chart/patch1-Chart-26-Jaid-plausible.patch",
            "test": "test_from_WangICSE_patch1-Chart-26-TBar-plausible",
            "failing": 0,
            "testrun": 221,
            "failings": [],
            "status": "ok",
            "test_executed": [
                "org.jfree.chart.plot.CategoryPlot_ESTest"
            ],
            "failing_assertions": [],
            "failing_lines": []
        },
        {
            "patch": "/home/mmartinez/xTestCluster/Patches/Patches_Wang902/Patches_others/Doverfitting/Jaid/Chart/patch1-Chart-26-Jaid-plausible.patch",
            "test": "test_from_WangDRR_patch1-Chart-26-Jaid-plausible",
            "failing": 0,
            "testrun": 103,
            "failings": [],
            "status": "ok",
            "test_executed": [
                "org.jfree.chart.axis.Axis_ESTest"
            ],
            "failing_assertions": [],
            "failing_lines": []
        },
        {
            "patch": "/home/mmartinez/xTestCluster/Patches/Patches_Wang902/Patches_others/Doverfitting/Jaid/Chart/patch1-Chart-26-Jaid-plausible.patch",
            "test": "test_from_WangDRR_patch2-Chart-26-Jaid-plausible",
            "failing": 0,
            "testrun": 87,
            "failings": [],
            "status": "ok",
            "test_executed": [
                "org.jfree.chart.axis.Axis_ESTest"
            ],
            "failing_assertions": [],
            "failing_lines": []
        },
        {
            "patch": "/home/mmartinez/xTestCluster/Patches/Patches_Wang902/Patches_others/Doverfitting/Jaid/Chart/patch1-Chart-26-Jaid-plausible.patch",
            "test": "test_from_WangICSE_patch1-Chart-26-AVATAR-plausible",
            "failing": 0,
            "testrun": 219,
            "failings": [],
            "status": "ok",
            "test_executed": [
                "org.jfree.chart.plot.CategoryPlot_ESTest"
            ],
            "failing_assertions": [],
            "failing_lines": []
        },
        {
            "patch": "/home/mmartinez/xTestCluster/Patches/Patches_Wang902/Patches_others/Doverfitting/Jaid/Chart/patch1-Chart-26-Jaid-plausible.patch",
            "test": "test_from_WangICSE_patch1-Chart-26-Kali-plausible",
            "failing": 0,
            "testrun": 223,
            "failings": [],
            "status": "ok",
            "test_executed": [
                "org.jfree.chart.plot.CategoryPlot_ESTest"
            ],
            "failing_assertions": [],
            "failing_lines": []
        },
        {
            "patch": "/home/mmartinez/xTestCluster/Patches/Patches_Wang902/Patches_others/Doverfitting/Jaid/Chart/patch1-Chart-26-Jaid-plausible.patch",
            "test": "test_from_WangDRR_patch1-Chart-26-Jaid",
            "failing": 5,
            "testrun": 98,
            "failings": [
                "test49(org.jfree.chart.axis.Axis_ESTest)",
                "test48(org.jfree.chart.axis.Axis_ESTest)",
                "test16(org.jfree.chart.axis.Axis_ESTest)",
                "test09(org.jfree.chart.axis.Axis_ESTest)",
                "test36(org.jfree.chart.axis.Axis_ESTest)"
            ],
            "status": "ok",
            "test_executed": [
                "org.jfree.chart.axis.Axis_ESTest"
            ],
            "failing_assertions": [
                "java.lang.AssertionError: expected:<1> but was:<0>",
                "java.lang.AssertionError: expected:<1> but was:<0>",
                "java.lang.AssertionError: expected:<1> but was:<0>",
                "java.lang.AssertionError: expected:<1> but was:<0>",
                "java.lang.AssertionError: expected:<1> but was:<0>"
            ],
            "failing_lines": [
                [
                    "org.jfree.chart.axis.Axis_ESTest.test49(Axis_ESTest.java:840)"
                ],
                [
                    "org.jfree.chart.axis.Axis_ESTest.test48(Axis_ESTest.java:821)"
                ],
                [
                    "org.jfree.chart.axis.Axis_ESTest.test16(Axis_ESTest.java:334)"
                ],
                [
                    "org.jfree.chart.axis.Axis_ESTest.test09(Axis_ESTest.java:230)"
                ],
                [
                    "org.jfree.chart.axis.Axis_ESTest.test36(Axis_ESTest.java:615)"
                ]
            ]
        },
        {
            "patch": "/home/mmartinez/xTestCluster/Patches/Patches_Wang902/Patches_others/Doverfitting/Jaid/Chart/patch1-Chart-26-Jaid-plausible.patch",
            "test": "test_from_WangDRR_patch2-Chart-26-Jaid",
            "failing": 1,
            "testrun": 87,
            "failings": [
                "test17(org.jfree.chart.axis.Axis_ESTest)"
            ],
            "status": "ok",
            "test_executed": [
                "org.jfree.chart.axis.Axis_ESTest"
            ],
            "failing_assertions": [
                "java.lang.AssertionError: expected:<1> but was:<0>"
            ],
            "failing_lines": [
                [
                    "org.jfree.chart.axis.Axis_ESTest.test17(Axis_ESTest.java:355)"
                ]
            ]
        },
        {
            "patch": "/home/mmartinez/xTestCluster/Patches/Patches_Wang902/Patches_others/Doverfitting/Jaid/Chart/patch1-Chart-26-Jaid-plausible.patch",
            "test": "test_from_WangDRR_patch3-Chart-26-Jaid",
            "failing": 1,
            "testrun": 84,
            "failings": [
                "test13(org.jfree.chart.axis.Axis_ESTest)"
            ],
            "status": "ok",
            "test_executed": [
                "org.jfree.chart.axis.Axis_ESTest"
            ],
            "failing_assertions": [
                "java.lang.AssertionError: expected:<1> but was:<0>"
            ],
            "failing_lines": [
                [
                    "org.jfree.chart.axis.Axis_ESTest.test13(Axis_ESTest.java:280)"
                ]
            ]
        },
        {
            "patch": "/home/mmartinez/xTestCluster/Patches/Patches_Wang902/Patches_others/Doverfitting/Jaid/Chart/patch1-Chart-26-Jaid-plausible.patch",
            "test": "test_from_WangICSE_patch1-Chart-26-jMutRepair-plausible",
            "failing": 0,
            "testrun": 243,
            "failings": [],
            "status": "ok",
            "test_executed": [
                "org.jfree.chart.plot.CategoryPlot_ESTest"
            ],
            "failing_assertions": [],
            "failing_lines": []
        },
        {
            "patch": "/home/mmartinez/xTestCluster/Patches/Patches_Wang902/Patches_others/Doverfitting/Jaid/Chart/patch1-Chart-26-Jaid-plausible.patch",
            "test": "test_from_WangICSE_patch1-Chart-26-FixMiner-plausible",
            "failing": 0,
            "testrun": 372,
            "failings": [],
            "status": "ok",
            "test_executed": [
                "org.jfree.chart.plot.CategoryPlot_ESTest"
            ],
            "failing_assertions": [],
            "failing_lines": []
        }
    ],
    "duration": 81.14
}