{
    "patch": "/home/mmartinez/xTestCluster/Patches/Patches_Wang902/Patches_others/Doverfitting/SequenceR/Closure/patch2-Closure-86-SequenceR.patch",
    "project": "Closure",
    "bugid": "86",
    "dataset": "Patches_others",
    "date": "2022-12-16T07:20:50.150975",
    "project_checked": "ok",
    "compiledProjectModified": "ok",
    "patchApplied": "ok",
    "arrive_end": "ok",
    "patched_project_pass_all_test": "no",
    "test_execution": [
        {
            "patch": "/home/mmartinez/xTestCluster/Patches/Patches_Wang902/Patches_others/Doverfitting/SequenceR/Closure/patch2-Closure-86-SequenceR.patch",
            "test": "test_from_WangDRR_patch2-Closure-86-SequenceR",
            "failing": 0,
            "testrun": 358,
            "failings": [
                "Error",
                "Error"
            ],
            "status": "ok",
            "test_executed": [
                "com.google.javascript.jscomp.NodeUtil_ESTest"
            ],
            "failing_assertions": [
                "07:21:13.681 [main] INFO org.evosuite.runtime.instrumentation.EvoClassLoader - Seeing class for first time: com.google.javascript.jscomp.mozilla.rhino.VMBridge_custom",
                "07:21:14.168 [main] INFO org.evosuite.runtime.instrumentation.EvoClassLoader - Seeing class for first time: com.google.javascript.jscomp.mozilla.rhino.VMBridge_custom"
            ],
            "failing_lines": []
        },
        {
            "patch": "/home/mmartinez/xTestCluster/Patches/Patches_Wang902/Patches_others/Doverfitting/SequenceR/Closure/patch2-Closure-86-SequenceR.patch",
            "test": "test_from_WangDRR_patch4-Closure-86-SequenceR",
            "failing": 0,
            "testrun": 327,
            "failings": [
                "Error",
                "Error",
                "Error",
                "Error",
                "Error",
                "Error",
                "Error",
                "Error",
                "Error",
                "Error",
                "Error",
                "Error",
                "Error"
            ],
            "status": "ok",
            "test_executed": [
                "com.google.javascript.jscomp.NodeUtil_ESTest"
            ],
            "failing_assertions": [
                "07:21:18.769 [main] INFO org.evosuite.runtime.instrumentation.EvoClassLoader - Seeing class for first time: com.google.javascript.jscomp.mozilla.rhino.VMBridge_custom",
                "07:21:18.886 [main] INFO org.evosuite.runtime.instrumentation.EvoClassLoader - Seeing class for first time: com.google.javascript.jscomp.mozilla.rhino.VMBridge_custom",
                "07:21:18.951 [main] INFO org.evosuite.runtime.instrumentation.EvoClassLoader - Seeing class for first time: com.google.javascript.jscomp.mozilla.rhino.VMBridge_custom",
                "07:21:19.525 [main] INFO org.evosuite.runtime.instrumentation.EvoClassLoader - Seeing class for first time: com.google.javascript.jscomp.mozilla.rhino.VMBridge_custom",
                "07:21:19.611 [main] INFO org.evosuite.runtime.instrumentation.EvoClassLoader - Seeing class for first time: com.google.javascript.jscomp.mozilla.rhino.VMBridge_custom",
                "07:21:19.635 [main] INFO org.evosuite.runtime.instrumentation.EvoClassLoader - Seeing class for first time: com.google.javascript.jscomp.mozilla.rhino.VMBridge_custom",
                "07:21:19.754 [main] INFO org.evosuite.runtime.instrumentation.EvoClassLoader - Seeing class for first time: com.google.javascript.jscomp.mozilla.rhino.VMBridge_custom",
                "07:21:19.801 [main] INFO org.evosuite.runtime.instrumentation.EvoClassLoader - Seeing class for first time: com.google.javascript.jscomp.mozilla.rhino.VMBridge_custom",
                "07:21:19.898 [main] INFO org.evosuite.runtime.instrumentation.EvoClassLoader - Seeing class for first time: com.google.javascript.jscomp.mozilla.rhino.VMBridge_custom",
                "07:21:19.938 [main] INFO org.evosuite.runtime.instrumentation.EvoClassLoader - Seeing class for first time: com.google.javascript.jscomp.mozilla.rhino.VMBridge_custom",
                "07:21:19.944 [main] INFO org.evosuite.runtime.instrumentation.EvoClassLoader - Seeing class for first time: com.google.javascript.jscomp.mozilla.rhino.VMBridge_custom",
                "07:21:20.106 [main] INFO org.evosuite.runtime.instrumentation.EvoClassLoader - Seeing class for first time: com.google.javascript.jscomp.mozilla.rhino.VMBridge_custom",
                "07:21:20.168 [main] INFO org.evosuite.runtime.instrumentation.EvoClassLoader - Seeing class for first time: com.google.javascript.jscomp.mozilla.rhino.VMBridge_custom"
            ],
            "failing_lines": []
        },
        {
            "patch": "/home/mmartinez/xTestCluster/Patches/Patches_Wang902/Patches_others/Doverfitting/SequenceR/Closure/patch2-Closure-86-SequenceR.patch",
            "test": "test_from_WangDRR_patch1-Closure-86-SequenceR",
            "failing": 0,
            "testrun": 291,
            "failings": [
                "Error"
            ],
            "status": "ok",
            "test_executed": [
                "com.google.javascript.jscomp.NodeUtil_ESTest"
            ],
            "failing_assertions": [
                "07:21:24.981 [main] INFO org.evosuite.runtime.instrumentation.EvoClassLoader - Seeing class for first time: com.google.javascript.jscomp.mozilla.rhino.VMBridge_custom"
            ],
            "failing_lines": []
        },
        {
            "patch": "/home/mmartinez/xTestCluster/Patches/Patches_Wang902/Patches_others/Doverfitting/SequenceR/Closure/patch2-Closure-86-SequenceR.patch",
            "test": "test_from_WangDRR_patch3-Closure-86-SequenceR",
            "failing": 0,
            "testrun": 116,
            "failings": [
                "Error",
                "Error",
                "Error",
                "Error",
                "Error"
            ],
            "status": "ok",
            "test_executed": [
                "com.google.javascript.jscomp.NodeUtil_ESTest"
            ],
            "failing_assertions": [
                "07:21:30.312 [main] INFO org.evosuite.runtime.instrumentation.EvoClassLoader - Seeing class for first time: com.google.common.collect.ImmutableCollection$1",
                "07:21:30.605 [main] INFO org.evosuite.runtime.instrumentation.EvoClassLoader - Seeing class for first time: com.google.javascript.jscomp.mozilla.rhino.VMBridge_custom",
                "07:21:30.711 [main] INFO org.evosuite.runtime.instrumentation.EvoClassLoader - Seeing class for first time: com.google.javascript.jscomp.mozilla.rhino.VMBridge_custom",
                "07:21:31.030 [main] INFO org.evosuite.runtime.instrumentation.EvoClassLoader - Seeing class for first time: com.google.javascript.jscomp.mozilla.rhino.VMBridge_custom",
                "07:21:31.041 [main] INFO org.evosuite.runtime.instrumentation.EvoClassLoader - Seeing class for first time: com.google.javascript.jscomp.mozilla.rhino.VMBridge_custom"
            ],
            "failing_lines": []
        },
        {
            "patch": "/home/mmartinez/xTestCluster/Patches/Patches_Wang902/Patches_others/Doverfitting/SequenceR/Closure/patch2-Closure-86-SequenceR.patch",
            "test": "test_from_WangDRR_patch5-Closure-86-SequenceR",
            "failing": 0,
            "testrun": 283,
            "failings": [
                "Error"
            ],
            "status": "ok",
            "test_executed": [
                "com.google.javascript.jscomp.NodeUtil_ESTest"
            ],
            "failing_assertions": [
                "07:21:37.277 [main] INFO org.evosuite.runtime.instrumentation.EvoClassLoader - Seeing class for first time: com.google.javascript.jscomp.mozilla.rhino.VMBridge_custom"
            ],
            "failing_lines": []
        }
    ],
    "duration": 49.16
}