{
    "patch": "/home/mmartinez/xTestCluster/Patches/Patches_Wang902/Patches_others/Doverfitting/CapGen/Math/patch1-Math-5-CapGen-plausible.patch",
    "project": "Math",
    "bugid": "5",
    "dataset": "Patches_others",
    "date": "2022-12-16T05:41:36.783440",
    "project_checked": "ok",
    "compiledProjectModified": "ok",
    "patchApplied": "ok",
    "arrive_end": "ok",
    "patched_project_pass_all_test": "no",
    "test_execution": [
        {
            "patch": "/home/mmartinez/xTestCluster/Patches/Patches_Wang902/Patches_others/Doverfitting/CapGen/Math/patch1-Math-5-CapGen-plausible.patch",
            "test": "test_from_WangICSE_patch1-Math-5-Cardumen-plausible",
            "failing": 2,
            "testrun": 161,
            "failings": [
                "test055(org.apache.commons.math3.complex.Complex_ESTest)",
                "test054(org.apache.commons.math3.complex.Complex_ESTest)"
            ],
            "status": "ok",
            "test_executed": [
                "org.apache.commons.math3.complex.Complex_ESTest"
            ],
            "failing_assertions": [
                "java.lang.AssertionError",
                "java.lang.AssertionError"
            ],
            "failing_lines": [
                [
                    "org.apache.commons.math3.complex.Complex_ESTest.test055(Complex_ESTest.java:44336)"
                ],
                [
                    "org.apache.commons.math3.complex.Complex_ESTest.test054(Complex_ESTest.java:43919)"
                ]
            ]
        },
        {
            "patch": "/home/mmartinez/xTestCluster/Patches/Patches_Wang902/Patches_others/Doverfitting/CapGen/Math/patch1-Math-5-CapGen-plausible.patch",
            "test": "test_from_WangDRR_patch1-Math-5-SequenceR",
            "failing": 3,
            "testrun": 174,
            "failings": [
                "test145(org.apache.commons.math3.complex.Complex_ESTest)",
                "test141(org.apache.commons.math3.complex.Complex_ESTest)",
                "test082(org.apache.commons.math3.complex.Complex_ESTest)"
            ],
            "status": "ok",
            "test_executed": [
                "org.apache.commons.math3.complex.Complex_ESTest"
            ],
            "failing_assertions": [
                "java.lang.AssertionError",
                "java.lang.AssertionError",
                "java.lang.AssertionError"
            ],
            "failing_lines": [
                [
                    "org.apache.commons.math3.complex.Complex_ESTest.test145(Complex_ESTest.java:1188)"
                ],
                [
                    "org.apache.commons.math3.complex.Complex_ESTest.test141(Complex_ESTest.java:1144)"
                ],
                [
                    "org.apache.commons.math3.complex.Complex_ESTest.test082(Complex_ESTest.java:623)"
                ]
            ]
        },
        {
            "patch": "/home/mmartinez/xTestCluster/Patches/Patches_Wang902/Patches_others/Doverfitting/CapGen/Math/patch1-Math-5-CapGen-plausible.patch",
            "test": "test_from_WangICSE_patch1-Math-5-jGenProg",
            "failing": 6,
            "testrun": 155,
            "failings": [
                "test133(org.apache.commons.math3.complex.Complex_ESTest)",
                "test098(org.apache.commons.math3.complex.Complex_ESTest)",
                "test097(org.apache.commons.math3.complex.Complex_ESTest)",
                "test126(org.apache.commons.math3.complex.Complex_ESTest)",
                "test082(org.apache.commons.math3.complex.Complex_ESTest)",
                "test114(org.apache.commons.math3.complex.Complex_ESTest)"
            ],
            "status": "ok",
            "test_executed": [
                "org.apache.commons.math3.complex.Complex_ESTest"
            ],
            "failing_assertions": [
                "java.lang.AssertionError: expected:<Infinity> but was:<NaN>",
                "java.lang.AssertionError: expected:<Infinity> but was:<NaN>",
                "java.lang.AssertionError",
                "java.lang.AssertionError",
                "java.lang.AssertionError",
                "java.lang.AssertionError"
            ],
            "failing_lines": [
                [
                    "org.apache.commons.math3.complex.Complex_ESTest.test133(Complex_ESTest.java:1126)"
                ],
                [
                    "org.apache.commons.math3.complex.Complex_ESTest.test098(Complex_ESTest.java:787)"
                ],
                [
                    "org.apache.commons.math3.complex.Complex_ESTest.test097(Complex_ESTest.java:774)"
                ],
                [
                    "org.apache.commons.math3.complex.Complex_ESTest.test126(Complex_ESTest.java:1051)"
                ],
                [
                    "org.apache.commons.math3.complex.Complex_ESTest.test082(Complex_ESTest.java:630)"
                ],
                [
                    "org.apache.commons.math3.complex.Complex_ESTest.test114(Complex_ESTest.java:937)"
                ]
            ]
        },
        {
            "patch": "/home/mmartinez/xTestCluster/Patches/Patches_Wang902/Patches_others/Doverfitting/CapGen/Math/patch1-Math-5-CapGen-plausible.patch",
            "test": "test_from_WangDRR_patch3-Math-5-CapGen-plausible",
            "failing": 0,
            "testrun": 175,
            "failings": [],
            "status": "ok",
            "test_executed": [
                "org.apache.commons.math3.complex.Complex_ESTest"
            ],
            "failing_assertions": [],
            "failing_lines": []
        },
        {
            "patch": "/home/mmartinez/xTestCluster/Patches/Patches_Wang902/Patches_others/Doverfitting/CapGen/Math/patch1-Math-5-CapGen-plausible.patch",
            "test": "test_from_WangDRR_patch1-Math-5-CapGen",
            "failing": 3,
            "testrun": 174,
            "failings": [
                "test145(org.apache.commons.math3.complex.Complex_ESTest)",
                "test141(org.apache.commons.math3.complex.Complex_ESTest)",
                "test082(org.apache.commons.math3.complex.Complex_ESTest)"
            ],
            "status": "ok",
            "test_executed": [
                "org.apache.commons.math3.complex.Complex_ESTest"
            ],
            "failing_assertions": [
                "java.lang.AssertionError",
                "java.lang.AssertionError",
                "java.lang.AssertionError"
            ],
            "failing_lines": [
                [
                    "org.apache.commons.math3.complex.Complex_ESTest.test145(Complex_ESTest.java:1188)"
                ],
                [
                    "org.apache.commons.math3.complex.Complex_ESTest.test141(Complex_ESTest.java:1146)"
                ],
                [
                    "org.apache.commons.math3.complex.Complex_ESTest.test082(Complex_ESTest.java:623)"
                ]
            ]
        },
        {
            "patch": "/home/mmartinez/xTestCluster/Patches/Patches_Wang902/Patches_others/Doverfitting/CapGen/Math/patch1-Math-5-CapGen-plausible.patch",
            "test": "test_from_WangDRR_patch1-Math-5-SOFix",
            "failing": 3,
            "testrun": 175,
            "failings": [
                "test148(org.apache.commons.math3.complex.Complex_ESTest)",
                "test143(org.apache.commons.math3.complex.Complex_ESTest)",
                "test084(org.apache.commons.math3.complex.Complex_ESTest)"
            ],
            "status": "ok",
            "test_executed": [
                "org.apache.commons.math3.complex.Complex_ESTest"
            ],
            "failing_assertions": [
                "java.lang.AssertionError: expected:<Infinity> but was:<NaN>",
                "java.lang.AssertionError",
                "java.lang.AssertionError"
            ],
            "failing_lines": [
                [
                    "org.apache.commons.math3.complex.Complex_ESTest.test148(Complex_ESTest.java:1206)"
                ],
                [
                    "org.apache.commons.math3.complex.Complex_ESTest.test143(Complex_ESTest.java:1154)"
                ],
                [
                    "org.apache.commons.math3.complex.Complex_ESTest.test084(Complex_ESTest.java:613)"
                ]
            ]
        },
        {
            "patch": "/home/mmartinez/xTestCluster/Patches/Patches_Wang902/Patches_others/Doverfitting/CapGen/Math/patch1-Math-5-CapGen-plausible.patch",
            "test": "test_from_WangICSE_patch1-Math-5-SimFix",
            "failing": 77,
            "testrun": 154,
            "failings": [
                "test034(org.apache.commons.math3.complex.Complex_ESTest)",
                "test033(org.apache.commons.math3.complex.Complex_ESTest)",
                "test032(org.apache.commons.math3.complex.Complex_ESTest)",
                "test030(org.apache.commons.math3.complex.Complex_ESTest)",
                "test029(org.apache.commons.math3.complex.Complex_ESTest)",
                "test028(org.apache.commons.math3.complex.Complex_ESTest)",
                "test026(org.apache.commons.math3.complex.Complex_ESTest)",
                "test147(org.apache.commons.math3.complex.Complex_ESTest)",
                "test025(org.apache.commons.math3.complex.Complex_ESTest)",
                "test146(org.apache.commons.math3.complex.Complex_ESTest)",
                "test024(org.apache.commons.math3.complex.Complex_ESTest)",
                "test023(org.apache.commons.math3.complex.Complex_ESTest)",
                "test144(org.apache.commons.math3.complex.Complex_ESTest)",
                "test022(org.apache.commons.math3.complex.Complex_ESTest)",
                "test020(org.apache.commons.math3.complex.Complex_ESTest)",
                "test141(org.apache.commons.math3.complex.Complex_ESTest)",
                "test019(org.apache.commons.math3.complex.Complex_ESTest)",
                "test139(org.apache.commons.math3.complex.Complex_ESTest)",
                "test017(org.apache.commons.math3.complex.Complex_ESTest)",
                "test138(org.apache.commons.math3.complex.Complex_ESTest)",
                "test137(org.apache.commons.math3.complex.Complex_ESTest)",
                "test014(org.apache.commons.math3.complex.Complex_ESTest)",
                "test135(org.apache.commons.math3.complex.Complex_ESTest)",
                "test134(org.apache.commons.math3.complex.Complex_ESTest)",
                "test055(org.apache.commons.math3.complex.Complex_ESTest)",
                "test054(org.apache.commons.math3.complex.Complex_ESTest)",
                "test051(org.apache.commons.math3.complex.Complex_ESTest)",
                "test050(org.apache.commons.math3.complex.Complex_ESTest)",
                "test049(org.apache.commons.math3.complex.Complex_ESTest)",
                "test047(org.apache.commons.math3.complex.Complex_ESTest)",
                "test046(org.apache.commons.math3.complex.Complex_ESTest)",
                "test045(org.apache.commons.math3.complex.Complex_ESTest)",
                "test044(org.apache.commons.math3.complex.Complex_ESTest)",
                "test043(org.apache.commons.math3.complex.Complex_ESTest)",
                "test040(org.apache.commons.math3.complex.Complex_ESTest)",
                "test038(org.apache.commons.math3.complex.Complex_ESTest)",
                "test037(org.apache.commons.math3.complex.Complex_ESTest)",
                "test035(org.apache.commons.math3.complex.Complex_ESTest)",
                "test078(org.apache.commons.math3.complex.Complex_ESTest)",
                "test075(org.apache.commons.math3.complex.Complex_ESTest)",
                "test074(org.apache.commons.math3.complex.Complex_ESTest)",
                "test072(org.apache.commons.math3.complex.Complex_ESTest)",
                "test071(org.apache.commons.math3.complex.Complex_ESTest)",
                "test070(org.apache.commons.math3.complex.Complex_ESTest)",
                "test109(org.apache.commons.math3.complex.Complex_ESTest)",
                "test108(org.apache.commons.math3.complex.Complex_ESTest)",
                "test069(org.apache.commons.math3.complex.Complex_ESTest)",
                "test101(org.apache.commons.math3.complex.Complex_ESTest)",
                "test067(org.apache.commons.math3.complex.Complex_ESTest)",
                "test100(org.apache.commons.math3.complex.Complex_ESTest)",
                "test065(org.apache.commons.math3.complex.Complex_ESTest)",
                "test064(org.apache.commons.math3.complex.Complex_ESTest)",
                "test061(org.apache.commons.math3.complex.Complex_ESTest)",
                "test060(org.apache.commons.math3.complex.Complex_ESTest)",
                "test059(org.apache.commons.math3.complex.Complex_ESTest)",
                "test057(org.apache.commons.math3.complex.Complex_ESTest)",
                "test133(org.apache.commons.math3.complex.Complex_ESTest)",
                "test098(org.apache.commons.math3.complex.Complex_ESTest)",
                "test097(org.apache.commons.math3.complex.Complex_ESTest)",
                "test130(org.apache.commons.math3.complex.Complex_ESTest)",
                "test095(org.apache.commons.math3.complex.Complex_ESTest)",
                "test092(org.apache.commons.math3.complex.Complex_ESTest)",
                "test090(org.apache.commons.math3.complex.Complex_ESTest)",
                "test126(org.apache.commons.math3.complex.Complex_ESTest)",
                "test125(org.apache.commons.math3.complex.Complex_ESTest)",
                "test122(org.apache.commons.math3.complex.Complex_ESTest)",
                "test121(org.apache.commons.math3.complex.Complex_ESTest)",
                "test085(org.apache.commons.math3.complex.Complex_ESTest)",
                "test084(org.apache.commons.math3.complex.Complex_ESTest)",
                "test082(org.apache.commons.math3.complex.Complex_ESTest)",
                "test081(org.apache.commons.math3.complex.Complex_ESTest)",
                "test080(org.apache.commons.math3.complex.Complex_ESTest)",
                "test119(org.apache.commons.math3.complex.Complex_ESTest)",
                "test118(org.apache.commons.math3.complex.Complex_ESTest)",
                "test115(org.apache.commons.math3.complex.Complex_ESTest)",
                "test079(org.apache.commons.math3.complex.Complex_ESTest)",
                "test112(org.apache.commons.math3.complex.Complex_ESTest)"
            ],
            "status": "ok",
            "test_executed": [
                "org.apache.commons.math3.complex.Complex_ESTest"
            ],
            "failing_assertions": [
                "java.lang.AssertionError: expected:<Infinity> but was:<NaN>",
                "java.lang.AssertionError: expected:<Infinity> but was:<NaN>",
                "java.lang.AssertionError: expected:<Infinity> but was:<NaN>",
                "java.lang.AssertionError",
                "java.lang.AssertionError",
                "java.lang.AssertionError",
                "java.lang.AssertionError",
                "java.lang.AssertionError",
                "java.lang.AssertionError",
                "java.lang.AssertionError",
                "java.lang.AssertionError",
                "java.lang.AssertionError",
                "java.lang.AssertionError",
                "java.lang.AssertionError",
                "java.lang.AssertionError",
                "java.lang.AssertionError",
                "java.lang.AssertionError",
                "java.lang.AssertionError",
                "java.lang.AssertionError",
                "java.lang.AssertionError",
                "java.lang.AssertionError",
                "java.lang.AssertionError",
                "java.lang.AssertionError",
                "java.lang.AssertionError",
                "java.lang.AssertionError",
                "java.lang.AssertionError",
                "java.lang.AssertionError",
                "java.lang.AssertionError",
                "java.lang.AssertionError",
                "java.lang.AssertionError",
                "java.lang.AssertionError",
                "java.lang.AssertionError",
                "java.lang.AssertionError",
                "java.lang.AssertionError",
                "java.lang.AssertionError",
                "java.lang.AssertionError",
                "java.lang.AssertionError",
                "java.lang.AssertionError",
                "java.lang.AssertionError",
                "java.lang.AssertionError",
                "java.lang.AssertionError",
                "java.lang.AssertionError",
                "java.lang.AssertionError",
                "java.lang.AssertionError",
                "java.lang.AssertionError",
                "java.lang.AssertionError",
                "java.lang.AssertionError",
                "java.lang.AssertionError",
                "java.lang.AssertionError",
                "java.lang.AssertionError",
                "java.lang.AssertionError",
                "java.lang.AssertionError: expected:<Infinity> but was:<NaN>",
                "java.lang.AssertionError",
                "java.lang.AssertionError",
                "java.lang.AssertionError",
                "java.lang.AssertionError",
                "java.lang.AssertionError",
                "java.lang.AssertionError",
                "java.lang.AssertionError",
                "java.lang.AssertionError",
                "java.lang.AssertionError",
                "java.lang.AssertionError",
                "java.lang.AssertionError",
                "java.lang.AssertionError",
                "java.lang.AssertionError",
                "java.lang.AssertionError",
                "java.lang.AssertionError",
                "java.lang.AssertionError",
                "java.lang.AssertionError",
                "java.lang.AssertionError",
                "java.lang.AssertionError",
                "java.lang.AssertionError",
                "java.lang.AssertionError",
                "java.lang.AssertionError",
                "java.lang.AssertionError",
                "java.lang.AssertionError",
                "java.lang.AssertionError"
            ],
            "failing_lines": [
                [
                    "org.apache.commons.math3.complex.Complex_ESTest.test034(Complex_ESTest.java:17411)"
                ],
                [
                    "org.apache.commons.math3.complex.Complex_ESTest.test033(Complex_ESTest.java:15292)"
                ],
                [
                    "org.apache.commons.math3.complex.Complex_ESTest.test032(Complex_ESTest.java:14750)"
                ],
                [
                    "org.apache.commons.math3.complex.Complex_ESTest.test030(Complex_ESTest.java:13313)"
                ],
                [
                    "org.apache.commons.math3.complex.Complex_ESTest.test029(Complex_ESTest.java:12093)"
                ],
                [
                    "org.apache.commons.math3.complex.Complex_ESTest.test028(Complex_ESTest.java:10891)"
                ],
                [
                    "org.apache.commons.math3.complex.Complex_ESTest.test026(Complex_ESTest.java:8686)"
                ],
                [
                    "org.apache.commons.math3.complex.Complex_ESTest.test147(Complex_ESTest.java:64933)"
                ],
                [
                    "org.apache.commons.math3.complex.Complex_ESTest.test025(Complex_ESTest.java:7140)"
                ],
                [
                    "org.apache.commons.math3.complex.Complex_ESTest.test146(Complex_ESTest.java:64555)"
                ],
                [
                    "org.apache.commons.math3.complex.Complex_ESTest.test024(Complex_ESTest.java:6429)"
                ],
                [
                    "org.apache.commons.math3.complex.Complex_ESTest.test023(Complex_ESTest.java:6335)"
                ],
                [
                    "org.apache.commons.math3.complex.Complex_ESTest.test144(Complex_ESTest.java:62571)"
                ],
                [
                    "org.apache.commons.math3.complex.Complex_ESTest.test022(Complex_ESTest.java:5358)"
                ],
                [
                    "org.apache.commons.math3.complex.Complex_ESTest.test020(Complex_ESTest.java:3431)"
                ],
                [
                    "org.apache.commons.math3.complex.Complex_ESTest.test141(Complex_ESTest.java:62389)"
                ],
                [
                    "org.apache.commons.math3.complex.Complex_ESTest.test019(Complex_ESTest.java:3337)"
                ],
                [
                    "org.apache.commons.math3.complex.Complex_ESTest.test139(Complex_ESTest.java:61920)"
                ],
                [
                    "org.apache.commons.math3.complex.Complex_ESTest.test017(Complex_ESTest.java:2934)"
                ],
                [
                    "org.apache.commons.math3.complex.Complex_ESTest.test138(Complex_ESTest.java:61663)"
                ],
                [
                    "org.apache.commons.math3.complex.Complex_ESTest.test137(Complex_ESTest.java:61368)"
                ],
                [
                    "org.apache.commons.math3.complex.Complex_ESTest.test014(Complex_ESTest.java:231)"
                ],
                [
                    "org.apache.commons.math3.complex.Complex_ESTest.test135(Complex_ESTest.java:60741)"
                ],
                [
                    "org.apache.commons.math3.complex.Complex_ESTest.test134(Complex_ESTest.java:60322)"
                ],
                [
                    "org.apache.commons.math3.complex.Complex_ESTest.test055(Complex_ESTest.java:37185)"
                ],
                [
                    "org.apache.commons.math3.complex.Complex_ESTest.test054(Complex_ESTest.java:34828)"
                ],
                [
                    "org.apache.commons.math3.complex.Complex_ESTest.test051(Complex_ESTest.java:34135)"
                ],
                [
                    "org.apache.commons.math3.complex.Complex_ESTest.test050(Complex_ESTest.java:34076)"
                ],
                [
                    "org.apache.commons.math3.complex.Complex_ESTest.test049(Complex_ESTest.java:32308)"
                ],
                [
                    "org.apache.commons.math3.complex.Complex_ESTest.test047(Complex_ESTest.java:29999)"
                ],
                [
                    "org.apache.commons.math3.complex.Complex_ESTest.test046(Complex_ESTest.java:29671)"
                ],
                [
                    "org.apache.commons.math3.complex.Complex_ESTest.test045(Complex_ESTest.java:29531)"
                ],
                [
                    "org.apache.commons.math3.complex.Complex_ESTest.test044(Complex_ESTest.java:26977)"
                ],
                [
                    "org.apache.commons.math3.complex.Complex_ESTest.test043(Complex_ESTest.java:26737)"
                ],
                [
                    "org.apache.commons.math3.complex.Complex_ESTest.test040(Complex_ESTest.java:23575)"
                ],
                [
                    "org.apache.commons.math3.complex.Complex_ESTest.test038(Complex_ESTest.java:21712)"
                ],
                [
                    "org.apache.commons.math3.complex.Complex_ESTest.test037(Complex_ESTest.java:20222)"
                ],
                [
                    "org.apache.commons.math3.complex.Complex_ESTest.test035(Complex_ESTest.java:19625)"
                ],
                [
                    "org.apache.commons.math3.complex.Complex_ESTest.test078(Complex_ESTest.java:46704)"
                ],
                [
                    "org.apache.commons.math3.complex.Complex_ESTest.test075(Complex_ESTest.java:46476)"
                ],
                [
                    "org.apache.commons.math3.complex.Complex_ESTest.test074(Complex_ESTest.java:46363)"
                ],
                [
                    "org.apache.commons.math3.complex.Complex_ESTest.test072(Complex_ESTest.java:45967)"
                ],
                [
                    "org.apache.commons.math3.complex.Complex_ESTest.test071(Complex_ESTest.java:45916)"
                ],
                [
                    "org.apache.commons.math3.complex.Complex_ESTest.test070(Complex_ESTest.java:45409)"
                ],
                [
                    "org.apache.commons.math3.complex.Complex_ESTest.test109(Complex_ESTest.java:55308)"
                ],
                [
                    "org.apache.commons.math3.complex.Complex_ESTest.test108(Complex_ESTest.java:55281)"
                ],
                [
                    "org.apache.commons.math3.complex.Complex_ESTest.test069(Complex_ESTest.java:45357)"
                ],
                [
                    "org.apache.commons.math3.complex.Complex_ESTest.test101(Complex_ESTest.java:53801)"
                ],
                [
                    "org.apache.commons.math3.complex.Complex_ESTest.test067(Complex_ESTest.java:45298)"
                ],
                [
                    "org.apache.commons.math3.complex.Complex_ESTest.test100(Complex_ESTest.java:52082)"
                ],
                [
                    "org.apache.commons.math3.complex.Complex_ESTest.test065(Complex_ESTest.java:44455)"
                ],
                [
                    "org.apache.commons.math3.complex.Complex_ESTest.test064(Complex_ESTest.java:41328)"
                ],
                [
                    "org.apache.commons.math3.complex.Complex_ESTest.test061(Complex_ESTest.java:38672)"
                ],
                [
                    "org.apache.commons.math3.complex.Complex_ESTest.test060(Complex_ESTest.java:38607)"
                ],
                [
                    "org.apache.commons.math3.complex.Complex_ESTest.test059(Complex_ESTest.java:38385)"
                ],
                [
                    "org.apache.commons.math3.complex.Complex_ESTest.test057(Complex_ESTest.java:38291)"
                ],
                [
                    "org.apache.commons.math3.complex.Complex_ESTest.test133(Complex_ESTest.java:59664)"
                ],
                [
                    "org.apache.commons.math3.complex.Complex_ESTest.test098(Complex_ESTest.java:51847)"
                ],
                [
                    "org.apache.commons.math3.complex.Complex_ESTest.test097(Complex_ESTest.java:51240)"
                ],
                [
                    "org.apache.commons.math3.complex.Complex_ESTest.test130(Complex_ESTest.java:59457)"
                ],
                [
                    "org.apache.commons.math3.complex.Complex_ESTest.test095(Complex_ESTest.java:51123)"
                ],
                [
                    "org.apache.commons.math3.complex.Complex_ESTest.test092(Complex_ESTest.java:50840)"
                ],
                [
                    "org.apache.commons.math3.complex.Complex_ESTest.test090(Complex_ESTest.java:50777)"
                ],
                [
                    "org.apache.commons.math3.complex.Complex_ESTest.test126(Complex_ESTest.java:59197)"
                ],
                [
                    "org.apache.commons.math3.complex.Complex_ESTest.test125(Complex_ESTest.java:58584)"
                ],
                [
                    "org.apache.commons.math3.complex.Complex_ESTest.test122(Complex_ESTest.java:58323)"
                ],
                [
                    "org.apache.commons.math3.complex.Complex_ESTest.test121(Complex_ESTest.java:58246)"
                ],
                [
                    "org.apache.commons.math3.complex.Complex_ESTest.test085(Complex_ESTest.java:49593)"
                ],
                [
                    "org.apache.commons.math3.complex.Complex_ESTest.test084(Complex_ESTest.java:49551)"
                ],
                [
                    "org.apache.commons.math3.complex.Complex_ESTest.test082(Complex_ESTest.java:49503)"
                ],
                [
                    "org.apache.commons.math3.complex.Complex_ESTest.test081(Complex_ESTest.java:47194)"
                ],
                [
                    "org.apache.commons.math3.complex.Complex_ESTest.test080(Complex_ESTest.java:46920)"
                ],
                [
                    "org.apache.commons.math3.complex.Complex_ESTest.test119(Complex_ESTest.java:56206)"
                ],
                [
                    "org.apache.commons.math3.complex.Complex_ESTest.test118(Complex_ESTest.java:55788)"
                ],
                [
                    "org.apache.commons.math3.complex.Complex_ESTest.test115(Complex_ESTest.java:55658)"
                ],
                [
                    "org.apache.commons.math3.complex.Complex_ESTest.test079(Complex_ESTest.java:46817)"
                ],
                [
                    "org.apache.commons.math3.complex.Complex_ESTest.test112(Complex_ESTest.java:55547)"
                ]
            ]
        },
        {
            "patch": "/home/mmartinez/xTestCluster/Patches/Patches_Wang902/Patches_others/Doverfitting/CapGen/Math/patch1-Math-5-CapGen-plausible.patch",
            "test": "test_from_WangDRR_patch2-Math-5-CapGen-plausible",
            "failing": 0,
            "testrun": 173,
            "failings": [],
            "status": "ok",
            "test_executed": [
                "org.apache.commons.math3.complex.Complex_ESTest"
            ],
            "failing_assertions": [],
            "failing_lines": []
        },
        {
            "patch": "/home/mmartinez/xTestCluster/Patches/Patches_Wang902/Patches_others/Doverfitting/CapGen/Math/patch1-Math-5-CapGen-plausible.patch",
            "test": "test_from_WangDRR_patch1-Math-5-Jaid",
            "failing": 2,
            "testrun": 155,
            "failings": [
                "test134(org.apache.commons.math3.complex.Complex_ESTest)",
                "test128(org.apache.commons.math3.complex.Complex_ESTest)"
            ],
            "status": "ok",
            "test_executed": [
                "org.apache.commons.math3.complex.Complex_ESTest"
            ],
            "failing_assertions": [
                "java.lang.AssertionError",
                "java.lang.AssertionError"
            ],
            "failing_lines": [
                [
                    "org.apache.commons.math3.complex.Complex_ESTest.test134(Complex_ESTest.java:1125)"
                ],
                [
                    "org.apache.commons.math3.complex.Complex_ESTest.test128(Complex_ESTest.java:1061)"
                ]
            ]
        },
        {
            "patch": "/home/mmartinez/xTestCluster/Patches/Patches_Wang902/Patches_others/Doverfitting/CapGen/Math/patch1-Math-5-CapGen-plausible.patch",
            "test": "test_from_WangDRR_patch1-Math-5-CapGen-plausible",
            "failing": 0,
            "testrun": 174,
            "failings": [],
            "status": "ok",
            "test_executed": [
                "org.apache.commons.math3.complex.Complex_ESTest"
            ],
            "failing_assertions": [],
            "failing_lines": []
        },
        {
            "patch": "/home/mmartinez/xTestCluster/Patches/Patches_Wang902/Patches_others/Doverfitting/CapGen/Math/patch1-Math-5-CapGen-plausible.patch",
            "test": "test_from_WangDRR_patch3-Math-5-Jaid",
            "failing": 2,
            "testrun": 157,
            "failings": [
                "test138(org.apache.commons.math3.complex.Complex_ESTest)",
                "test137(org.apache.commons.math3.complex.Complex_ESTest)"
            ],
            "status": "ok",
            "test_executed": [
                "org.apache.commons.math3.complex.Complex_ESTest"
            ],
            "failing_assertions": [
                "java.lang.AssertionError: expected:<Infinity> but was:<NaN>",
                "java.lang.AssertionError"
            ],
            "failing_lines": [
                [
                    "org.apache.commons.math3.complex.Complex_ESTest.test138(Complex_ESTest.java:1142)"
                ],
                [
                    "org.apache.commons.math3.complex.Complex_ESTest.test137(Complex_ESTest.java:1127)"
                ]
            ]
        },
        {
            "patch": "/home/mmartinez/xTestCluster/Patches/Patches_Wang902/Patches_others/Doverfitting/CapGen/Math/patch1-Math-5-CapGen-plausible.patch",
            "test": "test_from_WangDRR_patch2-Math-5-Jaid",
            "failing": 5,
            "testrun": 167,
            "failings": [
                "test141(org.apache.commons.math3.complex.Complex_ESTest)",
                "test138(org.apache.commons.math3.complex.Complex_ESTest)",
                "test134(org.apache.commons.math3.complex.Complex_ESTest)",
                "test161(org.apache.commons.math3.complex.Complex_ESTest)",
                "test081(org.apache.commons.math3.complex.Complex_ESTest)"
            ],
            "status": "ok",
            "test_executed": [
                "org.apache.commons.math3.complex.Complex_ESTest"
            ],
            "failing_assertions": [
                "java.lang.AssertionError",
                "java.lang.AssertionError: expected:<Infinity> but was:<NaN>",
                "java.lang.AssertionError",
                "java.lang.AssertionError",
                "java.lang.AssertionError"
            ],
            "failing_lines": [
                [
                    "org.apache.commons.math3.complex.Complex_ESTest.test141(Complex_ESTest.java:1174)"
                ],
                [
                    "org.apache.commons.math3.complex.Complex_ESTest.test138(Complex_ESTest.java:1151)"
                ],
                [
                    "org.apache.commons.math3.complex.Complex_ESTest.test134(Complex_ESTest.java:1115)"
                ],
                [
                    "org.apache.commons.math3.complex.Complex_ESTest.test161(Complex_ESTest.java:1354)"
                ],
                [
                    "org.apache.commons.math3.complex.Complex_ESTest.test081(Complex_ESTest.java:621)"
                ]
            ]
        },
        {
            "patch": "/home/mmartinez/xTestCluster/Patches/Patches_Wang902/Patches_others/Doverfitting/CapGen/Math/patch1-Math-5-CapGen-plausible.patch",
            "test": "test_from_WangICSE_patch1-Math-5-ACS",
            "failing": 3,
            "testrun": 167,
            "failings": [
                "test147(org.apache.commons.math3.complex.Complex_ESTest)",
                "test144(org.apache.commons.math3.complex.Complex_ESTest)",
                "test132(org.apache.commons.math3.complex.Complex_ESTest)"
            ],
            "status": "ok",
            "test_executed": [
                "org.apache.commons.math3.complex.Complex_ESTest"
            ],
            "failing_assertions": [
                "java.lang.AssertionError",
                "java.lang.AssertionError",
                "java.lang.AssertionError: expected:<Infinity> but was:<NaN>"
            ],
            "failing_lines": [
                [
                    "org.apache.commons.math3.complex.Complex_ESTest.test147(Complex_ESTest.java:1210)"
                ],
                [
                    "org.apache.commons.math3.complex.Complex_ESTest.test144(Complex_ESTest.java:1177)"
                ],
                [
                    "org.apache.commons.math3.complex.Complex_ESTest.test132(Complex_ESTest.java:1070)"
                ]
            ]
        }
    ],
    "duration": 58.29
}