{
    "patch": "/home/mmartinez/xTestCluster/Patches/Patches_Wang902/Patches_others/Dcorrect/SketchFix/Chart/patch1-Chart-9-SketchFix.patch",
    "project": "Chart",
    "bugid": "9",
    "dataset": "Patches_others",
    "date": "2022-12-16T06:06:21.502697",
    "project_checked": "ok",
    "compiledProjectModified": "ok",
    "patchApplied": "ok",
    "arrive_end": "ok",
    "patched_project_pass_all_test": "no",
    "test_execution": [
        {
            "patch": "/home/mmartinez/xTestCluster/Patches/Patches_Wang902/Patches_others/Dcorrect/SketchFix/Chart/patch1-Chart-9-SketchFix.patch",
            "test": "test_from_WangDRR_patch1-Chart-9-Jaid-plausible",
            "failing": 0,
            "testrun": 121,
            "failings": [],
            "status": "ok",
            "test_executed": [
                "org.jfree.data.time.TimeSeries_ESTest"
            ],
            "failing_assertions": [],
            "failing_lines": []
        },
        {
            "patch": "/home/mmartinez/xTestCluster/Patches/Patches_Wang902/Patches_others/Dcorrect/SketchFix/Chart/patch1-Chart-9-SketchFix.patch",
            "test": "test_from_WangDRR_patch3-Chart-9-Jaid-plausible",
            "failing": 0,
            "testrun": 139,
            "failings": [],
            "status": "ok",
            "test_executed": [
                "org.jfree.data.time.TimeSeries_ESTest"
            ],
            "failing_assertions": [],
            "failing_lines": []
        },
        {
            "patch": "/home/mmartinez/xTestCluster/Patches/Patches_Wang902/Patches_others/Dcorrect/SketchFix/Chart/patch1-Chart-9-SketchFix.patch",
            "test": "test_from_WangDRR_patch1-Chart-9-SketchFix",
            "failing": 0,
            "testrun": 136,
            "failings": [],
            "status": "ok",
            "test_executed": [
                "org.jfree.data.time.TimeSeries_ESTest"
            ],
            "failing_assertions": [],
            "failing_lines": []
        },
        {
            "patch": "/home/mmartinez/xTestCluster/Patches/Patches_Wang902/Patches_others/Dcorrect/SketchFix/Chart/patch1-Chart-9-SketchFix.patch",
            "test": "test_from_WangDRR_patch2-Chart-9-Jaid",
            "failing": 0,
            "testrun": 132,
            "failings": [],
            "status": "ok",
            "test_executed": [
                "org.jfree.data.time.TimeSeries_ESTest"
            ],
            "failing_assertions": [],
            "failing_lines": []
        },
        {
            "patch": "/home/mmartinez/xTestCluster/Patches/Patches_Wang902/Patches_others/Dcorrect/SketchFix/Chart/patch1-Chart-9-SketchFix.patch",
            "test": "test_from_WangDRR_patch1-Chart-9-Jaid",
            "failing": 0,
            "testrun": 133,
            "failings": [],
            "status": "ok",
            "test_executed": [
                "org.jfree.data.time.TimeSeries_ESTest"
            ],
            "failing_assertions": [],
            "failing_lines": []
        },
        {
            "patch": "/home/mmartinez/xTestCluster/Patches/Patches_Wang902/Patches_others/Dcorrect/SketchFix/Chart/patch1-Chart-9-SketchFix.patch",
            "test": "test_from_WangICSE_patch1-Chart-9-Nopol-plausible",
            "failing": 2,
            "testrun": 127,
            "failings": [
                "test118(org.jfree.data.time.TimeSeries_ESTest)",
                "test029(org.jfree.data.time.TimeSeries_ESTest)"
            ],
            "status": "ok",
            "test_executed": [
                "org.jfree.data.time.TimeSeries_ESTest"
            ],
            "failing_assertions": [
                "org.evosuite.runtime.mock.java.lang.MockIllegalArgumentException: Requires start <= end.",
                "org.evosuite.runtime.mock.java.lang.MockIllegalArgumentException: Requires start <= end."
            ],
            "failing_lines": [
                [
                    "org.jfree.data.time.TimeSeries_ESTest.test118(TimeSeries_ESTest.java:1647)"
                ],
                [
                    "org.jfree.data.time.TimeSeries_ESTest.test029(TimeSeries_ESTest.java:384)"
                ]
            ]
        },
        {
            "patch": "/home/mmartinez/xTestCluster/Patches/Patches_Wang902/Patches_others/Dcorrect/SketchFix/Chart/patch1-Chart-9-SketchFix.patch",
            "test": "test_from_WangDRR_patch1-Chart-9-SequenceR",
            "failing": 0,
            "testrun": 127,
            "failings": [],
            "status": "ok",
            "test_executed": [
                "org.jfree.data.time.TimeSeries_ESTest"
            ],
            "failing_assertions": [],
            "failing_lines": []
        },
        {
            "patch": "/home/mmartinez/xTestCluster/Patches/Patches_Wang902/Patches_others/Dcorrect/SketchFix/Chart/patch1-Chart-9-SketchFix.patch",
            "test": "test_from_WangDRR_patch2-Chart-9-Jaid-plausible",
            "failing": 1,
            "testrun": 126,
            "failings": [
                "test081(org.jfree.data.time.TimeSeries_ESTest)"
            ],
            "status": "ok",
            "test_executed": [
                "org.jfree.data.time.TimeSeries_ESTest"
            ],
            "failing_assertions": [
                "java.lang.AssertionError: expected same:<org.jfree.data.time.TimeSeries@f1fc5ca7> was not:<org.jfree.data.time.TimeSeries@6997059b>"
            ],
            "failing_lines": [
                [
                    "org.jfree.data.time.TimeSeries_ESTest.test081(TimeSeries_ESTest.java:1223)"
                ]
            ]
        },
        {
            "patch": "/home/mmartinez/xTestCluster/Patches/Patches_Wang902/Patches_others/Dcorrect/SketchFix/Chart/patch1-Chart-9-SketchFix.patch",
            "test": "test_from_WangICSE_patch1-Chart-9-TBar",
            "failing": 0,
            "testrun": 123,
            "failings": [],
            "status": "ok",
            "test_executed": [
                "org.jfree.data.time.TimeSeries_ESTest"
            ],
            "failing_assertions": [],
            "failing_lines": []
        }
    ],
    "duration": 53.09
}