{
    "patch": "/home/mmartinez/xTestCluster/Patches/Patches_Wang902/Patches_others/Doverfitting/SketchFix/Math/patch1-Math-70-SketchFix-plausible.patch",
    "project": "Math",
    "bugid": "70",
    "dataset": "Patches_others",
    "date": "2023-02-04T11:08:21.482759",
    "project_checked": "ok",
    "compiledProjectModified": "ok",
    "patchApplied": "ok",
    "arrive_end": "ok",
    "patched_project_pass_all_test": "no",
    "test_execution": [
        {
            "patch": "/home/mmartinez/xTestCluster/Patches/Patches_Wang902/Patches_others/Doverfitting/SketchFix/Math/patch1-Math-70-SketchFix-plausible.patch",
            "test": "test_from_WangDRR_patch1-Math-70-SketchFix-plausible",
            "failing": 0,
            "testrun": 29,
            "failings": [],
            "status": "ok",
            "test_executed": [
                "org.apache.commons.math.analysis.solvers.BisectionSolver_ESTest"
            ],
            "failing_assertions": [],
            "failing_lines": []
        },
        {
            "patch": "/home/mmartinez/xTestCluster/Patches/Patches_Wang902/Patches_others/Doverfitting/SketchFix/Math/patch1-Math-70-SketchFix-plausible.patch",
            "test": "test_from_WangDRR_patch1-Math-70-SOFix",
            "failing": 0,
            "testrun": 26,
            "failings": [],
            "status": "ok",
            "test_executed": [
                "org.apache.commons.math.analysis.solvers.BisectionSolver_ESTest"
            ],
            "failing_assertions": [],
            "failing_lines": []
        },
        {
            "patch": "/home/mmartinez/xTestCluster/Patches/Patches_Wang902/Patches_others/Doverfitting/SketchFix/Math/patch1-Math-70-SketchFix-plausible.patch",
            "test": "test_from_WangICSE_patch1-Math-70-Cardumen",
            "failing": 0,
            "testrun": 28,
            "failings": [],
            "status": "ok",
            "test_executed": [
                "org.apache.commons.math.analysis.solvers.BisectionSolver_ESTest"
            ],
            "failing_assertions": [],
            "failing_lines": []
        },
        {
            "patch": "/home/mmartinez/xTestCluster/Patches/Patches_Wang902/Patches_others/Doverfitting/SketchFix/Math/patch1-Math-70-SketchFix-plausible.patch",
            "test": "test_from_WangDRR_patch1-Math-70-CapGen",
            "failing": 0,
            "testrun": 28,
            "failings": [],
            "status": "ok",
            "test_executed": [
                "org.apache.commons.math.analysis.solvers.BisectionSolver_ESTest"
            ],
            "failing_assertions": [],
            "failing_lines": []
        },
        {
            "patch": "/home/mmartinez/xTestCluster/Patches/Patches_Wang902/Patches_others/Doverfitting/SketchFix/Math/patch1-Math-70-SketchFix-plausible.patch",
            "test": "test_from_WangDRR_patch2-Math-70-SketchFix-plausible",
            "failing": 3,
            "testrun": 29,
            "failings": [
                "test26(org.apache.commons.math.analysis.solvers.BisectionSolver_ESTest)",
                "test02(org.apache.commons.math.analysis.solvers.BisectionSolver_ESTest)",
                "test00(org.apache.commons.math.analysis.solvers.BisectionSolver_ESTest)"
            ],
            "status": "ok",
            "test_executed": [
                "org.apache.commons.math.analysis.solvers.BisectionSolver_ESTest"
            ],
            "failing_assertions": [
                "java.lang.AssertionError: expected:<0.008487271955254432> but was:<-92.9036826156752>",
                "java.lang.AssertionError: expected:<2983.359999652691> but was:<3.4730881452560426E-7>",
                "11:08:41.233 [main] INFO org.evosuite.runtime.instrumentation.EvoClassLoader - Seeing class for first time: org.apache.commons.math.MessagesResources"
            ],
            "failing_lines": [
                [
                    "org.apache.commons.math.analysis.solvers.BisectionSolver_ESTest.test26(BisectionSolver_ESTest.java:437)"
                ],
                [
                    "org.apache.commons.math.analysis.solvers.BisectionSolver_ESTest.test02(BisectionSolver_ESTest.java:52)"
                ],
                [
                    "org.apache.commons.math.analysis.solvers.BisectionSolver_ESTest.test00(BisectionSolver_ESTest.java:29)"
                ]
            ]
        },
        {
            "patch": "/home/mmartinez/xTestCluster/Patches/Patches_Wang902/Patches_others/Doverfitting/SketchFix/Math/patch1-Math-70-SketchFix-plausible.patch",
            "test": "test_from_WangICSE_patch1-Math-70-TBar",
            "failing": 0,
            "testrun": 29,
            "failings": [],
            "status": "ok",
            "test_executed": [
                "org.apache.commons.math.analysis.solvers.BisectionSolver_ESTest"
            ],
            "failing_assertions": [],
            "failing_lines": []
        },
        {
            "patch": "/home/mmartinez/xTestCluster/Patches/Patches_Wang902/Patches_others/Doverfitting/SketchFix/Math/patch1-Math-70-SketchFix-plausible.patch",
            "test": "test_from_WangDRR_patch1-Math-70-SketchFix",
            "failing": 0,
            "testrun": 28,
            "failings": [],
            "status": "ok",
            "test_executed": [
                "org.apache.commons.math.analysis.solvers.BisectionSolver_ESTest"
            ],
            "failing_assertions": [],
            "failing_lines": []
        },
        {
            "patch": "/home/mmartinez/xTestCluster/Patches/Patches_Wang902/Patches_others/Doverfitting/SketchFix/Math/patch1-Math-70-SketchFix-plausible.patch",
            "test": "test_from_WangICSE_patch1-Math-70-jGenProg",
            "failing": 0,
            "testrun": 27,
            "failings": [],
            "status": "ok",
            "test_executed": [
                "org.apache.commons.math.analysis.solvers.BisectionSolver_ESTest"
            ],
            "failing_assertions": [],
            "failing_lines": []
        },
        {
            "patch": "/home/mmartinez/xTestCluster/Patches/Patches_Wang902/Patches_others/Doverfitting/SketchFix/Math/patch1-Math-70-SketchFix-plausible.patch",
            "test": "test_from_WangICSE_patch1-Math-70-FixMiner",
            "failing": 0,
            "testrun": 27,
            "failings": [],
            "status": "ok",
            "test_executed": [
                "org.apache.commons.math.analysis.solvers.BisectionSolver_ESTest"
            ],
            "failing_assertions": [],
            "failing_lines": []
        },
        {
            "patch": "/home/mmartinez/xTestCluster/Patches/Patches_Wang902/Patches_others/Doverfitting/SketchFix/Math/patch1-Math-70-SketchFix-plausible.patch",
            "test": "test_from_WangICSE_patch1-Math-70-SimFix",
            "failing": 0,
            "testrun": 27,
            "failings": [],
            "status": "ok",
            "test_executed": [
                "org.apache.commons.math.analysis.solvers.BisectionSolver_ESTest"
            ],
            "failing_assertions": [],
            "failing_lines": []
        },
        {
            "patch": "/home/mmartinez/xTestCluster/Patches/Patches_Wang902/Patches_others/Doverfitting/SketchFix/Math/patch1-Math-70-SketchFix-plausible.patch",
            "test": "test_from_WangICSE_patch1-Math-70-kPAR",
            "failing": 0,
            "testrun": 25,
            "failings": [],
            "status": "ok",
            "test_executed": [
                "org.apache.commons.math.analysis.solvers.BisectionSolver_ESTest"
            ],
            "failing_assertions": [],
            "failing_lines": []
        }
    ],
    "duration": 27.66
}