{
    "patch": "/Users/matias/develop/git-xTestCluster/Patches/Patches_Wang902/Patches_ICSE/Doverfitting/jMutRepair/Closure/patch1-Closure-126-jMutRepair-plausible.patch",
    "project": "Closure",
    "bugid": "126",
    "dataset": "Patches_ICSE",
    "date": "2023-02-17T16:58:54.077878",
    "project_checked": "ok",
    "compiledProjectModified": "ok",
    "patchApplied": "ok",
    "arrive_end": "ok",
    "patched_project_pass_all_test": "no",
    "test_execution": [
        {
            "patch": "/Users/matias/develop/git-xTestCluster/Patches/Patches_Wang902/Patches_ICSE/Doverfitting/jMutRepair/Closure/patch1-Closure-126-jMutRepair-plausible.patch",
            "test": "test_from_WangICSE_patch1-Closure-126-jMutRepair-plausible",
            "failing": 7,
            "testrun": 9,
            "failings": [
                "test0(com.google.javascript.jscomp.MinimizeExitPoints_ESTest)",
                "test1(com.google.javascript.jscomp.MinimizeExitPoints_ESTest)",
                "test2(com.google.javascript.jscomp.MinimizeExitPoints_ESTest)",
                "test3(com.google.javascript.jscomp.MinimizeExitPoints_ESTest)",
                "test6(com.google.javascript.jscomp.MinimizeExitPoints_ESTest)",
                "test7(com.google.javascript.jscomp.MinimizeExitPoints_ESTest)",
                "test8(com.google.javascript.jscomp.MinimizeExitPoints_ESTest)"
            ],
            "status": "ok",
            "test_executed": [
                "com.google.javascript.jscomp.MinimizeExitPoints_ESTest"
            ],
            "failing_assertions": [
                "java.lang.NoClassDefFoundError: Could not initialize class com.google.javascript.jscomp.Compiler",
                "java.lang.NoClassDefFoundError: Could not initialize class com.google.javascript.jscomp.Compiler",
                "java.lang.NoClassDefFoundError: Could not initialize class com.google.javascript.jscomp.Compiler",
                "java.lang.NoClassDefFoundError: Could not initialize class com.google.javascript.jscomp.Compiler",
                "java.lang.NoClassDefFoundError: Could not initialize class com.google.javascript.jscomp.Compiler",
                "java.lang.NoClassDefFoundError: Could not initialize class com.google.javascript.jscomp.Compiler",
                "java.lang.NoClassDefFoundError: Could not initialize class com.google.javascript.jscomp.Compiler"
            ],
            "failing_lines": [
                [
                    "com.google.javascript.jscomp.MinimizeExitPoints_ESTest.test0(MinimizeExitPoints_ESTest.java:53)"
                ],
                [
                    "com.google.javascript.jscomp.MinimizeExitPoints_ESTest.test1(MinimizeExitPoints_ESTest.java:71)"
                ],
                [
                    "com.google.javascript.jscomp.MinimizeExitPoints_ESTest.test2(MinimizeExitPoints_ESTest.java:109)"
                ],
                [
                    "com.google.javascript.jscomp.MinimizeExitPoints_ESTest.test3(MinimizeExitPoints_ESTest.java:143)"
                ],
                [
                    "com.google.javascript.jscomp.MinimizeExitPoints_ESTest.test6(MinimizeExitPoints_ESTest.java:233)"
                ],
                [
                    "com.google.javascript.jscomp.MinimizeExitPoints_ESTest.test7(MinimizeExitPoints_ESTest.java:251)"
                ],
                [
                    "com.google.javascript.jscomp.MinimizeExitPoints_ESTest.test8(MinimizeExitPoints_ESTest.java:269)"
                ]
            ]
        }
    ],
    "duration": 35.9
}