{
    "patch": "/home/mmartinez/xTestCluster/Patches/Patches_Wang902/Patches_ICSE/Doverfitting/Nopol/Math/patch1-Math-33-Nopol-plausible.patch",
    "project": "Math",
    "bugid": "33",
    "dataset": "Patches_ICSE",
    "date": "2022-12-27T21:23:40.472117",
    "project_checked": "ok",
    "compiledProjectModified": "ok",
    "patchApplied": "ok",
    "arrive_end": "ok",
    "patched_project_pass_all_test": "no",
    "test_execution": [
        {
            "patch": "/home/mmartinez/xTestCluster/Patches/Patches_Wang902/Patches_ICSE/Doverfitting/Nopol/Math/patch1-Math-33-Nopol-plausible.patch",
            "test": "test_from_WangICSE_patch1-Math-33-Nopol-plausible",
            "failing": 0,
            "testrun": 79,
            "failings": [],
            "status": "ok",
            "test_executed": [
                "org.apache.commons.math3.optimization.linear.SimplexTableau_ESTest"
            ],
            "failing_assertions": [],
            "failing_lines": []
        },
        {
            "patch": "/home/mmartinez/xTestCluster/Patches/Patches_Wang902/Patches_ICSE/Doverfitting/Nopol/Math/patch1-Math-33-Nopol-plausible.patch",
            "test": "test_from_WangICSE_patch1-Math-33-RSRepair-plausible",
            "failing": 0,
            "testrun": 75,
            "failings": [],
            "status": "ok",
            "test_executed": [
                "org.apache.commons.math3.optimization.linear.SimplexTableau_ESTest"
            ],
            "failing_assertions": [],
            "failing_lines": []
        },
        {
            "patch": "/home/mmartinez/xTestCluster/Patches/Patches_Wang902/Patches_ICSE/Doverfitting/Nopol/Math/patch1-Math-33-Nopol-plausible.patch",
            "test": "test_from_WangDRR_patch1-Math-33-CapGen",
            "failing": 0,
            "testrun": 79,
            "failings": [],
            "status": "ok",
            "test_executed": [
                "org.apache.commons.math3.optimization.linear.SimplexTableau_ESTest"
            ],
            "failing_assertions": [],
            "failing_lines": []
        },
        {
            "patch": "/home/mmartinez/xTestCluster/Patches/Patches_Wang902/Patches_ICSE/Doverfitting/Nopol/Math/patch1-Math-33-Nopol-plausible.patch",
            "test": "test_from_WangDRR_patch1-Math-33-SOFix",
            "failing": 0,
            "testrun": 76,
            "failings": [],
            "status": "ok",
            "test_executed": [
                "org.apache.commons.math3.optimization.linear.SimplexTableau_ESTest"
            ],
            "failing_assertions": [],
            "failing_lines": []
        },
        {
            "patch": "/home/mmartinez/xTestCluster/Patches/Patches_Wang902/Patches_ICSE/Doverfitting/Nopol/Math/patch1-Math-33-Nopol-plausible.patch",
            "test": "test_from_WangDRR_patch1-Math-33-SketchFix-plausible",
            "failing": 0,
            "testrun": 9,
            "failings": [],
            "status": "ok",
            "test_executed": [
                "org.apache.commons.math3.optimization.linear.SimplexSolver_ESTest"
            ],
            "failing_assertions": [],
            "failing_lines": []
        },
        {
            "patch": "/home/mmartinez/xTestCluster/Patches/Patches_Wang902/Patches_ICSE/Doverfitting/Nopol/Math/patch1-Math-33-Nopol-plausible.patch",
            "test": "test_from_WangDRR_patch1-Math-33-SketchFix",
            "failing": 0,
            "testrun": 80,
            "failings": [],
            "status": "ok",
            "test_executed": [
                "org.apache.commons.math3.optimization.linear.SimplexTableau_ESTest"
            ],
            "failing_assertions": [],
            "failing_lines": []
        }
    ],
    "duration": 25.45
}