{
    "patch": "/home/mmartinez/xTestCluster/Patches/Patches_Wang902/Patches_ICSE/Doverfitting/GenProg/Chart/patch1-Chart-1-GenProg-plausible.patch",
    "project": "Chart",
    "bugid": "1",
    "dataset": "Patches_ICSE",
    "date": "2022-12-16T02:38:20.253791",
    "project_checked": "ok",
    "compiledProjectModified": "ok",
    "patchApplied": "ok",
    "arrive_end": "ok",
    "patched_project_pass_all_test": "no",
    "test_execution": [
        {
            "patch": "/home/mmartinez/xTestCluster/Patches/Patches_Wang902/Patches_ICSE/Doverfitting/GenProg/Chart/patch1-Chart-1-GenProg-plausible.patch",
            "test": "test_from_WangICSE_patch1-Chart-1-AVATAR",
            "failing": 0,
            "testrun": 112,
            "failings": [],
            "status": "ok",
            "test_executed": [
                "org.jfree.chart.renderer.category.AbstractCategoryItemRenderer_ESTest"
            ],
            "failing_assertions": [],
            "failing_lines": []
        },
        {
            "patch": "/home/mmartinez/xTestCluster/Patches/Patches_Wang902/Patches_ICSE/Doverfitting/GenProg/Chart/patch1-Chart-1-GenProg-plausible.patch",
            "test": "test_from_WangDRR_patch4-Chart-1-SequenceR",
            "failing": 0,
            "testrun": 97,
            "failings": [],
            "status": "ok",
            "test_executed": [
                "org.jfree.chart.renderer.category.AbstractCategoryItemRenderer_ESTest"
            ],
            "failing_assertions": [],
            "failing_lines": []
        },
        {
            "patch": "/home/mmartinez/xTestCluster/Patches/Patches_Wang902/Patches_ICSE/Doverfitting/GenProg/Chart/patch1-Chart-1-GenProg-plausible.patch",
            "test": "test_from_WangDRR_patch2-Chart-1-Jaid-plausible",
            "failing": 0,
            "testrun": 122,
            "failings": [],
            "status": "ok",
            "test_executed": [
                "org.jfree.chart.renderer.category.AbstractCategoryItemRenderer_ESTest"
            ],
            "failing_assertions": [],
            "failing_lines": []
        },
        {
            "patch": "/home/mmartinez/xTestCluster/Patches/Patches_Wang902/Patches_ICSE/Doverfitting/GenProg/Chart/patch1-Chart-1-GenProg-plausible.patch",
            "test": "test_from_WangDRR_patch3-Chart-1-SequenceR",
            "failing": 0,
            "testrun": 105,
            "failings": [],
            "status": "ok",
            "test_executed": [
                "org.jfree.chart.renderer.category.AbstractCategoryItemRenderer_ESTest"
            ],
            "failing_assertions": [],
            "failing_lines": []
        },
        {
            "patch": "/home/mmartinez/xTestCluster/Patches/Patches_Wang902/Patches_ICSE/Doverfitting/GenProg/Chart/patch1-Chart-1-GenProg-plausible.patch",
            "test": "test_from_WangDRR_patch1-Chart-1-SequenceR",
            "failing": 0,
            "testrun": 119,
            "failings": [],
            "status": "ok",
            "test_executed": [
                "org.jfree.chart.renderer.category.AbstractCategoryItemRenderer_ESTest"
            ],
            "failing_assertions": [],
            "failing_lines": []
        },
        {
            "patch": "/home/mmartinez/xTestCluster/Patches/Patches_Wang902/Patches_ICSE/Doverfitting/GenProg/Chart/patch1-Chart-1-GenProg-plausible.patch",
            "test": "test_from_WangDRR_patch2-Chart-1-SketchFix-plausible",
            "failing": 0,
            "testrun": 108,
            "failings": [],
            "status": "ok",
            "test_executed": [
                "org.jfree.chart.renderer.category.AbstractCategoryItemRenderer_ESTest"
            ],
            "failing_assertions": [],
            "failing_lines": []
        },
        {
            "patch": "/home/mmartinez/xTestCluster/Patches/Patches_Wang902/Patches_ICSE/Doverfitting/GenProg/Chart/patch1-Chart-1-GenProg-plausible.patch",
            "test": "test_from_WangDRR_patch1-Chart-1-Jaid",
            "failing": 0,
            "testrun": 129,
            "failings": [],
            "status": "ok",
            "test_executed": [
                "org.jfree.chart.renderer.category.AbstractCategoryItemRenderer_ESTest"
            ],
            "failing_assertions": [],
            "failing_lines": []
        },
        {
            "patch": "/home/mmartinez/xTestCluster/Patches/Patches_Wang902/Patches_ICSE/Doverfitting/GenProg/Chart/patch1-Chart-1-GenProg-plausible.patch",
            "test": "test_from_WangICSE_patch1-Chart-1-GenProg-plausible",
            "failing": 0,
            "testrun": 118,
            "failings": [],
            "status": "ok",
            "test_executed": [
                "org.jfree.chart.renderer.category.AbstractCategoryItemRenderer_ESTest"
            ],
            "failing_assertions": [],
            "failing_lines": []
        },
        {
            "patch": "/home/mmartinez/xTestCluster/Patches/Patches_Wang902/Patches_ICSE/Doverfitting/GenProg/Chart/patch1-Chart-1-GenProg-plausible.patch",
            "test": "test_from_WangDRR_patch3-Chart-1-Jaid-plausible",
            "failing": 0,
            "testrun": 116,
            "failings": [],
            "status": "ok",
            "test_executed": [
                "org.jfree.chart.renderer.category.AbstractCategoryItemRenderer_ESTest"
            ],
            "failing_assertions": [],
            "failing_lines": []
        },
        {
            "patch": "/home/mmartinez/xTestCluster/Patches/Patches_Wang902/Patches_ICSE/Doverfitting/GenProg/Chart/patch1-Chart-1-GenProg-plausible.patch",
            "test": "test_from_WangDRR_patch2-Chart-1-SequenceR",
            "failing": 0,
            "testrun": 102,
            "failings": [],
            "status": "ok",
            "test_executed": [
                "org.jfree.chart.renderer.category.AbstractCategoryItemRenderer_ESTest"
            ],
            "failing_assertions": [],
            "failing_lines": []
        },
        {
            "patch": "/home/mmartinez/xTestCluster/Patches/Patches_Wang902/Patches_ICSE/Doverfitting/GenProg/Chart/patch1-Chart-1-GenProg-plausible.patch",
            "test": "test_from_WangICSE_patch1-Chart-1-Kali-plausible",
            "failing": 0,
            "testrun": 102,
            "failings": [],
            "status": "ok",
            "test_executed": [
                "org.jfree.chart.renderer.category.AbstractCategoryItemRenderer_ESTest"
            ],
            "failing_assertions": [],
            "failing_lines": []
        },
        {
            "patch": "/home/mmartinez/xTestCluster/Patches/Patches_Wang902/Patches_ICSE/Doverfitting/GenProg/Chart/patch1-Chart-1-GenProg-plausible.patch",
            "test": "test_from_WangICSE_patch1-Chart-1-jKali-plausible",
            "failing": 0,
            "testrun": 109,
            "failings": [],
            "status": "ok",
            "test_executed": [
                "org.jfree.chart.renderer.category.AbstractCategoryItemRenderer_ESTest"
            ],
            "failing_assertions": [],
            "failing_lines": []
        },
        {
            "patch": "/home/mmartinez/xTestCluster/Patches/Patches_Wang902/Patches_ICSE/Doverfitting/GenProg/Chart/patch1-Chart-1-GenProg-plausible.patch",
            "test": "test_from_WangICSE_patch1-Chart-1-Arja-plusible",
            "failing": 0,
            "testrun": 112,
            "failings": [],
            "status": "ok",
            "test_executed": [
                "org.jfree.chart.renderer.category.AbstractCategoryItemRenderer_ESTest"
            ],
            "failing_assertions": [],
            "failing_lines": []
        },
        {
            "patch": "/home/mmartinez/xTestCluster/Patches/Patches_Wang902/Patches_ICSE/Doverfitting/GenProg/Chart/patch1-Chart-1-GenProg-plausible.patch",
            "test": "test_from_WangDRR_patch1-Chart-1-Jaid-plausible",
            "failing": 0,
            "testrun": 123,
            "failings": [],
            "status": "ok",
            "test_executed": [
                "org.jfree.chart.renderer.category.AbstractCategoryItemRenderer_ESTest"
            ],
            "failing_assertions": [],
            "failing_lines": []
        },
        {
            "patch": "/home/mmartinez/xTestCluster/Patches/Patches_Wang902/Patches_ICSE/Doverfitting/GenProg/Chart/patch1-Chart-1-GenProg-plausible.patch",
            "test": "test_from_WangICSE_patch1-Chart-1-DynaMoth-plausible",
            "failing": 0,
            "testrun": 124,
            "failings": [],
            "status": "ok",
            "test_executed": [
                "org.jfree.chart.renderer.category.AbstractCategoryItemRenderer_ESTest"
            ],
            "failing_assertions": [],
            "failing_lines": []
        },
        {
            "patch": "/home/mmartinez/xTestCluster/Patches/Patches_Wang902/Patches_ICSE/Doverfitting/GenProg/Chart/patch1-Chart-1-GenProg-plausible.patch",
            "test": "test_from_WangDRR_patch1-Chart-1-SketchFix-plausible",
            "failing": 0,
            "testrun": 111,
            "failings": [],
            "status": "ok",
            "test_executed": [
                "org.jfree.chart.renderer.category.AbstractCategoryItemRenderer_ESTest"
            ],
            "failing_assertions": [],
            "failing_lines": []
        }
    ],
    "duration": 103.46
}