{
    "patch": "/home/mmartinez/xTestCluster/Patches/Patches_Wang902/Patches_ICSE/Doverfitting/AVATAR/Closure/patch1-Closure-12-AVATAR-plausible.patch",
    "project": "Closure",
    "bugid": "12",
    "dataset": "Patches_ICSE",
    "date": "2022-12-16T05:03:42.659784",
    "project_checked": "ok",
    "compiledProjectModified": "ok",
    "patchApplied": "ok",
    "arrive_end": "ok",
    "patched_project_pass_all_test": "no",
    "test_execution": [
        {
            "patch": "/home/mmartinez/xTestCluster/Patches/Patches_Wang902/Patches_ICSE/Doverfitting/AVATAR/Closure/patch1-Closure-12-AVATAR-plausible.patch",
            "test": "test_from_WangICSE_patch1-Closure-12-Kali-plausible",
            "failing": 0,
            "testrun": 7,
            "failings": [],
            "status": "ok",
            "test_executed": [
                "com.google.javascript.jscomp.FlowSensitiveInlineVariables_ESTest"
            ],
            "failing_assertions": [],
            "failing_lines": []
        },
        {
            "patch": "/home/mmartinez/xTestCluster/Patches/Patches_Wang902/Patches_ICSE/Doverfitting/AVATAR/Closure/patch1-Closure-12-AVATAR-plausible.patch",
            "test": "test_from_WangICSE_patch1-Closure-12-AVATAR-plausible",
            "failing": 0,
            "testrun": 6,
            "failings": [],
            "status": "ok",
            "test_executed": [
                "com.google.javascript.jscomp.FlowSensitiveInlineVariables_ESTest"
            ],
            "failing_assertions": [],
            "failing_lines": []
        }
    ],
    "duration": 34.7
}