{
    "patch": "/home/mmartinez/xTestCluster/Patches/Patches_Wang902/Patches_others/Dcorrect/CapGen/Lang/patch2-Lang-43-CapGen.patch",
    "project": "Lang",
    "bugid": "43",
    "dataset": "Patches_others",
    "date": "2023-02-17T01:02:31.687471",
    "project_checked": "ok",
    "compiledProjectModified": "ok",
    "patchApplied": "ok",
    "arrive_end": "ok",
    "patched_project_pass_all_test": "no",
    "test_execution": [
        {
            "patch": "/home/mmartinez/xTestCluster/Patches/Patches_Wang902/Patches_others/Dcorrect/CapGen/Lang/patch2-Lang-43-CapGen.patch",
            "test": "test_from_WangDRR_patch1-Lang-43-CapGen",
            "failing": 0,
            "testrun": 2879,
            "failings": [],
            "status": "ok",
            "test_executed": [
                "RegressionTest1",
                "RegressionTest3",
                "RegressionTest5",
                "RegressionTest4",
                "RegressionTest2",
                "RegressionTest0"
            ],
            "failing_assertions": [],
            "failing_lines": []
        },
        {
            "patch": "/home/mmartinez/xTestCluster/Patches/Patches_Wang902/Patches_others/Dcorrect/CapGen/Lang/patch2-Lang-43-CapGen.patch",
            "test": "test_from_WangDRR_patch1-Lang-43-CapGen-plausible",
            "failing": 0,
            "testrun": 2846,
            "failings": [],
            "status": "ok",
            "test_executed": [
                "RegressionTest1",
                "RegressionTest3",
                "RegressionTest5",
                "RegressionTest4",
                "RegressionTest2",
                "RegressionTest0"
            ],
            "failing_assertions": [],
            "failing_lines": []
        },
        {
            "patch": "/home/mmartinez/xTestCluster/Patches/Patches_Wang902/Patches_others/Dcorrect/CapGen/Lang/patch2-Lang-43-CapGen.patch",
            "test": "test_from_WangICSE_patch1-Lang-43-TBar-plausible",
            "failing": 0,
            "testrun": 2892,
            "failings": [],
            "status": "ok",
            "test_executed": [
                "RegressionTest1",
                "RegressionTest3",
                "RegressionTest5",
                "RegressionTest4",
                "RegressionTest2",
                "RegressionTest0"
            ],
            "failing_assertions": [],
            "failing_lines": []
        },
        {
            "patch": "/home/mmartinez/xTestCluster/Patches/Patches_Wang902/Patches_others/Dcorrect/CapGen/Lang/patch2-Lang-43-CapGen.patch",
            "test": "test_from_WangICSE_patch1-Lang-43-SimFix",
            "failing": 0,
            "testrun": 2877,
            "failings": [],
            "status": "ok",
            "test_executed": [
                "RegressionTest1",
                "RegressionTest3",
                "RegressionTest5",
                "RegressionTest4",
                "RegressionTest2",
                "RegressionTest0"
            ],
            "failing_assertions": [],
            "failing_lines": []
        },
        {
            "patch": "/home/mmartinez/xTestCluster/Patches/Patches_Wang902/Patches_others/Dcorrect/CapGen/Lang/patch2-Lang-43-CapGen.patch",
            "test": "test_from_WangDRR_patch2-Lang-43-CapGen",
            "failing": 0,
            "testrun": 2899,
            "failings": [],
            "status": "ok",
            "test_executed": [
                "RegressionTest1",
                "RegressionTest3",
                "RegressionTest5",
                "RegressionTest4",
                "RegressionTest2",
                "RegressionTest0"
            ],
            "failing_assertions": [],
            "failing_lines": []
        },
        {
            "patch": "/home/mmartinez/xTestCluster/Patches/Patches_Wang902/Patches_others/Dcorrect/CapGen/Lang/patch2-Lang-43-CapGen.patch",
            "test": "test_from_WangICSE_patch1-Lang-43-kPAR-plausible",
            "failing": 0,
            "testrun": 2867,
            "failings": [],
            "status": "ok",
            "test_executed": [
                "RegressionTest1",
                "RegressionTest3",
                "RegressionTest5",
                "RegressionTest4",
                "RegressionTest2",
                "RegressionTest0"
            ],
            "failing_assertions": [],
            "failing_lines": []
        },
        {
            "patch": "/home/mmartinez/xTestCluster/Patches/Patches_Wang902/Patches_others/Dcorrect/CapGen/Lang/patch2-Lang-43-CapGen.patch",
            "test": "test_from_WangDRR_patch3-Lang-43-CapGen",
            "failing": 0,
            "testrun": 2859,
            "failings": [],
            "status": "ok",
            "test_executed": [
                "RegressionTest1",
                "RegressionTest3",
                "RegressionTest5",
                "RegressionTest4",
                "RegressionTest2",
                "RegressionTest0"
            ],
            "failing_assertions": [],
            "failing_lines": []
        }
    ],
    "duration": 46.13
}