{
    "patch": "/home/mmartinez/xTestCluster/Patches/Patches_Wang902/Patches_ICSE/Doverfitting/TBar/Chart/patch1-Chart-5-TBar-plausible.patch",
    "project": "Chart",
    "bugid": "5",
    "dataset": "Patches_ICSE",
    "date": "2022-12-16T02:24:20.252485",
    "project_checked": "ok",
    "compiledProjectModified": "ok",
    "patchApplied": "ok",
    "arrive_end": "ok",
    "patched_project_pass_all_test": "no",
    "test_execution": [
        {
            "patch": "/home/mmartinez/xTestCluster/Patches/Patches_Wang902/Patches_ICSE/Doverfitting/TBar/Chart/patch1-Chart-5-TBar-plausible.patch",
            "test": "test_from_WangICSE_patch1-Chart-5-Nopol-plausible",
            "failing": 10,
            "testrun": 106,
            "failings": [
                "test091(org.jfree.data.xy.XYSeries_ESTest)",
                "test000(org.jfree.data.xy.XYSeries_ESTest)",
                "test082(org.jfree.data.xy.XYSeries_ESTest)",
                "test083(org.jfree.data.xy.XYSeries_ESTest)",
                "test103(org.jfree.data.xy.XYSeries_ESTest)",
                "test052(org.jfree.data.xy.XYSeries_ESTest)",
                "test029(org.jfree.data.xy.XYSeries_ESTest)",
                "test030(org.jfree.data.xy.XYSeries_ESTest)",
                "test019(org.jfree.data.xy.XYSeries_ESTest)",
                "test014(org.jfree.data.xy.XYSeries_ESTest)"
            ],
            "status": "ok",
            "test_executed": [
                "org.jfree.data.xy.XYSeries_ESTest"
            ],
            "failing_assertions": [
                "java.lang.IndexOutOfBoundsException: Index: -1, Size: 1",
                "java.lang.IndexOutOfBoundsException: Index: -1, Size: 1",
                "java.lang.IndexOutOfBoundsException: Index: -2, Size: 2",
                "java.lang.IndexOutOfBoundsException: Index: -1, Size: 1",
                "java.lang.IndexOutOfBoundsException: Index: -1, Size: 2",
                "java.lang.AssertionError: Expecting exception: RuntimeException",
                "java.lang.AssertionError: expected:<1> but was:<2>",
                "java.lang.AssertionError: expected:<1> but was:<2>",
                "java.lang.AssertionError: expected:<2687.0> but was:<0.0>",
                "java.lang.IndexOutOfBoundsException: Index: -1, Size: 2"
            ],
            "failing_lines": [
                [
                    "org.jfree.data.xy.XYSeries_ESTest.test091(XYSeries_ESTest.java:1304)"
                ],
                [
                    "org.jfree.data.xy.XYSeries_ESTest.test000(XYSeries_ESTest.java:43)"
                ],
                [
                    "org.jfree.data.xy.XYSeries_ESTest.test082(XYSeries_ESTest.java:1191)"
                ],
                [
                    "org.jfree.data.xy.XYSeries_ESTest.test083(XYSeries_ESTest.java:1200)"
                ],
                [
                    "org.jfree.data.xy.XYSeries_ESTest.test103(XYSeries_ESTest.java:1452)"
                ],
                [
                    "org.jfree.data.xy.XYSeries_ESTest.test052(XYSeries_ESTest.java:795)"
                ],
                [
                    "org.jfree.data.xy.XYSeries_ESTest.test029(XYSeries_ESTest.java:396)"
                ],
                [
                    "org.jfree.data.xy.XYSeries_ESTest.test030(XYSeries_ESTest.java:405)"
                ],
                [
                    "org.jfree.data.xy.XYSeries_ESTest.test019(XYSeries_ESTest.java:294)"
                ],
                [
                    "org.jfree.data.xy.XYSeries_ESTest.test014(XYSeries_ESTest.java:235)"
                ]
            ]
        },
        {
            "patch": "/home/mmartinez/xTestCluster/Patches/Patches_Wang902/Patches_ICSE/Doverfitting/TBar/Chart/patch1-Chart-5-TBar-plausible.patch",
            "test": "test_from_WangICSE_patch1-Chart-5-TBar-plausible",
            "failing": 0,
            "testrun": 98,
            "failings": [],
            "status": "ok",
            "test_executed": [
                "org.jfree.data.xy.XYSeries_ESTest"
            ],
            "failing_assertions": [],
            "failing_lines": []
        },
        {
            "patch": "/home/mmartinez/xTestCluster/Patches/Patches_Wang902/Patches_ICSE/Doverfitting/TBar/Chart/patch1-Chart-5-TBar-plausible.patch",
            "test": "test_from_WangICSE_patch1-Chart-5-kPAR-plausible",
            "failing": 4,
            "testrun": 104,
            "failings": [
                "test005(org.jfree.data.xy.XYSeries_ESTest)",
                "test024(org.jfree.data.xy.XYSeries_ESTest)",
                "test034(org.jfree.data.xy.XYSeries_ESTest)",
                "test016(org.jfree.data.xy.XYSeries_ESTest)"
            ],
            "status": "ok",
            "test_executed": [
                "org.jfree.data.xy.XYSeries_ESTest"
            ],
            "failing_assertions": [
                "org.jfree.data.general.SeriesException: No observation for x = 59",
                "java.lang.AssertionError: expected:<NaN> but was:<0.0>",
                "java.lang.AssertionError: expected:<1> but was:<2>",
                "java.lang.AssertionError: expected:<23.0> but was:<0.0>"
            ],
            "failing_lines": [
                [
                    "org.jfree.data.xy.XYSeries_ESTest.test005(XYSeries_ESTest.java:115)"
                ],
                [
                    "org.jfree.data.xy.XYSeries_ESTest.test024(XYSeries_ESTest.java:339)"
                ],
                [
                    "org.jfree.data.xy.XYSeries_ESTest.test034(XYSeries_ESTest.java:449)"
                ],
                [
                    "org.jfree.data.xy.XYSeries_ESTest.test016(XYSeries_ESTest.java:246)"
                ]
            ]
        },
        {
            "patch": "/home/mmartinez/xTestCluster/Patches/Patches_Wang902/Patches_ICSE/Doverfitting/TBar/Chart/patch1-Chart-5-TBar-plausible.patch",
            "test": "test_from_WangICSE_patch1-Chart-5-Arja-plusible",
            "failing": 5,
            "testrun": 103,
            "failings": [
                "test000(org.jfree.data.xy.XYSeries_ESTest)",
                "test088(org.jfree.data.xy.XYSeries_ESTest)",
                "test001(org.jfree.data.xy.XYSeries_ESTest)",
                "test045(org.jfree.data.xy.XYSeries_ESTest)",
                "test027(org.jfree.data.xy.XYSeries_ESTest)"
            ],
            "status": "ok",
            "test_executed": [
                "org.jfree.data.xy.XYSeries_ESTest"
            ],
            "failing_assertions": [
                "java.lang.IndexOutOfBoundsException: Index: -3, Size: 4",
                "java.lang.AssertionError: Expecting exception: RuntimeException",
                "java.lang.IndexOutOfBoundsException: Index: -2, Size: 2",
                "java.lang.AssertionError: Exception was not thrown in java.util.Collections but in org.jfree.data.xy.XYSeries.getItemCount(XYSeries.java:186): java.lang.NullPointerException",
                "java.lang.AssertionError: expected:<1> but was:<2>"
            ],
            "failing_lines": [
                [
                    "org.jfree.data.xy.XYSeries_ESTest.test000(XYSeries_ESTest.java:40)"
                ],
                [
                    "org.jfree.data.xy.XYSeries_ESTest.test088(XYSeries_ESTest.java:1268)"
                ],
                [
                    "org.jfree.data.xy.XYSeries_ESTest.test001(XYSeries_ESTest.java:51)"
                ],
                [
                    "org.jfree.data.xy.XYSeries_ESTest.test045(XYSeries_ESTest.java:671)"
                ],
                [
                    "org.jfree.data.xy.XYSeries_ESTest.test027(XYSeries_ESTest.java:361)"
                ]
            ]
        },
        {
            "patch": "/home/mmartinez/xTestCluster/Patches/Patches_Wang902/Patches_ICSE/Doverfitting/TBar/Chart/patch1-Chart-5-TBar-plausible.patch",
            "test": "test_from_WangICSE_patch1-Chart-5-Kali-plausible",
            "failing": 7,
            "testrun": 105,
            "failings": [
                "test003(org.jfree.data.xy.XYSeries_ESTest)",
                "test090(org.jfree.data.xy.XYSeries_ESTest)",
                "test083(org.jfree.data.xy.XYSeries_ESTest)",
                "test049(org.jfree.data.xy.XYSeries_ESTest)",
                "test051(org.jfree.data.xy.XYSeries_ESTest)",
                "test028(org.jfree.data.xy.XYSeries_ESTest)",
                "test027(org.jfree.data.xy.XYSeries_ESTest)"
            ],
            "status": "ok",
            "test_executed": [
                "org.jfree.data.xy.XYSeries_ESTest"
            ],
            "failing_assertions": [
                "java.lang.IndexOutOfBoundsException: Index: -2, Size: 2",
                "java.lang.AssertionError: Expecting exception: RuntimeException",
                "java.lang.AssertionError: expected:<1> but was:<2>",
                "java.lang.AssertionError: Expecting exception: RuntimeException",
                "java.lang.AssertionError: Expecting exception: RuntimeException",
                "java.lang.AssertionError: expected:<1> but was:<2>",
                "java.lang.AssertionError: expected:<1> but was:<2>"
            ],
            "failing_lines": [
                [
                    "org.jfree.data.xy.XYSeries_ESTest.test003(XYSeries_ESTest.java:88)"
                ],
                [
                    "org.jfree.data.xy.XYSeries_ESTest.test090(XYSeries_ESTest.java:1296)"
                ],
                [
                    "org.jfree.data.xy.XYSeries_ESTest.test083(XYSeries_ESTest.java:1201)"
                ],
                [
                    "org.jfree.data.xy.XYSeries_ESTest.test049(XYSeries_ESTest.java:756)"
                ],
                [
                    "org.jfree.data.xy.XYSeries_ESTest.test051(XYSeries_ESTest.java:791)"
                ],
                [
                    "org.jfree.data.xy.XYSeries_ESTest.test028(XYSeries_ESTest.java:394)"
                ],
                [
                    "org.jfree.data.xy.XYSeries_ESTest.test027(XYSeries_ESTest.java:385)"
                ]
            ]
        },
        {
            "patch": "/home/mmartinez/xTestCluster/Patches/Patches_Wang902/Patches_ICSE/Doverfitting/TBar/Chart/patch1-Chart-5-TBar-plausible.patch",
            "test": "test_from_WangICSE_patch1-Chart-5-jKali-plausible",
            "failing": 5,
            "testrun": 102,
            "failings": [
                "test001(org.jfree.data.xy.XYSeries_ESTest)",
                "test084(org.jfree.data.xy.XYSeries_ESTest)",
                "test078(org.jfree.data.xy.XYSeries_ESTest)",
                "test026(org.jfree.data.xy.XYSeries_ESTest)",
                "test025(org.jfree.data.xy.XYSeries_ESTest)"
            ],
            "status": "ok",
            "test_executed": [
                "org.jfree.data.xy.XYSeries_ESTest"
            ],
            "failing_assertions": [
                "java.lang.IndexOutOfBoundsException: Index: -2, Size: 2",
                "java.lang.AssertionError: Expecting exception: RuntimeException",
                "java.lang.AssertionError: expected:<1> but was:<2>",
                "java.lang.AssertionError: expected:<1> but was:<2>",
                "java.lang.AssertionError: expected:<1> but was:<2>"
            ],
            "failing_lines": [
                [
                    "org.jfree.data.xy.XYSeries_ESTest.test001(XYSeries_ESTest.java:55)"
                ],
                [
                    "org.jfree.data.xy.XYSeries_ESTest.test084(XYSeries_ESTest.java:1204)"
                ],
                [
                    "org.jfree.data.xy.XYSeries_ESTest.test078(XYSeries_ESTest.java:1120)"
                ],
                [
                    "org.jfree.data.xy.XYSeries_ESTest.test026(XYSeries_ESTest.java:350)"
                ],
                [
                    "org.jfree.data.xy.XYSeries_ESTest.test025(XYSeries_ESTest.java:341)"
                ]
            ]
        },
        {
            "patch": "/home/mmartinez/xTestCluster/Patches/Patches_Wang902/Patches_ICSE/Doverfitting/TBar/Chart/patch1-Chart-5-TBar-plausible.patch",
            "test": "test_from_WangICSE_patch1-Chart-5-jGenProg-plausible",
            "failing": 7,
            "testrun": 99,
            "failings": [
                "test70(org.jfree.data.xy.XYSeries_ESTest)",
                "test46(org.jfree.data.xy.XYSeries_ESTest)",
                "test30(org.jfree.data.xy.XYSeries_ESTest)",
                "test29(org.jfree.data.xy.XYSeries_ESTest)",
                "test28(org.jfree.data.xy.XYSeries_ESTest)",
                "test84(org.jfree.data.xy.XYSeries_ESTest)",
                "test00(org.jfree.data.xy.XYSeries_ESTest)"
            ],
            "status": "ok",
            "test_executed": [
                "org.jfree.data.xy.XYSeries_ESTest"
            ],
            "failing_assertions": [
                "java.lang.AssertionError: expected:<1> but was:<2>",
                "java.lang.AssertionError: Expecting exception: RuntimeException",
                "java.lang.AssertionError: expected:<1> but was:<2>",
                "java.lang.AssertionError: expected:<1> but was:<2>",
                "java.lang.AssertionError: expected:<1> but was:<2>",
                "java.lang.AssertionError: Expecting exception: RuntimeException",
                "java.lang.IndexOutOfBoundsException: Index: -1, Size: 2"
            ],
            "failing_lines": [
                [
                    "org.jfree.data.xy.XYSeries_ESTest.test70(XYSeries_ESTest.java:993)"
                ],
                [
                    "org.jfree.data.xy.XYSeries_ESTest.test46(XYSeries_ESTest.java:663)"
                ],
                [
                    "org.jfree.data.xy.XYSeries_ESTest.test30(XYSeries_ESTest.java:392)"
                ],
                [
                    "org.jfree.data.xy.XYSeries_ESTest.test29(XYSeries_ESTest.java:383)"
                ],
                [
                    "org.jfree.data.xy.XYSeries_ESTest.test28(XYSeries_ESTest.java:374)"
                ],
                [
                    "org.jfree.data.xy.XYSeries_ESTest.test84(XYSeries_ESTest.java:1174)"
                ],
                [
                    "org.jfree.data.xy.XYSeries_ESTest.test00(XYSeries_ESTest.java:49)"
                ]
            ]
        },
        {
            "patch": "/home/mmartinez/xTestCluster/Patches/Patches_Wang902/Patches_ICSE/Doverfitting/TBar/Chart/patch1-Chart-5-TBar-plausible.patch",
            "test": "test_from_WangICSE_patch1-Chart-5-DynaMoth-plausible",
            "failing": 6,
            "testrun": 105,
            "failings": [
                "test003(org.jfree.data.xy.XYSeries_ESTest)",
                "test055(org.jfree.data.xy.XYSeries_ESTest)",
                "test053(org.jfree.data.xy.XYSeries_ESTest)",
                "test029(org.jfree.data.xy.XYSeries_ESTest)",
                "test031(org.jfree.data.xy.XYSeries_ESTest)",
                "test030(org.jfree.data.xy.XYSeries_ESTest)"
            ],
            "status": "ok",
            "test_executed": [
                "org.jfree.data.xy.XYSeries_ESTest"
            ],
            "failing_assertions": [
                "java.lang.IndexOutOfBoundsException: Index: -2, Size: 2",
                "java.lang.AssertionError: Expecting exception: RuntimeException",
                "java.lang.AssertionError: Expecting exception: RuntimeException",
                "java.lang.AssertionError: expected:<1> but was:<2>",
                "java.lang.AssertionError: expected:<1> but was:<2>",
                "java.lang.AssertionError: expected:<1> but was:<2>"
            ],
            "failing_lines": [
                [
                    "org.jfree.data.xy.XYSeries_ESTest.test003(XYSeries_ESTest.java:91)"
                ],
                [
                    "org.jfree.data.xy.XYSeries_ESTest.test055(XYSeries_ESTest.java:839)"
                ],
                [
                    "org.jfree.data.xy.XYSeries_ESTest.test053(XYSeries_ESTest.java:803)"
                ],
                [
                    "org.jfree.data.xy.XYSeries_ESTest.test029(XYSeries_ESTest.java:403)"
                ],
                [
                    "org.jfree.data.xy.XYSeries_ESTest.test031(XYSeries_ESTest.java:421)"
                ],
                [
                    "org.jfree.data.xy.XYSeries_ESTest.test030(XYSeries_ESTest.java:412)"
                ]
            ]
        },
        {
            "patch": "/home/mmartinez/xTestCluster/Patches/Patches_Wang902/Patches_ICSE/Doverfitting/TBar/Chart/patch1-Chart-5-TBar-plausible.patch",
            "test": "test_from_WangICSE_patch1-Chart-5-RSRepair-plausible",
            "failing": 4,
            "testrun": 96,
            "failings": [
                "test29(org.jfree.data.xy.XYSeries_ESTest)",
                "test28(org.jfree.data.xy.XYSeries_ESTest)",
                "test16(org.jfree.data.xy.XYSeries_ESTest)",
                "test00(org.jfree.data.xy.XYSeries_ESTest)"
            ],
            "status": "ok",
            "test_executed": [
                "org.jfree.data.xy.XYSeries_ESTest"
            ],
            "failing_assertions": [
                "java.lang.AssertionError: expected:<1> but was:<2>",
                "java.lang.AssertionError: expected:<1> but was:<2>",
                "java.lang.AssertionError: expected:<-3694.769704195712> but was:<0.0>",
                "java.lang.IndexOutOfBoundsException: Index: -3, Size: 4"
            ],
            "failing_lines": [
                [
                    "org.jfree.data.xy.XYSeries_ESTest.test29(XYSeries_ESTest.java:383)"
                ],
                [
                    "org.jfree.data.xy.XYSeries_ESTest.test28(XYSeries_ESTest.java:374)"
                ],
                [
                    "org.jfree.data.xy.XYSeries_ESTest.test16(XYSeries_ESTest.java:244)"
                ],
                [
                    "org.jfree.data.xy.XYSeries_ESTest.test00(XYSeries_ESTest.java:40)"
                ]
            ]
        },
        {
            "patch": "/home/mmartinez/xTestCluster/Patches/Patches_Wang902/Patches_ICSE/Doverfitting/TBar/Chart/patch1-Chart-5-TBar-plausible.patch",
            "test": "test_from_WangICSE_patch1-Chart-5-AVATAR-plausible",
            "failing": 13,
            "testrun": 102,
            "failings": [
                "test084(org.jfree.data.xy.XYSeries_ESTest)",
                "test072(org.jfree.data.xy.XYSeries_ESTest)",
                "test055(org.jfree.data.xy.XYSeries_ESTest)",
                "test053(org.jfree.data.xy.XYSeries_ESTest)",
                "test025(org.jfree.data.xy.XYSeries_ESTest)",
                "test033(org.jfree.data.xy.XYSeries_ESTest)",
                "test031(org.jfree.data.xy.XYSeries_ESTest)",
                "test032(org.jfree.data.xy.XYSeries_ESTest)",
                "test019(org.jfree.data.xy.XYSeries_ESTest)",
                "test018(org.jfree.data.xy.XYSeries_ESTest)",
                "test015(org.jfree.data.xy.XYSeries_ESTest)",
                "test023(org.jfree.data.xy.XYSeries_ESTest)",
                "test020(org.jfree.data.xy.XYSeries_ESTest)"
            ],
            "status": "ok",
            "test_executed": [
                "org.jfree.data.xy.XYSeries_ESTest"
            ],
            "failing_assertions": [
                "java.lang.AssertionError: Expecting exception: IndexOutOfBoundsException",
                "java.lang.IndexOutOfBoundsException: Index: -1, Size: 1",
                "java.lang.AssertionError: Expecting exception: RuntimeException",
                "java.lang.AssertionError: Expecting exception: RuntimeException",
                "java.lang.AssertionError: expected:<-21.123> but was:<0.0>",
                "java.lang.AssertionError: expected:<1> but was:<2>",
                "java.lang.AssertionError: expected:<1> but was:<2>",
                "java.lang.AssertionError: expected:<1> but was:<2>",
                "java.lang.AssertionError: expected:<-3497.72512495> but was:<0.0>",
                "java.lang.AssertionError: expected:<151.0> but was:<0.0>",
                "java.lang.ArrayIndexOutOfBoundsException: -2",
                "java.lang.IndexOutOfBoundsException: Index: -1, Size: 1",
                "java.lang.AssertionError: expected:<1> but was:<-3>"
            ],
            "failing_lines": [
                [
                    "org.jfree.data.xy.XYSeries_ESTest.test084(XYSeries_ESTest.java:1222)"
                ],
                [
                    "org.jfree.data.xy.XYSeries_ESTest.test072(XYSeries_ESTest.java:1088)"
                ],
                [
                    "org.jfree.data.xy.XYSeries_ESTest.test055(XYSeries_ESTest.java:856)"
                ],
                [
                    "org.jfree.data.xy.XYSeries_ESTest.test053(XYSeries_ESTest.java:820)"
                ],
                [
                    "org.jfree.data.xy.XYSeries_ESTest.test025(XYSeries_ESTest.java:388)"
                ],
                [
                    "org.jfree.data.xy.XYSeries_ESTest.test033(XYSeries_ESTest.java:471)"
                ],
                [
                    "org.jfree.data.xy.XYSeries_ESTest.test031(XYSeries_ESTest.java:454)"
                ],
                [
                    "org.jfree.data.xy.XYSeries_ESTest.test032(XYSeries_ESTest.java:463)"
                ],
                [
                    "org.jfree.data.xy.XYSeries_ESTest.test019(XYSeries_ESTest.java:309)"
                ],
                [
                    "org.jfree.data.xy.XYSeries_ESTest.test018(XYSeries_ESTest.java:299)"
                ],
                [
                    "org.jfree.data.xy.XYSeries_ESTest.test015(XYSeries_ESTest.java:262)"
                ],
                [
                    "org.jfree.data.xy.XYSeries_ESTest.test023(XYSeries_ESTest.java:357)"
                ],
                [
                    "org.jfree.data.xy.XYSeries_ESTest.test020(XYSeries_ESTest.java:325)"
                ]
            ]
        }
    ],
    "duration": 55.79
}