{
    "patch": "/home/mmartinez/xTestCluster/Patches/Patches_Wang902/Patches_ICSE/Dsame/TBar/Lang/patch1-Lang-59-TBar.patch",
    "project": "Lang",
    "bugid": "59",
    "dataset": "Patches_ICSE",
    "date": "2022-12-16T06:19:27.725435",
    "project_checked": "ok",
    "compiledProjectModified": "ok",
    "patchApplied": "ok",
    "arrive_end": "ok",
    "patched_project_pass_all_test": "no",
    "test_execution": [
        {
            "patch": "/home/mmartinez/xTestCluster/Patches/Patches_Wang902/Patches_ICSE/Dsame/TBar/Lang/patch1-Lang-59-TBar.patch",
            "test": "test_from_WangICSE_patch1-Lang-59-TBar",
            "failing": 0,
            "testrun": 339,
            "failings": [],
            "status": "ok",
            "test_executed": [
                "org.apache.commons.lang.text.StrBuilder_ESTest"
            ],
            "failing_assertions": [],
            "failing_lines": []
        },
        {
            "patch": "/home/mmartinez/xTestCluster/Patches/Patches_Wang902/Patches_ICSE/Dsame/TBar/Lang/patch1-Lang-59-TBar.patch",
            "test": "test_from_WangDRR_patch11-Lang-59-CapGen-plausible",
            "failing": 2,
            "testrun": 365,
            "failings": [
                "test115(org.apache.commons.lang.text.StrBuilder_ESTest)",
                "test147(org.apache.commons.lang.text.StrBuilder_ESTest)"
            ],
            "status": "ok",
            "test_executed": [
                "org.apache.commons.lang.text.StrBuilder_ESTest"
            ],
            "failing_assertions": [
                "java.lang.AssertionError: Expecting exception: ArrayIndexOutOfBoundsException",
                "java.lang.AssertionError: Expecting exception: ArrayIndexOutOfBoundsException"
            ],
            "failing_lines": [
                [
                    "org.apache.commons.lang.text.StrBuilder_ESTest.test115(StrBuilder_ESTest.java:4242)"
                ],
                [
                    "org.apache.commons.lang.text.StrBuilder_ESTest.test147(StrBuilder_ESTest.java:5125)"
                ]
            ]
        },
        {
            "patch": "/home/mmartinez/xTestCluster/Patches/Patches_Wang902/Patches_ICSE/Dsame/TBar/Lang/patch1-Lang-59-TBar.patch",
            "test": "test_from_WangDRR_patch13-Lang-59-CapGen-plausible",
            "failing": 1,
            "testrun": 354,
            "failings": [
                "test134(org.apache.commons.lang.text.StrBuilder_ESTest)"
            ],
            "status": "ok",
            "test_executed": [
                "org.apache.commons.lang.text.StrBuilder_ESTest"
            ],
            "failing_assertions": [
                "java.lang.AssertionError: Expecting exception: ArrayIndexOutOfBoundsException"
            ],
            "failing_lines": [
                [
                    "org.apache.commons.lang.text.StrBuilder_ESTest.test134(StrBuilder_ESTest.java:5240)"
                ]
            ]
        },
        {
            "patch": "/home/mmartinez/xTestCluster/Patches/Patches_Wang902/Patches_ICSE/Dsame/TBar/Lang/patch1-Lang-59-TBar.patch",
            "test": "test_from_WangDRR_patch1-Lang-59-SequenceR",
            "failing": 0,
            "testrun": 362,
            "failings": [],
            "status": "ok",
            "test_executed": [
                "org.apache.commons.lang.text.StrBuilder_ESTest"
            ],
            "failing_assertions": [],
            "failing_lines": []
        },
        {
            "patch": "/home/mmartinez/xTestCluster/Patches/Patches_Wang902/Patches_ICSE/Dsame/TBar/Lang/patch1-Lang-59-TBar.patch",
            "test": "test_from_WangDRR_patch8-Lang-59-CapGen-plausible",
            "failing": 1,
            "testrun": 340,
            "failings": [
                "test315(org.apache.commons.lang.text.StrBuilder_ESTest)"
            ],
            "status": "ok",
            "test_executed": [
                "org.apache.commons.lang.text.StrBuilder_ESTest"
            ],
            "failing_assertions": [
                "java.lang.AssertionError: Expecting exception: ArrayIndexOutOfBoundsException"
            ],
            "failing_lines": [
                [
                    "org.apache.commons.lang.text.StrBuilder_ESTest.test315(StrBuilder_ESTest.java:8487)"
                ]
            ]
        },
        {
            "patch": "/home/mmartinez/xTestCluster/Patches/Patches_Wang902/Patches_ICSE/Dsame/TBar/Lang/patch1-Lang-59-TBar.patch",
            "test": "test_from_WangDRR_patch5-Lang-59-CapGen-plausible",
            "failing": 2,
            "testrun": 357,
            "failings": [
                "test104(org.apache.commons.lang.text.StrBuilder_ESTest)",
                "test103(org.apache.commons.lang.text.StrBuilder_ESTest)"
            ],
            "status": "ok",
            "test_executed": [
                "org.apache.commons.lang.text.StrBuilder_ESTest"
            ],
            "failing_assertions": [
                "java.lang.AssertionError: Expecting exception: ArrayIndexOutOfBoundsException",
                "java.lang.AssertionError: Expecting exception: ArrayIndexOutOfBoundsException"
            ],
            "failing_lines": [
                [
                    "org.apache.commons.lang.text.StrBuilder_ESTest.test104(StrBuilder_ESTest.java:3815)"
                ],
                [
                    "org.apache.commons.lang.text.StrBuilder_ESTest.test103(StrBuilder_ESTest.java:3778)"
                ]
            ]
        },
        {
            "patch": "/home/mmartinez/xTestCluster/Patches/Patches_Wang902/Patches_ICSE/Dsame/TBar/Lang/patch1-Lang-59-TBar.patch",
            "test": "test_from_WangDRR_patch9-Lang-59-CapGen-plausible",
            "failing": 3,
            "testrun": 345,
            "failings": [
                "test116(org.apache.commons.lang.text.StrBuilder_ESTest)",
                "test115(org.apache.commons.lang.text.StrBuilder_ESTest)",
                "test098(org.apache.commons.lang.text.StrBuilder_ESTest)"
            ],
            "status": "ok",
            "test_executed": [
                "org.apache.commons.lang.text.StrBuilder_ESTest"
            ],
            "failing_assertions": [
                "java.lang.AssertionError: Expecting exception: ArrayIndexOutOfBoundsException",
                "java.lang.AssertionError: expected:<1296> but was:<1292>",
                "java.lang.AssertionError: Expecting exception: ArrayIndexOutOfBoundsException"
            ],
            "failing_lines": [
                [
                    "org.apache.commons.lang.text.StrBuilder_ESTest.test116(StrBuilder_ESTest.java:4706)"
                ],
                [
                    "org.apache.commons.lang.text.StrBuilder_ESTest.test115(StrBuilder_ESTest.java:4660)"
                ],
                [
                    "org.apache.commons.lang.text.StrBuilder_ESTest.test098(StrBuilder_ESTest.java:3973)"
                ]
            ]
        },
        {
            "patch": "/home/mmartinez/xTestCluster/Patches/Patches_Wang902/Patches_ICSE/Dsame/TBar/Lang/patch1-Lang-59-TBar.patch",
            "test": "test_from_WangDRR_patch1-Lang-59-CapGen-plausible",
            "failing": 2,
            "testrun": 359,
            "failings": [
                "test133(org.apache.commons.lang.text.StrBuilder_ESTest)",
                "test247(org.apache.commons.lang.text.StrBuilder_ESTest)"
            ],
            "status": "ok",
            "test_executed": [
                "org.apache.commons.lang.text.StrBuilder_ESTest"
            ],
            "failing_assertions": [
                "java.lang.AssertionError: Expecting exception: ArrayIndexOutOfBoundsException",
                "java.lang.AssertionError: Expecting exception: ArrayIndexOutOfBoundsException"
            ],
            "failing_lines": [
                [
                    "org.apache.commons.lang.text.StrBuilder_ESTest.test133(StrBuilder_ESTest.java:4370)"
                ],
                [
                    "org.apache.commons.lang.text.StrBuilder_ESTest.test247(StrBuilder_ESTest.java:7555)"
                ]
            ]
        },
        {
            "patch": "/home/mmartinez/xTestCluster/Patches/Patches_Wang902/Patches_ICSE/Dsame/TBar/Lang/patch1-Lang-59-TBar.patch",
            "test": "test_from_WangDRR_patch2-Lang-59-CapGen-plausible",
            "failing": 2,
            "testrun": 356,
            "failings": [
                "test137(org.apache.commons.lang.text.StrBuilder_ESTest)",
                "test328(org.apache.commons.lang.text.StrBuilder_ESTest)"
            ],
            "status": "ok",
            "test_executed": [
                "org.apache.commons.lang.text.StrBuilder_ESTest"
            ],
            "failing_assertions": [
                "java.lang.AssertionError: Expecting exception: ArrayIndexOutOfBoundsException",
                "java.lang.AssertionError: Expecting exception: ArrayIndexOutOfBoundsException"
            ],
            "failing_lines": [
                [
                    "org.apache.commons.lang.text.StrBuilder_ESTest.test137(StrBuilder_ESTest.java:4612)"
                ],
                [
                    "org.apache.commons.lang.text.StrBuilder_ESTest.test328(StrBuilder_ESTest.java:9173)"
                ]
            ]
        },
        {
            "patch": "/home/mmartinez/xTestCluster/Patches/Patches_Wang902/Patches_ICSE/Dsame/TBar/Lang/patch1-Lang-59-TBar.patch",
            "test": "test_from_WangDRR_patch1-Lang-59-CapGen",
            "failing": 0,
            "testrun": 357,
            "failings": [],
            "status": "ok",
            "test_executed": [
                "org.apache.commons.lang.text.StrBuilder_ESTest"
            ],
            "failing_assertions": [],
            "failing_lines": []
        },
        {
            "patch": "/home/mmartinez/xTestCluster/Patches/Patches_Wang902/Patches_ICSE/Dsame/TBar/Lang/patch1-Lang-59-TBar.patch",
            "test": "test_from_WangICSE_patch1-Lang-59-kPAR-plausible",
            "failing": 7,
            "testrun": 360,
            "failings": [
                "test333(org.apache.commons.lang.text.StrBuilder_ESTest)",
                "test014(org.apache.commons.lang.text.StrBuilder_ESTest)",
                "test137(org.apache.commons.lang.text.StrBuilder_ESTest)",
                "test136(org.apache.commons.lang.text.StrBuilder_ESTest)",
                "test195(org.apache.commons.lang.text.StrBuilder_ESTest)",
                "test067(org.apache.commons.lang.text.StrBuilder_ESTest)",
                "test303(org.apache.commons.lang.text.StrBuilder_ESTest)"
            ],
            "status": "ok",
            "test_executed": [
                "org.apache.commons.lang.text.StrBuilder_ESTest"
            ],
            "failing_assertions": [
                "java.lang.AssertionError: Expecting exception: ArrayIndexOutOfBoundsException",
                "java.lang.AssertionError: expected:<70> but was:<32>",
                "java.lang.AssertionError: Expecting exception: ArrayIndexOutOfBoundsException",
                "java.lang.AssertionError: expected:<115> but was:<44>",
                "java.lang.AssertionError: expected:<70> but was:<39>",
                "java.lang.AssertionError: expected:<70> but was:<32>",
                "java.lang.AssertionError: expected:<107> but was:<33>"
            ],
            "failing_lines": [
                [
                    "org.apache.commons.lang.text.StrBuilder_ESTest.test333(StrBuilder_ESTest.java:8233)"
                ],
                [
                    "org.apache.commons.lang.text.StrBuilder_ESTest.test014(StrBuilder_ESTest.java:611)"
                ],
                [
                    "org.apache.commons.lang.text.StrBuilder_ESTest.test137(StrBuilder_ESTest.java:4823)"
                ],
                [
                    "org.apache.commons.lang.text.StrBuilder_ESTest.test136(StrBuilder_ESTest.java:4793)"
                ],
                [
                    "org.apache.commons.lang.text.StrBuilder_ESTest.test195(StrBuilder_ESTest.java:6527)"
                ],
                [
                    "org.apache.commons.lang.text.StrBuilder_ESTest.test067(StrBuilder_ESTest.java:2454)"
                ],
                [
                    "org.apache.commons.lang.text.StrBuilder_ESTest.test303(StrBuilder_ESTest.java:7910)"
                ]
            ]
        },
        {
            "patch": "/home/mmartinez/xTestCluster/Patches/Patches_Wang902/Patches_ICSE/Dsame/TBar/Lang/patch1-Lang-59-TBar.patch",
            "test": "test_from_WangDRR_patch7-Lang-59-CapGen-plausible",
            "failing": 2,
            "testrun": 369,
            "failings": [
                "test127(org.apache.commons.lang.text.StrBuilder_ESTest)",
                "test150(org.apache.commons.lang.text.StrBuilder_ESTest)"
            ],
            "status": "ok",
            "test_executed": [
                "org.apache.commons.lang.text.StrBuilder_ESTest"
            ],
            "failing_assertions": [
                "java.lang.AssertionError: Expecting exception: ArrayIndexOutOfBoundsException",
                "java.lang.AssertionError: Expecting exception: ArrayIndexOutOfBoundsException"
            ],
            "failing_lines": [
                [
                    "org.apache.commons.lang.text.StrBuilder_ESTest.test127(StrBuilder_ESTest.java:4930)"
                ],
                [
                    "org.apache.commons.lang.text.StrBuilder_ESTest.test150(StrBuilder_ESTest.java:5660)"
                ]
            ]
        },
        {
            "patch": "/home/mmartinez/xTestCluster/Patches/Patches_Wang902/Patches_ICSE/Dsame/TBar/Lang/patch1-Lang-59-TBar.patch",
            "test": "test_from_WangDRR_patch10-Lang-59-CapGen-plausible",
            "failing": 2,
            "testrun": 360,
            "failings": [
                "test115(org.apache.commons.lang.text.StrBuilder_ESTest)",
                "test139(org.apache.commons.lang.text.StrBuilder_ESTest)"
            ],
            "status": "ok",
            "test_executed": [
                "org.apache.commons.lang.text.StrBuilder_ESTest"
            ],
            "failing_assertions": [
                "java.lang.AssertionError: Expecting exception: ArrayIndexOutOfBoundsException",
                "java.lang.AssertionError: Expecting exception: ArrayIndexOutOfBoundsException"
            ],
            "failing_lines": [
                [
                    "org.apache.commons.lang.text.StrBuilder_ESTest.test115(StrBuilder_ESTest.java:4300)"
                ],
                [
                    "org.apache.commons.lang.text.StrBuilder_ESTest.test139(StrBuilder_ESTest.java:5215)"
                ]
            ]
        },
        {
            "patch": "/home/mmartinez/xTestCluster/Patches/Patches_Wang902/Patches_ICSE/Dsame/TBar/Lang/patch1-Lang-59-TBar.patch",
            "test": "test_from_WangDRR_patch12-Lang-59-CapGen-plausible",
            "failing": 2,
            "testrun": 362,
            "failings": [
                "test120(org.apache.commons.lang.text.StrBuilder_ESTest)",
                "test257(org.apache.commons.lang.text.StrBuilder_ESTest)"
            ],
            "status": "ok",
            "test_executed": [
                "org.apache.commons.lang.text.StrBuilder_ESTest"
            ],
            "failing_assertions": [
                "java.lang.AssertionError: Expecting exception: ArrayIndexOutOfBoundsException",
                "java.lang.AssertionError: Expecting exception: ArrayIndexOutOfBoundsException"
            ],
            "failing_lines": [
                [
                    "org.apache.commons.lang.text.StrBuilder_ESTest.test120(StrBuilder_ESTest.java:4431)"
                ],
                [
                    "org.apache.commons.lang.text.StrBuilder_ESTest.test257(StrBuilder_ESTest.java:7775)"
                ]
            ]
        },
        {
            "patch": "/home/mmartinez/xTestCluster/Patches/Patches_Wang902/Patches_ICSE/Dsame/TBar/Lang/patch1-Lang-59-TBar.patch",
            "test": "test_from_WangDRR_patch6-Lang-59-CapGen-plausible",
            "failing": 1,
            "testrun": 367,
            "failings": [
                "test265(org.apache.commons.lang.text.StrBuilder_ESTest)"
            ],
            "status": "ok",
            "test_executed": [
                "org.apache.commons.lang.text.StrBuilder_ESTest"
            ],
            "failing_assertions": [
                "java.lang.AssertionError: Expecting exception: ArrayIndexOutOfBoundsException"
            ],
            "failing_lines": [
                [
                    "org.apache.commons.lang.text.StrBuilder_ESTest.test265(StrBuilder_ESTest.java:8429)"
                ]
            ]
        },
        {
            "patch": "/home/mmartinez/xTestCluster/Patches/Patches_Wang902/Patches_ICSE/Dsame/TBar/Lang/patch1-Lang-59-TBar.patch",
            "test": "test_from_WangDRR_patch4-Lang-59-CapGen-plausible",
            "failing": 1,
            "testrun": 348,
            "failings": [
                "test235(org.apache.commons.lang.text.StrBuilder_ESTest)"
            ],
            "status": "ok",
            "test_executed": [
                "org.apache.commons.lang.text.StrBuilder_ESTest"
            ],
            "failing_assertions": [
                "java.lang.AssertionError: Expecting exception: ArrayIndexOutOfBoundsException"
            ],
            "failing_lines": [
                [
                    "org.apache.commons.lang.text.StrBuilder_ESTest.test235(StrBuilder_ESTest.java:7509)"
                ]
            ]
        },
        {
            "patch": "/home/mmartinez/xTestCluster/Patches/Patches_Wang902/Patches_ICSE/Dsame/TBar/Lang/patch1-Lang-59-TBar.patch",
            "test": "test_from_WangICSE_patch1-Lang-59-AVATAR-plausible",
            "failing": 9,
            "testrun": 353,
            "failings": [
                "test006(org.apache.commons.lang.text.StrBuilder_ESTest)",
                "test117(org.apache.commons.lang.text.StrBuilder_ESTest)",
                "test116(org.apache.commons.lang.text.StrBuilder_ESTest)",
                "test224(org.apache.commons.lang.text.StrBuilder_ESTest)",
                "test149(org.apache.commons.lang.text.StrBuilder_ESTest)",
                "test143(org.apache.commons.lang.text.StrBuilder_ESTest)",
                "test199(org.apache.commons.lang.text.StrBuilder_ESTest)",
                "test069(org.apache.commons.lang.text.StrBuilder_ESTest)",
                "test063(org.apache.commons.lang.text.StrBuilder_ESTest)"
            ],
            "status": "ok",
            "test_executed": [
                "org.apache.commons.lang.text.StrBuilder_ESTest"
            ],
            "failing_assertions": [
                "java.lang.AssertionError: expected:<2192> but was:<2114>",
                "java.lang.AssertionError: expected:<169> but was:<115>",
                "java.lang.AssertionError: Expecting exception: ArrayIndexOutOfBoundsException",
                "java.lang.AssertionError: expected:<169> but was:<115>",
                "java.lang.AssertionError: expected:<615> but was:<503>",
                "java.lang.AssertionError: expected:<2192> but was:<2114>",
                "java.lang.AssertionError: expected:<954> but was:<874>",
                "java.lang.AssertionError: expected:<2192> but was:<2114>",
                "java.lang.AssertionError: expected:<61> but was:<32>"
            ],
            "failing_lines": [
                [
                    "org.apache.commons.lang.text.StrBuilder_ESTest.test006(StrBuilder_ESTest.java:450)"
                ],
                [
                    "org.apache.commons.lang.text.StrBuilder_ESTest.test117(StrBuilder_ESTest.java:4787)"
                ],
                [
                    "org.apache.commons.lang.text.StrBuilder_ESTest.test116(StrBuilder_ESTest.java:4760)"
                ],
                [
                    "org.apache.commons.lang.text.StrBuilder_ESTest.test224(StrBuilder_ESTest.java:8085)"
                ],
                [
                    "org.apache.commons.lang.text.StrBuilder_ESTest.test149(StrBuilder_ESTest.java:5816)"
                ],
                [
                    "org.apache.commons.lang.text.StrBuilder_ESTest.test143(StrBuilder_ESTest.java:5599)"
                ],
                [
                    "org.apache.commons.lang.text.StrBuilder_ESTest.test199(StrBuilder_ESTest.java:7500)"
                ],
                [
                    "org.apache.commons.lang.text.StrBuilder_ESTest.test069(StrBuilder_ESTest.java:2953)"
                ],
                [
                    "org.apache.commons.lang.text.StrBuilder_ESTest.test063(StrBuilder_ESTest.java:2728)"
                ]
            ]
        },
        {
            "patch": "/home/mmartinez/xTestCluster/Patches/Patches_Wang902/Patches_ICSE/Dsame/TBar/Lang/patch1-Lang-59-TBar.patch",
            "test": "test_from_WangDRR_patch3-Lang-59-CapGen-plausible",
            "failing": 2,
            "testrun": 338,
            "failings": [
                "test122(org.apache.commons.lang.text.StrBuilder_ESTest)",
                "test099(org.apache.commons.lang.text.StrBuilder_ESTest)"
            ],
            "status": "ok",
            "test_executed": [
                "org.apache.commons.lang.text.StrBuilder_ESTest"
            ],
            "failing_assertions": [
                "java.lang.AssertionError: Expecting exception: ArrayIndexOutOfBoundsException",
                "java.lang.AssertionError: Expecting exception: ArrayIndexOutOfBoundsException"
            ],
            "failing_lines": [
                [
                    "org.apache.commons.lang.text.StrBuilder_ESTest.test122(StrBuilder_ESTest.java:4604)"
                ],
                [
                    "org.apache.commons.lang.text.StrBuilder_ESTest.test099(StrBuilder_ESTest.java:3923)"
                ]
            ]
        }
    ],
    "duration": 77.94
}