{
    "patch": "/home/mmartinez/xTestCluster/Patches/Patches_Wang902/Patches_ICSE/Doverfitting/GenProg/Math/patch1-Math-40-GenProg-plausible.patch",
    "project": "Math",
    "bugid": "40",
    "dataset": "Patches_ICSE",
    "date": "2022-12-16T03:21:38.389294",
    "project_checked": "ok",
    "compiledProjectModified": "ok",
    "patchApplied": "ok",
    "arrive_end": "ok",
    "patched_project_pass_all_test": "no",
    "test_execution": [
        {
            "patch": "/home/mmartinez/xTestCluster/Patches/Patches_Wang902/Patches_ICSE/Doverfitting/GenProg/Math/patch1-Math-40-GenProg-plausible.patch",
            "test": "test_from_WangICSE_patch1-Math-40-Arja-plausible",
            "failing": 6,
            "testrun": 31,
            "failings": [
                "test14(org.apache.commons.math.analysis.solvers.BracketingNthOrderBrentSolver_ESTest)",
                "test13(org.apache.commons.math.analysis.solvers.BracketingNthOrderBrentSolver_ESTest)",
                "test11(org.apache.commons.math.analysis.solvers.BracketingNthOrderBrentSolver_ESTest)",
                "test19(org.apache.commons.math.analysis.solvers.BracketingNthOrderBrentSolver_ESTest)",
                "test21(org.apache.commons.math.analysis.solvers.BracketingNthOrderBrentSolver_ESTest)",
                "test29(org.apache.commons.math.analysis.solvers.BracketingNthOrderBrentSolver_ESTest)"
            ],
            "status": "ok",
            "test_executed": [
                "org.apache.commons.math.analysis.solvers.BracketingNthOrderBrentSolver_ESTest"
            ],
            "failing_assertions": [
                "03:21:58.991 [main] INFO org.evosuite.runtime.instrumentation.EvoClassLoader - Seeing class for first time: META-INF/localization/LocalizedFormats",
                "java.lang.AssertionError: Exception was not thrown in org.apache.commons.math.util.MathUtils but in org.apache.commons.math.analysis.solvers.UnivariateRealSolverUtils.verifyInterval(UnivariateRealSolverUtils.java:337): org.evosuite.runtime.mock.java.lang.MockThrowable",
                "java.lang.AssertionError: Expecting exception: ArrayIndexOutOfBoundsException",
                "java.lang.AssertionError: expected:<329.86722862692835> but was:<336.15041481556455>",
                "java.lang.AssertionError: expected:<-1082.2786687781804> but was:<416.2610267134881>",
                "java.lang.AssertionError: expected:<191.63715256012262> but was:<304.73448778383>"
            ],
            "failing_lines": [
                [
                    "org.apache.commons.math.analysis.solvers.BracketingNthOrderBrentSolver_ESTest.test14(BracketingNthOrderBrentSolver_ESTest.java:220)"
                ],
                [
                    "org.apache.commons.math.analysis.solvers.BracketingNthOrderBrentSolver_ESTest.test13(BracketingNthOrderBrentSolver_ESTest.java:209)"
                ],
                [
                    "org.apache.commons.math.analysis.solvers.BracketingNthOrderBrentSolver_ESTest.test11(BracketingNthOrderBrentSolver_ESTest.java:172)"
                ],
                [
                    "org.apache.commons.math.analysis.solvers.BracketingNthOrderBrentSolver_ESTest.test19(BracketingNthOrderBrentSolver_ESTest.java:284)"
                ],
                [
                    "org.apache.commons.math.analysis.solvers.BracketingNthOrderBrentSolver_ESTest.test21(BracketingNthOrderBrentSolver_ESTest.java:307)"
                ],
                [
                    "org.apache.commons.math.analysis.solvers.BracketingNthOrderBrentSolver_ESTest.test29(BracketingNthOrderBrentSolver_ESTest.java:418)"
                ]
            ]
        },
        {
            "patch": "/home/mmartinez/xTestCluster/Patches/Patches_Wang902/Patches_ICSE/Doverfitting/GenProg/Math/patch1-Math-40-GenProg-plausible.patch",
            "test": "test_from_WangICSE_patch1-Math-40-kPAR-plausible",
            "failing": 3,
            "testrun": 33,
            "failings": [
                "test16(org.apache.commons.math.analysis.solvers.BracketingNthOrderBrentSolver_ESTest)",
                "test11(org.apache.commons.math.analysis.solvers.BracketingNthOrderBrentSolver_ESTest)",
                "test23(org.apache.commons.math.analysis.solvers.BracketingNthOrderBrentSolver_ESTest)"
            ],
            "status": "ok",
            "test_executed": [
                "org.apache.commons.math.analysis.solvers.BracketingNthOrderBrentSolver_ESTest"
            ],
            "failing_assertions": [
                "java.lang.AssertionError: expected:<147.654854718709> but was:<116.23892818282235>",
                "java.lang.AssertionError: Expecting exception: ArrayIndexOutOfBoundsException",
                "java.lang.AssertionError: expected:<-75.39822368615498> but was:<-69.11503755327126>"
            ],
            "failing_lines": [
                [
                    "org.apache.commons.math.analysis.solvers.BracketingNthOrderBrentSolver_ESTest.test16(BracketingNthOrderBrentSolver_ESTest.java:259)"
                ],
                [
                    "org.apache.commons.math.analysis.solvers.BracketingNthOrderBrentSolver_ESTest.test11(BracketingNthOrderBrentSolver_ESTest.java:172)"
                ],
                [
                    "org.apache.commons.math.analysis.solvers.BracketingNthOrderBrentSolver_ESTest.test23(BracketingNthOrderBrentSolver_ESTest.java:336)"
                ]
            ]
        },
        {
            "patch": "/home/mmartinez/xTestCluster/Patches/Patches_Wang902/Patches_ICSE/Doverfitting/GenProg/Math/patch1-Math-40-GenProg-plausible.patch",
            "test": "test_from_WangICSE_patch1-Math-40-GenProg-plausible",
            "failing": 0,
            "testrun": 69,
            "failings": [],
            "status": "ok",
            "test_executed": [
                "org.apache.commons.math.analysis.solvers.BracketingNthOrderBrentSolver_ESTest",
                "org.apache.commons.math.analysis.solvers.BaseAbstractUnivariateRealSolver_ESTest"
            ],
            "failing_assertions": [],
            "failing_lines": []
        },
        {
            "patch": "/home/mmartinez/xTestCluster/Patches/Patches_Wang902/Patches_ICSE/Doverfitting/GenProg/Math/patch1-Math-40-GenProg-plausible.patch",
            "test": "test_from_WangICSE_patch1-Math-40-RSRepair-plausible",
            "failing": 1,
            "testrun": 31,
            "failings": [
                "test12(org.apache.commons.math.analysis.solvers.BracketingNthOrderBrentSolver_ESTest)"
            ],
            "status": "ok",
            "test_executed": [
                "org.apache.commons.math.analysis.solvers.BracketingNthOrderBrentSolver_ESTest"
            ],
            "failing_assertions": [
                "java.lang.AssertionError: Exception was not thrown in org.apache.commons.math.util.MathUtils but in org.apache.commons.math.analysis.solvers.UnivariateRealSolverUtils.verifyInterval(UnivariateRealSolverUtils.java:337): org.evosuite.runtime.mock.java.lang.MockThrowable"
            ],
            "failing_lines": [
                [
                    "org.apache.commons.math.analysis.solvers.BracketingNthOrderBrentSolver_ESTest.test12(BracketingNthOrderBrentSolver_ESTest.java:359)"
                ]
            ]
        }
    ],
    "duration": 27.92
}