{
    "patch": "/home/mmartinez/xTestCluster/Patches/Patches_Wang902/Patches_others/Doverfitting/SequenceR/Closure/patch1-Closure-38-SequenceR.patch",
    "project": "Closure",
    "bugid": "38",
    "dataset": "Patches_others",
    "date": "2023-02-04T02:33:39.930059",
    "project_checked": "ok",
    "compiledProjectModified": "ok",
    "patchApplied": "ok",
    "arrive_end": "ok",
    "patched_project_pass_all_test": "no",
    "test_execution": [
        {
            "patch": "/home/mmartinez/xTestCluster/Patches/Patches_Wang902/Patches_others/Doverfitting/SequenceR/Closure/patch1-Closure-38-SequenceR.patch",
            "test": "test_from_WangDRR_patch3-Closure-38-SequenceR",
            "failing": 0,
            "testrun": 7,
            "failings": [],
            "status": "ok",
            "test_executed": [
                "com.google.javascript.jscomp.CodeConsumer_ESTest"
            ],
            "failing_assertions": [],
            "failing_lines": []
        },
        {
            "patch": "/home/mmartinez/xTestCluster/Patches/Patches_Wang902/Patches_others/Doverfitting/SequenceR/Closure/patch1-Closure-38-SequenceR.patch",
            "test": "test_from_WangICSE_patch1-Closure-38-AVATAR",
            "failing": 0,
            "testrun": 7,
            "failings": [],
            "status": "ok",
            "test_executed": [
                "com.google.javascript.jscomp.CodeConsumer_ESTest"
            ],
            "failing_assertions": [],
            "failing_lines": []
        },
        {
            "patch": "/home/mmartinez/xTestCluster/Patches/Patches_Wang902/Patches_others/Doverfitting/SequenceR/Closure/patch1-Closure-38-SequenceR.patch",
            "test": "test_from_WangDRR_patch1-Closure-38-SequenceR",
            "failing": 0,
            "testrun": 7,
            "failings": [],
            "status": "ok",
            "test_executed": [
                "com.google.javascript.jscomp.CodeConsumer_ESTest"
            ],
            "failing_assertions": [],
            "failing_lines": []
        },
        {
            "patch": "/home/mmartinez/xTestCluster/Patches/Patches_Wang902/Patches_others/Doverfitting/SequenceR/Closure/patch1-Closure-38-SequenceR.patch",
            "test": "test_from_WangDRR_patch2-Closure-38-SequenceR",
            "failing": 0,
            "testrun": 7,
            "failings": [],
            "status": "ok",
            "test_executed": [
                "com.google.javascript.jscomp.CodeConsumer_ESTest"
            ],
            "failing_assertions": [],
            "failing_lines": []
        },
        {
            "patch": "/home/mmartinez/xTestCluster/Patches/Patches_Wang902/Patches_others/Doverfitting/SequenceR/Closure/patch1-Closure-38-SequenceR.patch",
            "test": "test_from_WangICSE_patch1-Closure-38-SimFix-plausible",
            "failing": 0,
            "testrun": 7,
            "failings": [],
            "status": "ok",
            "test_executed": [
                "com.google.javascript.jscomp.CodeConsumer_ESTest"
            ],
            "failing_assertions": [],
            "failing_lines": []
        }
    ],
    "duration": 26.51
}