{
    "patch": "/home/mmartinez/xTestCluster/Patches/Patches_Wang902/Patches_ICSE/Doverfitting/DynaMoth/Math/patch1-Math-71-DynaMoth-plausible.patch",
    "project": "Math",
    "bugid": "71",
    "dataset": "Patches_ICSE",
    "date": "2023-02-01T19:52:31.506533",
    "project_checked": "ok",
    "compiledProjectModified": "ok",
    "patchApplied": "ok",
    "arrive_end": "ok",
    "patched_project_pass_all_test": "no",
    "test_execution": [
        {
            "patch": "/home/mmartinez/xTestCluster/Patches/Patches_Wang902/Patches_ICSE/Doverfitting/DynaMoth/Math/patch1-Math-71-DynaMoth-plausible.patch",
            "test": "test_from_WangICSE_patch1-Math-71-SimFix",
            "failing": 0,
            "testrun": 15,
            "failings": [],
            "status": "ok",
            "test_executed": [
                "org.apache.commons.math.ode.nonstiff.EmbeddedRungeKuttaIntegrator_ESTest"
            ],
            "failing_assertions": [],
            "failing_lines": []
        },
        {
            "patch": "/home/mmartinez/xTestCluster/Patches/Patches_Wang902/Patches_ICSE/Doverfitting/DynaMoth/Math/patch1-Math-71-DynaMoth-plausible.patch",
            "test": "test_from_WangICSE_patch1-Math-71-DynaMoth-plausible",
            "failing": 0,
            "testrun": 24,
            "failings": [],
            "status": "ok",
            "test_executed": [
                "org.apache.commons.math.ode.nonstiff.AdaptiveStepsizeIntegrator_ESTest"
            ],
            "failing_assertions": [],
            "failing_lines": []
        },
        {
            "patch": "/home/mmartinez/xTestCluster/Patches/Patches_Wang902/Patches_ICSE/Doverfitting/DynaMoth/Math/patch1-Math-71-DynaMoth-plausible.patch",
            "test": "test_from_WangICSE_patch1-Math-71-jKali-plausible",
            "failing": 0,
            "testrun": 20,
            "failings": [],
            "status": "ok",
            "test_executed": [
                "org.apache.commons.math.ConvergingAlgorithmImpl_ESTest"
            ],
            "failing_assertions": [],
            "failing_lines": []
        }
    ],
    "duration": 19.09
}