{
    "patch": "/home/mmartinez/xTestCluster/Patches/Patches_Wang902/Patches_ICSE/Doverfitting/SimFix/Lang/patch1-Lang-63-SimFix-plausible.patch",
    "project": "Lang",
    "bugid": "63",
    "dataset": "Patches_ICSE",
    "date": "2022-12-16T03:05:14.097098",
    "project_checked": "ok",
    "compiledProjectModified": "ok",
    "patchApplied": "ok",
    "arrive_end": "ok",
    "patched_project_pass_all_test": "no",
    "test_execution": [
        {
            "patch": "/home/mmartinez/xTestCluster/Patches/Patches_Wang902/Patches_ICSE/Doverfitting/SimFix/Lang/patch1-Lang-63-SimFix-plausible.patch",
            "test": "test_from_WangICSE_patch1-Lang-63-FixMiner-plausible",
            "failing": 0,
            "testrun": 47,
            "failings": [],
            "status": "ok",
            "test_executed": [
                "org.apache.commons.lang.time.DurationFormatUtils_ESTest"
            ],
            "failing_assertions": [],
            "failing_lines": []
        },
        {
            "patch": "/home/mmartinez/xTestCluster/Patches/Patches_Wang902/Patches_ICSE/Doverfitting/SimFix/Lang/patch1-Lang-63-SimFix-plausible.patch",
            "test": "test_from_WangICSE_patch1-Lang-63-DynaMoth-plausible",
            "failing": 0,
            "testrun": 51,
            "failings": [],
            "status": "ok",
            "test_executed": [
                "org.apache.commons.lang.time.DurationFormatUtils_ESTest"
            ],
            "failing_assertions": [],
            "failing_lines": []
        },
        {
            "patch": "/home/mmartinez/xTestCluster/Patches/Patches_Wang902/Patches_ICSE/Doverfitting/SimFix/Lang/patch1-Lang-63-SimFix-plausible.patch",
            "test": "test_from_WangICSE_patch1-Lang-63-AVATAR-plausible",
            "failing": 0,
            "testrun": 47,
            "failings": [],
            "status": "ok",
            "test_executed": [
                "org.apache.commons.lang.time.DurationFormatUtils_ESTest"
            ],
            "failing_assertions": [],
            "failing_lines": []
        },
        {
            "patch": "/home/mmartinez/xTestCluster/Patches/Patches_Wang902/Patches_ICSE/Doverfitting/SimFix/Lang/patch1-Lang-63-SimFix-plausible.patch",
            "test": "test_from_WangICSE_patch1-Lang-63-TBar-plausible",
            "failing": 0,
            "testrun": 48,
            "failings": [],
            "status": "ok",
            "test_executed": [
                "org.apache.commons.lang.time.DurationFormatUtils_ESTest"
            ],
            "failing_assertions": [],
            "failing_lines": []
        },
        {
            "patch": "/home/mmartinez/xTestCluster/Patches/Patches_Wang902/Patches_ICSE/Doverfitting/SimFix/Lang/patch1-Lang-63-SimFix-plausible.patch",
            "test": "test_from_WangICSE_patch1-Lang-63-SimFix-plausible",
            "failing": 0,
            "testrun": 51,
            "failings": [],
            "status": "ok",
            "test_executed": [
                "org.apache.commons.lang.time.DurationFormatUtils_ESTest"
            ],
            "failing_assertions": [],
            "failing_lines": []
        }
    ],
    "duration": 23.3
}