{
    "patch": "/home/mmartinez/xTestCluster/Patches/Patches_Wang902/Patches_ICSE/Doverfitting/jMutRepair/Lang/patch1-Lang-27-jMutRepair-plausible.patch",
    "project": "Lang",
    "bugid": "27",
    "dataset": "Patches_ICSE",
    "date": "2022-12-16T00:42:50.375891",
    "project_checked": "ok",
    "compiledProjectModified": "ok",
    "patchApplied": "ok",
    "arrive_end": "ok",
    "patched_project_pass_all_test": "no",
    "test_execution": [
        {
            "patch": "/home/mmartinez/xTestCluster/Patches/Patches_Wang902/Patches_ICSE/Doverfitting/jMutRepair/Lang/patch1-Lang-27-jMutRepair-plausible.patch",
            "test": "test_from_WangICSE_patch1-Lang-27-kPAR-plausible",
            "failing": 0,
            "testrun": 214,
            "failings": [],
            "status": "ok",
            "test_executed": [
                "org.apache.commons.lang3.math.NumberUtils_ESTest"
            ],
            "failing_assertions": [],
            "failing_lines": []
        },
        {
            "patch": "/home/mmartinez/xTestCluster/Patches/Patches_Wang902/Patches_ICSE/Doverfitting/jMutRepair/Lang/patch1-Lang-27-jMutRepair-plausible.patch",
            "test": "test_from_WangICSE_patch1-Lang-27-TBar-plausible",
            "failing": 0,
            "testrun": 214,
            "failings": [],
            "status": "ok",
            "test_executed": [
                "org.apache.commons.lang3.math.NumberUtils_ESTest"
            ],
            "failing_assertions": [],
            "failing_lines": []
        },
        {
            "patch": "/home/mmartinez/xTestCluster/Patches/Patches_Wang902/Patches_ICSE/Doverfitting/jMutRepair/Lang/patch1-Lang-27-jMutRepair-plausible.patch",
            "test": "test_from_WangICSE_patch1-Lang-27-AVATAR-plausible",
            "failing": 0,
            "testrun": 219,
            "failings": [],
            "status": "ok",
            "test_executed": [
                "org.apache.commons.lang3.math.NumberUtils_ESTest"
            ],
            "failing_assertions": [],
            "failing_lines": []
        },
        {
            "patch": "/home/mmartinez/xTestCluster/Patches/Patches_Wang902/Patches_ICSE/Doverfitting/jMutRepair/Lang/patch1-Lang-27-jMutRepair-plausible.patch",
            "test": "test_from_WangICSE_patch1-Lang-27-SimFix-plausible",
            "failing": 0,
            "testrun": 215,
            "failings": [],
            "status": "ok",
            "test_executed": [
                "org.apache.commons.lang3.math.NumberUtils_ESTest"
            ],
            "failing_assertions": [],
            "failing_lines": []
        },
        {
            "patch": "/home/mmartinez/xTestCluster/Patches/Patches_Wang902/Patches_ICSE/Doverfitting/jMutRepair/Lang/patch1-Lang-27-jMutRepair-plausible.patch",
            "test": "test_from_WangICSE_patch1-Lang-27-jGenProg-plausible",
            "failing": 0,
            "testrun": 223,
            "failings": [],
            "status": "ok",
            "test_executed": [
                "org.apache.commons.lang3.math.NumberUtils_ESTest"
            ],
            "failing_assertions": [],
            "failing_lines": []
        },
        {
            "patch": "/home/mmartinez/xTestCluster/Patches/Patches_Wang902/Patches_ICSE/Doverfitting/jMutRepair/Lang/patch1-Lang-27-jMutRepair-plausible.patch",
            "test": "test_from_WangICSE_patch1-Lang-27-jMutRepair-plausible",
            "failing": 0,
            "testrun": 218,
            "failings": [],
            "status": "ok",
            "test_executed": [
                "org.apache.commons.lang3.math.NumberUtils_ESTest"
            ],
            "failing_assertions": [],
            "failing_lines": []
        },
        {
            "patch": "/home/mmartinez/xTestCluster/Patches/Patches_Wang902/Patches_ICSE/Doverfitting/jMutRepair/Lang/patch1-Lang-27-jMutRepair-plausible.patch",
            "test": "test_from_WangICSE_patch1-Lang-27-jKali-plausible",
            "failing": 0,
            "testrun": 221,
            "failings": [],
            "status": "ok",
            "test_executed": [
                "org.apache.commons.lang3.math.NumberUtils_ESTest"
            ],
            "failing_assertions": [],
            "failing_lines": []
        }
    ],
    "duration": 30.0
}