{
    "patch": "/home/mmartinez/xTestCluster/Patches/Patches_Wang902/Patches_ICSE/Dsame/SimFix/Math/patch1-Math-53-SimFix.patch",
    "project": "Math",
    "bugid": "53",
    "dataset": "Patches_ICSE",
    "date": "2022-12-16T06:53:34.390372",
    "project_checked": "ok",
    "compiledProjectModified": "ok",
    "patchApplied": "ok",
    "arrive_end": "ok",
    "patched_project_pass_all_test": "no",
    "test_execution": [
        {
            "patch": "/home/mmartinez/xTestCluster/Patches/Patches_Wang902/Patches_ICSE/Dsame/SimFix/Math/patch1-Math-53-SimFix.patch",
            "test": "test_from_WangDRR_patch1-Math-53-Jaid-plausible",
            "failing": 1,
            "testrun": 130,
            "failings": [
                "test056(org.apache.commons.math.complex.Complex_ESTest)"
            ],
            "status": "ok",
            "test_executed": [
                "org.apache.commons.math.complex.Complex_ESTest"
            ],
            "failing_assertions": [
                "06:53:55.398 [main] INFO org.evosuite.runtime.instrumentation.EvoClassLoader - Seeing class for first time: META-INF/localization/LocalizedFormats"
            ],
            "failing_lines": [
                [
                    "org.apache.commons.math.complex.Complex_ESTest.test056(Complex_ESTest.java:416)"
                ]
            ]
        },
        {
            "patch": "/home/mmartinez/xTestCluster/Patches/Patches_Wang902/Patches_ICSE/Dsame/SimFix/Math/patch1-Math-53-SimFix.patch",
            "test": "test_from_WangICSE_patch1-Math-53-SimFix",
            "failing": 0,
            "testrun": 126,
            "failings": [],
            "status": "ok",
            "test_executed": [
                "org.apache.commons.math.complex.Complex_ESTest"
            ],
            "failing_assertions": [],
            "failing_lines": []
        },
        {
            "patch": "/home/mmartinez/xTestCluster/Patches/Patches_Wang902/Patches_ICSE/Dsame/SimFix/Math/patch1-Math-53-SimFix.patch",
            "test": "test_from_WangDRR_patch2-Math-53-Jaid-plausible",
            "failing": 0,
            "testrun": 122,
            "failings": [],
            "status": "ok",
            "test_executed": [
                "org.apache.commons.math.complex.Complex_ESTest"
            ],
            "failing_assertions": [],
            "failing_lines": []
        },
        {
            "patch": "/home/mmartinez/xTestCluster/Patches/Patches_Wang902/Patches_ICSE/Dsame/SimFix/Math/patch1-Math-53-SimFix.patch",
            "test": "test_from_WangICSE_patch1-Math-53-jGenProg",
            "failing": 0,
            "testrun": 126,
            "failings": [],
            "status": "ok",
            "test_executed": [
                "org.apache.commons.math.complex.Complex_ESTest"
            ],
            "failing_assertions": [],
            "failing_lines": []
        },
        {
            "patch": "/home/mmartinez/xTestCluster/Patches/Patches_Wang902/Patches_ICSE/Dsame/SimFix/Math/patch1-Math-53-SimFix.patch",
            "test": "test_from_WangDRR_patch2-Math-53-Jaid",
            "failing": 1,
            "testrun": 122,
            "failings": [
                "test058(org.apache.commons.math.complex.Complex_ESTest)"
            ],
            "status": "ok",
            "test_executed": [
                "org.apache.commons.math.complex.Complex_ESTest"
            ],
            "failing_assertions": [
                "06:54:07.971 [main] INFO org.evosuite.runtime.instrumentation.EvoClassLoader - Seeing class for first time: META-INF/localization/LocalizedFormats"
            ],
            "failing_lines": [
                [
                    "org.apache.commons.math.complex.Complex_ESTest.test058(Complex_ESTest.java:449)"
                ]
            ]
        },
        {
            "patch": "/home/mmartinez/xTestCluster/Patches/Patches_Wang902/Patches_ICSE/Dsame/SimFix/Math/patch1-Math-53-SimFix.patch",
            "test": "test_from_WangDRR_patch1-Math-53-Jaid",
            "failing": 0,
            "testrun": 121,
            "failings": [],
            "status": "ok",
            "test_executed": [
                "org.apache.commons.math.complex.Complex_ESTest"
            ],
            "failing_assertions": [],
            "failing_lines": []
        },
        {
            "patch": "/home/mmartinez/xTestCluster/Patches/Patches_Wang902/Patches_ICSE/Dsame/SimFix/Math/patch1-Math-53-SimFix.patch",
            "test": "test_from_WangDRR_patch3-Math-53-Jaid-plausible",
            "failing": 1,
            "testrun": 125,
            "failings": [
                "test069(org.apache.commons.math.complex.Complex_ESTest)"
            ],
            "status": "ok",
            "test_executed": [
                "org.apache.commons.math.complex.Complex_ESTest"
            ],
            "failing_assertions": [
                "java.lang.AssertionError"
            ],
            "failing_lines": [
                [
                    "org.apache.commons.math.complex.Complex_ESTest.test069(Complex_ESTest.java:562)"
                ]
            ]
        },
        {
            "patch": "/home/mmartinez/xTestCluster/Patches/Patches_Wang902/Patches_ICSE/Dsame/SimFix/Math/patch1-Math-53-SimFix.patch",
            "test": "test_from_WangDRR_patch2-Math-53-CapGen",
            "failing": 1,
            "testrun": 128,
            "failings": [
                "test057(org.apache.commons.math.complex.Complex_ESTest)"
            ],
            "status": "ok",
            "test_executed": [
                "org.apache.commons.math.complex.Complex_ESTest"
            ],
            "failing_assertions": [
                "06:54:17.282 [main] INFO org.evosuite.runtime.instrumentation.EvoClassLoader - Seeing class for first time: META-INF/localization/LocalizedFormats"
            ],
            "failing_lines": [
                [
                    "org.apache.commons.math.complex.Complex_ESTest.test057(Complex_ESTest.java:431)"
                ]
            ]
        }
    ],
    "duration": 42.93
}