{
    "patch": "/home/mmartinez/xTestCluster/Patches/Patches_Wang902/Patches_ICSE/Doverfitting/SimFix/Lang/patch1-Lang-45-SimFix-plausible.patch",
    "project": "Lang",
    "bugid": "45",
    "dataset": "Patches_ICSE",
    "date": "2023-02-03T23:15:38.909492",
    "project_checked": "ok",
    "compiledProjectModified": "ok",
    "patchApplied": "ok",
    "arrive_end": "ok",
    "patched_project_pass_all_test": "no",
    "test_execution": [
        {
            "patch": "/home/mmartinez/xTestCluster/Patches/Patches_Wang902/Patches_ICSE/Doverfitting/SimFix/Lang/patch1-Lang-45-SimFix-plausible.patch",
            "test": "test_from_WangDRR_patch2-Lang-45-Jaid-plausible",
            "failing": 1,
            "testrun": 52,
            "failings": [
                "test26(org.apache.commons.lang.WordUtils_ESTest)"
            ],
            "status": "ok",
            "test_executed": [
                "org.apache.commons.lang.WordUtils_ESTest"
            ],
            "failing_assertions": [
                "java.lang.StringIndexOutOfBoundsException: String index out of range: 1586"
            ],
            "failing_lines": [
                [
                    "org.apache.commons.lang.WordUtils_ESTest.test26(WordUtils_ESTest.java:188)"
                ]
            ]
        },
        {
            "patch": "/home/mmartinez/xTestCluster/Patches/Patches_Wang902/Patches_ICSE/Doverfitting/SimFix/Lang/patch1-Lang-45-SimFix-plausible.patch",
            "test": "test_from_WangDRR_patch1-Lang-45-Jaid",
            "failing": 2,
            "testrun": 54,
            "failings": [
                "test01(org.apache.commons.lang.WordUtils_ESTest)",
                "test26(org.apache.commons.lang.WordUtils_ESTest)"
            ],
            "status": "ok",
            "test_executed": [
                "org.apache.commons.lang.WordUtils_ESTest"
            ],
            "failing_assertions": [
                "java.lang.StringIndexOutOfBoundsException: String index out of range: -1",
                "java.lang.StringIndexOutOfBoundsException: String index out of range: -1386"
            ],
            "failing_lines": [
                [
                    "org.apache.commons.lang.WordUtils_ESTest.test01(WordUtils_ESTest.java:27)"
                ],
                [
                    "org.apache.commons.lang.WordUtils_ESTest.test26(WordUtils_ESTest.java:187)"
                ]
            ]
        },
        {
            "patch": "/home/mmartinez/xTestCluster/Patches/Patches_Wang902/Patches_ICSE/Doverfitting/SimFix/Lang/patch1-Lang-45-SimFix-plausible.patch",
            "test": "test_from_WangDRR_patch1-Lang-45-Jaid-plausible",
            "failing": 0,
            "testrun": 53,
            "failings": [],
            "status": "ok",
            "test_executed": [
                "org.apache.commons.lang.WordUtils_ESTest"
            ],
            "failing_assertions": [],
            "failing_lines": []
        },
        {
            "patch": "/home/mmartinez/xTestCluster/Patches/Patches_Wang902/Patches_ICSE/Doverfitting/SimFix/Lang/patch1-Lang-45-SimFix-plausible.patch",
            "test": "test_from_WangICSE_patch1-Lang-45-kPAR-plausible",
            "failing": 4,
            "testrun": 56,
            "failings": [
                "test00(org.apache.commons.lang.WordUtils_ESTest)",
                "test24(org.apache.commons.lang.WordUtils_ESTest)",
                "test22(org.apache.commons.lang.WordUtils_ESTest)",
                "test23(org.apache.commons.lang.WordUtils_ESTest)"
            ],
            "status": "ok",
            "test_executed": [
                "org.apache.commons.lang.WordUtils_ESTest"
            ],
            "failing_assertions": [
                "java.lang.StringIndexOutOfBoundsException: String index out of range: -1227",
                "java.lang.StringIndexOutOfBoundsException: String index out of range: 44",
                "java.lang.StringIndexOutOfBoundsException: String index out of range: -712",
                "java.lang.StringIndexOutOfBoundsException: String index out of range: -142"
            ],
            "failing_lines": [
                [
                    "org.apache.commons.lang.WordUtils_ESTest.test00(WordUtils_ESTest.java:21)"
                ],
                [
                    "org.apache.commons.lang.WordUtils_ESTest.test24(WordUtils_ESTest.java:181)"
                ],
                [
                    "org.apache.commons.lang.WordUtils_ESTest.test22(WordUtils_ESTest.java:169)"
                ],
                [
                    "org.apache.commons.lang.WordUtils_ESTest.test23(WordUtils_ESTest.java:175)"
                ]
            ]
        },
        {
            "patch": "/home/mmartinez/xTestCluster/Patches/Patches_Wang902/Patches_ICSE/Doverfitting/SimFix/Lang/patch1-Lang-45-SimFix-plausible.patch",
            "test": "test_from_WangICSE_patch1-Lang-45-SimFix-plausible",
            "failing": 0,
            "testrun": 54,
            "failings": [],
            "status": "ok",
            "test_executed": [
                "org.apache.commons.lang.WordUtils_ESTest"
            ],
            "failing_assertions": [],
            "failing_lines": []
        },
        {
            "patch": "/home/mmartinez/xTestCluster/Patches/Patches_Wang902/Patches_ICSE/Doverfitting/SimFix/Lang/patch1-Lang-45-SimFix-plausible.patch",
            "test": "test_from_WangICSE_patch1-Lang-45-TBar-plausible",
            "failing": 4,
            "testrun": 56,
            "failings": [
                "test00(org.apache.commons.lang.WordUtils_ESTest)",
                "test21(org.apache.commons.lang.WordUtils_ESTest)",
                "test22(org.apache.commons.lang.WordUtils_ESTest)",
                "test23(org.apache.commons.lang.WordUtils_ESTest)"
            ],
            "status": "ok",
            "test_executed": [
                "org.apache.commons.lang.WordUtils_ESTest"
            ],
            "failing_assertions": [
                "java.lang.StringIndexOutOfBoundsException: String index out of range: -1227",
                "java.lang.StringIndexOutOfBoundsException: String index out of range: -712",
                "java.lang.StringIndexOutOfBoundsException: String index out of range: -142",
                "java.lang.StringIndexOutOfBoundsException: String index out of range: 44"
            ],
            "failing_lines": [
                [
                    "org.apache.commons.lang.WordUtils_ESTest.test00(WordUtils_ESTest.java:21)"
                ],
                [
                    "org.apache.commons.lang.WordUtils_ESTest.test21(WordUtils_ESTest.java:161)"
                ],
                [
                    "org.apache.commons.lang.WordUtils_ESTest.test22(WordUtils_ESTest.java:167)"
                ],
                [
                    "org.apache.commons.lang.WordUtils_ESTest.test23(WordUtils_ESTest.java:173)"
                ]
            ]
        }
    ],
    "duration": 19.35
}