{
    "patch": "/home/mmartinez/xTestCluster/Patches/Patches_Wang902/Patches_others/Dcorrect/SOFix/Lang/patch1-Lang-51-SOFix.patch",
    "project": "Lang",
    "bugid": "51",
    "dataset": "Patches_others",
    "date": "2022-12-16T03:10:26.729129",
    "project_checked": "ok",
    "compiledProjectModified": "ok",
    "patchApplied": "ok",
    "arrive_end": "ok",
    "patched_project_pass_all_test": "no",
    "test_execution": [
        {
            "patch": "/home/mmartinez/xTestCluster/Patches/Patches_Wang902/Patches_others/Dcorrect/SOFix/Lang/patch1-Lang-51-SOFix.patch",
            "test": "test_from_WangICSE_patch1-Lang-51-TBar-plausible",
            "failing": 1,
            "testrun": 136,
            "failings": [
                "test062(org.apache.commons.lang.BooleanUtils_ESTest)"
            ],
            "status": "ok",
            "test_executed": [
                "org.apache.commons.lang.BooleanUtils_ESTest"
            ],
            "failing_assertions": [
                "java.lang.AssertionError"
            ],
            "failing_lines": [
                [
                    "org.apache.commons.lang.BooleanUtils_ESTest.test062(BooleanUtils_ESTest.java:535)"
                ]
            ]
        },
        {
            "patch": "/home/mmartinez/xTestCluster/Patches/Patches_Wang902/Patches_others/Dcorrect/SOFix/Lang/patch1-Lang-51-SOFix.patch",
            "test": "test_from_WangDRR_patch3-Lang-51-Jaid",
            "failing": 0,
            "testrun": 128,
            "failings": [],
            "status": "ok",
            "test_executed": [
                "org.apache.commons.lang.BooleanUtils_ESTest"
            ],
            "failing_assertions": [],
            "failing_lines": []
        },
        {
            "patch": "/home/mmartinez/xTestCluster/Patches/Patches_Wang902/Patches_others/Dcorrect/SOFix/Lang/patch1-Lang-51-SOFix.patch",
            "test": "test_from_WangICSE_patch1-Lang-51-AVATAR-plausible",
            "failing": 0,
            "testrun": 128,
            "failings": [],
            "status": "ok",
            "test_executed": [
                "org.apache.commons.lang.BooleanUtils_ESTest"
            ],
            "failing_assertions": [],
            "failing_lines": []
        },
        {
            "patch": "/home/mmartinez/xTestCluster/Patches/Patches_Wang902/Patches_others/Dcorrect/SOFix/Lang/patch1-Lang-51-SOFix.patch",
            "test": "test_from_WangDRR_patch5-Lang-51-Jaid",
            "failing": 0,
            "testrun": 136,
            "failings": [],
            "status": "ok",
            "test_executed": [
                "org.apache.commons.lang.BooleanUtils_ESTest"
            ],
            "failing_assertions": [],
            "failing_lines": []
        },
        {
            "patch": "/home/mmartinez/xTestCluster/Patches/Patches_Wang902/Patches_others/Dcorrect/SOFix/Lang/patch1-Lang-51-SOFix.patch",
            "test": "test_from_WangDRR_patch1-Lang-51-Jaid-plausible",
            "failing": 1,
            "testrun": 130,
            "failings": [
                "test048(org.apache.commons.lang.BooleanUtils_ESTest)"
            ],
            "status": "ok",
            "test_executed": [
                "org.apache.commons.lang.BooleanUtils_ESTest"
            ],
            "failing_assertions": [
                "java.lang.AssertionError"
            ],
            "failing_lines": [
                [
                    "org.apache.commons.lang.BooleanUtils_ESTest.test048(BooleanUtils_ESTest.java:432)"
                ]
            ]
        },
        {
            "patch": "/home/mmartinez/xTestCluster/Patches/Patches_Wang902/Patches_others/Dcorrect/SOFix/Lang/patch1-Lang-51-SOFix.patch",
            "test": "test_from_WangDRR_patch2-Lang-51-Jaid",
            "failing": 1,
            "testrun": 135,
            "failings": [
                "test057(org.apache.commons.lang.BooleanUtils_ESTest)"
            ],
            "status": "ok",
            "test_executed": [
                "org.apache.commons.lang.BooleanUtils_ESTest"
            ],
            "failing_assertions": [
                "java.lang.AssertionError"
            ],
            "failing_lines": [
                [
                    "org.apache.commons.lang.BooleanUtils_ESTest.test057(BooleanUtils_ESTest.java:493)"
                ]
            ]
        },
        {
            "patch": "/home/mmartinez/xTestCluster/Patches/Patches_Wang902/Patches_others/Dcorrect/SOFix/Lang/patch1-Lang-51-SOFix.patch",
            "test": "test_from_WangDRR_patch1-Lang-51-SOFix",
            "failing": 0,
            "testrun": 130,
            "failings": [],
            "status": "ok",
            "test_executed": [
                "org.apache.commons.lang.BooleanUtils_ESTest"
            ],
            "failing_assertions": [],
            "failing_lines": []
        },
        {
            "patch": "/home/mmartinez/xTestCluster/Patches/Patches_Wang902/Patches_others/Dcorrect/SOFix/Lang/patch1-Lang-51-SOFix.patch",
            "test": "test_from_WangDRR_patch3-Lang-51-Jaid-plausible",
            "failing": 1,
            "testrun": 136,
            "failings": [
                "test062(org.apache.commons.lang.BooleanUtils_ESTest)"
            ],
            "status": "ok",
            "test_executed": [
                "org.apache.commons.lang.BooleanUtils_ESTest"
            ],
            "failing_assertions": [
                "java.lang.AssertionError"
            ],
            "failing_lines": [
                [
                    "org.apache.commons.lang.BooleanUtils_ESTest.test062(BooleanUtils_ESTest.java:533)"
                ]
            ]
        },
        {
            "patch": "/home/mmartinez/xTestCluster/Patches/Patches_Wang902/Patches_others/Dcorrect/SOFix/Lang/patch1-Lang-51-SOFix.patch",
            "test": "test_from_WangDRR_patch6-Lang-51-Jaid",
            "failing": 0,
            "testrun": 128,
            "failings": [],
            "status": "ok",
            "test_executed": [
                "org.apache.commons.lang.BooleanUtils_ESTest"
            ],
            "failing_assertions": [],
            "failing_lines": []
        },
        {
            "patch": "/home/mmartinez/xTestCluster/Patches/Patches_Wang902/Patches_others/Dcorrect/SOFix/Lang/patch1-Lang-51-SOFix.patch",
            "test": "test_from_WangDRR_patch1-Lang-51-Jaid",
            "failing": 0,
            "testrun": 137,
            "failings": [],
            "status": "ok",
            "test_executed": [
                "org.apache.commons.lang.BooleanUtils_ESTest"
            ],
            "failing_assertions": [],
            "failing_lines": []
        },
        {
            "patch": "/home/mmartinez/xTestCluster/Patches/Patches_Wang902/Patches_others/Dcorrect/SOFix/Lang/patch1-Lang-51-SOFix.patch",
            "test": "test_from_WangICSE_patch1-Lang-51-kPAR-plausible",
            "failing": 0,
            "testrun": 131,
            "failings": [],
            "status": "ok",
            "test_executed": [
                "org.apache.commons.lang.BooleanUtils_ESTest"
            ],
            "failing_assertions": [],
            "failing_lines": []
        },
        {
            "patch": "/home/mmartinez/xTestCluster/Patches/Patches_Wang902/Patches_others/Dcorrect/SOFix/Lang/patch1-Lang-51-SOFix.patch",
            "test": "test_from_WangICSE_patch1-Lang-51-DynaMoth-plausible",
            "failing": 0,
            "testrun": 131,
            "failings": [],
            "status": "ok",
            "test_executed": [
                "org.apache.commons.lang.BooleanUtils_ESTest"
            ],
            "failing_assertions": [],
            "failing_lines": []
        },
        {
            "patch": "/home/mmartinez/xTestCluster/Patches/Patches_Wang902/Patches_others/Dcorrect/SOFix/Lang/patch1-Lang-51-SOFix.patch",
            "test": "test_from_WangDRR_patch2-Lang-51-Jaid-plausible",
            "failing": 0,
            "testrun": 132,
            "failings": [],
            "status": "ok",
            "test_executed": [
                "org.apache.commons.lang.BooleanUtils_ESTest"
            ],
            "failing_assertions": [],
            "failing_lines": []
        },
        {
            "patch": "/home/mmartinez/xTestCluster/Patches/Patches_Wang902/Patches_others/Dcorrect/SOFix/Lang/patch1-Lang-51-SOFix.patch",
            "test": "test_from_WangDRR_patch4-Lang-51-Jaid",
            "failing": 0,
            "testrun": 129,
            "failings": [],
            "status": "ok",
            "test_executed": [
                "org.apache.commons.lang.BooleanUtils_ESTest"
            ],
            "failing_assertions": [],
            "failing_lines": []
        },
        {
            "patch": "/home/mmartinez/xTestCluster/Patches/Patches_Wang902/Patches_others/Dcorrect/SOFix/Lang/patch1-Lang-51-SOFix.patch",
            "test": "test_from_WangICSE_patch1-Lang-51-Nopol-plausible",
            "failing": 0,
            "testrun": 131,
            "failings": [],
            "status": "ok",
            "test_executed": [
                "org.apache.commons.lang.BooleanUtils_ESTest"
            ],
            "failing_assertions": [],
            "failing_lines": []
        }
    ],
    "duration": 43.92
}