{
    "patch": "/home/mmartinez/xTestCluster/Patches/Patches_Wang902/Patches_ICSE/Doverfitting/TBar/Lang/patch1-Lang-45-TBar-plausible.patch",
    "project": "Lang",
    "bugid": "45",
    "dataset": "Patches_ICSE",
    "date": "2023-02-17T00:29:33.113126",
    "project_checked": "ok",
    "compiledProjectModified": "ok",
    "patchApplied": "ok",
    "arrive_end": "ok",
    "patched_project_pass_all_test": "no",
    "test_execution": [
        {
            "patch": "/home/mmartinez/xTestCluster/Patches/Patches_Wang902/Patches_ICSE/Doverfitting/TBar/Lang/patch1-Lang-45-TBar-plausible.patch",
            "test": "test_from_WangDRR_patch2-Lang-45-Jaid-plausible",
            "failing": 30,
            "testrun": 4694,
            "failings": [
                "test0736(RegressionTest1)",
                "test0950(RegressionTest1)",
                "test0953(RegressionTest1)",
                "test3430(RegressionTest6)",
                "test4437(RegressionTest8)",
                "test1629(RegressionTest3)",
                "test1668(RegressionTest3)",
                "test1772(RegressionTest3)",
                "test1786(RegressionTest3)",
                "test1794(RegressionTest3)",
                "test1859(RegressionTest3)",
                "test1911(RegressionTest3)",
                "test4637(RegressionTest9)",
                "test2541(RegressionTest5)",
                "test2851(RegressionTest5)",
                "test2885(RegressionTest5)",
                "test2410(RegressionTest4)",
                "test1345(RegressionTest2)",
                "test0059(RegressionTest0)",
                "test0079(RegressionTest0)",
                "test0097(RegressionTest0)",
                "test0101(RegressionTest0)",
                "test0161(RegressionTest0)",
                "test0214(RegressionTest0)",
                "test0223(RegressionTest0)",
                "test0232(RegressionTest0)",
                "test0235(RegressionTest0)",
                "test0401(RegressionTest0)",
                "test3656(RegressionTest7)",
                "test3927(RegressionTest7)"
            ],
            "status": "ok",
            "test_executed": [
                "RegressionTest1",
                "RegressionTest6",
                "RegressionTest8",
                "RegressionTest3",
                "RegressionTest9",
                "RegressionTest5",
                "RegressionTest4",
                "RegressionTest2",
                "RegressionTest0",
                "RegressionTest7"
            ],
            "failing_assertions": [
                "java.lang.StringIndexOutOfBoundsException: String index out of range: 100",
                "java.lang.StringIndexOutOfBoundsException: String index out of range: 100",
                "java.lang.StringIndexOutOfBoundsException: String index out of range: 10",
                "java.lang.StringIndexOutOfBoundsException: String index out of range: 97",
                "java.lang.StringIndexOutOfBoundsException: String index out of range: 100",
                "java.lang.StringIndexOutOfBoundsException: String index out of range: 100",
                "java.lang.StringIndexOutOfBoundsException: String index out of range: 97",
                "java.lang.StringIndexOutOfBoundsException: String index out of range: 100",
                "java.lang.StringIndexOutOfBoundsException: String index out of range: 100",
                "java.lang.StringIndexOutOfBoundsException: String index out of range: 100",
                "java.lang.StringIndexOutOfBoundsException: String index out of range: 97",
                "java.lang.StringIndexOutOfBoundsException: String index out of range: 52",
                "java.lang.StringIndexOutOfBoundsException: String index out of range: 52",
                "java.lang.StringIndexOutOfBoundsException: String index out of range: 100",
                "java.lang.StringIndexOutOfBoundsException: String index out of range: 32",
                "java.lang.StringIndexOutOfBoundsException: String index out of range: 35",
                "java.lang.StringIndexOutOfBoundsException: String index out of range: 100",
                "java.lang.StringIndexOutOfBoundsException: String index out of range: 100",
                "java.lang.StringIndexOutOfBoundsException: String index out of range: 52",
                "java.lang.StringIndexOutOfBoundsException: String index out of range: 10",
                "java.lang.StringIndexOutOfBoundsException: String index out of range: 35",
                "java.lang.StringIndexOutOfBoundsException: String index out of range: 97",
                "java.lang.StringIndexOutOfBoundsException: String index out of range: 35",
                "java.lang.StringIndexOutOfBoundsException: String index out of range: 32",
                "java.lang.StringIndexOutOfBoundsException: String index out of range: 100",
                "java.lang.StringIndexOutOfBoundsException: String index out of range: 10",
                "java.lang.StringIndexOutOfBoundsException: String index out of range: 100",
                "java.lang.StringIndexOutOfBoundsException: String index out of range: 100",
                "java.lang.StringIndexOutOfBoundsException: String index out of range: 97",
                "java.lang.StringIndexOutOfBoundsException: String index out of range: 100"
            ],
            "failing_lines": [
                [
                    "RegressionTest1.test0736(RegressionTest1.java:2428)"
                ],
                [
                    "RegressionTest1.test0950(RegressionTest1.java:4683)"
                ],
                [
                    "RegressionTest1.test0953(RegressionTest1.java:4707)"
                ],
                [
                    "RegressionTest6.test3430(RegressionTest6.java:6370)"
                ],
                [
                    "RegressionTest8.test4437(RegressionTest8.java:6642)"
                ],
                [
                    "RegressionTest3.test1629(RegressionTest3.java:1555)"
                ],
                [
                    "RegressionTest3.test1668(RegressionTest3.java:1945)"
                ],
                [
                    "RegressionTest3.test1772(RegressionTest3.java:3228)"
                ],
                [
                    "RegressionTest3.test1786(RegressionTest3.java:3394)"
                ],
                [
                    "RegressionTest3.test1794(RegressionTest3.java:3473)"
                ],
                [
                    "RegressionTest3.test1859(RegressionTest3.java:4268)"
                ],
                [
                    "RegressionTest3.test1911(RegressionTest3.java:4867)"
                ],
                [
                    "RegressionTest9.test4637(RegressionTest9.java:2065)"
                ],
                [
                    "RegressionTest5.test2541(RegressionTest5.java:574)"
                ],
                [
                    "RegressionTest5.test2851(RegressionTest5.java:4657)"
                ],
                [
                    "RegressionTest5.test2885(RegressionTest5.java:5131)"
                ],
                [
                    "RegressionTest4.test2410(RegressionTest4.java:5419)"
                ],
                [
                    "RegressionTest2.test1345(RegressionTest2.java:3774)"
                ],
                [
                    "RegressionTest0.test0059(RegressionTest0.java:506)"
                ],
                [
                    "RegressionTest0.test0079(RegressionTest0.java:698)"
                ],
                [
                    "RegressionTest0.test0097(RegressionTest0.java:844)"
                ],
                [
                    "RegressionTest0.test0101(RegressionTest0.java:877)"
                ],
                [
                    "RegressionTest0.test0161(RegressionTest0.java:1419)"
                ],
                [
                    "RegressionTest0.test0214(RegressionTest0.java:1912)"
                ],
                [
                    "RegressionTest0.test0223(RegressionTest0.java:1993)"
                ],
                [
                    "RegressionTest0.test0232(RegressionTest0.java:2074)"
                ],
                [
                    "RegressionTest0.test0235(RegressionTest0.java:2109)"
                ],
                [
                    "RegressionTest0.test0401(RegressionTest0.java:3804)"
                ],
                [
                    "RegressionTest7.test3656(RegressionTest7.java:2171)"
                ],
                [
                    "RegressionTest7.test3927(RegressionTest7.java:6144)"
                ]
            ]
        },
        {
            "patch": "/home/mmartinez/xTestCluster/Patches/Patches_Wang902/Patches_ICSE/Doverfitting/TBar/Lang/patch1-Lang-45-TBar-plausible.patch",
            "test": "test_from_WangDRR_patch1-Lang-45-Jaid",
            "failing": 29,
            "testrun": 4588,
            "failings": [
                "test0736(RegressionTest1)",
                "test0950(RegressionTest1)",
                "test0953(RegressionTest1)",
                "test3442(RegressionTest6)",
                "test4457(RegressionTest8)",
                "test1631(RegressionTest3)",
                "test1671(RegressionTest3)",
                "test1776(RegressionTest3)",
                "test1790(RegressionTest3)",
                "test1798(RegressionTest3)",
                "test1863(RegressionTest3)",
                "test1915(RegressionTest3)",
                "test2547(RegressionTest5)",
                "test2858(RegressionTest5)",
                "test2892(RegressionTest5)",
                "test2416(RegressionTest4)",
                "test1346(RegressionTest2)",
                "test0059(RegressionTest0)",
                "test0079(RegressionTest0)",
                "test0097(RegressionTest0)",
                "test0101(RegressionTest0)",
                "test0161(RegressionTest0)",
                "test0214(RegressionTest0)",
                "test0223(RegressionTest0)",
                "test0232(RegressionTest0)",
                "test0235(RegressionTest0)",
                "test0401(RegressionTest0)",
                "test3670(RegressionTest7)",
                "test3943(RegressionTest7)"
            ],
            "status": "ok",
            "test_executed": [
                "RegressionTest1",
                "RegressionTest6",
                "RegressionTest8",
                "RegressionTest3",
                "RegressionTest9",
                "RegressionTest5",
                "RegressionTest4",
                "RegressionTest2",
                "RegressionTest0",
                "RegressionTest7"
            ],
            "failing_assertions": [
                "java.lang.StringIndexOutOfBoundsException: String index out of range: 100",
                "java.lang.StringIndexOutOfBoundsException: String index out of range: 100",
                "java.lang.StringIndexOutOfBoundsException: String index out of range: 10",
                "java.lang.StringIndexOutOfBoundsException: String index out of range: 97",
                "java.lang.StringIndexOutOfBoundsException: String index out of range: 100",
                "java.lang.StringIndexOutOfBoundsException: String index out of range: 100",
                "java.lang.StringIndexOutOfBoundsException: String index out of range: 97",
                "java.lang.StringIndexOutOfBoundsException: String index out of range: 100",
                "java.lang.StringIndexOutOfBoundsException: String index out of range: 100",
                "java.lang.StringIndexOutOfBoundsException: String index out of range: 100",
                "java.lang.StringIndexOutOfBoundsException: String index out of range: 97",
                "java.lang.StringIndexOutOfBoundsException: String index out of range: 52",
                "java.lang.StringIndexOutOfBoundsException: String index out of range: 100",
                "java.lang.StringIndexOutOfBoundsException: String index out of range: 32",
                "java.lang.StringIndexOutOfBoundsException: String index out of range: 35",
                "java.lang.StringIndexOutOfBoundsException: String index out of range: 100",
                "java.lang.StringIndexOutOfBoundsException: String index out of range: 100",
                "java.lang.StringIndexOutOfBoundsException: String index out of range: 52",
                "java.lang.StringIndexOutOfBoundsException: String index out of range: 10",
                "java.lang.StringIndexOutOfBoundsException: String index out of range: 35",
                "java.lang.StringIndexOutOfBoundsException: String index out of range: 97",
                "java.lang.StringIndexOutOfBoundsException: String index out of range: 35",
                "java.lang.StringIndexOutOfBoundsException: String index out of range: 32",
                "java.lang.StringIndexOutOfBoundsException: String index out of range: 100",
                "java.lang.StringIndexOutOfBoundsException: String index out of range: 10",
                "java.lang.StringIndexOutOfBoundsException: String index out of range: 100",
                "java.lang.StringIndexOutOfBoundsException: String index out of range: 100",
                "java.lang.StringIndexOutOfBoundsException: String index out of range: 97",
                "java.lang.StringIndexOutOfBoundsException: String index out of range: 100"
            ],
            "failing_lines": [
                [
                    "RegressionTest1.test0736(RegressionTest1.java:2428)"
                ],
                [
                    "RegressionTest1.test0950(RegressionTest1.java:4683)"
                ],
                [
                    "RegressionTest1.test0953(RegressionTest1.java:4707)"
                ],
                [
                    "RegressionTest6.test3442(RegressionTest6.java:6585)"
                ],
                [
                    "RegressionTest8.test4457(RegressionTest8.java:6951)"
                ],
                [
                    "RegressionTest3.test1631(RegressionTest3.java:1580)"
                ],
                [
                    "RegressionTest3.test1671(RegressionTest3.java:1999)"
                ],
                [
                    "RegressionTest3.test1776(RegressionTest3.java:3311)"
                ],
                [
                    "RegressionTest3.test1790(RegressionTest3.java:3477)"
                ],
                [
                    "RegressionTest3.test1798(RegressionTest3.java:3556)"
                ],
                [
                    "RegressionTest3.test1863(RegressionTest3.java:4351)"
                ],
                [
                    "RegressionTest3.test1915(RegressionTest3.java:4950)"
                ],
                [
                    "RegressionTest5.test2547(RegressionTest5.java:635)"
                ],
                [
                    "RegressionTest5.test2858(RegressionTest5.java:4743)"
                ],
                [
                    "RegressionTest5.test2892(RegressionTest5.java:5217)"
                ],
                [
                    "RegressionTest4.test2416(RegressionTest4.java:5525)"
                ],
                [
                    "RegressionTest2.test1346(RegressionTest2.java:3793)"
                ],
                [
                    "RegressionTest0.test0059(RegressionTest0.java:506)"
                ],
                [
                    "RegressionTest0.test0079(RegressionTest0.java:698)"
                ],
                [
                    "RegressionTest0.test0097(RegressionTest0.java:844)"
                ],
                [
                    "RegressionTest0.test0101(RegressionTest0.java:877)"
                ],
                [
                    "RegressionTest0.test0161(RegressionTest0.java:1419)"
                ],
                [
                    "RegressionTest0.test0214(RegressionTest0.java:1912)"
                ],
                [
                    "RegressionTest0.test0223(RegressionTest0.java:1993)"
                ],
                [
                    "RegressionTest0.test0232(RegressionTest0.java:2074)"
                ],
                [
                    "RegressionTest0.test0235(RegressionTest0.java:2109)"
                ],
                [
                    "RegressionTest0.test0401(RegressionTest0.java:3804)"
                ],
                [
                    "RegressionTest7.test3670(RegressionTest7.java:2410)"
                ],
                [
                    "RegressionTest7.test3943(RegressionTest7.java:6419)"
                ]
            ]
        },
        {
            "patch": "/home/mmartinez/xTestCluster/Patches/Patches_Wang902/Patches_ICSE/Doverfitting/TBar/Lang/patch1-Lang-45-TBar-plausible.patch",
            "test": "test_from_WangDRR_patch1-Lang-45-Jaid-plausible",
            "failing": 30,
            "testrun": 4735,
            "failings": [
                "test0736(RegressionTest1)",
                "test0950(RegressionTest1)",
                "test0953(RegressionTest1)",
                "test3423(RegressionTest6)",
                "test4430(RegressionTest8)",
                "test1629(RegressionTest3)",
                "test1668(RegressionTest3)",
                "test1772(RegressionTest3)",
                "test1786(RegressionTest3)",
                "test1794(RegressionTest3)",
                "test1859(RegressionTest3)",
                "test1911(RegressionTest3)",
                "test4629(RegressionTest9)",
                "test2536(RegressionTest5)",
                "test2845(RegressionTest5)",
                "test2879(RegressionTest5)",
                "test2407(RegressionTest4)",
                "test1345(RegressionTest2)",
                "test0059(RegressionTest0)",
                "test0079(RegressionTest0)",
                "test0097(RegressionTest0)",
                "test0101(RegressionTest0)",
                "test0161(RegressionTest0)",
                "test0214(RegressionTest0)",
                "test0223(RegressionTest0)",
                "test0232(RegressionTest0)",
                "test0235(RegressionTest0)",
                "test0401(RegressionTest0)",
                "test3649(RegressionTest7)",
                "test3920(RegressionTest7)"
            ],
            "status": "ok",
            "test_executed": [
                "RegressionTest1",
                "RegressionTest6",
                "RegressionTest8",
                "RegressionTest3",
                "RegressionTest9",
                "RegressionTest5",
                "RegressionTest4",
                "RegressionTest2",
                "RegressionTest0",
                "RegressionTest7"
            ],
            "failing_assertions": [
                "java.lang.StringIndexOutOfBoundsException: String index out of range: 100",
                "java.lang.StringIndexOutOfBoundsException: String index out of range: 100",
                "java.lang.StringIndexOutOfBoundsException: String index out of range: 10",
                "java.lang.StringIndexOutOfBoundsException: String index out of range: 97",
                "java.lang.StringIndexOutOfBoundsException: String index out of range: 100",
                "java.lang.StringIndexOutOfBoundsException: String index out of range: 100",
                "java.lang.StringIndexOutOfBoundsException: String index out of range: 97",
                "java.lang.StringIndexOutOfBoundsException: String index out of range: 100",
                "java.lang.StringIndexOutOfBoundsException: String index out of range: 100",
                "java.lang.StringIndexOutOfBoundsException: String index out of range: 100",
                "java.lang.StringIndexOutOfBoundsException: String index out of range: 97",
                "java.lang.StringIndexOutOfBoundsException: String index out of range: 52",
                "java.lang.StringIndexOutOfBoundsException: String index out of range: 52",
                "java.lang.StringIndexOutOfBoundsException: String index out of range: 100",
                "java.lang.StringIndexOutOfBoundsException: String index out of range: 32",
                "java.lang.StringIndexOutOfBoundsException: String index out of range: 35",
                "java.lang.StringIndexOutOfBoundsException: String index out of range: 100",
                "java.lang.StringIndexOutOfBoundsException: String index out of range: 100",
                "java.lang.StringIndexOutOfBoundsException: String index out of range: 52",
                "java.lang.StringIndexOutOfBoundsException: String index out of range: 10",
                "java.lang.StringIndexOutOfBoundsException: String index out of range: 35",
                "java.lang.StringIndexOutOfBoundsException: String index out of range: 97",
                "java.lang.StringIndexOutOfBoundsException: String index out of range: 35",
                "java.lang.StringIndexOutOfBoundsException: String index out of range: 32",
                "java.lang.StringIndexOutOfBoundsException: String index out of range: 100",
                "java.lang.StringIndexOutOfBoundsException: String index out of range: 10",
                "java.lang.StringIndexOutOfBoundsException: String index out of range: 100",
                "java.lang.StringIndexOutOfBoundsException: String index out of range: 100",
                "java.lang.StringIndexOutOfBoundsException: String index out of range: 97",
                "java.lang.StringIndexOutOfBoundsException: String index out of range: 100"
            ],
            "failing_lines": [
                [
                    "RegressionTest1.test0736(RegressionTest1.java:2428)"
                ],
                [
                    "RegressionTest1.test0950(RegressionTest1.java:4683)"
                ],
                [
                    "RegressionTest1.test0953(RegressionTest1.java:4707)"
                ],
                [
                    "RegressionTest6.test3423(RegressionTest6.java:6267)"
                ],
                [
                    "RegressionTest8.test4430(RegressionTest8.java:6557)"
                ],
                [
                    "RegressionTest3.test1629(RegressionTest3.java:1555)"
                ],
                [
                    "RegressionTest3.test1668(RegressionTest3.java:1945)"
                ],
                [
                    "RegressionTest3.test1772(RegressionTest3.java:3228)"
                ],
                [
                    "RegressionTest3.test1786(RegressionTest3.java:3394)"
                ],
                [
                    "RegressionTest3.test1794(RegressionTest3.java:3473)"
                ],
                [
                    "RegressionTest3.test1859(RegressionTest3.java:4268)"
                ],
                [
                    "RegressionTest3.test1911(RegressionTest3.java:4867)"
                ],
                [
                    "RegressionTest9.test4629(RegressionTest9.java:1928)"
                ],
                [
                    "RegressionTest5.test2536(RegressionTest5.java:491)"
                ],
                [
                    "RegressionTest5.test2845(RegressionTest5.java:4549)"
                ],
                [
                    "RegressionTest5.test2879(RegressionTest5.java:5023)"
                ],
                [
                    "RegressionTest4.test2407(RegressionTest4.java:5336)"
                ],
                [
                    "RegressionTest2.test1345(RegressionTest2.java:3774)"
                ],
                [
                    "RegressionTest0.test0059(RegressionTest0.java:506)"
                ],
                [
                    "RegressionTest0.test0079(RegressionTest0.java:698)"
                ],
                [
                    "RegressionTest0.test0097(RegressionTest0.java:844)"
                ],
                [
                    "RegressionTest0.test0101(RegressionTest0.java:877)"
                ],
                [
                    "RegressionTest0.test0161(RegressionTest0.java:1419)"
                ],
                [
                    "RegressionTest0.test0214(RegressionTest0.java:1912)"
                ],
                [
                    "RegressionTest0.test0223(RegressionTest0.java:1993)"
                ],
                [
                    "RegressionTest0.test0232(RegressionTest0.java:2074)"
                ],
                [
                    "RegressionTest0.test0235(RegressionTest0.java:2109)"
                ],
                [
                    "RegressionTest0.test0401(RegressionTest0.java:3804)"
                ],
                [
                    "RegressionTest7.test3649(RegressionTest7.java:2074)"
                ],
                [
                    "RegressionTest7.test3920(RegressionTest7.java:6047)"
                ]
            ]
        },
        {
            "patch": "/home/mmartinez/xTestCluster/Patches/Patches_Wang902/Patches_ICSE/Doverfitting/TBar/Lang/patch1-Lang-45-TBar-plausible.patch",
            "test": "test_from_WangICSE_patch1-Lang-45-kPAR-plausible",
            "failing": 0,
            "testrun": 4686,
            "failings": [],
            "status": "ok",
            "test_executed": [
                "RegressionTest1",
                "RegressionTest6",
                "RegressionTest8",
                "RegressionTest3",
                "RegressionTest9",
                "RegressionTest5",
                "RegressionTest4",
                "RegressionTest2",
                "RegressionTest0",
                "RegressionTest7"
            ],
            "failing_assertions": [],
            "failing_lines": []
        },
        {
            "patch": "/home/mmartinez/xTestCluster/Patches/Patches_Wang902/Patches_ICSE/Doverfitting/TBar/Lang/patch1-Lang-45-TBar-plausible.patch",
            "test": "test_from_WangICSE_patch1-Lang-45-SimFix-plausible",
            "failing": 96,
            "testrun": 4610,
            "failings": [
                "test0514(RegressionTest1)",
                "test0606(RegressionTest1)",
                "test0630(RegressionTest1)",
                "test0669(RegressionTest1)",
                "test0701(RegressionTest1)",
                "test0717(RegressionTest1)",
                "test0737(RegressionTest1)",
                "test0740(RegressionTest1)",
                "test0749(RegressionTest1)",
                "test0866(RegressionTest1)",
                "test0913(RegressionTest1)",
                "test0975(RegressionTest1)",
                "test0976(RegressionTest1)",
                "test0984(RegressionTest1)",
                "test3220(RegressionTest6)",
                "test3293(RegressionTest6)",
                "test3348(RegressionTest6)",
                "test3375(RegressionTest6)",
                "test3383(RegressionTest6)",
                "test3407(RegressionTest6)",
                "test3445(RegressionTest6)",
                "test4044(RegressionTest8)",
                "test4084(RegressionTest8)",
                "test4140(RegressionTest8)",
                "test4208(RegressionTest8)",
                "test4227(RegressionTest8)",
                "test4326(RegressionTest8)",
                "test4356(RegressionTest8)",
                "test4481(RegressionTest8)",
                "test4495(RegressionTest8)",
                "test1528(RegressionTest3)",
                "test1581(RegressionTest3)",
                "test1595(RegressionTest3)",
                "test1636(RegressionTest3)",
                "test1657(RegressionTest3)",
                "test1658(RegressionTest3)",
                "test1821(RegressionTest3)",
                "test1841(RegressionTest3)",
                "test1881(RegressionTest3)",
                "test1917(RegressionTest3)",
                "test4521(RegressionTest9)",
                "test4600(RegressionTest9)",
                "test2569(RegressionTest5)",
                "test2601(RegressionTest5)",
                "test2627(RegressionTest5)",
                "test2636(RegressionTest5)",
                "test2690(RegressionTest5)",
                "test2797(RegressionTest5)",
                "test2838(RegressionTest5)",
                "test2861(RegressionTest5)",
                "test2892(RegressionTest5)",
                "test2980(RegressionTest5)",
                "test2051(RegressionTest4)",
                "test2068(RegressionTest4)",
                "test2212(RegressionTest4)",
                "test2223(RegressionTest4)",
                "test2225(RegressionTest4)",
                "test2367(RegressionTest4)",
                "test2388(RegressionTest4)",
                "test2397(RegressionTest4)",
                "test2445(RegressionTest4)",
                "test2460(RegressionTest4)",
                "test2487(RegressionTest4)",
                "test2490(RegressionTest4)",
                "test1065(RegressionTest2)",
                "test1127(RegressionTest2)",
                "test1135(RegressionTest2)",
                "test1184(RegressionTest2)",
                "test1293(RegressionTest2)",
                "test1326(RegressionTest2)",
                "test1356(RegressionTest2)",
                "test1436(RegressionTest2)",
                "test0027(RegressionTest0)",
                "test0040(RegressionTest0)",
                "test0139(RegressionTest0)",
                "test0143(RegressionTest0)",
                "test0185(RegressionTest0)",
                "test0188(RegressionTest0)",
                "test0205(RegressionTest0)",
                "test0212(RegressionTest0)",
                "test0218(RegressionTest0)",
                "test0223(RegressionTest0)",
                "test0226(RegressionTest0)",
                "test0236(RegressionTest0)",
                "test0314(RegressionTest0)",
                "test0349(RegressionTest0)",
                "test0412(RegressionTest0)",
                "test0425(RegressionTest0)",
                "test0427(RegressionTest0)",
                "test0450(RegressionTest0)",
                "test3589(RegressionTest7)",
                "test3600(RegressionTest7)",
                "test3633(RegressionTest7)",
                "test3757(RegressionTest7)",
                "test3861(RegressionTest7)",
                "test3870(RegressionTest7)"
            ],
            "status": "ok",
            "test_executed": [
                "RegressionTest1",
                "RegressionTest6",
                "RegressionTest8",
                "RegressionTest3",
                "RegressionTest9",
                "RegressionTest5",
                "RegressionTest4",
                "RegressionTest2",
                "RegressionTest0",
                "RegressionTest7"
            ],
            "failing_assertions": [
                "org.junit.ComparisonFailure: 'hhHi!HHi!IHi!HHi!!' != 'hHi!HHi!IHi!HHi!!' expected:<h[h]Hi!HHi!IHi!HHi!!> but was:<h[]Hi!HHi!IHi!HHi!!>",
                "org.junit.ComparisonFailure: 'H' != '' expected:<[H]> but was:<[]>",
                "java.lang.AssertionError: Expected exception of type java.lang.StringIndexOutOfBoundsException; message: String index out of range: -1",
                "org.junit.ComparisonFailure: 'HhhI!hhI!ihI!hhI!!' != 'hhI!hhI!ihI!hhI!!' expected:<[H]hhI!hhI!ihI!hhI!!> but was:<[]hhI!hhI!ihI!hhI!!>",
                "org.junit.ComparisonFailure: 'HhHI!HHI!IHhHHI!IHI!!HHHI!IHI!!hhI!hhI!ihI!hhI!!' != 'hHI!HHI!IHhHHI!IHI!!HHHI!IHI!!hhI!hhI!ihI!hhI!!' expected:<[H]hHI!HHI!IHhHHI!IHI!!...> but was:<[]hHI!HHI!IHhHHI!IHI!!...>",
                "org.junit.ComparisonFailure: 'hHi!HHi!IHHHHI!IHI!!HHHI!IHI!!iHHI!IHI!!!HHI!IHI!!HHHI!IHI!!HHHI!IHI!!iHHI!IHI!!!HHI!IHI!!IHHI!IHHhhHhhhi!ihi!!hhI!hhI!ihI!hhI!!hhhhi!ihi!!hhI!hhI!ihI!hhI!!Ihhhi!ihi!!hhI!hhI!ihI!hhI!!!hhhi!ihi!!hhI!hhI!ihI!hhI!!hhhhi!ihi!!hhI!hhI!ihI!hhI!!hhhhi!ihi!!hhI!hhI!ihI!hhI!!Ihhhi!ihi!!hhI!hhI!ihI!hhI!!!hhhi!ihi!!hhI!hhI!ihI!hhI!!ihhhi!ihi!!hhI!hhI!ihI!hhI!!hhhhi!ihi!!hhI!hhI!ihI!hhI!!hhhhi!ihi!!hhI!hhI!ihI!hhI!!ihhhi!ihi!!hhI!hhI!ihI!hhI!!!' != 'hHi!HHi!IHHHHI!IHI!!HHHI!IHI!!iHHI!IHI!!!HHI!IHI!!HHHI!IHI!!HHHI!IHI!!iHHI!IHI!!!HHI!IHI!!IHHI!IHHhhhi!ihi!!hhI!hhI!ihI!hhI!!hhhhi!ihi!!hhI!hhI!ihI!hhI!!Ihhhi!ihi!!hhI!hhI!ihI!hhI!!!hhhi!ihi!!hhI!hhI!ihI!hhI!!hhhhi!ihi!!hhI!hhI!ihI!hhI!!hhhhi!ihi!!hhI!hhI!ihI!hhI!!Ihhhi!ihi!!hhI!hhI!ihI!hhI!!!hhhi!ihi!!hhI!hhI!ihI!hhI!!ihhhi!ihi!!hhI!hhI!ihI!hhI!!hhhhi!ihi!!hhI!hhI!ihI!hhI!!hhhhi!ihi!!hhI!hhI!ihI!hhI!!ihhhi!ihi!!hhI!hhI!ihI!hhI!!!' expected:<...!HHI!IHI!!IHHI!IHHhh[Hhh]hi!ihi!!hhI!hhI!ihI!...> but was:<...!HHI!IHI!!IHHI!IHHhh[]hi!ihi!!hhI!hhI!ihI!...>",
                "java.lang.StringIndexOutOfBoundsException: String index out of range: 100",
                "org.junit.ComparisonFailure: 'H' != '' expected:<[H]> but was:<[]>",
                "java.lang.AssertionError: Expected exception of type java.lang.StringIndexOutOfBoundsException; message: String index out of range: -1",
                "org.junit.ComparisonFailure: 'Hhi!hhi!ihhhhi!ihi!!hhhi!ihi!!ihhi!ihi!!!hhi!ihi!!hhhi!ihi!!hhhi!ihi!!ihhi!ihi!!!hhi!ihi!!ihhi!ihhHH' != 'Hhi!hhi!ihhhhi!ihi!!hhhi!ihi!!ihhi!ihi!!!hhi!ihi!!hh' expected:<...hi!ihi!!!hhi!ihi!!hh[hi!ihi!!hhhi!ihi!!ihhi!ihi!!!hhi!ihi!!ihhi!ihhHH]> but was:<...hi!ihi!!!hhi!ihi!!hh[]>",
                "java.lang.AssertionError: Expected exception of type java.lang.StringIndexOutOfBoundsException; message: String index out of range: -1",
                "org.junit.ComparisonFailure: 'hhhi!ihi!!hhhi!hhi!ihi!hhi!!hhhi!hhi!ihi!hhi!!ihhi!hhi!ihi!hhi!!!hhi!hhi!ihi!hhi!!hhhi!hhi!ihi!hhHhHi!HHi!IHi!HHi!!' != 'hhhi!ihi!!HhHi!HHi!IHi!HHi!!' expected:<hhhi!ihi!![hhhi!hhi!ihi!hhi!!hhhi!hhi!ihi!hhi!!ihhi!hhi!ihi!hhi!!!hhi!hhi!ihi!hhi!!hhhi!hhi!ihi!hh]HhHi!HHi!IHi!HHi!!> but was:<hhhi!ihi!![]HhHi!HHi!IHi!HHi!!>",
                "java.lang.AssertionError: Expected exception of type java.lang.StringIndexOutOfBoundsException; message: String index out of range: -1",
                "org.junit.ComparisonFailure: 'hhHi!HHi!IHHHHI!IHI!!HHHI!IHI!!iHHHHI!IHI!!HHHI!IHI!!IHHI!IHI!!!HHI!IHI!!HHHI!IHI!!HHHI!IHI!!IHHI!IHI!!!HHI!IHI!!IHHI!IHI!!HHHI!IHI!!IHHI!IHI!!!HHI!IHI!!HHHI!IHI!!HHHI!IHI!!IHHI!IHI!!!HHI!IHI!!!HI!IHI!!!HHI!IHI!!HHHI!IHI!!HHHIHHHI!IHI!!HHHI!IHI!!IHHI!IHI!!!HHI!IHI!!HHHI!IHI!!HHHI!IHI!!IHHI!IHI!!!HHI!IHI!!IHHI!IHI!!HHHI!IHI!!IHHI!IHI!!!HHI!IHI!!HHHI!IHI!!HHHI!IHI!!IHHI!IHI!!!HHI!IHI!!!!IHI!!iHHI!IHI!!!HHI!IHI!!IHHI!IHHHI!IHI!!HHHI!IHI!!IHHI!IHI!!!HHI!IHI!!HHHI!IHI!!HHHI!IHI!!IHHI!IHI!!!HHI!IHI!!IHHI!IHI!!HHHI!IHI!!IHHI!IHI!!!HHI!IHI!!HHHI!IHI!!HHHI!IHI!!IHHI!IHI!!!HHI!IHI!!!HI!!HHHI!IHI!!iHHI!IHI!!!HHI!IHIHHHI!IHI!!HHHI!IHI!!IHHI!IHI!!!HHI!IHI!!HHHI!IHI!!HHHI!IHI!!IHHI!IHI!!!HHI!IHI!!IHHI!IHI!!HHHI!IHI!!IHHI!IHI!!!HHI!IHI!!HHHI!IHI!!HHHI!IHI!!IHHI!IHI!!!HHI!IHI!!!!!HHHI!IHI!!HHHI!IHI!!iHHI!IHI!!HHHI!IHI!!HHHI!IHI!!IHHI!IHI!!!HHI!IHI!!HHHI!IHI!!HHHI!IHI!!IHHI!IHI!!!HHI!IHI!!IHHI!IHI!!HHHI!IHI!!IHHI!IHI!!!HHI!IHI!!HHHI!IHI!!HHHI!IHI!!IHHI!IHI!!!HHI!IHI!!!!HHI!IHI!!!i!HHi!!' != 'hHi!HHi!IHHHHI!IHI!!HHHI!IHI!!iHHHHI!IHI!!HHHI!IHI!!IHHI!IHI!!!HHI!IHI!!HHHI!IHI!!HHHI!IHI!!IHHI!IHI!!!HHI!IHI!!IHHI!IHI!!HHHI!IHI!!IHHI!IHI!!!HHI!IHI!!HHHI!IHI!!HHHI!IHI!!IHHI!IHI!!!HHI!IHI!!!HI!IHI!!!HHI!IHI!!HHHI!IHI!!HHHIHHHI!IHI!!HHHI!IHI!!IHHI!IHI!!!HHI!IHI!!HHHI!IHI!!HHHI!IHI!!IHHI!IHI!!!HHI!IHI!!IHHI!IHI!!HHHI!IHI!!IHHI!IHI!!!HHI!IHI!!HHHI!IHI!!HHHI!IHI!!IHHI!IHI!!!HHI!IHI!!!!IHI!!iHHI!IHI!!!HHI!IHI!!IHHI!IHHHI!IHI!!HHHI!IHI!!IHHI!IHI!!!HHI!IHI!!HHHI!IHI!!HHHI!IHI!!IHHI!IHI!!!HHI!IHI!!IHHI!IHI!!HHHI!IHI!!IHHI!IHI!!!HHI!IHI!!HHHI!IHI!!HHHI!IHI!!IHHI!IHI!!!HHI!IHI!!!HI!!HHHI!IHI!!iHHI!IHI!!!HHI!IHIHHHI!IHI!!HHHI!IHI!!IHHI!IHI!!!HHI!IHI!!HHHI!IHI!!HHHI!IHI!!IHHI!IHI!!!HHI!IHI!!IHHI!IHI!!HHHI!IHI!!IHHI!IHI!!!HHI!IHI!!HHHI!IHI!!HHHI!IHI!!IHHI!IHI!!!HHI!IHI!!!!!HHHI!IHI!!HHHI!IHI!!iHHI!IHI!!HHHI!IHI!!HHHI!IHI!!IHHI!IHI!!!HHI!IHI!!HHHI!IHI!!HHHI!IHI!!IHHI!IHI!!!HHI!IHI!!IHHI!IHI!!HHHI!IHI!!IHHI!IHI!!!HHI!IHI!!HHHI!IHI!!HHHI!IHI!!IHHI!IHI!!!HHI!IHI!!!!HHI!IHI!!!i!HHi!!' expected:<h[h]Hi!HHi!IHHHHI!IHI!!H...> but was:<h[]Hi!HHi!IHHHHI!IHI!!H...>",
                "org.junit.ComparisonFailure: 'hHhI!hhI!ihhhhi!ihi!!hhhi!ihi!!Ihhi!ihi!!!hhi!ihi!!hhhi!ihi!!hhhi!ihi!!Ihhi!ihi!!!hhi!ihi!!ihhi!ihHI!HHI!IHHHHI!IHI!!HHHI!IHI!!IHHHHI!IHI!!HHHI!IHI!!HHI!HHI!IHHI!' != 'hHhI!hhI!ihhhhi!ihi!!hhhi!ihi!!Ihhi!ihi!!!hhi!ihi!!hhHI!HHI!IHHHHI!IHI!!HHHI!IHI!!IHHHHI!IHI!!HHHI!IHI!!HHI!HHI!IHHI!' expected:<...hi!ihi!!!hhi!ihi!!hh[hi!ihi!!hhhi!ihi!!Ihhi!ihi!!!hhi!ihi!!ihhi!ih]HI!HHI!IHHHHI!IHI!!H...> but was:<...hi!ihi!!!hhi!ihi!!hh[]HI!HHI!IHHHHI!IHI!!H...>",
                "org.junit.ComparisonFailure: 'hhi!hhi!ihhhhi!ihi!!hhhi!ihi!!ihhi!ihi!!!hhi!ihi!!hhhhhi!ihi!!hhhi!ihi!!Ihhi!ihi!!!hhi!ihi!!hhhi!hhhi!hhi!ihi!hhi!!hhhi!hhi!ihi!hhi!!ihhi!hhi!ihi!hhi!!!hhi!hhi!ihi!hhi!!hhhi!hhi!ihi!hhi!!hhhi!hhi!ihhi!hhi!!ihhi!hhi!ihi!hhi!!!hhi!hhi!ihi!hhi!!ihhi!hhi!ihi!hhi!!hhhi!hhi!ihi!hhi!!hhhi!hhi!ihi!hhi!!ihhhi!hhi!ihi!hhi!!!' != 'hhi!hhi!ihhhhi!ihi!!hhhi!ihi!!ihhhhi!hhi!ihi!hhi!!hhhi!hhi!ihi!hhi!!ihhi!hhi!ihi!hhi!!!hhi!hhi!ihi!hhi!!hhhi!hhi!ihi!hhi!!hhhi!hhi!ihhi!hhi!!ihhi!hhi!ihi!hhi!!!hhi!hhi!ihi!hhi!!ihhi!hhi!ihi!hhi!!hhhi!hhi!ihi!hhi!!hhhi!hhi!ihi!hhi!!ihhhi!hhi!ihi!hhi!!!' expected:<...i!ihi!!hhhi!ihi!!ihh[i!ihi!!!hhi!ihi!!hhhhhi!ihi!!hhhi!ihi!!Ihhi!ihi!!!hhi!ihi!!hhhi!h]hhi!hhi!ihi!hhi!!hhh...> but was:<...i!ihi!!hhhi!ihi!!ihh[]hhi!hhi!ihi!hhi!!hhh...>",
                "java.lang.AssertionError: Expected exception of type java.lang.StringIndexOutOfBoundsException; message: String index out of range: -1",
                "org.junit.ComparisonFailure: 'HhI!hhI!ihhhhi!ihi!!hhhi!ihi!!IhhhhhHHHI!IHI!!HHHI!IHI!!HHI!HHI!IHI!HHI!!HHHHI!IHI!!HHHI!IHI!!HHIHhi!hhi!ihHhhi!ihi!!hhhi!ihi!!HHhHHI!IHI!!HHHI!IHI!!hhI!hhI!ihI!hhI!!' != 'HhI!hhI!ihHhi!hhi!ihHhhi!ihi!!hhhi!ihi!!HHhHHI!IHI!!HHHI!IHI!!hhI!hhI!ihI!hhI!!' expected:<HhI!hhI!ih[hhhi!ihi!!hhhi!ihi!!IhhhhhHHHI!IHI!!HHHI!IHI!!HHI!HHI!IHI!HHI!!HHHHI!IHI!!HHHI!IHI!!HHI]Hhi!hhi!ihHhhi!ihi!!...> but was:<HhI!hhI!ih[]Hhi!hhi!ihHhhi!ihi!!...>",
                "org.junit.ComparisonFailure: 'hHi!HHi!IHHHHI!IHI!!HHHI!IHI!!iHHHHHhhhi!ihi!!hhhi!ihhhhi!ihi!!hhi!hhi!ihi!hhi!!hhhhhhi!hhi!ihhhi!hhi!ihhhhi!ihi!!hhhi!ihi!!ihhi!ihi!!!hhi!ihi!!hhhi!ihi!!hhhi!ihi!!ihhi!ihi!!!hhi!ihi!!ihhi!ihhhhi!ihi!!hhhi!ihi!!ihhi!ihi!!!hhi!ihi!!hhhi!ihi!!hhhi!ihi!!ihhi!ihi!!!hhi!ihi!!ihhi!ihi!!hhhi!ihi!!ihhi!ihi!!!hhi!ihi!!hhhi!ihi!!hhhi!ihi!!ihhi!ihi!!!hhi!ihi!!!' != 'hHi!HHi!IHHHHI!IHI!!HHHI!IHI!!iHhhhhi!ihi!!hhi!hhi!ihi!hhi!!hhhhhhi!hhi!ihhhi!hhi!ihhhhi!ihi!!hhhi!ihi!!ihhi!ihi!!!hhi!ihi!!hhhi!ihi!!hhhi!ihi!!ihhi!ihi!!!hhi!ihi!!ihhi!ihhhhi!ihi!!hhhi!ihi!!ihhi!ihi!!!hhi!ihi!!hhhi!ihi!!hhhi!ihi!!ihhi!ihi!!!hhi!ihi!!ihhi!ihi!!hhhi!ihi!!ihhi!ihi!!!hhi!ihi!!hhhi!ihi!!hhhi!ihi!!ihhi!ihi!!!hhi!ihi!!!' expected:<...HI!IHI!!HHHI!IHI!!iH[HHHHhhhi!ihi!!hhhi!i]hhhhi!ihi!!hhi!hhi!i...> but was:<...HI!IHI!!HHHI!IHI!!iH[]hhhhi!ihi!!hhi!hhi!i...>",
                "java.lang.AssertionError: Expected exception of type java.lang.StringIndexOutOfBoundsException; message: String index out of range: -1",
                "org.junit.ComparisonFailure: 'hHHI!HHI!IHhHi!HHi!IHHhi!hhi!ihhi!HHHI!HHI!IHhHi!HHi!IHHhi!hhi!ihhi!HHHI!HHI!IHhHi!HHi!IHHhi!hhi!ihhhhhhi!ihi!!hhI!hhI!ihI!hhI!!hhhhi!ihi!!hhI!hhI!ihI!hhI!!Ihhhi!ihi!!hhI!hhI!ihI!hhI!!!hhhi!ihi!!hhI!hHhI!hhI!ihHi!' != 'hHHI!HHI!IHhHi!HHi!IHHhi!hhi!ihhhhhhi!ihi!!hhI!hhI!ihI!hhI!!hhhhi!ihi!!hhI!hhI!ihI!hhI!!Ihhhi!ihi!!hhI!hhI!ihI!hhI!!!hhhi!ihi!!hhI!hHhI!hhI!ihHi!' expected:<...Hi!HHi!IHHhi!hhi!ihh[i!HHHI!HHI!IHhHi!HHi!IHHhi!hhi!ihhi!HHHI!HHI!IHhHi!HHi!IHHhi!hhi!ihh]hhhhi!ihi!!hhI!hhI!i...> but was:<...Hi!HHi!IHHhi!hhi!ihh[]hhhhi!ihi!!hhI!hhI!i...>",
                "org.junit.ComparisonFailure: 'hhhHi!HHi!IHhhi!hhi!ihhhhi!ihi!!hhhi!ihi!!ihhi!ihi!!!hhi!ihi!!hhHhi!hhi!ihhhhi!ihi!!hhhi!ihi!!ihhi!ihHHHI!HHI!IHHHHI!IHI!!HHHI!IHI!!IHHI!HHI!HHI!IHHI!HHHI!HHI!IHHHHI!IHI!!HHHI!IHI!!IHHI!HHI!HHI!IHHIhhhHhI!hhI!ihhhhi!ihi!!hhhi!ihi!!Ihhi!ihi!!!hhi!ihi!!hhhi!ihi!!hhhi!ihi!!Ihhi!ihi!!!hhi!ihi!!ihhi!ihi!!hHhI!hhI!ihI!hhI!!' != 'hhHi!HHi!IHhhi!hhi!ihhhhi!ihi!!hhhi!ihi!!ihhi!ihi!!!hhi!ihi!!hhHhi!hhi!ihhhhi!ihi!!hhhi!ihi!!ihhi!ihHHHI!HHI!IHHHHI!IHI!!HHHI!IHI!!IHHI!HHI!HHI!IHHI!HHHI!HHI!IHHHHI!IHI!!HHHI!IHI!!IHHI!HHI!HHI!IHHIhhhHhI!hhI!ihhhhi!ihi!!hhhi!ihi!!Ihhi!ihi!!!hhi!ihi!!hhhi!ihi!!hhhi!ihi!!Ihhi!ihi!!!hhi!ihi!!ihhi!ihi!!hHhI!hhI!ihI!hhI!!' expected:<hh[h]Hi!HHi!IHhhi!hhi!ihh...> but was:<hh[]Hi!HHi!IHhhi!hhi!ihh...>",
                "org.junit.ComparisonFailure: 'HHI!HHI!IHHHHI!IHI!!HHHI!IHI!!IHHHIhhHhhi!ihi!!hhhi!ihi!!hhi!hhi!ihi!hhi!!HhHhhi!ihi!!hhhi!ihi!!hhi!hhi!ihi!hhi!!ihHhhi!ihi!!hhhi!ihi!!hhi!hhi!ihi!hhi!!!hHhhi!ihi!!hhhi!ihi!!hhi!hhi!ihi!hhi!!HhHhhi!ihi!!hhhi!ihi!!hhi!hhi!ihi!hhi!!HhHhhi!ihi!!hhhi!ihi!!hhi!hhi!ihi!hhi!!ihHhhi!ihi!!hhhi!ihi!!hhi!hhi!ihi!hhi!!!hHhhi!ihi!!hhhi!ihi!!hhi!hhi!ihi!hhi!!IhHhhi!ihi!!hhhi!ihi!!hhi!hhi!ihi!hhi!!HhHhhi!ihi!!hhhi!ihi!!hhi!hhi!ihi!hhi!!hhHhhi!ihi!!hhhi!ihi!!hhi!hhi!ihi!hhi!!HhHhhi!ihi!!hhhi!ihi!!hhi!hhi!ihi!hhi!!IhHhhi!ihi!!hhhi!ihi!!hhi!hhi!ihi!hhi!!!hHhhi!ihi!!hhhi!ihi!!hhi!hhi!ihi!hhi!!HhHhhi!ihi!!hhhi!ihi!!hhi!hhi!ihi!hhi!!HhHhhi!ihi!!hhhi!ihi!!hhi!hhi!ihi!hhi!!IhHhhi!ihi!!hhhi!ihi!!hhi!hhi!ihi!hhi!!!hHhhi!ihi!!hhhi!ihi!!hhi!hhi!ihi!hhi!!IhHhhi!ihi!!hhhi!ihi!!hhi!hhi!ihi!hhi!!HhHhhi!ihi!!hhhi!ihi!!hhi!hhi!ihi!hhi!!HhHhhi!ihi!!hhhi!ihi!!hhi!hhi!ihi!hhi!!IhHhhi!ihi!!hhhi!ihi!!hhi!hhi!ihi!hhi!!!' != 'HHI!HHI!IHhhHhhi!ihi!!hhhi!ihi!!hhi!hhi!ihi!hhi!!HhHhhi!ihi!!hhhi!ihi!!hhi!hhi!ihi!hhi!!ihHhhi!ihi!!hhhi!ihi!!hhi!hhi!ihi!hhi!!!hHhhi!ihi!!hhhi!ihi!!hhi!hhi!ihi!hhi!!HhHhhi!ihi!!hhhi!ihi!!hhi!hhi!ihi!hhi!!HhHhhi!ihi!!hhhi!ihi!!hhi!hhi!ihi!hhi!!ihHhhi!ihi!!hhhi!ihi!!hhi!hhi!ihi!hhi!!!hHhhi!ihi!!hhhi!ihi!!hhi!hhi!ihi!hhi!!IhHhhi!ihi!!hhhi!ihi!!hhi!hhi!ihi!hhi!!HhHhhi!ihi!!hhhi!ihi!!hhi!hhi!ihi!hhi!!hhHhhi!ihi!!hhhi!ihi!!hhi!hhi!ihi!hhi!!HhHhhi!ihi!!hhhi!ihi!!hhi!hhi!ihi!hhi!!IhHhhi!ihi!!hhhi!ihi!!hhi!hhi!ihi!hhi!!!hHhhi!ihi!!hhhi!ihi!!hhi!hhi!ihi!hhi!!HhHhhi!ihi!!hhhi!ihi!!hhi!hhi!ihi!hhi!!HhHhhi!ihi!!hhhi!ihi!!hhi!hhi!ihi!hhi!!IhHhhi!ihi!!hhhi!ihi!!hhi!hhi!ihi!hhi!!!hHhhi!ihi!!hhhi!ihi!!hhi!hhi!ihi!hhi!!IhHhhi!ihi!!hhhi!ihi!!hhi!hhi!ihi!hhi!!HhHhhi!ihi!!hhhi!ihi!!hhi!hhi!ihi!hhi!!HhHhhi!ihi!!hhhi!ihi!!hhi!hhi!ihi!hhi!!IhHhhi!ihi!!hhhi!ihi!!hhi!hhi!ihi!hhi!!!' expected:<HHI!HHI!IH[HHHI!IHI!!HHHI!IHI!!IHHHI]hhHhhi!ihi!!hhhi!ihi...> but was:<HHI!HHI!IH[]hhHhhi!ihi!!hhhi!ihi...>",
                "org.junit.ComparisonFailure: 'hHI!HHI!IHHHHI!IHI!!HHHI!IHI!!IHHHHI!IHI!!HHHI!IHI!!IHHI!IHI!!!HHI!IHI!!HHHI!IHI!!HHHI!IHI!!IHHI!IHIHHI!HHI!IHHHHI!IHI!!HHHI!IHI!!IHHI!Hhi!hhi!ihhhhi!ihi!!hhhi!ihi!!ihhi!ihi!!!hhi!ihi!!hhhi!' != 'hHI!HHI!IHHHI!HHI!IHHHHI!IHI!!HHHI!IHI!!IHHI!Hhi!hhi!ihhhhi!ihi!!hhhi!ihi!!ihhi!ihi!!!hhi!ihi!!hhhi!' expected:<hHI!HHI!IHHH[HI!IHI!!HHHI!IHI!!IHHHHI!IHI!!HHHI!IHI!!IHHI!IHI!!!HHI!IHI!!HHHI!IHI!!HHHI!IHI!!IHHI!IHIHH]I!HHI!IHHHHI!IHI!!HH...> but was:<hHI!HHI!IHHH[]I!HHI!IHHHHI!IHI!!HH...>",
                "java.lang.AssertionError: Expected exception of type java.lang.StringIndexOutOfBoundsException; message: String index out of range: -1",
                "java.lang.AssertionError: Expected exception of type java.lang.StringIndexOutOfBoundsException; message: String index out of range: -1",
                "java.lang.AssertionError: Expected exception of type java.lang.StringIndexOutOfBoundsException; message: String index out of range: -1",
                "org.junit.ComparisonFailure: 'HhI!hhI!ihhhhi!ihi!!hhhi!ihi!!Ihhhhi!ihi!!hhhi!ihi!!ihhi!ihi!!!hhi!ihi!!hhhi!ihi!!hhhi!ihi!!ihhi!Hhhi!ihi!!ihhi!ihi!!!' != 'HhI!hhI!ihHhhi!ihi!!ihhi!ihi!!!' expected:<HhI!hhI!ih[hhhi!ihi!!hhhi!ihi!!Ihhhhi!ihi!!hhhi!ihi!!ihhi!ihi!!!hhi!ihi!!hhhi!ihi!!hhhi!ihi!!ihhi!]Hhhi!ihi!!ihhi!ihi!!...> but was:<HhI!hhI!ih[]Hhhi!ihi!!ihhi!ihi!!...>",
                "java.lang.StringIndexOutOfBoundsException: String index out of range: 100",
                "org.junit.ComparisonFailure: 'hHhi!hhi!ihhhhi!ihi!!hhhi!ihi!!ihhhhhhhhi!ihi!!hhhi!ihi!!hhi!hhi!ihi!hhi!!hhhhi!ihi!!hhhi!ihi!!hhi!hhi!ihi!hhi!!hhhhi!ihi!!hhhi!ihi!!hhihhhhi!ihi!!hhhi!ihi!!hhi!hhi!ihi!hhi!!hhhhi!ihi!!hhhi!ihi!!hhi!hhi!ihi!hhi!!hhhhi!ihi!!hhhi!ihi!!hhi!hhi!ihi!hhi!!ihhhi!ihi!!hhhi!ihi!!hhi!hhi!ihi!hhi!!hhhhi!ihi!!hhhi!ihi!!hhi!hhi!ihi!hhi!!!' != 'Hhi!hhi!ihhhhi!ihi!!hhhi!ihi!!ihhhhhhhhi!ihi!!hhhi!ihi!!hhi!hhi!ihi!hhi!!hhhhi!ihi!!hhhi!ihi!!hhi!hhi!ihi!hhi!!hhhhi!ihi!!hhhi!ihi!!hhihhhhi!ihi!!hhhi!ihi!!hhi!hhi!ihi!hhi!!hhhhi!ihi!!hhhi!ihi!!hhi!hhi!ihi!hhi!!hhhhi!ihi!!hhhi!ihi!!hhi!hhi!ihi!hhi!!ihhhi!ihi!!hhhi!ihi!!hhi!hhi!ihi!hhi!!hhhhi!ihi!!hhhi!ihi!!hhi!hhi!ihi!hhi!!!' expected:<[h]Hhi!hhi!ihhhhi!ihi!!...> but was:<[]Hhi!hhi!ihhhhi!ihi!!...>",
                "java.lang.AssertionError: Expected exception of type java.lang.StringIndexOutOfBoundsException; message: String index out of range: -1",
                "org.junit.ComparisonFailure: 'HHhi!hhi!ihhhhi!ihi!!hhhi!ihi!!ihhi!hhi!hhi!ihhhhi!ihhhhi!hhi!ihhhhi!ihi!!hhhi!ihi!!ihhi!' != 'Hhi!hhi!ihhhhi!ihi!!hhhi!ihi!!ihhi!hhi!hhi!ihhhhi!ihhhhi!hhi!ihhhhi!ihi!!hhhi!ihi!!ihhi!' expected:<H[H]hi!hhi!ihhhhi!ihi!!h...> but was:<H[]hi!hhi!ihhhhi!ihi!!h...>",
                "java.lang.StringIndexOutOfBoundsException: String index out of range: 100",
                "java.lang.AssertionError: Expected exception of type java.lang.StringIndexOutOfBoundsException; message: String index out of range: -1",
                "java.lang.StringIndexOutOfBoundsException: String index out of range: 35",
                "org.junit.ComparisonFailure: 'HHhhi!ihi!!hhi!hhi!ihhhhi!ihi!!hhhi!ihi!!ihhi!ihi!!!hhi!ihi!!hhhhI!hhI!ihhhi!hhi!ihhhhi!ihi!!hhhi!ihi!!ihhi!ihi!!!hhi!ihi!!hhI!hhI!!' != 'Hhhi!ihi!!hhi!hhi!ihhhhi!ihi!!hhhi!ihi!!ihhi!ihi!!!hhi!ihi!!hhhhI!hhI!ihhhi!hhi!ihhhhi!ihi!!hhhi!ihi!!ihhi!ihi!!!hhi!ihi!!hhI!hhI!!' expected:<H[H]hhi!ihi!!hhi!hhi!ihh...> but was:<H[]hhi!ihi!!hhi!hhi!ihh...>",
                "java.lang.StringIndexOutOfBoundsException: String index out of range: 52",
                "java.lang.StringIndexOutOfBoundsException: String index out of range: 97",
                "java.lang.AssertionError: Expected exception of type java.lang.StringIndexOutOfBoundsException; message: String index out of range: -1",
                "java.lang.StringIndexOutOfBoundsException: String index out of range: 100",
                "org.junit.ComparisonFailure: 'HHhi!hhi!ihhhhi!ihi!!hhhi!ihi!!ihhi!ihi!!!hhi!ihi!!hhhi!ihi!!hhhi!ihi!!ihhi!ihi!!!hhi!ihi!!ihhi!ihi!!hi!' != 'Hhi!hhi!ihhhhi!ihi!!hhhi!ihi!!ihhi!ihi!!!hhi!ihi!!hhhi!ihi!!hhhi!ihi!!ihhi!ihi!!!hhi!ihi!!ihhi!ihi!!hi!' expected:<H[H]hi!hhi!ihhhhi!ihi!!h...> but was:<H[]hi!hhi!ihhhhi!ihi!!h...>",
                "org.junit.ComparisonFailure: 'Hhhhhi!ihi!!hhhi!ihi!!hhi!hhi!ihi!hhi!!hhhhi!ihi!!hhhi!ihi!!hhi!hhi!ihi!hhi!!Hhhhi!ihi!!hhhi!ihi!!hhiHhhhi!ihi!!hhhi!ihi!!hhi!hhi!ihi!hhi!!hhhhi!ihi!!hhhi!ihi!!hhi!hhi!ihi!hhi!!Hhhhi!ihi!!hhhi!ihi!!hhi!hhi!ihi!hhi!!Ihhhi!ihi!!hhhi!ihi!!hhi!hhi!ihi!hhi!!Hhhhi!ihi!!hhhi!ihi!!hhi!hhi!ihi!hhi!!!' != 'hhhhi!ihi!!hhhi!ihi!!hhi!hhi!ihi!hhi!!hhhhi!ihi!!hhhi!ihi!!hhi!hhi!ihi!hhi!!Hhhhi!ihi!!hhhi!ihi!!hhiHhhhi!ihi!!hhhi!ihi!!hhi!hhi!ihi!hhi!!hhhhi!ihi!!hhhi!ihi!!hhi!hhi!ihi!hhi!!Hhhhi!ihi!!hhhi!ihi!!hhi!hhi!ihi!hhi!!Ihhhi!ihi!!hhhi!ihi!!hhi!hhi!ihi!hhi!!Hhhhi!ihi!!hhhi!ihi!!hhi!hhi!ihi!hhi!!!' expected:<[H]hhhhi!ihi!!hhhi!ihi!...> but was:<[]hhhhi!ihi!!hhhi!ihi!...>",
                "java.lang.AssertionError: Expected exception of type java.lang.StringIndexOutOfBoundsException; message: String index out of range: -1",
                "org.junit.ComparisonFailure: 'hHhi!hhi!iHHi!HHi!IHHHHI!IHI!!HHHI!IHI!!iHHI!IHI!!!HHI!IHI!!HHHI!IHI!!HHHI!IHI!!iHHI!IHI!!!HHI!IHI!!HHI!HHI!IHI!HHI!!' != 'hHhi!hhi!iHHI!HHI!IHI!HHI!!' expected:<hHhi!hhi!iHH[i!HHi!IHHHHI!IHI!!HHHI!IHI!!iHHI!IHI!!!HHI!IHI!!HHHI!IHI!!HHHI!IHI!!iHHI!IHI!!!HHI!IHI!!HH]I!HHI!IHI!HHI!!> but was:<hHhi!hhi!iHH[]I!HHI!IHI!HHI!!>",
                "org.junit.ComparisonFailure: 'hHhih!' != 'Hhih!' expected:<[h]Hhih!> but was:<[]Hhih!>",
                "org.junit.ComparisonFailure: 'H' != '' expected:<[H]> but was:<[]>",
                "java.lang.AssertionError: Expected exception of type java.lang.StringIndexOutOfBoundsException; message: String index out of range: -1",
                "org.junit.ComparisonFailure: 'hHHHI!IHI!!HHi!HHi!IHi!HHi!!HHHHHhI!hhI!ihhHi!HHi!IHHHHI!IHI!!HHHI!IHI!!iHHI!IHI!!!HHI!IHI!!HHHI!HHhHI!IHI!!hhih!' != 'hHHHI!IHI!HHhHI!IHI!!hhih!' expected:<hHHHI!IHI![!HHi!HHi!IHi!HHi!!HHHHHhI!hhI!ihhHi!HHi!IHHHHI!IHI!!HHHI!IHI!!iHHI!IHI!!!HHI!IHI!!HHHI!]HHhHI!IHI!!hhih!> but was:<hHHHI!IHI![]HHhHI!IHI!!hhih!>",
                "org.junit.ComparisonFailure: 'HHi!HHi!IHHHHI!IHI!!HHHI!IHI!!iHHI!' != 'HHi!HHi!IH' expected:<HHi!HHi!IH[HHHI!IHI!!HHHI!IHI!!iHHI!]> but was:<HHi!HHi!IH[]>",
                "java.lang.AssertionError: Expected exception of type java.lang.StringIndexOutOfBoundsException; message: String index out of range: -1",
                "java.lang.AssertionError: Expected exception of type java.lang.StringIndexOutOfBoundsException; message: String index out of range: -1",
                "org.junit.ComparisonFailure: 'hhHHI!IHI!!HHI!HHI!IHHHHI!IHI!!HHHI!IHI!!IHHI!IHI!!!HHI!IHI!!HHHHi!HHi!IHHHI!HHI!IHHHHI!IHI!!HHHI!IHI!!IHHI!IHI!!!HHI!IHI!!HHi!HHi!!' != 'hHHI!IHI!!HHI!HHI!IHHHHI!IHI!!HHHI!IHI!!IHHI!IHI!!!HHI!IHI!!HHHHi!HHi!IHHHI!HHI!IHHHHI!IHI!!HHHI!IHI!!IHHI!IHI!!!HHI!IHI!!HHi!HHi!!' expected:<h[h]HHI!IHI!!HHI!HHI!IHH...> but was:<h[]HHI!IHI!!HHI!HHI!IHH...>",
                "org.junit.ComparisonFailure: 'HHHHI!IHI!!HHi!HHi!IHi!HHi!!HHHHI!IHI!!HHi!HHi!IHi!HHhI!hhI!ihhHi!HHi!IHHHHI!IHI!!HHHI!IHI!!iHHI!IHI!!!HHI!IHI!!HHHI!IHI!!HHHI!IHI!!iHHI!IHI!!!HHI!IHI!!IHHI!IHHhhi!ihi!!hhhi!ihi!!Ihhi!ihi!!!hhi!ihi!!hhhi!ihi!!hhhi!ihi!!Ihhi!ihi!!!hhi!ihi!!ihhi!ihi!!hhhi!ihi!!Ihhi!ihi!!!hhi!ihi!!hhhi!ihi!!hhhi!ihi!!Ihhi!ihi!!!hhi!ihi!!!' != 'HHHHI!IHI!!HHi!HHi!IHi!HHi!!HHHHHhI!hhI!ihhHi!HHi!IHHHHI!IHI!!HHHI!IHI!!iHHI!IHI!!!HHI!IHI!!HHHI!IHI!!HHHI!IHI!!iHHI!IHI!!!HHI!IHI!!IHHI!IHHhhi!ihi!!hhhi!ihi!!Ihhi!ihi!!!hhi!ihi!!hhhi!ihi!!hhhi!ihi!!Ihhi!ihi!!!hhi!ihi!!ihhi!ihi!!hhhi!ihi!!Ihhi!ihi!!!hhi!ihi!!hhhi!ihi!!hhhi!ihi!!Ihhi!ihi!!!hhi!ihi!!!' expected:<...Hi!HHi!IHi!HHi!!HHHH[I!IHI!!HHi!HHi!IHi!H]HhI!hhI!ihhHi!HHi!IH...> but was:<...Hi!HHi!IHi!HHi!!HHHH[]HhI!hhI!ihhHi!HHi!IH...>",
                "java.lang.StringIndexOutOfBoundsException: String index out of range: 97",
                "org.junit.ComparisonFailure: 'HHi!HHi!IHHHHI!IHI!!HHHI!IHI!!iHHHHI!IHI!!HHHI!IHI!!IHHI!IHI!!!HHI!IHI!!HHHI!IHI!!HHHI!IHI!!IHHI!IHIhhI!hhI!ihhhhi!ihi!!hhhi!ihi!!Ihhi!ihi!!!hhi!ihi!!hhhi!ihi!!hhhi!ihi!!Ihhi!ihi!!!hhi!ihi!!ihhi!ihi!!hhhi!ihi!!Ihhi!ihi!!!hhi!ihi!!hhhi!ihi!!hhhi!ihi!!Ihhi!ihi!!!hhi!ihi!!!I!hhI!!' != 'HHi!HHi!IHhhI!hhI!ihhhhi!ihi!!hhhi!ihi!!Ihhi!ihi!!!hhi!ihi!!hhhi!ihi!!hhhi!ihi!!Ihhi!ihi!!!hhi!ihi!!ihhi!ihi!!hhhi!ihi!!Ihhi!ihi!!!hhi!ihi!!hhhi!ihi!!hhhi!ihi!!Ihhi!ihi!!!hhi!ihi!!!I!hhI!!' expected:<HHi!HHi!IH[HHHI!IHI!!HHHI!IHI!!iHHHHI!IHI!!HHHI!IHI!!IHHI!IHI!!!HHI!IHI!!HHHI!IHI!!HHHI!IHI!!IHHI!IHI]hhI!hhI!ihhhhi!ihi!!...> but was:<HHi!HHi!IH[]hhI!hhI!ihhhhi!ihi!!...>",
                "org.junit.ComparisonFailure: 'hhHI!HHI!IhHHI!IHI!!HHHI!IHI!!IHHI!IHI!!!HHI!HHI!HHI!IHI!HHI!!IHI!!HHHI!IHI!!HHHI!IHI!!IHHI!IHI!!HHIhHHI!IHI!!HHi!HHi!IHi!HHi!!' != 'hhHI!HHI!IhHHI!IHI!!HHi!HHi!IHi!HHi!!' expected:<...HI!HHI!IhHHI!IHI!!HH[HI!IHI!!IHHI!IHI!!!HHI!HHI!HHI!IHI!HHI!!IHI!!HHHI!IHI!!HHHI!IHI!!IHHI!IHI!!HHIhHHI!IHI!!HH]i!HHi!IHi!HHi!!> but was:<...HI!HHI!IhHHI!IHI!!HH[]i!HHi!IHi!HHi!!>",
                "java.lang.StringIndexOutOfBoundsException: String index out of range: 97",
                "org.junit.ComparisonFailure: 'Hhi!hhi!hhi!ihi!!hi!ihi!hhi!ihi!!hi!!hi!ihi!hhi!hhi!hHi!HHi!IHHHHI!IHI!!HHHI!IHI!!iHHI!IHI!!!HHI!IHIHHhhi!ihi!!hhhi!ihi!!hhi!hhi!ihi!hhi!!' != 'Hhi!hhi!hhi!ihi!!hi!ihi!hhi!ihi!HHhhi!ihi!!hhhi!ihi!!hhi!hhi!ihi!hhi!!' expected:<...ihi!!hi!ihi!hhi!ihi![!hi!!hi!ihi!hhi!hhi!hHi!HHi!IHHHHI!IHI!!HHHI!IHI!!iHHI!IHI!!!HHI!IHI]HHhhi!ihi!!hhhi!ihi!...> but was:<...ihi!!hi!ihi!hhi!ihi![]HHhhi!ihi!!hhhi!ihi!...>",
                "org.junit.ComparisonFailure: 'hHhi!hhi!ihhhhi!ihi!!hhhi!ihi!!ihhhi!hhi!ihhhhi!ihi!!hhhi!ihi!!ihhi!hhi!hhi!ihhhhi!ihi!!hhhi!ihi!!ihhHhhHI!IHI!!IhHI!IHI!!!' != 'Hhi!hhi!ihhhhi!ihi!!hhhi!ihi!!ihhhi!hhi!ihhhhi!ihi!!hhhi!ihi!!ihhi!hhi!hhi!ihhhhi!ihi!!hhhi!ihi!!ihhHhhHI!IHI!!IhHI!IHI!!!' expected:<[h]Hhi!hhi!ihhhhi!ihi!!...> but was:<[]Hhi!hhi!ihhhhi!ihi!!...>",
                "org.junit.ComparisonFailure: 'HhhI!hhI!ihhhhi!ihi!!hhhi!ihi!!Ihhi!ihi!!!hhi!ihi!!hhhi!ihi!!hhhi!ihi!!Ihhi!ihi!!!hhi!ihi!!ihhi!ihi!!HhHI!IHI!!IhHI!IHI!!!' != 'hhI!hhI!ihhhhi!ihi!!hhhi!ihi!!Ihhi!ihi!!!hhi!ihi!!hhhi!ihi!!hhhi!ihi!!Ihhi!ihi!!!hhi!ihi!!ihhi!ihi!!HhHI!IHI!!IhHI!IHI!!!' expected:<[H]hhI!hhI!ihhhhi!ihi!!...> but was:<[]hhI!hhI!ihhhhi!ihi!!...>",
                "org.junit.ComparisonFailure: 'hHhhi!ihi!!hhhi!ihi!!Ihhi!ihi!!!hhi!HHi!HHi!IHi!HHi!!ihi!!hhhi!ihi!!hhhi!ihi!!Ihhi!ihi!!HHi!HHi!IHi!HHi!!!hhi!ihi!!ihhi!ihi!!hhhi!ihi!!Ihhi!HHi!HHi!IHi!HHi!!ihi!!!hhi!ihi!!hhhi!ihi!!hhhi!ihi!!HHi!HHi!IHi!HHi!!Ihhi!ihi!!!hhi!ihi!!!' != 'Hhhi!ihi!!hhhi!ihi!!Ihhi!ihi!!!hhi!HHi!HHi!IHi!HHi!!ihi!!hhhi!ihi!!hhhi!ihi!!Ihhi!ihi!!HHi!HHi!IHi!HHi!!!hhi!ihi!!ihhi!ihi!!hhhi!ihi!!Ihhi!HHi!HHi!IHi!HHi!!ihi!!!hhi!ihi!!hhhi!ihi!!hhhi!ihi!!HHi!HHi!IHi!HHi!!Ihhi!ihi!!!hhi!ihi!!!' expected:<[h]Hhhi!ihi!!hhhi!ihi!!...> but was:<[]Hhhi!ihi!!hhhi!ihi!!...>",
                "java.lang.AssertionError: Expected exception of type java.lang.StringIndexOutOfBoundsException; message: String index out of range: -1",
                "java.lang.AssertionError: Expected exception of type java.lang.StringIndexOutOfBoundsException; message: String index out of range: -1",
                "java.lang.StringIndexOutOfBoundsException: String index out of range: 100",
                "java.lang.AssertionError: Expected exception of type java.lang.StringIndexOutOfBoundsException; message: String index out of range: -1",
                "org.junit.ComparisonFailure: 'HHhi!hhi!ihhhhi!ihi!!hhhi!ihi!!iHHi!HHi!IHHHHI!IHI!!HHHI!IHI!!iHHI!IHI!!!HHI!IHI!!HHHI!IHI!!HHHI!IHI!!iHHI!IHI!!!HHI!IHI!!IHHI!IHHhhhhi!hhi!ihhhhi!ihi!!' != 'HHhi!hhi!iHHi!HHi!IHHHHI!IHI!!HHHI!IHI!!iHHI!IHI!!!HHI!IHI!!HHHI!IHI!!HHHI!IHI!!iHHI!IHI!!!HHI!IHI!!IHHI!IHHhhhhi!hhi!ihhhhi!ihi!!' expected:<HHhi!hhi!i[hhhhi!ihi!!hhhi!ihi!!i]HHi!HHi!IHHHHI!IHI!!...> but was:<HHhi!hhi!i[]HHi!HHi!IHHHHI!IHI!!...>",
                "java.lang.AssertionError: Expected exception of type java.lang.StringIndexOutOfBoundsException; message: String index out of range: -1",
                "java.lang.StringIndexOutOfBoundsException: String index out of range: 100",
                "org.junit.ComparisonFailure: 'hHi!HHi!IHHHHI!IHI!!HHHI!IHI!!iHHI!IHI!!!HHI!IHI!!HHHI!IHI!!HHHI!IHI!!iHHI!IHI!!!HHI!IHI!!IHHI!IHI!!hHI!HHI!IHHI!' != 'hHi!HHi!IHhHI!HHI!IHHI!' expected:<hHi!HHi!IH[HHHI!IHI!!HHHI!IHI!!iHHI!IHI!!!HHI!IHI!!HHHI!IHI!!HHHI!IHI!!iHHI!IHI!!!HHI!IHI!!IHHI!IHI!!]hHI!HHI!IHHI!> but was:<hHi!HHi!IH[]hHI!HHI!IHHI!>",
                "org.junit.ComparisonFailure: 'hHI!HHI!IHHHHI!IHI!!HHHI!IHI!!IHHI!IHI!!!HHI!IHI!!HHHI!IHI!!HHHI!IHI!!IHHI!IHI!!!HHI!IHI!!IHHI!IHHhhhhhhi!ihi!!hhhi!ihi!!hhi!hhi!ihi!hhi!!hhhhi!ihi!!hhhi!ihi!!hhi!hhi!ihi!hhi!!Hhhhi!ihi!!hhhi!ihi!!hhi!hhi!ihi!hhi!!Ihhhi!ihi!!hhhi!ihi!!hhi!hhi!ihi!hhi!!Hhhhi!ihi!!hhhi!ihi!!hhi!hhi!ihi!hhi!!!' != 'hHI!HHI!IHhhhhi!ihi!!hhhi!ihi!!hhi!hhi!ihi!hhi!!hhhhi!ihi!!hhhi!ihi!!hhi!hhi!ihi!hhi!!Hhhhi!ihi!!hhhi!ihi!!hhi!hhi!ihi!hhi!!Ihhhi!ihi!!hhhi!ihi!!hhi!hhi!ihi!hhi!!Hhhhi!ihi!!hhhi!ihi!!hhi!hhi!ihi!hhi!!!' expected:<hHI!HHI!IH[HHHI!IHI!!HHHI!IHI!!IHHI!IHI!!!HHI!IHI!!HHHI!IHI!!HHHI!IHI!!IHHI!IHI!!!HHI!IHI!!IHHI!IHHhh]hhhhi!ihi!!hhhi!ihi!...> but was:<hHI!HHI!IH[]hhhhi!ihi!!hhhi!ihi!...>",
                "org.junit.ComparisonFailure: 'HhHi!HHi!IHHHHI!IHI!!HHHI!IHI!!iHHI!IHI!!!HHI!IHI!!HHHI!IHI!!HHHI!IHI!!iHHI!IHI!!!HHI!IHI!!IHHI!IHI!HhHi!HHi!IHi!HHi!!' != 'HhHi!HHi!IHHHHI!IHI!!HHHI!IHI!!iHHIHhHi!HHi!IHi!HHi!!' expected:<...!IHI!!HHHI!IHI!!iHHI[!IHI!!!HHI!IHI!!HHHI!IHI!!HHHI!IHI!!iHHI!IHI!!!HHI!IHI!!IHHI!IHI!]HhHi!HHi!IHi!HHi!!> but was:<...!IHI!!HHHI!IHI!!iHHI[]HhHi!HHi!IHi!HHi!!>",
                "org.junit.ComparisonFailure: 'HHhi!hhi!ihhhhi!ihi!!hhhi!ihi!!ihhi!Hhhi!ihi!!hhI!hhI!ihI!hhI!!' != 'Hhi!hhi!ihhhhi!ihi!!hhhi!ihi!!ihhi!Hhhi!ihi!!hhI!hhI!ihI!hhI!!' expected:<H[H]hi!hhi!ihhhhi!ihi!!h...> but was:<H[]hi!hhi!ihhhhi!ihi!!h...>",
                "java.lang.AssertionError: Expected exception of type java.lang.StringIndexOutOfBoundsException; message: String index out of range: 35",
                "java.lang.AssertionError: Expected exception of type java.lang.StringIndexOutOfBoundsException; message: String index out of range: 32",
                "java.lang.AssertionError: Expected exception of type java.lang.StringIndexOutOfBoundsException; message: String index out of range: -1",
                "java.lang.AssertionError: Expected exception of type java.lang.StringIndexOutOfBoundsException; message: String index out of range: -1",
                "java.lang.AssertionError: Expected exception of type java.lang.StringIndexOutOfBoundsException; message: String index out of range: -1",
                "java.lang.AssertionError: Expected exception of type java.lang.StringIndexOutOfBoundsException; message: String index out of range: -1",
                "java.lang.AssertionError: Expected exception of type java.lang.StringIndexOutOfBoundsException; message: String index out of range: -1",
                "java.lang.AssertionError: Expected exception of type java.lang.StringIndexOutOfBoundsException; message: String index out of range: 10",
                "org.junit.ComparisonFailure: 'Hhhi!ihi!!hhhi!ihi!!Ihhi!ihi!!!hhi!ihi!!hhhi!ihi!!hhhi!ihi!!Ihhi!ihi!!!hhi!ihi!!ihhi!ihi!!hhhi!ihi!!' != 'Hhhi!ihi!!' expected:<Hhhi!ihi!![hhhi!ihi!!Ihhi!ihi!!!hhi!ihi!!hhhi!ihi!!hhhi!ihi!!Ihhi!ihi!!!hhi!ihi!!ihhi!ihi!!hhhi!ihi!!]> but was:<Hhhi!ihi!![]>",
                "java.lang.AssertionError: Expected exception of type java.lang.StringIndexOutOfBoundsException; message: String index out of range: -1",
                "java.lang.StringIndexOutOfBoundsException: String index out of range: 100",
                "org.junit.ComparisonFailure: 'HhI!hhI!ihhhhi!ihi!!hhhi!ihi!!Ihhi!ihi!!!hhi!ihi!!hhhi!ihi!!hhhi!ihi!!Ihhi!ihi!!!hhi!ihi!!ihhi!ihi!!Hi!' != 'HhI!hhI!ihHi!' expected:<HhI!hhI!ih[hhhi!ihi!!hhhi!ihi!!Ihhi!ihi!!!hhi!ihi!!hhhi!ihi!!hhhi!ihi!!Ihhi!ihi!!!hhi!ihi!!ihhi!ihi!!]Hi!> but was:<HhI!hhI!ih[]Hi!>",
                "org.junit.ComparisonFailure: 'hHhhi!ihi!!hhhi!ihi!!ihhi!ihi!!!hhi!ihi!!hhhi!ihi!!hhhi!ihi!!ihhi!ihi!!!hhi!ihi!!ihhi!ihi!!hhhi!ihi!!ihhi!ihi!!!hhi!ihi!!hhhi!ihi!!hhhi!ihi!!ihhi!ihi!!!hhi!ihi!!!' != 'Hhhi!ihi!!hhhi!ihi!!ihhi!ihi!!!hhi!ihi!!hhhi!ihi!!hhhi!ihi!!ihhi!ihi!!!hhi!ihi!!ihhi!ihi!!hhhi!ihi!!ihhi!ihi!!!hhi!ihi!!hhhi!ihi!!hhhi!ihi!!ihhi!ihi!!!hhi!ihi!!!' expected:<[h]Hhhi!ihi!!hhhi!ihi!!...> but was:<[]Hhhi!ihi!!hhhi!ihi!!...>",
                "java.lang.AssertionError: Expected exception of type java.lang.StringIndexOutOfBoundsException; message: String index out of range: -1",
                "java.lang.StringIndexOutOfBoundsException: String index out of range: 100",
                "java.lang.StringIndexOutOfBoundsException: String index out of range: 100",
                "java.lang.StringIndexOutOfBoundsException: String index out of range: 100",
                "java.lang.AssertionError: Expected exception of type java.lang.StringIndexOutOfBoundsException; message: String index out of range: -1",
                "java.lang.AssertionError: Expected exception of type java.lang.StringIndexOutOfBoundsException; message: String index out of range: -1",
                "java.lang.AssertionError: Expected exception of type java.lang.StringIndexOutOfBoundsException; message: String index out of range: -1",
                "org.junit.ComparisonFailure: 'Hhhi!hhi!ihhhhi!ihi!!hhhi!ihi!!ihhi!hhi!hhi!ihhi!hhhi!hhi!ihhhhi!ihi!!hhhi!ihi!!ihhi!hhi!hhi!ihhi!hhHhhi!ihi!!hhhi!ihi!!ihhi!ihi!!!hhhhi!hhi!ihhhhi!ihi!!hhhi!ihi!!ihhi!ihi!!!hhi!ihi!!hhhi!ihi!!hhhi!ihi!!ihhi!ihi!!!hhi!ihi!!ihhi!ihi!!hi!' != 'Hhhi!hhi!ihhhhi!ihi!!hhhi!ihi!!ihhiHhhi!ihi!!hhhi!ihi!!ihhi!ihi!!!hhhhi!hhi!ihhhhi!ihi!!hhhi!ihi!!ihhi!ihi!!!hhi!ihi!!hhhi!ihi!!hhhi!ihi!!ihhi!ihi!!!hhi!ihi!!ihhi!ihi!!hi!' expected:<...!ihi!!hhhi!ihi!!ihhi[!hhi!hhi!ihhi!hhhi!hhi!ihhhhi!ihi!!hhhi!ihi!!ihhi!hhi!hhi!ihhi!hh]Hhhi!ihi!!hhhi!ihi!!...> but was:<...!ihi!!hhhi!ihi!!ihhi[]Hhhi!ihi!!hhhi!ihi!!...>",
                "java.lang.AssertionError: Expected exception of type java.lang.StringIndexOutOfBoundsException; message: String index out of range: 100",
                "org.junit.ComparisonFailure: 'hHI!HHI!IHHHHI!IHI!!HHHI!IHI!!IHHHIhhi!hhi!ihHhi!hhihhi!hhi!ihhhhi!ihi!!hhhi!ihi!!ihhhi!hhi!ihhhhi!ihi!!hhhi!ihi!!ihhi!hhi!hhi!ihhhhi!ihi!!hhhi!ihi!!ihhhhhi!ihi!!hhi!hhi!ihhhhi!ihi!!hhhi!ihi!!ihhi!ihi!!!hhi!ihi!!hhhi!ihi!!hhhi!ihi!!ihhi!ihi!!!hhi!ihi!!ihhi!ihhhhi!ihi!!hhhi!ihi!!ihhi!ihi!!!hhi!ihi!!hhhi!ihi!!hhhi!ihi!!ihhi!ihi!!!hhi!ihi!!ihhi!ihi!!hhhi!ihi!!ihhi!ihi!!!hhi!ihi!!hhhi!ihi!!hhhi!ihi!!ihhi!ihi!!!hhi!ihi!!!i!!hhhi!ihi!!ihhi!ihi!!!hhi!ihi!!hhhi!ihi!!hhhi!ihi!!ihhi!ihi!!!hhi!ihi!!!i!hhi!!' != 'hHI!HHI!IHHHHI!IHI!!HHHI!IHI!!IHhhi!hhi!ihhhhi!ihi!!hhhi!ihi!!ihhhi!hhi!ihhhhi!ihi!!hhhi!ihi!!ihhi!hhi!hhi!ihhhhi!ihi!!hhhi!ihi!!ihhhhhi!ihi!!hhi!hhi!ihhhhi!ihi!!hhhi!ihi!!ihhi!ihi!!!hhi!ihi!!hhhi!ihi!!hhhi!ihi!!ihhi!ihi!!!hhi!ihi!!ihhi!ihhhhi!ihi!!hhhi!ihi!!ihhi!ihi!!!hhi!ihi!!hhhi!ihi!!hhhi!ihi!!ihhi!ihi!!!hhi!ihi!!ihhi!ihi!!hhhi!ihi!!ihhi!ihi!!!hhi!ihi!!hhhi!ihi!!hhhi!ihi!!ihhi!ihi!!!hhi!ihi!!!i!!hhhi!ihi!!ihhi!ihi!!!hhi!ihi!!hhhi!ihi!!hhhi!ihi!!ihhi!ihi!!!hhi!ihi!!!i!hhi!!' expected:<...HI!IHI!!HHHI!IHI!!IH[HHIhhi!hhi!ihHhi!hhi]hhi!hhi!ihhhhi!ihi!!...> but was:<...HI!IHI!!HHHI!IHI!!IH[]hhi!hhi!ihhhhi!ihi!!...>",
                "org.junit.ComparisonFailure: 'hHI!HHI!IHHHHHI!IHI!!HHI!HHI!IHI!HHI!!HHHHI!IHI!!HHI!HHI!IHI!HHI!!IHHHI!IHI!!HHI!HHI!IHI!HHI!!!HHHI!HHHI!IHI!!HHi!HHi!IHHHHI!IHI!!HHHI!IHI!!iHHI!IHI!!!HHI!IHI!!HHHI!IHI!!HHHI!IHI!!iHHI!IHI!!!HHI!IHI!!IHHI!IHHhhhi!ihi!!hhI!hhI!ihI!hhI!!hhhhi!ihi!!hhI!hhI!ihI!hhI!!Ihhhi!ihi!!hhI!hhI!ihI!hhI!!!hhhi!ihi!!hhI!hhI!ihI!hhI!!hhhhi!ihi!!hhI!hhI!ihI!hhI!!hhhhi!ihi!!hhI!hhI!ihI!hhI!!Ihhhi!ihi!!hhI!hhI!ihI!hhI!!!hhhi!ihi!!hhI!hhI!ihI!hhI!!ihhhi!ihi!!hhI!hhI!ihI!hhI!!hhhhi!ihi!!hhI!hhI!ihI!hhI!!hhhhi!ihi!!hhI!hhI!ihI!hhI!!ihhhi!ihi!!hhI!hhI!ihI!hhI!!!hI!' != 'hHI!HHI!IHHHHHI!IHI!!HHI!HHI!IHI!HHI!!HHHHI!IHI!!HHIHHHI!IHI!!HHi!HHi!IHHHHI!IHI!!HHHI!IHI!!iHHI!IHI!!!HHI!IHI!!HHHI!IHI!!HHHI!IHI!!iHHI!IHI!!!HHI!IHI!!IHHI!IHHhhhi!ihi!!hhI!hhI!ihI!hhI!!hhhhi!ihi!!hhI!hhI!ihI!hhI!!Ihhhi!ihi!!hhI!hhI!ihI!hhI!!!hhhi!ihi!!hhI!hhI!ihI!hhI!!hhhhi!ihi!!hhI!hhI!ihI!hhI!!hhhhi!ihi!!hhI!hhI!ihI!hhI!!Ihhhi!ihi!!hhI!hhI!ihI!hhI!!!hhhi!ihi!!hhI!hhI!ihI!hhI!!ihhhi!ihi!!hhI!hhI!ihI!hhI!!hhhhi!ihi!!hhI!hhI!ihI!hhI!!hhhhi!ihi!!hhI!hhI!ihI!hhI!!ihhhi!ihi!!hhI!hhI!ihI!hhI!!!hI!' expected:<...!HHI!!HHHHI!IHI!!HHI[!HHI!IHI!HHI!!IHHHI!IHI!!HHI!HHI!IHI!HHI!!!HHHI!]HHHI!IHI!!HHi!HHi!IH...> but was:<...!HHI!!HHHHI!IHI!!HHI[]HHHI!IHI!!HHi!HHi!IH...>"
            ],
            "failing_lines": [
                [
                    "RegressionTest1.test0514(RegressionTest1.java:128)"
                ],
                [
                    "RegressionTest1.test0606(RegressionTest1.java:1042)"
                ],
                [
                    "RegressionTest1.test0630(RegressionTest1.java:1321)"
                ],
                [
                    "RegressionTest1.test0669(RegressionTest1.java:1754)"
                ],
                [
                    "RegressionTest1.test0701(RegressionTest1.java:2101)"
                ],
                [
                    "RegressionTest1.test0717(RegressionTest1.java:2272)"
                ],
                [
                    "RegressionTest1.test0737(RegressionTest1.java:2481)"
                ],
                [
                    "RegressionTest1.test0740(RegressionTest1.java:2506)"
                ],
                [
                    "RegressionTest1.test0749(RegressionTest1.java:2581)"
                ],
                [
                    "RegressionTest1.test0866(RegressionTest1.java:3784)"
                ],
                [
                    "RegressionTest1.test0913(RegressionTest1.java:4398)"
                ],
                [
                    "RegressionTest1.test0975(RegressionTest1.java:4964)"
                ],
                [
                    "RegressionTest1.test0976(RegressionTest1.java:4974)"
                ],
                [
                    "RegressionTest1.test0984(RegressionTest1.java:5077)"
                ],
                [
                    "RegressionTest6.test3220(RegressionTest6.java:3253)"
                ],
                [
                    "RegressionTest6.test3293(RegressionTest6.java:4297)"
                ],
                [
                    "RegressionTest6.test3348(RegressionTest6.java:5059)"
                ],
                [
                    "RegressionTest6.test3375(RegressionTest6.java:5475)"
                ],
                [
                    "RegressionTest6.test3383(RegressionTest6.java:5621)"
                ],
                [
                    "RegressionTest6.test3407(RegressionTest6.java:6013)"
                ],
                [
                    "RegressionTest6.test3445(RegressionTest6.java:6599)"
                ],
                [
                    "RegressionTest8.test4044(RegressionTest8.java:683)"
                ],
                [
                    "RegressionTest8.test4084(RegressionTest8.java:1223)"
                ],
                [
                    "RegressionTest8.test4140(RegressionTest8.java:2089)"
                ],
                [
                    "RegressionTest8.test4208(RegressionTest8.java:3049)"
                ],
                [
                    "RegressionTest8.test4227(RegressionTest8.java:3326)"
                ],
                [
                    "RegressionTest8.test4326(RegressionTest8.java:4965)"
                ],
                [
                    "RegressionTest8.test4356(RegressionTest8.java:5375)"
                ],
                [
                    "RegressionTest8.test4481(RegressionTest8.java:7425)"
                ],
                [
                    "RegressionTest8.test4495(RegressionTest8.java:7604)"
                ],
                [
                    "RegressionTest3.test1528(RegressionTest3.java:358)"
                ],
                [
                    "RegressionTest3.test1581(RegressionTest3.java:1073)"
                ],
                [
                    "RegressionTest3.test1595(RegressionTest3.java:1234)"
                ],
                [
                    "RegressionTest3.test1636(RegressionTest3.java:1660)"
                ],
                [
                    "RegressionTest3.test1657(RegressionTest3.java:1859)"
                ],
                [
                    "RegressionTest3.test1658(RegressionTest3.java:1868)"
                ],
                [
                    "RegressionTest3.test1821(RegressionTest3.java:3933)"
                ],
                [
                    "RegressionTest3.test1841(RegressionTest3.java:4193)"
                ],
                [
                    "RegressionTest3.test1881(RegressionTest3.java:4654)"
                ],
                [
                    "RegressionTest3.test1917(RegressionTest3.java:5070)"
                ],
                [
                    "RegressionTest9.test4521(RegressionTest9.java:280)"
                ],
                [
                    "RegressionTest9.test4600(RegressionTest9.java:1353)"
                ],
                [
                    "RegressionTest5.test2569(RegressionTest5.java:1044)"
                ],
                [
                    "RegressionTest5.test2601(RegressionTest5.java:1486)"
                ],
                [
                    "RegressionTest5.test2627(RegressionTest5.java:1831)"
                ],
                [
                    "RegressionTest5.test2636(RegressionTest5.java:1943)"
                ],
                [
                    "RegressionTest5.test2690(RegressionTest5.java:2674)"
                ],
                [
                    "RegressionTest5.test2797(RegressionTest5.java:4228)"
                ],
                [
                    "RegressionTest5.test2838(RegressionTest5.java:4758)"
                ],
                [
                    "RegressionTest5.test2861(RegressionTest5.java:5083)"
                ],
                [
                    "RegressionTest5.test2892(RegressionTest5.java:5524)"
                ],
                [
                    "RegressionTest5.test2980(RegressionTest5.java:6786)"
                ],
                [
                    "RegressionTest4.test2051(RegressionTest4.java:707)"
                ],
                [
                    "RegressionTest4.test2068(RegressionTest4.java:878)"
                ],
                [
                    "RegressionTest4.test2212(RegressionTest4.java:2781)"
                ],
                [
                    "RegressionTest4.test2223(RegressionTest4.java:2922)"
                ],
                [
                    "RegressionTest4.test2225(RegressionTest4.java:2937)"
                ],
                [
                    "RegressionTest4.test2367(RegressionTest4.java:4863)"
                ],
                [
                    "RegressionTest4.test2388(RegressionTest4.java:5124)"
                ],
                [
                    "RegressionTest4.test2397(RegressionTest4.java:5243)"
                ],
                [
                    "RegressionTest4.test2445(RegressionTest4.java:5869)"
                ],
                [
                    "RegressionTest4.test2460(RegressionTest4.java:6055)"
                ],
                [
                    "RegressionTest4.test2487(RegressionTest4.java:6397)"
                ],
                [
                    "RegressionTest4.test2490(RegressionTest4.java:6451)"
                ],
                [
                    "RegressionTest2.test1065(RegressionTest2.java:673)"
                ],
                [
                    "RegressionTest2.test1127(RegressionTest2.java:1418)"
                ],
                [
                    "RegressionTest2.test1135(RegressionTest2.java:1504)"
                ],
                [
                    "RegressionTest2.test1184(RegressionTest2.java:2043)"
                ],
                [
                    "RegressionTest2.test1293(RegressionTest2.java:3230)"
                ],
                [
                    "RegressionTest2.test1326(RegressionTest2.java:3658)"
                ],
                [
                    "RegressionTest2.test1356(RegressionTest2.java:4020)"
                ],
                [
                    "RegressionTest2.test1436(RegressionTest2.java:4969)"
                ],
                [
                    "RegressionTest0.test0027(RegressionTest0.java:238)"
                ],
                [
                    "RegressionTest0.test0040(RegressionTest0.java:362)"
                ],
                [
                    "RegressionTest0.test0139(RegressionTest0.java:1248)"
                ],
                [
                    "RegressionTest0.test0143(RegressionTest0.java:1285)"
                ],
                [
                    "RegressionTest0.test0185(RegressionTest0.java:1737)"
                ],
                [
                    "RegressionTest0.test0188(RegressionTest0.java:1766)"
                ],
                [
                    "RegressionTest0.test0205(RegressionTest0.java:1907)"
                ],
                [
                    "RegressionTest0.test0212(RegressionTest0.java:1986)"
                ],
                [
                    "RegressionTest0.test0218(RegressionTest0.java:2042)"
                ],
                [
                    "RegressionTest0.test0223(RegressionTest0.java:2093)"
                ],
                [
                    "RegressionTest0.test0226(RegressionTest0.java:2119)"
                ],
                [
                    "RegressionTest0.test0236(RegressionTest0.java:2225)"
                ],
                [
                    "RegressionTest0.test0314(RegressionTest0.java:2962)"
                ],
                [
                    "RegressionTest0.test0349(RegressionTest0.java:3301)"
                ],
                [
                    "RegressionTest0.test0412(RegressionTest0.java:3928)"
                ],
                [
                    "RegressionTest0.test0425(RegressionTest0.java:4043)"
                ],
                [
                    "RegressionTest0.test0427(RegressionTest0.java:4059)"
                ],
                [
                    "RegressionTest0.test0450(RegressionTest0.java:4305)"
                ],
                [
                    "RegressionTest7.test3589(RegressionTest7.java:1232)"
                ],
                [
                    "RegressionTest7.test3600(RegressionTest7.java:1374)"
                ],
                [
                    "RegressionTest7.test3633(RegressionTest7.java:1886)"
                ],
                [
                    "RegressionTest7.test3757(RegressionTest7.java:3716)"
                ],
                [
                    "RegressionTest7.test3861(RegressionTest7.java:5273)"
                ],
                [
                    "RegressionTest7.test3870(RegressionTest7.java:5409)"
                ]
            ]
        },
        {
            "patch": "/home/mmartinez/xTestCluster/Patches/Patches_Wang902/Patches_ICSE/Doverfitting/TBar/Lang/patch1-Lang-45-TBar-plausible.patch",
            "test": "test_from_WangICSE_patch1-Lang-45-TBar-plausible",
            "failing": 0,
            "testrun": 4529,
            "failings": [],
            "status": "ok",
            "test_executed": [
                "RegressionTest1",
                "RegressionTest6",
                "RegressionTest8",
                "RegressionTest3",
                "RegressionTest9",
                "RegressionTest5",
                "RegressionTest4",
                "RegressionTest2",
                "RegressionTest0",
                "RegressionTest7"
            ],
            "failing_assertions": [],
            "failing_lines": []
        }
    ],
    "duration": 37.17
}