{
    "patch": "/home/mmartinez/xTestCluster/Patches/Patches_Wang902/Patches_ICSE/Doverfitting/Cardumen/Chart/patch1-Chart-24-Cardumen-plausible.patch",
    "project": "Chart",
    "bugid": "24",
    "dataset": "Patches_ICSE",
    "date": "2022-12-16T05:43:32.837357",
    "project_checked": "ok",
    "compiledProjectModified": "ok",
    "patchApplied": "ok",
    "arrive_end": "ok",
    "patched_project_pass_all_test": "no",
    "test_execution": [
        {
            "patch": "/home/mmartinez/xTestCluster/Patches/Patches_Wang902/Patches_ICSE/Doverfitting/Cardumen/Chart/patch1-Chart-24-Cardumen-plausible.patch",
            "test": "test_from_WangICSE_patch1-Chart-24-Cardumen-plausible",
            "failing": 0,
            "testrun": 17,
            "failings": [],
            "status": "ok",
            "test_executed": [
                "org.jfree.chart.renderer.GrayPaintScale_ESTest"
            ],
            "failing_assertions": [],
            "failing_lines": []
        },
        {
            "patch": "/home/mmartinez/xTestCluster/Patches/Patches_Wang902/Patches_ICSE/Doverfitting/Cardumen/Chart/patch1-Chart-24-Cardumen-plausible.patch",
            "test": "test_from_WangICSE_patch1-Chart-24-AVATAR",
            "failing": 1,
            "testrun": 17,
            "failings": [
                "test02(org.jfree.chart.renderer.GrayPaintScale_ESTest)"
            ],
            "status": "ok",
            "test_executed": [
                "org.jfree.chart.renderer.GrayPaintScale_ESTest"
            ],
            "failing_assertions": [
                "java.lang.AssertionError: expected:<255> but was:<0>"
            ],
            "failing_lines": [
                [
                    "org.jfree.chart.renderer.GrayPaintScale_ESTest.test02(GrayPaintScale_ESTest.java:47)"
                ]
            ]
        },
        {
            "patch": "/home/mmartinez/xTestCluster/Patches/Patches_Wang902/Patches_ICSE/Doverfitting/Cardumen/Chart/patch1-Chart-24-Cardumen-plausible.patch",
            "test": "test_from_WangDRR_patch1-Chart-24-Jaid",
            "failing": 0,
            "testrun": 17,
            "failings": [],
            "status": "ok",
            "test_executed": [
                "org.jfree.chart.renderer.GrayPaintScale_ESTest"
            ],
            "failing_assertions": [],
            "failing_lines": []
        },
        {
            "patch": "/home/mmartinez/xTestCluster/Patches/Patches_Wang902/Patches_ICSE/Doverfitting/Cardumen/Chart/patch1-Chart-24-Cardumen-plausible.patch",
            "test": "test_from_WangDRR_patch1-Chart-24-SOFix",
            "failing": 1,
            "testrun": 17,
            "failings": [
                "test02(org.jfree.chart.renderer.GrayPaintScale_ESTest)"
            ],
            "status": "ok",
            "test_executed": [
                "org.jfree.chart.renderer.GrayPaintScale_ESTest"
            ],
            "failing_assertions": [
                "java.lang.AssertionError: expected:<-1> but was:<-16777216>"
            ],
            "failing_lines": [
                [
                    "org.jfree.chart.renderer.GrayPaintScale_ESTest.test02(GrayPaintScale_ESTest.java:47)"
                ]
            ]
        },
        {
            "patch": "/home/mmartinez/xTestCluster/Patches/Patches_Wang902/Patches_ICSE/Doverfitting/Cardumen/Chart/patch1-Chart-24-Cardumen-plausible.patch",
            "test": "test_from_WangDRR_patch2-Chart-24-Jaid",
            "failing": 1,
            "testrun": 18,
            "failings": [
                "test03(org.jfree.chart.renderer.GrayPaintScale_ESTest)"
            ],
            "status": "ok",
            "test_executed": [
                "org.jfree.chart.renderer.GrayPaintScale_ESTest"
            ],
            "failing_assertions": [
                "java.lang.AssertionError: expected:<255> but was:<0>"
            ],
            "failing_lines": [
                [
                    "org.jfree.chart.renderer.GrayPaintScale_ESTest.test03(GrayPaintScale_ESTest.java:56)"
                ]
            ]
        },
        {
            "patch": "/home/mmartinez/xTestCluster/Patches/Patches_Wang902/Patches_ICSE/Doverfitting/Cardumen/Chart/patch1-Chart-24-Cardumen-plausible.patch",
            "test": "test_from_WangDRR_patch1-Chart-24-CapGen",
            "failing": 1,
            "testrun": 17,
            "failings": [
                "test02(org.jfree.chart.renderer.GrayPaintScale_ESTest)"
            ],
            "status": "ok",
            "test_executed": [
                "org.jfree.chart.renderer.GrayPaintScale_ESTest"
            ],
            "failing_assertions": [
                "java.lang.AssertionError: expected:<255> but was:<0>"
            ],
            "failing_lines": [
                [
                    "org.jfree.chart.renderer.GrayPaintScale_ESTest.test02(GrayPaintScale_ESTest.java:47)"
                ]
            ]
        },
        {
            "patch": "/home/mmartinez/xTestCluster/Patches/Patches_Wang902/Patches_ICSE/Doverfitting/Cardumen/Chart/patch1-Chart-24-Cardumen-plausible.patch",
            "test": "test_from_WangICSE_patch1-Chart-24-FixMiner",
            "failing": 1,
            "testrun": 17,
            "failings": [
                "test02(org.jfree.chart.renderer.GrayPaintScale_ESTest)"
            ],
            "status": "ok",
            "test_executed": [
                "org.jfree.chart.renderer.GrayPaintScale_ESTest"
            ],
            "failing_assertions": [
                "java.lang.AssertionError: expected:<-1> but was:<-16777216>"
            ],
            "failing_lines": [
                [
                    "org.jfree.chart.renderer.GrayPaintScale_ESTest.test02(GrayPaintScale_ESTest.java:47)"
                ]
            ]
        }
    ],
    "duration": 36.59
}