{
    "patch": "/home/mmartinez/xTestCluster/Patches/Patches_Wang902/Patches_others/Dcorrect/CapGen/Lang/patch2-Lang-43-CapGen.patch",
    "project": "Lang",
    "bugid": "43",
    "dataset": "Patches_others",
    "date": "2023-02-05T20:19:41.262659",
    "project_checked": "ok",
    "compiledProjectModified": "ok",
    "patchApplied": "ok",
    "arrive_end": "ok",
    "patched_project_pass_all_test": "no",
    "test_execution": [
        {
            "patch": "/home/mmartinez/xTestCluster/Patches/Patches_Wang902/Patches_others/Dcorrect/CapGen/Lang/patch2-Lang-43-CapGen.patch",
            "test": "test_from_WangDRR_patch1-Lang-43-CapGen",
            "failing": 0,
            "testrun": 31,
            "failings": [],
            "status": "ok",
            "test_executed": [
                "org.apache.commons.lang.text.ExtendedMessageFormat_ESTest"
            ],
            "failing_assertions": [],
            "failing_lines": []
        },
        {
            "patch": "/home/mmartinez/xTestCluster/Patches/Patches_Wang902/Patches_others/Dcorrect/CapGen/Lang/patch2-Lang-43-CapGen.patch",
            "test": "test_from_WangDRR_patch1-Lang-43-CapGen-plausible",
            "failing": 0,
            "testrun": 33,
            "failings": [],
            "status": "ok",
            "test_executed": [
                "org.apache.commons.lang.text.ExtendedMessageFormat_ESTest"
            ],
            "failing_assertions": [],
            "failing_lines": []
        },
        {
            "patch": "/home/mmartinez/xTestCluster/Patches/Patches_Wang902/Patches_others/Dcorrect/CapGen/Lang/patch2-Lang-43-CapGen.patch",
            "test": "test_from_WangICSE_patch1-Lang-43-TBar-plausible",
            "failing": 0,
            "testrun": 30,
            "failings": [],
            "status": "ok",
            "test_executed": [
                "org.apache.commons.lang.text.ExtendedMessageFormat_ESTest"
            ],
            "failing_assertions": [],
            "failing_lines": []
        },
        {
            "patch": "/home/mmartinez/xTestCluster/Patches/Patches_Wang902/Patches_others/Dcorrect/CapGen/Lang/patch2-Lang-43-CapGen.patch",
            "test": "test_from_WangICSE_patch1-Lang-43-SimFix",
            "failing": 0,
            "testrun": 31,
            "failings": [],
            "status": "ok",
            "test_executed": [
                "org.apache.commons.lang.text.ExtendedMessageFormat_ESTest"
            ],
            "failing_assertions": [],
            "failing_lines": []
        },
        {
            "patch": "/home/mmartinez/xTestCluster/Patches/Patches_Wang902/Patches_others/Dcorrect/CapGen/Lang/patch2-Lang-43-CapGen.patch",
            "test": "test_from_WangDRR_patch2-Lang-43-CapGen",
            "failing": 0,
            "testrun": 30,
            "failings": [],
            "status": "ok",
            "test_executed": [
                "org.apache.commons.lang.text.ExtendedMessageFormat_ESTest"
            ],
            "failing_assertions": [],
            "failing_lines": []
        },
        {
            "patch": "/home/mmartinez/xTestCluster/Patches/Patches_Wang902/Patches_others/Dcorrect/CapGen/Lang/patch2-Lang-43-CapGen.patch",
            "test": "test_from_WangICSE_patch1-Lang-43-kPAR-plausible",
            "failing": 0,
            "testrun": 32,
            "failings": [],
            "status": "ok",
            "test_executed": [
                "org.apache.commons.lang.text.ExtendedMessageFormat_ESTest"
            ],
            "failing_assertions": [],
            "failing_lines": []
        },
        {
            "patch": "/home/mmartinez/xTestCluster/Patches/Patches_Wang902/Patches_others/Dcorrect/CapGen/Lang/patch2-Lang-43-CapGen.patch",
            "test": "test_from_WangDRR_patch3-Lang-43-CapGen",
            "failing": 0,
            "testrun": 31,
            "failings": [],
            "status": "ok",
            "test_executed": [
                "org.apache.commons.lang.text.ExtendedMessageFormat_ESTest"
            ],
            "failing_assertions": [],
            "failing_lines": []
        }
    ],
    "duration": 19.4
}