{
    "patch": "/home/mmartinez/xTestCluster/Patches/Patches_Wang902/Patches_ICSE/Doverfitting/RSRepair/Math/patch1-Math-40-RSRepair-plausible.patch",
    "project": "Math",
    "bugid": "40",
    "dataset": "Patches_ICSE",
    "date": "2022-12-16T03:23:03.234992",
    "project_checked": "ok",
    "compiledProjectModified": "ok",
    "patchApplied": "ok",
    "arrive_end": "ok",
    "patched_project_pass_all_test": "no",
    "test_execution": [
        {
            "patch": "/home/mmartinez/xTestCluster/Patches/Patches_Wang902/Patches_ICSE/Doverfitting/RSRepair/Math/patch1-Math-40-RSRepair-plausible.patch",
            "test": "test_from_WangICSE_patch1-Math-40-Arja-plausible",
            "failing": 4,
            "testrun": 31,
            "failings": [
                "test11(org.apache.commons.math.analysis.solvers.BracketingNthOrderBrentSolver_ESTest)",
                "test18(org.apache.commons.math.analysis.solvers.BracketingNthOrderBrentSolver_ESTest)",
                "test19(org.apache.commons.math.analysis.solvers.BracketingNthOrderBrentSolver_ESTest)",
                "test29(org.apache.commons.math.analysis.solvers.BracketingNthOrderBrentSolver_ESTest)"
            ],
            "status": "ok",
            "test_executed": [
                "org.apache.commons.math.analysis.solvers.BracketingNthOrderBrentSolver_ESTest"
            ],
            "failing_assertions": [
                "java.lang.AssertionError: Expecting exception: ArrayIndexOutOfBoundsException",
                "java.lang.AssertionError: expected:<81.68140879106232> but was:<94.24777960753934>",
                "java.lang.AssertionError: expected:<329.86722862692835> but was:<336.15041393411553>",
                "java.lang.AssertionError: expected:<191.63715256012262> but was:<304.7344873984835>"
            ],
            "failing_lines": [
                [
                    "org.apache.commons.math.analysis.solvers.BracketingNthOrderBrentSolver_ESTest.test11(BracketingNthOrderBrentSolver_ESTest.java:172)"
                ],
                [
                    "org.apache.commons.math.analysis.solvers.BracketingNthOrderBrentSolver_ESTest.test18(BracketingNthOrderBrentSolver_ESTest.java:273)"
                ],
                [
                    "org.apache.commons.math.analysis.solvers.BracketingNthOrderBrentSolver_ESTest.test19(BracketingNthOrderBrentSolver_ESTest.java:284)"
                ],
                [
                    "org.apache.commons.math.analysis.solvers.BracketingNthOrderBrentSolver_ESTest.test29(BracketingNthOrderBrentSolver_ESTest.java:418)"
                ]
            ]
        },
        {
            "patch": "/home/mmartinez/xTestCluster/Patches/Patches_Wang902/Patches_ICSE/Doverfitting/RSRepair/Math/patch1-Math-40-RSRepair-plausible.patch",
            "test": "test_from_WangICSE_patch1-Math-40-kPAR-plausible",
            "failing": 6,
            "testrun": 33,
            "failings": [
                "test14(org.apache.commons.math.analysis.solvers.BracketingNthOrderBrentSolver_ESTest)",
                "test16(org.apache.commons.math.analysis.solvers.BracketingNthOrderBrentSolver_ESTest)",
                "test31(org.apache.commons.math.analysis.solvers.BracketingNthOrderBrentSolver_ESTest)",
                "test11(org.apache.commons.math.analysis.solvers.BracketingNthOrderBrentSolver_ESTest)",
                "test18(org.apache.commons.math.analysis.solvers.BracketingNthOrderBrentSolver_ESTest)",
                "test19(org.apache.commons.math.analysis.solvers.BracketingNthOrderBrentSolver_ESTest)"
            ],
            "status": "ok",
            "test_executed": [
                "org.apache.commons.math.analysis.solvers.BracketingNthOrderBrentSolver_ESTest"
            ],
            "failing_assertions": [
                "java.lang.AssertionError: Expecting exception: IllegalStateException",
                "java.lang.AssertionError: expected:<147.654854718709> but was:<150.79644732164166>",
                "java.lang.AssertionError: expected:<3615.973144281852> but was:<3590.840403053128>",
                "java.lang.AssertionError: Expecting exception: ArrayIndexOutOfBoundsException",
                "java.lang.AssertionError: expected:<3615.973144281852> but was:<3590.840403053128>",
                "java.lang.AssertionError: expected:<3615.973144281852> but was:<3590.840403053128>"
            ],
            "failing_lines": [
                [
                    "org.apache.commons.math.analysis.solvers.BracketingNthOrderBrentSolver_ESTest.test14(BracketingNthOrderBrentSolver_ESTest.java:226)"
                ],
                [
                    "org.apache.commons.math.analysis.solvers.BracketingNthOrderBrentSolver_ESTest.test16(BracketingNthOrderBrentSolver_ESTest.java:259)"
                ],
                [
                    "org.apache.commons.math.analysis.solvers.BracketingNthOrderBrentSolver_ESTest.test31(BracketingNthOrderBrentSolver_ESTest.java:441)"
                ],
                [
                    "org.apache.commons.math.analysis.solvers.BracketingNthOrderBrentSolver_ESTest.test11(BracketingNthOrderBrentSolver_ESTest.java:172)"
                ],
                [
                    "org.apache.commons.math.analysis.solvers.BracketingNthOrderBrentSolver_ESTest.test18(BracketingNthOrderBrentSolver_ESTest.java:278)"
                ],
                [
                    "org.apache.commons.math.analysis.solvers.BracketingNthOrderBrentSolver_ESTest.test19(BracketingNthOrderBrentSolver_ESTest.java:289)"
                ]
            ]
        },
        {
            "patch": "/home/mmartinez/xTestCluster/Patches/Patches_Wang902/Patches_ICSE/Doverfitting/RSRepair/Math/patch1-Math-40-RSRepair-plausible.patch",
            "test": "test_from_WangICSE_patch1-Math-40-GenProg-plausible",
            "failing": 1,
            "testrun": 69,
            "failings": [
                "test21(org.apache.commons.math.analysis.solvers.BracketingNthOrderBrentSolver_ESTest)"
            ],
            "status": "ok",
            "test_executed": [
                "org.apache.commons.math.analysis.solvers.BracketingNthOrderBrentSolver_ESTest",
                "org.apache.commons.math.analysis.solvers.BaseAbstractUnivariateRealSolver_ESTest"
            ],
            "failing_assertions": [
                "java.lang.AssertionError: expected:<-788.6008880582087> but was:<-921.9676392073756>"
            ],
            "failing_lines": [
                [
                    "org.apache.commons.math.analysis.solvers.BracketingNthOrderBrentSolver_ESTest.test21(BracketingNthOrderBrentSolver_ESTest.java:288)"
                ]
            ]
        },
        {
            "patch": "/home/mmartinez/xTestCluster/Patches/Patches_Wang902/Patches_ICSE/Doverfitting/RSRepair/Math/patch1-Math-40-RSRepair-plausible.patch",
            "test": "test_from_WangICSE_patch1-Math-40-RSRepair-plausible",
            "failing": 0,
            "testrun": 31,
            "failings": [],
            "status": "ok",
            "test_executed": [
                "org.apache.commons.math.analysis.solvers.BracketingNthOrderBrentSolver_ESTest"
            ],
            "failing_assertions": [],
            "failing_lines": []
        }
    ],
    "duration": 28.17
}