{
    "patch": "/home/mmartinez/xTestCluster/Patches/Patches_Wang902/Patches_others/Dcorrect/CapGen/Math/patch1-Math-59-CapGen.patch",
    "project": "Math",
    "bugid": "59",
    "dataset": "Patches_others",
    "date": "2023-02-16T22:28:48.579775",
    "project_checked": "ok",
    "compiledProjectModified": "ok",
    "patchApplied": "ok",
    "arrive_end": "ok",
    "patched_project_pass_all_test": "no",
    "test_execution": [
        {
            "patch": "/home/mmartinez/xTestCluster/Patches/Patches_Wang902/Patches_others/Dcorrect/CapGen/Math/patch1-Math-59-CapGen.patch",
            "test": "test_from_WangICSE_patch1-Math-59-AVATAR",
            "failing": 0,
            "testrun": 6503,
            "failings": [],
            "status": "ok",
            "test_executed": [
                "RegressionTest11",
                "RegressionTest10",
                "RegressionTest1",
                "RegressionTest6",
                "RegressionTest8",
                "RegressionTest12",
                "RegressionTest3",
                "RegressionTest9",
                "RegressionTest5",
                "RegressionTest4",
                "RegressionTest2",
                "RegressionTest13",
                "RegressionTest0",
                "RegressionTest7"
            ],
            "failing_assertions": [],
            "failing_lines": []
        },
        {
            "patch": "/home/mmartinez/xTestCluster/Patches/Patches_Wang902/Patches_others/Dcorrect/CapGen/Math/patch1-Math-59-CapGen.patch",
            "test": "test_from_WangDRR_patch1-Math-59-SketchFix",
            "failing": 0,
            "testrun": 6404,
            "failings": [],
            "status": "ok",
            "test_executed": [
                "RegressionTest11",
                "RegressionTest10",
                "RegressionTest1",
                "RegressionTest6",
                "RegressionTest8",
                "RegressionTest12",
                "RegressionTest3",
                "RegressionTest9",
                "RegressionTest5",
                "RegressionTest4",
                "RegressionTest2",
                "RegressionTest0",
                "RegressionTest7"
            ],
            "failing_assertions": [],
            "failing_lines": []
        },
        {
            "patch": "/home/mmartinez/xTestCluster/Patches/Patches_Wang902/Patches_others/Dcorrect/CapGen/Math/patch1-Math-59-CapGen.patch",
            "test": "test_from_WangICSE_patch1-Math-59-SimFix",
            "failing": 0,
            "testrun": 6467,
            "failings": [],
            "status": "ok",
            "test_executed": [
                "RegressionTest11",
                "RegressionTest10",
                "RegressionTest1",
                "RegressionTest6",
                "RegressionTest8",
                "RegressionTest12",
                "RegressionTest3",
                "RegressionTest9",
                "RegressionTest5",
                "RegressionTest4",
                "RegressionTest2",
                "RegressionTest0",
                "RegressionTest7"
            ],
            "failing_assertions": [],
            "failing_lines": []
        },
        {
            "patch": "/home/mmartinez/xTestCluster/Patches/Patches_Wang902/Patches_others/Dcorrect/CapGen/Math/patch1-Math-59-CapGen.patch",
            "test": "test_from_WangDRR_patch1-Math-59-SequenceR",
            "failing": 0,
            "testrun": 6468,
            "failings": [],
            "status": "ok",
            "test_executed": [
                "RegressionTest11",
                "RegressionTest10",
                "RegressionTest1",
                "RegressionTest6",
                "RegressionTest8",
                "RegressionTest12",
                "RegressionTest3",
                "RegressionTest9",
                "RegressionTest5",
                "RegressionTest4",
                "RegressionTest2",
                "RegressionTest0",
                "RegressionTest7"
            ],
            "failing_assertions": [],
            "failing_lines": []
        },
        {
            "patch": "/home/mmartinez/xTestCluster/Patches/Patches_Wang902/Patches_others/Dcorrect/CapGen/Math/patch1-Math-59-CapGen.patch",
            "test": "test_from_WangDRR_patch1-Math-59-SOFix",
            "failing": 0,
            "testrun": 6525,
            "failings": [],
            "status": "ok",
            "test_executed": [
                "RegressionTest11",
                "RegressionTest10",
                "RegressionTest1",
                "RegressionTest6",
                "RegressionTest8",
                "RegressionTest12",
                "RegressionTest3",
                "RegressionTest9",
                "RegressionTest5",
                "RegressionTest4",
                "RegressionTest2",
                "RegressionTest13",
                "RegressionTest0",
                "RegressionTest7"
            ],
            "failing_assertions": [],
            "failing_lines": []
        },
        {
            "patch": "/home/mmartinez/xTestCluster/Patches/Patches_Wang902/Patches_others/Dcorrect/CapGen/Math/patch1-Math-59-CapGen.patch",
            "test": "test_from_WangDRR_patch1-Math-59-CapGen",
            "failing": 0,
            "testrun": 6427,
            "failings": [],
            "status": "ok",
            "test_executed": [
                "RegressionTest11",
                "RegressionTest10",
                "RegressionTest1",
                "RegressionTest6",
                "RegressionTest8",
                "RegressionTest12",
                "RegressionTest3",
                "RegressionTest9",
                "RegressionTest5",
                "RegressionTest4",
                "RegressionTest2",
                "RegressionTest0",
                "RegressionTest7"
            ],
            "failing_assertions": [],
            "failing_lines": []
        }
    ],
    "duration": 36.32
}