{
    "patch": "/home/mmartinez/xTestCluster/Patches/Patches_Wang902/Patches_others/Dcorrect/SketchFix/Chart/patch1-Chart-9-SketchFix.patch",
    "project": "Chart",
    "bugid": "9",
    "dataset": "Patches_others",
    "date": "2022-12-27T21:28:39.499139",
    "project_checked": "ok",
    "compiledProjectModified": "ok",
    "patchApplied": "ok",
    "arrive_end": "ok",
    "patched_project_pass_all_test": "no",
    "test_execution": [
        {
            "patch": "/home/mmartinez/xTestCluster/Patches/Patches_Wang902/Patches_others/Dcorrect/SketchFix/Chart/patch1-Chart-9-SketchFix.patch",
            "test": "test_from_WangDRR_patch1-Chart-9-Jaid-plausible",
            "failing": 1,
            "testrun": 138,
            "failings": [
                "test086(org.jfree.data.time.TimeSeries_ESTest)"
            ],
            "status": "ok",
            "test_executed": [
                "org.jfree.data.time.TimeSeries_ESTest"
            ],
            "failing_assertions": [
                "java.lang.AssertionError: expected:<1> but was:<0>"
            ],
            "failing_lines": [
                [
                    "org.jfree.data.time.TimeSeries_ESTest.test086(TimeSeries_ESTest.java:1312)"
                ]
            ]
        },
        {
            "patch": "/home/mmartinez/xTestCluster/Patches/Patches_Wang902/Patches_others/Dcorrect/SketchFix/Chart/patch1-Chart-9-SketchFix.patch",
            "test": "test_from_WangDRR_patch3-Chart-9-Jaid-plausible",
            "failing": 0,
            "testrun": 135,
            "failings": [],
            "status": "ok",
            "test_executed": [
                "org.jfree.data.time.TimeSeries_ESTest"
            ],
            "failing_assertions": [],
            "failing_lines": []
        },
        {
            "patch": "/home/mmartinez/xTestCluster/Patches/Patches_Wang902/Patches_others/Dcorrect/SketchFix/Chart/patch1-Chart-9-SketchFix.patch",
            "test": "test_from_WangDRR_patch1-Chart-9-SketchFix",
            "failing": 0,
            "testrun": 138,
            "failings": [],
            "status": "ok",
            "test_executed": [
                "org.jfree.data.time.TimeSeries_ESTest"
            ],
            "failing_assertions": [],
            "failing_lines": []
        },
        {
            "patch": "/home/mmartinez/xTestCluster/Patches/Patches_Wang902/Patches_others/Dcorrect/SketchFix/Chart/patch1-Chart-9-SketchFix.patch",
            "test": "test_from_WangDRR_patch2-Chart-9-Jaid",
            "failing": 0,
            "testrun": 137,
            "failings": [],
            "status": "ok",
            "test_executed": [
                "org.jfree.data.time.TimeSeries_ESTest"
            ],
            "failing_assertions": [],
            "failing_lines": []
        },
        {
            "patch": "/home/mmartinez/xTestCluster/Patches/Patches_Wang902/Patches_others/Dcorrect/SketchFix/Chart/patch1-Chart-9-SketchFix.patch",
            "test": "test_from_WangDRR_patch1-Chart-9-Jaid",
            "failing": 0,
            "testrun": 136,
            "failings": [],
            "status": "ok",
            "test_executed": [
                "org.jfree.data.time.TimeSeries_ESTest"
            ],
            "failing_assertions": [],
            "failing_lines": []
        },
        {
            "patch": "/home/mmartinez/xTestCluster/Patches/Patches_Wang902/Patches_others/Dcorrect/SketchFix/Chart/patch1-Chart-9-SketchFix.patch",
            "test": "test_from_WangICSE_patch1-Chart-9-Nopol-plausible",
            "failing": 2,
            "testrun": 140,
            "failings": [
                "test041(org.jfree.data.time.TimeSeries_ESTest)",
                "test042(org.jfree.data.time.TimeSeries_ESTest)"
            ],
            "status": "ok",
            "test_executed": [
                "org.jfree.data.time.TimeSeries_ESTest"
            ],
            "failing_assertions": [
                "org.evosuite.runtime.mock.java.lang.MockIllegalArgumentException: Requires start <= end.",
                "org.evosuite.runtime.mock.java.lang.MockIllegalArgumentException: Requires start <= end."
            ],
            "failing_lines": [
                [
                    "org.jfree.data.time.TimeSeries_ESTest.test041(TimeSeries_ESTest.java:591)"
                ],
                [
                    "org.jfree.data.time.TimeSeries_ESTest.test042(TimeSeries_ESTest.java:602)"
                ]
            ]
        },
        {
            "patch": "/home/mmartinez/xTestCluster/Patches/Patches_Wang902/Patches_others/Dcorrect/SketchFix/Chart/patch1-Chart-9-SketchFix.patch",
            "test": "test_from_WangDRR_patch1-Chart-9-SequenceR",
            "failing": 0,
            "testrun": 134,
            "failings": [],
            "status": "ok",
            "test_executed": [
                "org.jfree.data.time.TimeSeries_ESTest"
            ],
            "failing_assertions": [],
            "failing_lines": []
        },
        {
            "patch": "/home/mmartinez/xTestCluster/Patches/Patches_Wang902/Patches_others/Dcorrect/SketchFix/Chart/patch1-Chart-9-SketchFix.patch",
            "test": "test_from_WangDRR_patch2-Chart-9-Jaid-plausible",
            "failing": 1,
            "testrun": 141,
            "failings": [
                "test099(org.jfree.data.time.TimeSeries_ESTest)"
            ],
            "status": "ok",
            "test_executed": [
                "org.jfree.data.time.TimeSeries_ESTest"
            ],
            "failing_assertions": [
                "java.lang.AssertionError: expected:<1> but was:<0>"
            ],
            "failing_lines": [
                [
                    "org.jfree.data.time.TimeSeries_ESTest.test099(TimeSeries_ESTest.java:1425)"
                ]
            ]
        },
        {
            "patch": "/home/mmartinez/xTestCluster/Patches/Patches_Wang902/Patches_others/Dcorrect/SketchFix/Chart/patch1-Chart-9-SketchFix.patch",
            "test": "test_from_WangICSE_patch1-Chart-9-TBar",
            "failing": 0,
            "testrun": 137,
            "failings": [],
            "status": "ok",
            "test_executed": [
                "org.jfree.data.time.TimeSeries_ESTest"
            ],
            "failing_assertions": [],
            "failing_lines": []
        }
    ],
    "duration": 39.1
}