{
    "patch": "/home/mmartinez/xTestCluster/Patches/Patches_Wang902/Patches_ICSE/Doverfitting/ACS/Math/patch1-Math-4-ACS-plausible.patch",
    "project": "Math",
    "bugid": "4",
    "dataset": "Patches_ICSE",
    "date": "2023-02-04T18:38:52.711458",
    "project_checked": "ok",
    "compiledProjectModified": "ok",
    "patchApplied": "ok",
    "arrive_end": "ok",
    "patched_project_pass_all_test": "no",
    "test_execution": [
        {
            "patch": "/home/mmartinez/xTestCluster/Patches/Patches_Wang902/Patches_ICSE/Doverfitting/ACS/Math/patch1-Math-4-ACS-plausible.patch",
            "test": "test_from_WangICSE_patch1-Math-4-AVATAR",
            "failing": 0,
            "testrun": 50,
            "failings": [],
            "status": "ok",
            "test_executed": [
                "org.apache.commons.math3.geometry.euclidean.twod.SubLine_ESTest",
                "org.apache.commons.math3.geometry.euclidean.threed.SubLine_ESTest"
            ],
            "failing_assertions": [],
            "failing_lines": []
        },
        {
            "patch": "/home/mmartinez/xTestCluster/Patches/Patches_Wang902/Patches_ICSE/Doverfitting/ACS/Math/patch1-Math-4-ACS-plausible.patch",
            "test": "test_from_WangICSE_patch1-Math-4-ACS-plausible",
            "failing": 0,
            "testrun": 49,
            "failings": [],
            "status": "ok",
            "test_executed": [
                "org.apache.commons.math3.geometry.euclidean.twod.SubLine_ESTest",
                "org.apache.commons.math3.geometry.euclidean.threed.SubLine_ESTest"
            ],
            "failing_assertions": [],
            "failing_lines": []
        },
        {
            "patch": "/home/mmartinez/xTestCluster/Patches/Patches_Wang902/Patches_ICSE/Doverfitting/ACS/Math/patch1-Math-4-ACS-plausible.patch",
            "test": "test_from_WangICSE_patch1-Math-4-Nopol-plausible",
            "failing": 0,
            "testrun": 75,
            "failings": [],
            "status": "ok",
            "test_executed": [
                "org.apache.commons.math3.geometry.euclidean.twod.Line_ESTest"
            ],
            "failing_assertions": [],
            "failing_lines": []
        }
    ],
    "duration": 19.92
}