{
    "patch": "/home/mmartinez/xTestCluster/Patches/Patches_Wang902/Patches_ICSE/Dsame/AVATAR/Math/patch1-Math-4-AVATAR.patch",
    "project": "Math",
    "bugid": "4",
    "dataset": "Patches_ICSE",
    "date": "2023-02-17T00:48:37.843203",
    "project_checked": "ok",
    "compiledProjectModified": "ok",
    "patchApplied": "ok",
    "arrive_end": "ok",
    "patched_project_pass_all_test": "no",
    "test_execution": [
        {
            "patch": "/home/mmartinez/xTestCluster/Patches/Patches_Wang902/Patches_ICSE/Dsame/AVATAR/Math/patch1-Math-4-AVATAR.patch",
            "test": "test_from_WangICSE_patch1-Math-4-AVATAR",
            "failing": 0,
            "testrun": 3541,
            "failings": [],
            "status": "ok",
            "test_executed": [
                "RegressionTest1",
                "RegressionTest6",
                "RegressionTest3",
                "RegressionTest5",
                "RegressionTest4",
                "RegressionTest2",
                "RegressionTest0",
                "RegressionTest7"
            ],
            "failing_assertions": [],
            "failing_lines": []
        },
        {
            "patch": "/home/mmartinez/xTestCluster/Patches/Patches_Wang902/Patches_ICSE/Dsame/AVATAR/Math/patch1-Math-4-AVATAR.patch",
            "test": "test_from_WangICSE_patch1-Math-4-ACS-plausible",
            "failing": 0,
            "testrun": 3456,
            "failings": [],
            "status": "ok",
            "test_executed": [
                "RegressionTest1",
                "RegressionTest6",
                "RegressionTest3",
                "RegressionTest5",
                "RegressionTest4",
                "RegressionTest2",
                "RegressionTest0"
            ],
            "failing_assertions": [],
            "failing_lines": []
        },
        {
            "patch": "/home/mmartinez/xTestCluster/Patches/Patches_Wang902/Patches_ICSE/Dsame/AVATAR/Math/patch1-Math-4-AVATAR.patch",
            "test": "test_from_WangICSE_patch1-Math-4-Nopol-plausible",
            "failing": 0,
            "testrun": 38,
            "failings": [],
            "status": "ok",
            "test_executed": [
                "RegressionTest0"
            ],
            "failing_assertions": [],
            "failing_lines": []
        }
    ],
    "duration": 23.99
}