{
    "patch": "/home/mmartinez/xTestCluster/Patches/Patches_Wang902/Patches_ICSE/Doverfitting/SimFix/Math/patch1-Math-69-SimFix-plausible.patch",
    "project": "Math",
    "bugid": "69",
    "dataset": "Patches_ICSE",
    "date": "2022-12-16T04:31:53.530846",
    "project_checked": "ok",
    "compiledProjectModified": "ok",
    "patchApplied": "ok",
    "arrive_end": "ok",
    "patched_project_pass_all_test": "no",
    "test_execution": [
        {
            "patch": "/home/mmartinez/xTestCluster/Patches/Patches_Wang902/Patches_ICSE/Doverfitting/SimFix/Math/patch1-Math-69-SimFix-plausible.patch",
            "test": "test_from_WangICSE_patch1-Math-69-Nopol-plausible",
            "failing": 1,
            "testrun": 43,
            "failings": [
                "test31(org.apache.commons.math.stat.correlation.PearsonsCorrelation_ESTest)"
            ],
            "status": "ok",
            "test_executed": [
                "org.apache.commons.math.stat.correlation.PearsonsCorrelation_ESTest"
            ],
            "failing_assertions": [
                "java.lang.AssertionError: expected:<0.0> but was:<NaN>"
            ],
            "failing_lines": [
                [
                    "org.apache.commons.math.stat.correlation.PearsonsCorrelation_ESTest.test31(PearsonsCorrelation_ESTest.java:457)"
                ]
            ]
        },
        {
            "patch": "/home/mmartinez/xTestCluster/Patches/Patches_Wang902/Patches_ICSE/Doverfitting/SimFix/Math/patch1-Math-69-SimFix-plausible.patch",
            "test": "test_from_WangICSE_patch1-Math-69-SimFix-plausible",
            "failing": 0,
            "testrun": 43,
            "failings": [],
            "status": "ok",
            "test_executed": [
                "org.apache.commons.math.stat.correlation.PearsonsCorrelation_ESTest"
            ],
            "failing_assertions": [],
            "failing_lines": []
        }
    ],
    "duration": 21.8
}