{
    "patch": "/home/mmartinez/xTestCluster/Patches/Patches_Wang902/Patches_others/Dcorrect/Jaid/Closure/patch1-Closure-31-Jaid.patch",
    "project": "Closure",
    "bugid": "31",
    "dataset": "Patches_others",
    "date": "2023-02-04T16:00:40.549491",
    "project_checked": "ok",
    "compiledProjectModified": "ok",
    "patchApplied": "ok",
    "arrive_end": "ok",
    "patched_project_pass_all_test": "no",
    "test_execution": [
        {
            "patch": "/home/mmartinez/xTestCluster/Patches/Patches_Wang902/Patches_others/Dcorrect/Jaid/Closure/patch1-Closure-31-Jaid.patch",
            "test": "test_from_WangICSE_patch1-Closure-31-Kali-plausible",
            "failing": 0,
            "testrun": 529,
            "failings": [],
            "status": "ok",
            "test_executed": [
                "com.google.javascript.rhino.Node_ESTest"
            ],
            "failing_assertions": [],
            "failing_lines": []
        },
        {
            "patch": "/home/mmartinez/xTestCluster/Patches/Patches_Wang902/Patches_others/Dcorrect/Jaid/Closure/patch1-Closure-31-Jaid.patch",
            "test": "test_from_WangDRR_patch1-Closure-31-Jaid",
            "failing": 0,
            "testrun": 213,
            "failings": [
                "Error",
                "Error",
                "Error"
            ],
            "status": "ok",
            "test_executed": [
                "com.google.javascript.jscomp.Compiler_ESTest"
            ],
            "failing_assertions": [
                "Feb 04, 2023 3:01:14 PM com.google.javascript.jscomp.parsing.ParserRunner parse",
                "16:01:14.800 [main] INFO org.evosuite.runtime.instrumentation.EvoClassLoader - Seeing class for first time: com.google.javascript.rhino.head.VMBridge_custom",
                "16:01:14.816 [main] INFO org.evosuite.runtime.instrumentation.EvoClassLoader - Seeing class for first time: com.google.javascript.rhino.head.VMBridge_custom"
            ],
            "failing_lines": []
        },
        {
            "patch": "/home/mmartinez/xTestCluster/Patches/Patches_Wang902/Patches_others/Dcorrect/Jaid/Closure/patch1-Closure-31-Jaid.patch",
            "test": "test_from_WangICSE_patch1-Closure-31-RSRepair-plausible",
            "failing": 0,
            "testrun": 502,
            "failings": [],
            "status": "ok",
            "test_executed": [
                "com.google.javascript.rhino.Node_ESTest"
            ],
            "failing_assertions": [],
            "failing_lines": []
        }
    ],
    "duration": 44.21
}