{
    "patch": "/home/mmartinez/xTestCluster/Patches/Patches_Wang902/Patches_others/Doverfitting/SequenceR/Math/patch3-Math-85-SequenceR.patch",
    "project": "Math",
    "bugid": "85",
    "dataset": "Patches_others",
    "date": "2022-12-27T20:07:45.728886",
    "project_checked": "ok",
    "compiledProjectModified": "ok",
    "patchApplied": "ok",
    "arrive_end": "ok",
    "patched_project_pass_all_test": "no",
    "test_execution": [
        {
            "patch": "/home/mmartinez/xTestCluster/Patches/Patches_Wang902/Patches_others/Doverfitting/SequenceR/Math/patch3-Math-85-SequenceR.patch",
            "test": "test_from_WangDRR_patch2-Math-85-CapGen-plausible",
            "failing": 2,
            "testrun": 30,
            "failings": [
                "test17(org.apache.commons.math.analysis.solvers.UnivariateRealSolverUtils_ESTest)",
                "test29(org.apache.commons.math.analysis.solvers.UnivariateRealSolverUtils_ESTest)"
            ],
            "status": "ok",
            "test_executed": [
                "org.apache.commons.math.analysis.solvers.UnivariateRealSolverUtils_ESTest"
            ],
            "failing_assertions": [
                "java.lang.AssertionError: Expecting exception: Exception",
                "java.lang.AssertionError: Expecting exception: Exception"
            ],
            "failing_lines": [
                [
                    "org.apache.commons.math.analysis.solvers.UnivariateRealSolverUtils_ESTest.test17(UnivariateRealSolverUtils_ESTest.java:216)"
                ],
                [
                    "org.apache.commons.math.analysis.solvers.UnivariateRealSolverUtils_ESTest.test29(UnivariateRealSolverUtils_ESTest.java:378)"
                ]
            ]
        },
        {
            "patch": "/home/mmartinez/xTestCluster/Patches/Patches_Wang902/Patches_others/Doverfitting/SequenceR/Math/patch3-Math-85-SequenceR.patch",
            "test": "test_from_WangICSE_patch1-Math-85-jMutRepair",
            "failing": 1,
            "testrun": 29,
            "failings": [
                "test21(org.apache.commons.math.analysis.solvers.UnivariateRealSolverUtils_ESTest)"
            ],
            "status": "ok",
            "test_executed": [
                "org.apache.commons.math.analysis.solvers.UnivariateRealSolverUtils_ESTest"
            ],
            "failing_assertions": [
                "java.lang.AssertionError: Expecting exception: Exception"
            ],
            "failing_lines": [
                [
                    "org.apache.commons.math.analysis.solvers.UnivariateRealSolverUtils_ESTest.test21(UnivariateRealSolverUtils_ESTest.java:279)"
                ]
            ]
        },
        {
            "patch": "/home/mmartinez/xTestCluster/Patches/Patches_Wang902/Patches_others/Doverfitting/SequenceR/Math/patch3-Math-85-SequenceR.patch",
            "test": "test_from_WangDRR_patch1-Math-85-CapGen",
            "failing": 2,
            "testrun": 30,
            "failings": [
                "test21(org.apache.commons.math.analysis.solvers.UnivariateRealSolverUtils_ESTest)",
                "test22(org.apache.commons.math.analysis.solvers.UnivariateRealSolverUtils_ESTest)"
            ],
            "status": "ok",
            "test_executed": [
                "org.apache.commons.math.analysis.solvers.UnivariateRealSolverUtils_ESTest"
            ],
            "failing_assertions": [
                "java.lang.AssertionError: Expecting exception: Exception",
                "java.lang.AssertionError: Expecting exception: Exception"
            ],
            "failing_lines": [
                [
                    "org.apache.commons.math.analysis.solvers.UnivariateRealSolverUtils_ESTest.test21(UnivariateRealSolverUtils_ESTest.java:285)"
                ],
                [
                    "org.apache.commons.math.analysis.solvers.UnivariateRealSolverUtils_ESTest.test22(UnivariateRealSolverUtils_ESTest.java:302)"
                ]
            ]
        },
        {
            "patch": "/home/mmartinez/xTestCluster/Patches/Patches_Wang902/Patches_others/Doverfitting/SequenceR/Math/patch3-Math-85-SequenceR.patch",
            "test": "test_from_WangDRR_patch12-Math-85-SequenceR",
            "failing": 1,
            "testrun": 30,
            "failings": [
                "test01(org.apache.commons.math.analysis.solvers.UnivariateRealSolverUtils_ESTest)"
            ],
            "status": "ok",
            "test_executed": [
                "org.apache.commons.math.analysis.solvers.UnivariateRealSolverUtils_ESTest"
            ],
            "failing_assertions": [
                "java.lang.AssertionError: Expecting exception: Exception"
            ],
            "failing_lines": [
                [
                    "org.apache.commons.math.analysis.solvers.UnivariateRealSolverUtils_ESTest.test01(UnivariateRealSolverUtils_ESTest.java:39)"
                ]
            ]
        },
        {
            "patch": "/home/mmartinez/xTestCluster/Patches/Patches_Wang902/Patches_others/Doverfitting/SequenceR/Math/patch3-Math-85-SequenceR.patch",
            "test": "test_from_WangDRR_patch17-Math-85-SequenceR",
            "failing": 1,
            "testrun": 30,
            "failings": [
                "test21(org.apache.commons.math.analysis.solvers.UnivariateRealSolverUtils_ESTest)"
            ],
            "status": "ok",
            "test_executed": [
                "org.apache.commons.math.analysis.solvers.UnivariateRealSolverUtils_ESTest"
            ],
            "failing_assertions": [
                "org.apache.commons.math.ConvergenceException: number of iterations=2, maximum iterations=302, initial=0, lower bound=0, upper bound=1.5, final a value=0, final b value=1.5, f(a)=1,493.739, f(b)=1,493.739"
            ],
            "failing_lines": [
                [
                    "org.apache.commons.math.analysis.solvers.UnivariateRealSolverUtils_ESTest.test21(UnivariateRealSolverUtils_ESTest.java:298)"
                ]
            ]
        },
        {
            "patch": "/home/mmartinez/xTestCluster/Patches/Patches_Wang902/Patches_others/Doverfitting/SequenceR/Math/patch3-Math-85-SequenceR.patch",
            "test": "test_from_WangDRR_patch4-Math-85-SequenceR",
            "failing": 2,
            "testrun": 31,
            "failings": [
                "test30(org.apache.commons.math.analysis.solvers.UnivariateRealSolverUtils_ESTest)",
                "test01(org.apache.commons.math.analysis.solvers.UnivariateRealSolverUtils_ESTest)"
            ],
            "status": "ok",
            "test_executed": [
                "org.apache.commons.math.analysis.solvers.UnivariateRealSolverUtils_ESTest"
            ],
            "failing_assertions": [
                "java.lang.AssertionError: Expecting exception: Exception",
                "java.lang.AssertionError: Expecting exception: Exception"
            ],
            "failing_lines": [
                [
                    "org.apache.commons.math.analysis.solvers.UnivariateRealSolverUtils_ESTest.test30(UnivariateRealSolverUtils_ESTest.java:432)"
                ],
                [
                    "org.apache.commons.math.analysis.solvers.UnivariateRealSolverUtils_ESTest.test01(UnivariateRealSolverUtils_ESTest.java:46)"
                ]
            ]
        },
        {
            "patch": "/home/mmartinez/xTestCluster/Patches/Patches_Wang902/Patches_others/Doverfitting/SequenceR/Math/patch3-Math-85-SequenceR.patch",
            "test": "test_from_WangDRR_patch11-Math-85-SequenceR",
            "failing": 2,
            "testrun": 30,
            "failings": [
                "test22(org.apache.commons.math.analysis.solvers.UnivariateRealSolverUtils_ESTest)",
                "test23(org.apache.commons.math.analysis.solvers.UnivariateRealSolverUtils_ESTest)"
            ],
            "status": "ok",
            "test_executed": [
                "org.apache.commons.math.analysis.solvers.UnivariateRealSolverUtils_ESTest"
            ],
            "failing_assertions": [
                "java.lang.AssertionError: Expecting exception: Exception",
                "java.lang.AssertionError: Expecting exception: Exception"
            ],
            "failing_lines": [
                [
                    "org.apache.commons.math.analysis.solvers.UnivariateRealSolverUtils_ESTest.test22(UnivariateRealSolverUtils_ESTest.java:276)"
                ],
                [
                    "org.apache.commons.math.analysis.solvers.UnivariateRealSolverUtils_ESTest.test23(UnivariateRealSolverUtils_ESTest.java:293)"
                ]
            ]
        },
        {
            "patch": "/home/mmartinez/xTestCluster/Patches/Patches_Wang902/Patches_others/Doverfitting/SequenceR/Math/patch3-Math-85-SequenceR.patch",
            "test": "test_from_WangDRR_patch1-Math-85-SequenceR",
            "failing": 2,
            "testrun": 29,
            "failings": [
                "test22(org.apache.commons.math.analysis.solvers.UnivariateRealSolverUtils_ESTest)",
                "test23(org.apache.commons.math.analysis.solvers.UnivariateRealSolverUtils_ESTest)"
            ],
            "status": "ok",
            "test_executed": [
                "org.apache.commons.math.analysis.solvers.UnivariateRealSolverUtils_ESTest"
            ],
            "failing_assertions": [
                "java.lang.AssertionError: Expecting exception: Exception",
                "java.lang.AssertionError: Expecting exception: Exception"
            ],
            "failing_lines": [
                [
                    "org.apache.commons.math.analysis.solvers.UnivariateRealSolverUtils_ESTest.test22(UnivariateRealSolverUtils_ESTest.java:293)"
                ],
                [
                    "org.apache.commons.math.analysis.solvers.UnivariateRealSolverUtils_ESTest.test23(UnivariateRealSolverUtils_ESTest.java:310)"
                ]
            ]
        },
        {
            "patch": "/home/mmartinez/xTestCluster/Patches/Patches_Wang902/Patches_others/Doverfitting/SequenceR/Math/patch3-Math-85-SequenceR.patch",
            "test": "test_from_WangICSE_patch1-Math-85-ACS",
            "failing": 1,
            "testrun": 30,
            "failings": [
                "test25(org.apache.commons.math.analysis.solvers.UnivariateRealSolverUtils_ESTest)"
            ],
            "status": "ok",
            "test_executed": [
                "org.apache.commons.math.analysis.solvers.UnivariateRealSolverUtils_ESTest"
            ],
            "failing_assertions": [
                "java.lang.AssertionError: Expecting exception: Exception"
            ],
            "failing_lines": [
                [
                    "org.apache.commons.math.analysis.solvers.UnivariateRealSolverUtils_ESTest.test25(UnivariateRealSolverUtils_ESTest.java:341)"
                ]
            ]
        },
        {
            "patch": "/home/mmartinez/xTestCluster/Patches/Patches_Wang902/Patches_others/Doverfitting/SequenceR/Math/patch3-Math-85-SequenceR.patch",
            "test": "test_from_WangDRR_patch1-Math-85-SOFix",
            "failing": 1,
            "testrun": 29,
            "failings": [
                "test21(org.apache.commons.math.analysis.solvers.UnivariateRealSolverUtils_ESTest)"
            ],
            "status": "ok",
            "test_executed": [
                "org.apache.commons.math.analysis.solvers.UnivariateRealSolverUtils_ESTest"
            ],
            "failing_assertions": [
                "java.lang.AssertionError: Expecting exception: Exception"
            ],
            "failing_lines": [
                [
                    "org.apache.commons.math.analysis.solvers.UnivariateRealSolverUtils_ESTest.test21(UnivariateRealSolverUtils_ESTest.java:279)"
                ]
            ]
        },
        {
            "patch": "/home/mmartinez/xTestCluster/Patches/Patches_Wang902/Patches_others/Doverfitting/SequenceR/Math/patch3-Math-85-SequenceR.patch",
            "test": "test_from_WangDRR_patch3-Math-85-CapGen-plausible",
            "failing": 0,
            "testrun": 29,
            "failings": [],
            "status": "ok",
            "test_executed": [
                "org.apache.commons.math.analysis.solvers.UnivariateRealSolverUtils_ESTest"
            ],
            "failing_assertions": [],
            "failing_lines": []
        },
        {
            "patch": "/home/mmartinez/xTestCluster/Patches/Patches_Wang902/Patches_others/Doverfitting/SequenceR/Math/patch3-Math-85-SequenceR.patch",
            "test": "test_from_WangDRR_patch1-Math-85-Jaid",
            "failing": 2,
            "testrun": 29,
            "failings": [
                "test22(org.apache.commons.math.analysis.solvers.UnivariateRealSolverUtils_ESTest)",
                "test23(org.apache.commons.math.analysis.solvers.UnivariateRealSolverUtils_ESTest)"
            ],
            "status": "ok",
            "test_executed": [
                "org.apache.commons.math.analysis.solvers.UnivariateRealSolverUtils_ESTest"
            ],
            "failing_assertions": [
                "java.lang.AssertionError: Expecting exception: Exception",
                "java.lang.AssertionError: Expecting exception: Exception"
            ],
            "failing_lines": [
                [
                    "org.apache.commons.math.analysis.solvers.UnivariateRealSolverUtils_ESTest.test22(UnivariateRealSolverUtils_ESTest.java:293)"
                ],
                [
                    "org.apache.commons.math.analysis.solvers.UnivariateRealSolverUtils_ESTest.test23(UnivariateRealSolverUtils_ESTest.java:310)"
                ]
            ]
        },
        {
            "patch": "/home/mmartinez/xTestCluster/Patches/Patches_Wang902/Patches_others/Doverfitting/SequenceR/Math/patch3-Math-85-SequenceR.patch",
            "test": "test_from_WangDRR_patch10-Math-85-SequenceR",
            "failing": 2,
            "testrun": 30,
            "failings": [
                "test17(org.apache.commons.math.analysis.solvers.UnivariateRealSolverUtils_ESTest)",
                "test21(org.apache.commons.math.analysis.solvers.UnivariateRealSolverUtils_ESTest)"
            ],
            "status": "ok",
            "test_executed": [
                "org.apache.commons.math.analysis.solvers.UnivariateRealSolverUtils_ESTest"
            ],
            "failing_assertions": [
                "org.apache.commons.math.ConvergenceException: number of iterations=1, maximum iterations=50, initial=-1, lower bound=-1,729.476, upper bound=440.699, final a value=-2, final b value=0, f(a)=1, f(b)=-1",
                "org.apache.commons.math.ConvergenceException: number of iterations=1, maximum iterations=1, initial=1,756.045, lower bound=1, upper bound=1,756.045, final a value=1,755.045, final b value=1,756.045, f(a)=1,756.045, f(b)=1,756.045"
            ],
            "failing_lines": [
                [
                    "org.apache.commons.math.analysis.solvers.UnivariateRealSolverUtils_ESTest.test17(UnivariateRealSolverUtils_ESTest.java:236)"
                ],
                [
                    "org.apache.commons.math.analysis.solvers.UnivariateRealSolverUtils_ESTest.test21(UnivariateRealSolverUtils_ESTest.java:280)"
                ]
            ]
        },
        {
            "patch": "/home/mmartinez/xTestCluster/Patches/Patches_Wang902/Patches_others/Doverfitting/SequenceR/Math/patch3-Math-85-SequenceR.patch",
            "test": "test_from_WangICSE_patch1-Math-85-DynaMoth-plausible",
            "failing": 2,
            "testrun": 35,
            "failings": [
                "test25(org.apache.commons.math.analysis.solvers.UnivariateRealSolverUtils_ESTest)",
                "test21(org.apache.commons.math.analysis.solvers.UnivariateRealSolverUtils_ESTest)"
            ],
            "status": "ok",
            "test_executed": [
                "org.apache.commons.math.analysis.solvers.UnivariateRealSolverUtils_ESTest"
            ],
            "failing_assertions": [
                "org.apache.commons.math.ConvergenceException: number of iterations=1,662, maximum iterations=1,662, initial=1,662, lower bound=-2,664.34, upper bound=1,662, final a value=0, final b value=1,662, f(a)=1,662, f(b)=-4,426,471.408",
                "org.apache.commons.math.ConvergenceException: number of iterations=870, maximum iterations=4,972, initial=0.5, lower bound=-869.221, upper bound=143.639, final a value=-869.221, final b value=143.639, f(a)=1,848.174, f(b)=1,848.174"
            ],
            "failing_lines": [
                [
                    "org.apache.commons.math.analysis.solvers.UnivariateRealSolverUtils_ESTest.test25(UnivariateRealSolverUtils_ESTest.java:341)"
                ],
                [
                    "org.apache.commons.math.analysis.solvers.UnivariateRealSolverUtils_ESTest.test21(UnivariateRealSolverUtils_ESTest.java:284)"
                ]
            ]
        },
        {
            "patch": "/home/mmartinez/xTestCluster/Patches/Patches_Wang902/Patches_others/Doverfitting/SequenceR/Math/patch3-Math-85-SequenceR.patch",
            "test": "test_from_WangDRR_patch8-Math-85-SequenceR",
            "failing": 3,
            "testrun": 32,
            "failings": [
                "test24(org.apache.commons.math.analysis.solvers.UnivariateRealSolverUtils_ESTest)",
                "test22(org.apache.commons.math.analysis.solvers.UnivariateRealSolverUtils_ESTest)",
                "test23(org.apache.commons.math.analysis.solvers.UnivariateRealSolverUtils_ESTest)"
            ],
            "status": "ok",
            "test_executed": [
                "org.apache.commons.math.analysis.solvers.UnivariateRealSolverUtils_ESTest"
            ],
            "failing_assertions": [
                "org.apache.commons.math.ConvergenceException: number of iterations=1,478, maximum iterations=2,147,483,647, initial=1,484.239, lower bound=7, upper bound=1,484.239, final a value=7, final b value=1,484.239, f(a)=1,484.239, f(b)=1,484.239",
                "java.lang.AssertionError: Expecting exception: Exception",
                "org.apache.commons.math.ConvergenceException: number of iterations=7, maximum iterations=7, initial=7, lower bound=7, upper bound=1,518.515, final a value=7, final b value=14, f(a)=1,518.515, f(b)=1,518.515"
            ],
            "failing_lines": [
                [
                    "org.apache.commons.math.analysis.solvers.UnivariateRealSolverUtils_ESTest.test24(UnivariateRealSolverUtils_ESTest.java:341)"
                ],
                [
                    "org.apache.commons.math.analysis.solvers.UnivariateRealSolverUtils_ESTest.test22(UnivariateRealSolverUtils_ESTest.java:317)"
                ],
                [
                    "org.apache.commons.math.analysis.solvers.UnivariateRealSolverUtils_ESTest.test23(UnivariateRealSolverUtils_ESTest.java:332)"
                ]
            ]
        },
        {
            "patch": "/home/mmartinez/xTestCluster/Patches/Patches_Wang902/Patches_others/Doverfitting/SequenceR/Math/patch3-Math-85-SequenceR.patch",
            "test": "test_from_WangDRR_patch3-Math-85-Jaid-plausible",
            "failing": 3,
            "testrun": 31,
            "failings": [
                "test26(org.apache.commons.math.analysis.solvers.UnivariateRealSolverUtils_ESTest)",
                "test27(org.apache.commons.math.analysis.solvers.UnivariateRealSolverUtils_ESTest)",
                "test20(org.apache.commons.math.analysis.solvers.UnivariateRealSolverUtils_ESTest)"
            ],
            "status": "ok",
            "test_executed": [
                "org.apache.commons.math.analysis.solvers.UnivariateRealSolverUtils_ESTest"
            ],
            "failing_assertions": [
                "org.apache.commons.math.ConvergenceException: number of iterations=439, maximum iterations=2,147,483,647, initial=1,213.962, lower bound=1,213.962, upper bound=1,652.525, final a value=1,213.962, final b value=1,652.525, f(a)=1,213.962, f(b)=1,213.962",
                "org.apache.commons.math.ConvergenceException: number of iterations=7, maximum iterations=7, initial=-3,853, lower bound=-3,853, upper bound=698.697, final a value=-3,853, final b value=-3,846, f(a)=10,372,581,421.703, f(b)=10,334,926,548.093",
                "org.apache.commons.math.ConvergenceException: number of iterations=20, maximum iterations=679, initial=698.697, lower bound=679, upper bound=698.697, final a value=679, final b value=698.697, f(a)=322,127,930.976, f(b)=341,088,049.626"
            ],
            "failing_lines": [
                [
                    "org.apache.commons.math.analysis.solvers.UnivariateRealSolverUtils_ESTest.test26(UnivariateRealSolverUtils_ESTest.java:348)"
                ],
                [
                    "org.apache.commons.math.analysis.solvers.UnivariateRealSolverUtils_ESTest.test27(UnivariateRealSolverUtils_ESTest.java:357)"
                ],
                [
                    "org.apache.commons.math.analysis.solvers.UnivariateRealSolverUtils_ESTest.test20(UnivariateRealSolverUtils_ESTest.java:258)"
                ]
            ]
        },
        {
            "patch": "/home/mmartinez/xTestCluster/Patches/Patches_Wang902/Patches_others/Doverfitting/SequenceR/Math/patch3-Math-85-SequenceR.patch",
            "test": "test_from_WangICSE_patch1-Math-85-Cardumen-plausible",
            "failing": 3,
            "testrun": 30,
            "failings": [
                "test28(org.apache.commons.math.distribution.NormalDistributionImpl_ESTest)",
                "test00(org.apache.commons.math.distribution.NormalDistributionImpl_ESTest)",
                "test10(org.apache.commons.math.distribution.NormalDistributionImpl_ESTest)"
            ],
            "status": "ok",
            "test_executed": [
                "org.apache.commons.math.distribution.NormalDistributionImpl_ESTest"
            ],
            "failing_assertions": [
                "org.apache.commons.math.MathRuntimeException$4: invalid bracketing parameters:  lower bound=179,769,313,486,231,570,000,000,000,000,000,000,000,000,000,000,000,000,000,000,000,000,000,000,000,000,000,000,000,000,000,000,000,000,000,000,000,000,000,000,000,000,000,000,000,000,000,000,000,000,000,000,000,000,000,000,000,000,000,000,000,000,000,000,000,000,000,000,000,000,000,000,000,000,000,000,000,000,000,000,000,000,000,000,000,000,000,000,000,000,000,000,000,000,000,000,000,000,000,000,000,000,000,  initial=179,769,313,486,231,570,000,000,000,000,000,000,000,000,000,000,000,000,000,000,000,000,000,000,000,000,000,000,000,000,000,000,000,000,000,000,000,000,000,000,000,000,000,000,000,000,000,000,000,000,000,000,000,000,000,000,000,000,000,000,000,000,000,000,000,000,000,000,000,000,000,000,000,000,000,000,000,000,000,000,000,000,000,000,000,000,000,000,000,000,000,000,000,000,000,000,000,000,000,000,000,000,000, upper bound=179,769,313,486,231,570,000,000,000,000,000,000,000,000,000,000,000,000,000,000,000,000,000,000,000,000,000,000,000,000,000,000,000,000,000,000,000,000,000,000,000,000,000,000,000,000,000,000,000,000,000,000,000,000,000,000,000,000,000,000,000,000,000,000,000,000,000,000,000,000,000,000,000,000,000,000,000,000,000,000,000,000,000,000,000,000,000,000,000,000,000,000,000,000,000,000,000,000,000,000,000,000,000",
                "java.lang.AssertionError: expected:<7.283185307179586> but was:<6.283185307179586>",
                "java.lang.AssertionError: expected:<0.0> but was:<1689.47>"
            ],
            "failing_lines": [
                [
                    "org.apache.commons.math.distribution.NormalDistributionImpl_ESTest.test28(NormalDistributionImpl_ESTest.java:287)"
                ],
                [
                    "org.apache.commons.math.distribution.NormalDistributionImpl_ESTest.test00(NormalDistributionImpl_ESTest.java:24)"
                ],
                [
                    "org.apache.commons.math.distribution.NormalDistributionImpl_ESTest.test10(NormalDistributionImpl_ESTest.java:119)"
                ]
            ]
        },
        {
            "patch": "/home/mmartinez/xTestCluster/Patches/Patches_Wang902/Patches_others/Doverfitting/SequenceR/Math/patch3-Math-85-SequenceR.patch",
            "test": "test_from_WangDRR_patch13-Math-85-SequenceR",
            "failing": 0,
            "testrun": 31,
            "failings": [],
            "status": "ok",
            "test_executed": [
                "org.apache.commons.math.analysis.solvers.UnivariateRealSolverUtils_ESTest"
            ],
            "failing_assertions": [],
            "failing_lines": []
        },
        {
            "patch": "/home/mmartinez/xTestCluster/Patches/Patches_Wang902/Patches_others/Doverfitting/SequenceR/Math/patch3-Math-85-SequenceR.patch",
            "test": "test_from_WangICSE_patch1-Math-85-jGenProg-plausible",
            "failing": 1,
            "testrun": 33,
            "failings": [
                "test19(org.apache.commons.math.analysis.solvers.UnivariateRealSolverUtils_ESTest)"
            ],
            "status": "ok",
            "test_executed": [
                "org.apache.commons.math.analysis.solvers.UnivariateRealSolverUtils_ESTest"
            ],
            "failing_assertions": [
                "org.apache.commons.math.ConvergenceException: number of iterations=870, maximum iterations=4,972, initial=0.5, lower bound=-869.221, upper bound=143.639, final a value=-869.221, final b value=143.639, f(a)=1,848.174, f(b)=1,848.174"
            ],
            "failing_lines": [
                [
                    "org.apache.commons.math.analysis.solvers.UnivariateRealSolverUtils_ESTest.test19(UnivariateRealSolverUtils_ESTest.java:257)"
                ]
            ]
        },
        {
            "patch": "/home/mmartinez/xTestCluster/Patches/Patches_Wang902/Patches_others/Doverfitting/SequenceR/Math/patch3-Math-85-SequenceR.patch",
            "test": "test_from_WangDRR_patch14-Math-85-SequenceR",
            "failing": 2,
            "testrun": 32,
            "failings": [
                "test27(org.apache.commons.math.analysis.solvers.UnivariateRealSolverUtils_ESTest)",
                "test20(org.apache.commons.math.analysis.solvers.UnivariateRealSolverUtils_ESTest)"
            ],
            "status": "ok",
            "test_executed": [
                "org.apache.commons.math.analysis.solvers.UnivariateRealSolverUtils_ESTest"
            ],
            "failing_assertions": [
                "org.apache.commons.math.ConvergenceException: number of iterations=8, maximum iterations=8, initial=1,493.656, lower bound=8, upper bound=1,493.656, final a value=1,485.656, final b value=1,493.656, f(a)=1,493.656, f(b)=1,493.656",
                "org.apache.commons.math.ConvergenceException: number of iterations=1,763, maximum iterations=3,054, initial=1,493.739, lower bound=1,493.739, upper bound=3,256, final a value=1,493.739, final b value=3,256, f(a)=1,493.739, f(b)=1,493.739"
            ],
            "failing_lines": [
                [
                    "org.apache.commons.math.analysis.solvers.UnivariateRealSolverUtils_ESTest.test27(UnivariateRealSolverUtils_ESTest.java:356)"
                ],
                [
                    "org.apache.commons.math.analysis.solvers.UnivariateRealSolverUtils_ESTest.test20(UnivariateRealSolverUtils_ESTest.java:257)"
                ]
            ]
        },
        {
            "patch": "/home/mmartinez/xTestCluster/Patches/Patches_Wang902/Patches_others/Doverfitting/SequenceR/Math/patch3-Math-85-SequenceR.patch",
            "test": "test_from_WangDRR_patch3-Math-85-SequenceR",
            "failing": 0,
            "testrun": 29,
            "failings": [],
            "status": "ok",
            "test_executed": [
                "org.apache.commons.math.analysis.solvers.UnivariateRealSolverUtils_ESTest"
            ],
            "failing_assertions": [],
            "failing_lines": []
        },
        {
            "patch": "/home/mmartinez/xTestCluster/Patches/Patches_Wang902/Patches_others/Doverfitting/SequenceR/Math/patch3-Math-85-SequenceR.patch",
            "test": "test_from_WangDRR_patch5-Math-85-SequenceR",
            "failing": 0,
            "testrun": 34,
            "failings": [],
            "status": "ok",
            "test_executed": [
                "org.apache.commons.math.analysis.solvers.UnivariateRealSolverUtils_ESTest"
            ],
            "failing_assertions": [],
            "failing_lines": []
        },
        {
            "patch": "/home/mmartinez/xTestCluster/Patches/Patches_Wang902/Patches_others/Doverfitting/SequenceR/Math/patch3-Math-85-SequenceR.patch",
            "test": "test_from_WangICSE_patch1-Math-85-GenProg-plausible",
            "failing": 2,
            "testrun": 37,
            "failings": [
                "test15(org.apache.commons.math.analysis.solvers.UnivariateRealSolverUtils_ESTest)",
                "test24(org.apache.commons.math.analysis.solvers.UnivariateRealSolverUtils_ESTest)"
            ],
            "status": "ok",
            "test_executed": [
                "org.apache.commons.math.analysis.solvers.UnivariateRealSolverUtils_ESTest",
                "org.apache.commons.math.distribution.AbstractContinuousDistribution_ESTest"
            ],
            "failing_assertions": [
                "org.apache.commons.math.ConvergenceException: number of iterations=1, maximum iterations=4, initial=4,997, lower bound=3,637.361, upper bound=\\xef\\xbf\\xbd, final a value=4,996, final b value=\\xef\\xbf\\xbd, f(a)=453,579,782,116,438.9, f(b)=\\xef\\xbf\\xbd",
                "org.apache.commons.math.ConvergenceException: number of iterations=87, maximum iterations=87, initial=382.361, lower bound=382.361, upper bound=2,476.961, final a value=382.361, final b value=469.361, f(a)=382.361, f(b)=382.361"
            ],
            "failing_lines": [
                [
                    "org.apache.commons.math.analysis.solvers.UnivariateRealSolverUtils_ESTest.test15(UnivariateRealSolverUtils_ESTest.java:206)"
                ],
                [
                    "org.apache.commons.math.analysis.solvers.UnivariateRealSolverUtils_ESTest.test24(UnivariateRealSolverUtils_ESTest.java:311)"
                ]
            ]
        },
        {
            "patch": "/home/mmartinez/xTestCluster/Patches/Patches_Wang902/Patches_others/Doverfitting/SequenceR/Math/patch3-Math-85-SequenceR.patch",
            "test": "test_from_WangDRR_patch6-Math-85-SequenceR",
            "failing": 1,
            "testrun": 32,
            "failings": [
                "test22(org.apache.commons.math.analysis.solvers.UnivariateRealSolverUtils_ESTest)"
            ],
            "status": "ok",
            "test_executed": [
                "org.apache.commons.math.analysis.solvers.UnivariateRealSolverUtils_ESTest"
            ],
            "failing_assertions": [
                "org.apache.commons.math.ConvergenceException: number of iterations=3, maximum iterations=94, initial=-2.623, lower bound=-2.623, upper bound=0.5, final a value=-2.623, final b value=0.377, f(a)=6.878, f(b)=-0.99"
            ],
            "failing_lines": [
                [
                    "org.apache.commons.math.analysis.solvers.UnivariateRealSolverUtils_ESTest.test22(UnivariateRealSolverUtils_ESTest.java:308)"
                ]
            ]
        },
        {
            "patch": "/home/mmartinez/xTestCluster/Patches/Patches_Wang902/Patches_others/Doverfitting/SequenceR/Math/patch3-Math-85-SequenceR.patch",
            "test": "test_from_WangICSE_patch1-Math-85-Arja-plausible",
            "failing": 2,
            "testrun": 30,
            "failings": [
                "test21(org.apache.commons.math.analysis.solvers.UnivariateRealSolverUtils_ESTest)",
                "test22(org.apache.commons.math.analysis.solvers.UnivariateRealSolverUtils_ESTest)"
            ],
            "status": "ok",
            "test_executed": [
                "org.apache.commons.math.analysis.solvers.UnivariateRealSolverUtils_ESTest"
            ],
            "failing_assertions": [
                "org.apache.commons.math.ConvergenceException: number of iterations=2, maximum iterations=2,147,483,647, initial=-1, lower bound=-1, upper bound=0, final a value=-1, final b value=0, f(a)=2,111.45, f(b)=2,111.45",
                "org.apache.commons.math.ConvergenceException: number of iterations=1,626, maximum iterations=1,626, initial=1,626, lower bound=36, upper bound=411,995,757.039, final a value=36, final b value=3,252, f(a)=36, f(b)=36"
            ],
            "failing_lines": [
                [
                    "org.apache.commons.math.analysis.solvers.UnivariateRealSolverUtils_ESTest.test21(UnivariateRealSolverUtils_ESTest.java:262)"
                ],
                [
                    "org.apache.commons.math.analysis.solvers.UnivariateRealSolverUtils_ESTest.test22(UnivariateRealSolverUtils_ESTest.java:271)"
                ]
            ]
        },
        {
            "patch": "/home/mmartinez/xTestCluster/Patches/Patches_Wang902/Patches_others/Doverfitting/SequenceR/Math/patch3-Math-85-SequenceR.patch",
            "test": "test_from_WangDRR_patch9-Math-85-SequenceR",
            "failing": 1,
            "testrun": 30,
            "failings": [
                "test19(org.apache.commons.math.analysis.solvers.UnivariateRealSolverUtils_ESTest)"
            ],
            "status": "ok",
            "test_executed": [
                "org.apache.commons.math.analysis.solvers.UnivariateRealSolverUtils_ESTest"
            ],
            "failing_assertions": [
                "org.apache.commons.math.ConvergenceException: number of iterations=2, maximum iterations=2,142,437,871, initial=0, lower bound=-1,808.817, upper bound=797, final a value=-2, final b value=2, f(a)=3.256, f(b)=-4.461"
            ],
            "failing_lines": [
                [
                    "org.apache.commons.math.analysis.solvers.UnivariateRealSolverUtils_ESTest.test19(UnivariateRealSolverUtils_ESTest.java:251)"
                ]
            ]
        },
        {
            "patch": "/home/mmartinez/xTestCluster/Patches/Patches_Wang902/Patches_others/Doverfitting/SequenceR/Math/patch3-Math-85-SequenceR.patch",
            "test": "test_from_WangDRR_patch15-Math-85-SequenceR",
            "failing": 2,
            "testrun": 32,
            "failings": [
                "test27(org.apache.commons.math.analysis.solvers.UnivariateRealSolverUtils_ESTest)",
                "test20(org.apache.commons.math.analysis.solvers.UnivariateRealSolverUtils_ESTest)"
            ],
            "status": "ok",
            "test_executed": [
                "org.apache.commons.math.analysis.solvers.UnivariateRealSolverUtils_ESTest"
            ],
            "failing_assertions": [
                "org.apache.commons.math.ConvergenceException: number of iterations=3, maximum iterations=3, initial=1,492.582, lower bound=3, upper bound=1,492.582, final a value=1,489.582, final b value=1,492.582, f(a)=1,492.582, f(b)=1,492.582",
                "org.apache.commons.math.ConvergenceException: number of iterations=1,763, maximum iterations=3,054, initial=1,493.739, lower bound=1,493.739, upper bound=3,256, final a value=1,493.739, final b value=3,256, f(a)=1,493.739, f(b)=1,493.739"
            ],
            "failing_lines": [
                [
                    "org.apache.commons.math.analysis.solvers.UnivariateRealSolverUtils_ESTest.test27(UnivariateRealSolverUtils_ESTest.java:373)"
                ],
                [
                    "org.apache.commons.math.analysis.solvers.UnivariateRealSolverUtils_ESTest.test20(UnivariateRealSolverUtils_ESTest.java:274)"
                ]
            ]
        },
        {
            "patch": "/home/mmartinez/xTestCluster/Patches/Patches_Wang902/Patches_others/Doverfitting/SequenceR/Math/patch3-Math-85-SequenceR.patch",
            "test": "test_from_WangDRR_patch2-Math-85-Jaid-plausible",
            "failing": 2,
            "testrun": 32,
            "failings": [
                "test21(org.apache.commons.math.analysis.solvers.UnivariateRealSolverUtils_ESTest)",
                "test22(org.apache.commons.math.analysis.solvers.UnivariateRealSolverUtils_ESTest)"
            ],
            "status": "ok",
            "test_executed": [
                "org.apache.commons.math.analysis.solvers.UnivariateRealSolverUtils_ESTest"
            ],
            "failing_assertions": [
                "org.apache.commons.math.ConvergenceException: number of iterations=1, maximum iterations=2,147,483,647, initial=-142.836, lower bound=-142.836, upper bound=\\xef\\xbf\\xbd, final a value=-142.836, final b value=\\xef\\xbf\\xbd, f(a)=416,245,915.159, f(b)=\\xef\\xbf\\xbd",
                "org.apache.commons.math.ConvergenceException: number of iterations=2,005, maximum iterations=2,030, initial=2,030, lower bound=25, upper bound=2,030, final a value=25, final b value=2,030, f(a)=25, f(b)=25"
            ],
            "failing_lines": [
                [
                    "org.apache.commons.math.analysis.solvers.UnivariateRealSolverUtils_ESTest.test21(UnivariateRealSolverUtils_ESTest.java:294)"
                ],
                [
                    "org.apache.commons.math.analysis.solvers.UnivariateRealSolverUtils_ESTest.test22(UnivariateRealSolverUtils_ESTest.java:303)"
                ]
            ]
        },
        {
            "patch": "/home/mmartinez/xTestCluster/Patches/Patches_Wang902/Patches_others/Doverfitting/SequenceR/Math/patch3-Math-85-SequenceR.patch",
            "test": "test_from_WangDRR_patch16-Math-85-SequenceR",
            "failing": 5,
            "testrun": 28,
            "failings": [
                "test15(org.apache.commons.math.analysis.solvers.UnivariateRealSolverUtils_ESTest)",
                "test27(org.apache.commons.math.analysis.solvers.UnivariateRealSolverUtils_ESTest)",
                "test20(org.apache.commons.math.analysis.solvers.UnivariateRealSolverUtils_ESTest)",
                "test21(org.apache.commons.math.analysis.solvers.UnivariateRealSolverUtils_ESTest)",
                "test22(org.apache.commons.math.analysis.solvers.UnivariateRealSolverUtils_ESTest)"
            ],
            "status": "ok",
            "test_executed": [
                "org.apache.commons.math.analysis.solvers.UnivariateRealSolverUtils_ESTest"
            ],
            "failing_assertions": [
                "java.lang.AssertionError: Expecting exception: Exception",
                "java.lang.AssertionError: Expecting exception: Exception",
                "java.lang.AssertionError: Expecting exception: Exception",
                "java.lang.AssertionError: Expecting exception: Exception",
                "org.apache.commons.math.ConvergenceException: number of iterations=657, maximum iterations=2,147,483,647, initial=-656.161, lower bound=-656.161, upper bound=0, final a value=-656.161, final b value=0, f(a)=430,547.767, f(b)=0"
            ],
            "failing_lines": [
                [
                    "org.apache.commons.math.analysis.solvers.UnivariateRealSolverUtils_ESTest.test15(UnivariateRealSolverUtils_ESTest.java:182)"
                ],
                [
                    "org.apache.commons.math.analysis.solvers.UnivariateRealSolverUtils_ESTest.test27(UnivariateRealSolverUtils_ESTest.java:363)"
                ],
                [
                    "org.apache.commons.math.analysis.solvers.UnivariateRealSolverUtils_ESTest.test20(UnivariateRealSolverUtils_ESTest.java:256)"
                ],
                [
                    "org.apache.commons.math.analysis.solvers.UnivariateRealSolverUtils_ESTest.test21(UnivariateRealSolverUtils_ESTest.java:274)"
                ],
                [
                    "org.apache.commons.math.analysis.solvers.UnivariateRealSolverUtils_ESTest.test22(UnivariateRealSolverUtils_ESTest.java:289)"
                ]
            ]
        },
        {
            "patch": "/home/mmartinez/xTestCluster/Patches/Patches_Wang902/Patches_others/Doverfitting/SequenceR/Math/patch3-Math-85-SequenceR.patch",
            "test": "test_from_WangDRR_patch2-Math-85-SequenceR",
            "failing": 2,
            "testrun": 32,
            "failings": [
                "test19(org.apache.commons.math.analysis.solvers.UnivariateRealSolverUtils_ESTest)",
                "test23(org.apache.commons.math.analysis.solvers.UnivariateRealSolverUtils_ESTest)"
            ],
            "status": "ok",
            "test_executed": [
                "org.apache.commons.math.analysis.solvers.UnivariateRealSolverUtils_ESTest"
            ],
            "failing_assertions": [
                "org.apache.commons.math.ConvergenceException: number of iterations=1,763, maximum iterations=3,054, initial=1,493.739, lower bound=1,493.739, upper bound=3,256, final a value=1,493.739, final b value=3,256, f(a)=1,493.739, f(b)=1,493.739",
                "org.apache.commons.math.ConvergenceException: number of iterations=4, maximum iterations=4, initial=4, lower bound=4, upper bound=4,655.839, final a value=4, final b value=8, f(a)=64, f(b)=256"
            ],
            "failing_lines": [
                [
                    "org.apache.commons.math.analysis.solvers.UnivariateRealSolverUtils_ESTest.test19(UnivariateRealSolverUtils_ESTest.java:255)"
                ],
                [
                    "org.apache.commons.math.analysis.solvers.UnivariateRealSolverUtils_ESTest.test23(UnivariateRealSolverUtils_ESTest.java:313)"
                ]
            ]
        },
        {
            "patch": "/home/mmartinez/xTestCluster/Patches/Patches_Wang902/Patches_others/Doverfitting/SequenceR/Math/patch3-Math-85-SequenceR.patch",
            "test": "test_from_WangDRR_patch1-Math-85-Jaid-plausible",
            "failing": 0,
            "testrun": 28,
            "failings": [],
            "status": "ok",
            "test_executed": [
                "org.apache.commons.math.analysis.solvers.UnivariateRealSolverUtils_ESTest"
            ],
            "failing_assertions": [],
            "failing_lines": []
        },
        {
            "patch": "/home/mmartinez/xTestCluster/Patches/Patches_Wang902/Patches_others/Doverfitting/SequenceR/Math/patch3-Math-85-SequenceR.patch",
            "test": "test_from_WangDRR_patch7-Math-85-SequenceR",
            "failing": 2,
            "testrun": 32,
            "failings": [
                "test19(org.apache.commons.math.analysis.solvers.UnivariateRealSolverUtils_ESTest)",
                "test22(org.apache.commons.math.analysis.solvers.UnivariateRealSolverUtils_ESTest)"
            ],
            "status": "ok",
            "test_executed": [
                "org.apache.commons.math.analysis.solvers.UnivariateRealSolverUtils_ESTest"
            ],
            "failing_assertions": [
                "org.apache.commons.math.ConvergenceException: number of iterations=2, maximum iterations=4, initial=0, lower bound=-2,878.115, upper bound=561.482, final a value=-2, final b value=2, f(a)=37,799,050.904, f(b)=0",
                "java.lang.AssertionError: Expecting exception: Exception"
            ],
            "failing_lines": [
                [
                    "org.apache.commons.math.analysis.solvers.UnivariateRealSolverUtils_ESTest.test19(UnivariateRealSolverUtils_ESTest.java:260)"
                ],
                [
                    "org.apache.commons.math.analysis.solvers.UnivariateRealSolverUtils_ESTest.test22(UnivariateRealSolverUtils_ESTest.java:303)"
                ]
            ]
        },
        {
            "patch": "/home/mmartinez/xTestCluster/Patches/Patches_Wang902/Patches_others/Doverfitting/SequenceR/Math/patch3-Math-85-SequenceR.patch",
            "test": "test_from_WangICSE_patch1-Math-85-SimFix-plausible",
            "failing": 2,
            "testrun": 33,
            "failings": [
                "test19(org.apache.commons.math.analysis.solvers.UnivariateRealSolverUtils_ESTest)",
                "test32(org.apache.commons.math.analysis.solvers.UnivariateRealSolverUtils_ESTest)"
            ],
            "status": "ok",
            "test_executed": [
                "org.apache.commons.math.analysis.solvers.UnivariateRealSolverUtils_ESTest"
            ],
            "failing_assertions": [
                "java.lang.AssertionError: Expecting exception: Exception",
                "java.lang.AssertionError: Expecting exception: Exception"
            ],
            "failing_lines": [
                [
                    "org.apache.commons.math.analysis.solvers.UnivariateRealSolverUtils_ESTest.test19(UnivariateRealSolverUtils_ESTest.java:248)"
                ],
                [
                    "org.apache.commons.math.analysis.solvers.UnivariateRealSolverUtils_ESTest.test32(UnivariateRealSolverUtils_ESTest.java:428)"
                ]
            ]
        },
        {
            "patch": "/home/mmartinez/xTestCluster/Patches/Patches_Wang902/Patches_others/Doverfitting/SequenceR/Math/patch3-Math-85-SequenceR.patch",
            "test": "test_from_WangDRR_patch4-Math-85-Jaid-plausible",
            "failing": 3,
            "testrun": 31,
            "failings": [
                "test19(org.apache.commons.math.analysis.solvers.UnivariateRealSolverUtils_ESTest)",
                "test24(org.apache.commons.math.analysis.solvers.UnivariateRealSolverUtils_ESTest)",
                "test25(org.apache.commons.math.analysis.solvers.UnivariateRealSolverUtils_ESTest)"
            ],
            "status": "ok",
            "test_executed": [
                "org.apache.commons.math.analysis.solvers.UnivariateRealSolverUtils_ESTest"
            ],
            "failing_assertions": [
                "java.lang.AssertionError: Expecting exception: Exception",
                "org.apache.commons.math.ConvergenceException: number of iterations=1, maximum iterations=2,147,483,647, initial=0, lower bound=-0.47, upper bound=1,655, final a value=-0.47, final b value=1, f(a)=0.002, f(b)=-0.47",
                "org.apache.commons.math.ConvergenceException: number of iterations=1, maximum iterations=2,146,503,094, initial=\\xef\\xbf\\xbd, lower bound=599, upper bound=1,493.739, final a value=\\xef\\xbf\\xbd, final b value=\\xef\\xbf\\xbd, f(a)=1,493.739, f(b)=1,493.739"
            ],
            "failing_lines": [
                [
                    "org.apache.commons.math.analysis.solvers.UnivariateRealSolverUtils_ESTest.test19(UnivariateRealSolverUtils_ESTest.java:262)"
                ],
                [
                    "org.apache.commons.math.analysis.solvers.UnivariateRealSolverUtils_ESTest.test24(UnivariateRealSolverUtils_ESTest.java:341)"
                ],
                [
                    "org.apache.commons.math.analysis.solvers.UnivariateRealSolverUtils_ESTest.test25(UnivariateRealSolverUtils_ESTest.java:350)"
                ]
            ]
        },
        {
            "patch": "/home/mmartinez/xTestCluster/Patches/Patches_Wang902/Patches_others/Doverfitting/SequenceR/Math/patch3-Math-85-SequenceR.patch",
            "test": "test_from_WangICSE_patch1-Math-85-FixMiner-plausible",
            "failing": 2,
            "testrun": 31,
            "failings": [
                "test17(org.apache.commons.math.analysis.solvers.UnivariateRealSolverUtils_ESTest)",
                "test23(org.apache.commons.math.analysis.solvers.UnivariateRealSolverUtils_ESTest)"
            ],
            "status": "ok",
            "test_executed": [
                "org.apache.commons.math.analysis.solvers.UnivariateRealSolverUtils_ESTest"
            ],
            "failing_assertions": [
                "org.apache.commons.math.ConvergenceException: number of iterations=306, maximum iterations=2,144,953,679, initial=1,649, lower bound=1,649, upper bound=1,954.981, final a value=1,649, final b value=1,954.981, f(a)=250.73, f(b)=250.73",
                "org.apache.commons.math.ConvergenceException: number of iterations=2, maximum iterations=2,147,483,647, initial=-1, lower bound=-1, upper bound=0, final a value=-1, final b value=0, f(a)=2,111.45, f(b)=2,111.45"
            ],
            "failing_lines": [
                [
                    "org.apache.commons.math.analysis.solvers.UnivariateRealSolverUtils_ESTest.test17(UnivariateRealSolverUtils_ESTest.java:213)"
                ],
                [
                    "org.apache.commons.math.analysis.solvers.UnivariateRealSolverUtils_ESTest.test23(UnivariateRealSolverUtils_ESTest.java:290)"
                ]
            ]
        },
        {
            "patch": "/home/mmartinez/xTestCluster/Patches/Patches_Wang902/Patches_others/Doverfitting/SequenceR/Math/patch3-Math-85-SequenceR.patch",
            "test": "test_from_WangICSE_patch1-Math-85-TBar-plausible",
            "failing": 2,
            "testrun": 30,
            "failings": [
                "test15(org.apache.commons.math.analysis.solvers.UnivariateRealSolverUtils_ESTest)",
                "test23(org.apache.commons.math.analysis.solvers.UnivariateRealSolverUtils_ESTest)"
            ],
            "status": "ok",
            "test_executed": [
                "org.apache.commons.math.analysis.solvers.UnivariateRealSolverUtils_ESTest"
            ],
            "failing_assertions": [
                "org.apache.commons.math.ConvergenceException: number of iterations=306, maximum iterations=2,144,953,679, initial=1,649, lower bound=1,649, upper bound=1,954.981, final a value=1,649, final b value=1,954.981, f(a)=250.73, f(b)=250.73",
                "org.apache.commons.math.ConvergenceException: number of iterations=2, maximum iterations=2,147,483,647, initial=-1, lower bound=-1, upper bound=0, final a value=-1, final b value=0, f(a)=2,111.45, f(b)=2,111.45"
            ],
            "failing_lines": [
                [
                    "org.apache.commons.math.analysis.solvers.UnivariateRealSolverUtils_ESTest.test15(UnivariateRealSolverUtils_ESTest.java:178)"
                ],
                [
                    "org.apache.commons.math.analysis.solvers.UnivariateRealSolverUtils_ESTest.test23(UnivariateRealSolverUtils_ESTest.java:281)"
                ]
            ]
        },
        {
            "patch": "/home/mmartinez/xTestCluster/Patches/Patches_Wang902/Patches_others/Doverfitting/SequenceR/Math/patch3-Math-85-SequenceR.patch",
            "test": "test_from_WangDRR_patch1-Math-85-CapGen-plausible",
            "failing": 2,
            "testrun": 30,
            "failings": [
                "test29(org.apache.commons.math.analysis.solvers.UnivariateRealSolverUtils_ESTest)",
                "test02(org.apache.commons.math.analysis.solvers.UnivariateRealSolverUtils_ESTest)"
            ],
            "status": "ok",
            "test_executed": [
                "org.apache.commons.math.analysis.solvers.UnivariateRealSolverUtils_ESTest"
            ],
            "failing_assertions": [
                "java.lang.AssertionError: Expecting exception: Exception",
                "java.lang.AssertionError: Expecting exception: Exception"
            ],
            "failing_lines": [
                [
                    "org.apache.commons.math.analysis.solvers.UnivariateRealSolverUtils_ESTest.test29(UnivariateRealSolverUtils_ESTest.java:380)"
                ],
                [
                    "org.apache.commons.math.analysis.solvers.UnivariateRealSolverUtils_ESTest.test02(UnivariateRealSolverUtils_ESTest.java:44)"
                ]
            ]
        },
        {
            "patch": "/home/mmartinez/xTestCluster/Patches/Patches_Wang902/Patches_others/Doverfitting/SequenceR/Math/patch3-Math-85-SequenceR.patch",
            "test": "test_from_WangICSE_patch1-Math-85-RSRepair-plausible",
            "failing": 2,
            "testrun": 41,
            "failings": [
                "test22(org.apache.commons.math.analysis.solvers.UnivariateRealSolverUtils_ESTest)",
                "test3(org.apache.commons.math.distribution.AbstractContinuousDistribution_ESTest)"
            ],
            "status": "ok",
            "test_executed": [
                "org.apache.commons.math.analysis.solvers.UnivariateRealSolverUtils_ESTest",
                "org.apache.commons.math.distribution.AbstractContinuousDistribution_ESTest"
            ],
            "failing_assertions": [
                "org.apache.commons.math.ConvergenceException: number of iterations=2, maximum iterations=2,147,483,647, initial=-1, lower bound=-1, upper bound=0, final a value=-1, final b value=0, f(a)=2,111.45, f(b)=2,111.45",
                "org.apache.commons.math.MathException: org.evosuite.runtime.mock.java.lang.MockThrowable: number of iterations=1, maximum iterations=2,147,483,647, initial=0, lower bound=0, upper bound=0, final a value=0, final b value=0, f(a)=0.943, f(b)=0.999"
            ],
            "failing_lines": [
                [
                    "org.apache.commons.math.analysis.solvers.UnivariateRealSolverUtils_ESTest.test22(UnivariateRealSolverUtils_ESTest.java:282)"
                ],
                [
                    "org.apache.commons.math.distribution.AbstractContinuousDistribution_ESTest.test3(AbstractContinuousDistribution_ESTest.java:48)"
                ]
            ]
        }
    ],
    "duration": 64.19
}