{
    "patch": "/home/mmartinez/xTestCluster/Patches/Patches_Wang902/Patches_ICSE/Doverfitting/TBar/Closure/patch1-Closure-133-TBar-plausible.patch",
    "project": "Closure",
    "bugid": "133",
    "dataset": "Patches_ICSE",
    "date": "2022-12-16T05:26:20.282109",
    "project_checked": "ok",
    "compiledProjectModified": "ok",
    "patchApplied": "ok",
    "arrive_end": "ok",
    "patched_project_pass_all_test": "no",
    "test_execution": [
        {
            "patch": "/home/mmartinez/xTestCluster/Patches/Patches_Wang902/Patches_ICSE/Doverfitting/TBar/Closure/patch1-Closure-133-TBar-plausible.patch",
            "test": "test_from_WangICSE_patch1-Closure-133-Arja-plausible",
            "failing": 0,
            "testrun": 28,
            "failings": [],
            "status": "ok",
            "test_executed": [
                "com.google.javascript.jscomp.parsing.JsDocInfoParser_ESTest"
            ],
            "failing_assertions": [],
            "failing_lines": []
        },
        {
            "patch": "/home/mmartinez/xTestCluster/Patches/Patches_Wang902/Patches_ICSE/Doverfitting/TBar/Closure/patch1-Closure-133-TBar-plausible.patch",
            "test": "test_from_WangICSE_patch1-Closure-133-TBar-plausible",
            "failing": 0,
            "testrun": 58,
            "failings": [],
            "status": "ok",
            "test_executed": [
                "com.google.javascript.jscomp.parsing.JsDocInfoParser_ESTest"
            ],
            "failing_assertions": [],
            "failing_lines": []
        }
    ],
    "duration": 45.31
}