{
    "patch": "/home/mmartinez/xTestCluster/Patches/Patches_Wang902/Patches_ICSE/Doverfitting/Arja/Closure/patch1-Closure-33-Arja-plausible.patch",
    "project": "Closure",
    "bugid": "33",
    "dataset": "Patches_ICSE",
    "date": "2022-12-27T21:14:19.421247",
    "project_checked": "ok",
    "compiledProjectModified": "ok",
    "patchApplied": "ok",
    "arrive_end": "ok",
    "patched_project_pass_all_test": "no",
    "test_execution": [
        {
            "patch": "/home/mmartinez/xTestCluster/Patches/Patches_Wang902/Patches_ICSE/Doverfitting/Arja/Closure/patch1-Closure-33-Arja-plausible.patch",
            "test": "test_from_WangICSE_patch1-Closure-33-RSRepair-plausible",
            "failing": 0,
            "testrun": 95,
            "failings": [],
            "status": "ok",
            "test_executed": [
                "com.google.javascript.rhino.jstype.PrototypeObjectType_ESTest"
            ],
            "failing_assertions": [],
            "failing_lines": []
        },
        {
            "patch": "/home/mmartinez/xTestCluster/Patches/Patches_Wang902/Patches_ICSE/Doverfitting/Arja/Closure/patch1-Closure-33-Arja-plausible.patch",
            "test": "test_from_WangICSE_patch1-Closure-33-Kali-plausible",
            "failing": 1,
            "testrun": 153,
            "failings": [
                "test036(com.google.javascript.rhino.jstype.PrototypeObjectType_ESTest)"
            ],
            "status": "ok",
            "test_executed": [
                "com.google.javascript.rhino.jstype.PrototypeObjectType_ESTest"
            ],
            "failing_assertions": [
                "java.lang.AssertionError"
            ],
            "failing_lines": [
                [
                    "com.google.javascript.rhino.jstype.PrototypeObjectType_ESTest.test036(PrototypeObjectType_ESTest.java:19855)"
                ]
            ]
        },
        {
            "patch": "/home/mmartinez/xTestCluster/Patches/Patches_Wang902/Patches_ICSE/Doverfitting/Arja/Closure/patch1-Closure-33-Arja-plausible.patch",
            "test": "test_from_WangDRR_patch1-Closure-33-Jaid-plausible",
            "failing": 0,
            "testrun": 86,
            "failings": [],
            "status": "ok",
            "test_executed": [
                "com.google.javascript.rhino.jstype.PrototypeObjectType_ESTest"
            ],
            "failing_assertions": [],
            "failing_lines": []
        },
        {
            "patch": "/home/mmartinez/xTestCluster/Patches/Patches_Wang902/Patches_ICSE/Doverfitting/Arja/Closure/patch1-Closure-33-Arja-plausible.patch",
            "test": "test_from_WangDRR_patch1-Closure-33-Jaid",
            "failing": 0,
            "testrun": 101,
            "failings": [],
            "status": "ok",
            "test_executed": [
                "com.google.javascript.rhino.jstype.PrototypeObjectType_ESTest"
            ],
            "failing_assertions": [],
            "failing_lines": []
        },
        {
            "patch": "/home/mmartinez/xTestCluster/Patches/Patches_Wang902/Patches_ICSE/Doverfitting/Arja/Closure/patch1-Closure-33-Arja-plausible.patch",
            "test": "test_from_WangDRR_patch2-Closure-33-Jaid-plausible",
            "failing": 0,
            "testrun": 110,
            "failings": [],
            "status": "ok",
            "test_executed": [
                "com.google.javascript.rhino.jstype.PrototypeObjectType_ESTest"
            ],
            "failing_assertions": [],
            "failing_lines": []
        },
        {
            "patch": "/home/mmartinez/xTestCluster/Patches/Patches_Wang902/Patches_ICSE/Doverfitting/Arja/Closure/patch1-Closure-33-Arja-plausible.patch",
            "test": "test_from_WangICSE_patch1-Closure-33-Arja-plausible",
            "failing": 0,
            "testrun": 40,
            "failings": [],
            "status": "ok",
            "test_executed": [
                "com.google.javascript.rhino.jstype.RecordType_ESTest"
            ],
            "failing_assertions": [],
            "failing_lines": []
        }
    ],
    "duration": 34.35
}