{
    "patch": "/home/mmartinez/xTestCluster/Patches/Patches_Wang902/Patches_ICSE/Doverfitting/FixMiner/Time/patch1-Time-11-FixMiner-plausible.patch",
    "project": "Time",
    "bugid": "11",
    "dataset": "Patches_ICSE",
    "date": "2022-12-16T00:48:18.470179",
    "project_checked": "ok",
    "compiledProjectModified": "ok",
    "patchApplied": "ok",
    "arrive_end": "ok",
    "patched_project_pass_all_test": "no",
    "test_execution": [
        {
            "patch": "/home/mmartinez/xTestCluster/Patches/Patches_Wang902/Patches_ICSE/Doverfitting/FixMiner/Time/patch1-Time-11-FixMiner-plausible.patch",
            "test": "test_from_WangICSE_patch1-Time-11-FixMiner-plausible",
            "failing": 0,
            "testrun": 59,
            "failings": [],
            "status": "ok",
            "test_executed": [
                "org.joda.time.tz.ZoneInfoCompiler_ESTest"
            ],
            "failing_assertions": [],
            "failing_lines": []
        },
        {
            "patch": "/home/mmartinez/xTestCluster/Patches/Patches_Wang902/Patches_ICSE/Doverfitting/FixMiner/Time/patch1-Time-11-FixMiner-plausible.patch",
            "test": "test_from_WangICSE_patch1-Time-11-DynaMoth-plausible",
            "failing": 1,
            "testrun": 48,
            "failings": [
                "test20(org.joda.time.tz.DateTimeZoneBuilder_ESTest)"
            ],
            "status": "ok",
            "test_executed": [
                "org.joda.time.tz.DateTimeZoneBuilder_ESTest"
            ],
            "failing_assertions": [
                "java.lang.AssertionError: Expecting exception: NullPointerException"
            ],
            "failing_lines": [
                [
                    "org.joda.time.tz.DateTimeZoneBuilder_ESTest.test20(DateTimeZoneBuilder_ESTest.java:344)"
                ]
            ]
        }
    ],
    "duration": 27.46
}