{
    "patch": "/home/mmartinez/xTestCluster/Patches/Patches_Wang902/Patches_ICSE/Doverfitting/jMutRepair/Math/patch1-Math-50-jMutRepair-plausible.patch",
    "project": "Math",
    "bugid": "50",
    "dataset": "Patches_ICSE",
    "date": "2022-12-26T19:02:59.497901",
    "project_checked": "ok",
    "compiledProjectModified": "ok",
    "patchApplied": "ok",
    "arrive_end": "ok",
    "patched_project_pass_all_test": "no",
    "test_execution": [
        {
            "patch": "/home/mmartinez/xTestCluster/Patches/Patches_Wang902/Patches_ICSE/Doverfitting/jMutRepair/Math/patch1-Math-50-jMutRepair-plausible.patch",
            "test": "test_from_WangICSE_patch1-Math-50-FixMiner-plausible",
            "failing": 5,
            "testrun": 38,
            "failings": [
                "test30(org.apache.commons.math.analysis.solvers.BaseSecantSolver_ESTest)",
                "test26(org.apache.commons.math.analysis.solvers.BaseSecantSolver_ESTest)",
                "test24(org.apache.commons.math.analysis.solvers.BaseSecantSolver_ESTest)",
                "test25(org.apache.commons.math.analysis.solvers.BaseSecantSolver_ESTest)",
                "test22(org.apache.commons.math.analysis.solvers.BaseSecantSolver_ESTest)"
            ],
            "status": "ok",
            "test_executed": [
                "org.apache.commons.math.analysis.solvers.BaseSecantSolver_ESTest"
            ],
            "failing_assertions": [
                "java.lang.AssertionError: expected:<3.4815836535094773E-10> but was:<-191.72092285395303>",
                "java.lang.AssertionError: expected:<-1.7763424481119533E-19> but was:<-191.72092235395303>",
                "java.lang.AssertionError: expected:<-6.051419632521738E-11> but was:<-211.97092235395303>",
                "java.lang.AssertionError: expected:<4.803065585819783E-20> but was:<-223.970922853953>",
                "java.lang.AssertionError: expected:<-1.2106921899199452E-15> but was:<-29.56360929610417>"
            ],
            "failing_lines": [
                [
                    "org.apache.commons.math.analysis.solvers.BaseSecantSolver_ESTest.test30(BaseSecantSolver_ESTest.java:437)"
                ],
                [
                    "org.apache.commons.math.analysis.solvers.BaseSecantSolver_ESTest.test26(BaseSecantSolver_ESTest.java:397)"
                ],
                [
                    "org.apache.commons.math.analysis.solvers.BaseSecantSolver_ESTest.test24(BaseSecantSolver_ESTest.java:377)"
                ],
                [
                    "org.apache.commons.math.analysis.solvers.BaseSecantSolver_ESTest.test25(BaseSecantSolver_ESTest.java:387)"
                ],
                [
                    "org.apache.commons.math.analysis.solvers.BaseSecantSolver_ESTest.test22(BaseSecantSolver_ESTest.java:357)"
                ]
            ]
        },
        {
            "patch": "/home/mmartinez/xTestCluster/Patches/Patches_Wang902/Patches_ICSE/Doverfitting/jMutRepair/Math/patch1-Math-50-jMutRepair-plausible.patch",
            "test": "test_from_WangDRR_patch1-Math-50-SketchFix",
            "failing": 0,
            "testrun": 36,
            "failings": [],
            "status": "ok",
            "test_executed": [
                "org.apache.commons.math.analysis.solvers.BaseSecantSolver_ESTest"
            ],
            "failing_assertions": [],
            "failing_lines": []
        },
        {
            "patch": "/home/mmartinez/xTestCluster/Patches/Patches_Wang902/Patches_ICSE/Doverfitting/jMutRepair/Math/patch1-Math-50-jMutRepair-plausible.patch",
            "test": "test_from_WangICSE_patch1-Math-50-jGenProg-plausible",
            "failing": 1,
            "testrun": 37,
            "failings": [
                "test23(org.apache.commons.math.analysis.solvers.BaseSecantSolver_ESTest)"
            ],
            "status": "ok",
            "test_executed": [
                "org.apache.commons.math.analysis.solvers.BaseSecantSolver_ESTest"
            ],
            "failing_assertions": [
                "19:03:28.228 [main] INFO org.evosuite.runtime.instrumentation.EvoClassLoader - Seeing class for first time: META-INF/localization/LocalizedFormats"
            ],
            "failing_lines": [
                [
                    "org.apache.commons.math.analysis.solvers.BaseSecantSolver_ESTest.test23(BaseSecantSolver_ESTest.java:381)"
                ]
            ]
        },
        {
            "patch": "/home/mmartinez/xTestCluster/Patches/Patches_Wang902/Patches_ICSE/Doverfitting/jMutRepair/Math/patch1-Math-50-jMutRepair-plausible.patch",
            "test": "test_from_WangICSE_patch1-Math-50-TBar-plausible",
            "failing": 1,
            "testrun": 38,
            "failings": [
                "test31(org.apache.commons.math.analysis.solvers.BaseSecantSolver_ESTest)"
            ],
            "status": "ok",
            "test_executed": [
                "org.apache.commons.math.analysis.solvers.BaseSecantSolver_ESTest"
            ],
            "failing_assertions": [
                "19:03:30.681 [main] INFO org.evosuite.runtime.instrumentation.EvoClassLoader - Seeing class for first time: META-INF/localization/LocalizedFormats"
            ],
            "failing_lines": [
                [
                    "org.apache.commons.math.analysis.solvers.BaseSecantSolver_ESTest.test31(BaseSecantSolver_ESTest.java:438)"
                ]
            ]
        },
        {
            "patch": "/home/mmartinez/xTestCluster/Patches/Patches_Wang902/Patches_ICSE/Doverfitting/jMutRepair/Math/patch1-Math-50-jMutRepair-plausible.patch",
            "test": "test_from_WangICSE_patch1-Math-50-jKali",
            "failing": 1,
            "testrun": 37,
            "failings": [
                "test24(org.apache.commons.math.analysis.solvers.BaseSecantSolver_ESTest)"
            ],
            "status": "ok",
            "test_executed": [
                "org.apache.commons.math.analysis.solvers.BaseSecantSolver_ESTest"
            ],
            "failing_assertions": [
                "19:03:33.185 [main] INFO org.evosuite.runtime.instrumentation.EvoClassLoader - Seeing class for first time: META-INF/localization/LocalizedFormats"
            ],
            "failing_lines": [
                [
                    "org.apache.commons.math.analysis.solvers.BaseSecantSolver_ESTest.test24(BaseSecantSolver_ESTest.java:373)"
                ]
            ]
        },
        {
            "patch": "/home/mmartinez/xTestCluster/Patches/Patches_Wang902/Patches_ICSE/Doverfitting/jMutRepair/Math/patch1-Math-50-jMutRepair-plausible.patch",
            "test": "test_from_WangICSE_patch1-Math-50-jMutRepair-plausible",
            "failing": 0,
            "testrun": 37,
            "failings": [],
            "status": "ok",
            "test_executed": [
                "org.apache.commons.math.analysis.solvers.BaseSecantSolver_ESTest"
            ],
            "failing_assertions": [],
            "failing_lines": []
        },
        {
            "patch": "/home/mmartinez/xTestCluster/Patches/Patches_Wang902/Patches_ICSE/Doverfitting/jMutRepair/Math/patch1-Math-50-jMutRepair-plausible.patch",
            "test": "test_from_WangDRR_patch1-Math-50-Jaid",
            "failing": 1,
            "testrun": 37,
            "failings": [
                "test32(org.apache.commons.math.analysis.solvers.BaseSecantSolver_ESTest)"
            ],
            "status": "ok",
            "test_executed": [
                "org.apache.commons.math.analysis.solvers.BaseSecantSolver_ESTest"
            ],
            "failing_assertions": [
                "19:03:38.094 [main] INFO org.evosuite.runtime.instrumentation.EvoClassLoader - Seeing class for first time: META-INF/localization/LocalizedFormats"
            ],
            "failing_lines": [
                [
                    "org.apache.commons.math.analysis.solvers.BaseSecantSolver_ESTest.test32(BaseSecantSolver_ESTest.java:445)"
                ]
            ]
        },
        {
            "patch": "/home/mmartinez/xTestCluster/Patches/Patches_Wang902/Patches_ICSE/Doverfitting/jMutRepair/Math/patch1-Math-50-jMutRepair-plausible.patch",
            "test": "test_from_WangICSE_patch1-Math-50-kPAR-plausible",
            "failing": 4,
            "testrun": 39,
            "failings": [
                "test26(org.apache.commons.math.analysis.solvers.BaseSecantSolver_ESTest)",
                "test27(org.apache.commons.math.analysis.solvers.BaseSecantSolver_ESTest)",
                "test25(org.apache.commons.math.analysis.solvers.BaseSecantSolver_ESTest)",
                "test23(org.apache.commons.math.analysis.solvers.BaseSecantSolver_ESTest)"
            ],
            "status": "ok",
            "test_executed": [
                "org.apache.commons.math.analysis.solvers.BaseSecantSolver_ESTest"
            ],
            "failing_assertions": [
                "java.lang.AssertionError: expected:<4.803065585819783E-20> but was:<-223.970922853953>",
                "java.lang.AssertionError: expected:<-8.642760077601405E-27> but was:<-79.53389523474675>",
                "java.lang.AssertionError: expected:<-6.051419632521738E-11> but was:<-211.97092235395303>",
                "java.lang.AssertionError: expected:<-7.825714205802803E-13> but was:<-224.60662909995162>"
            ],
            "failing_lines": [
                [
                    "org.apache.commons.math.analysis.solvers.BaseSecantSolver_ESTest.test26(BaseSecantSolver_ESTest.java:395)"
                ],
                [
                    "org.apache.commons.math.analysis.solvers.BaseSecantSolver_ESTest.test27(BaseSecantSolver_ESTest.java:405)"
                ],
                [
                    "org.apache.commons.math.analysis.solvers.BaseSecantSolver_ESTest.test25(BaseSecantSolver_ESTest.java:385)"
                ],
                [
                    "org.apache.commons.math.analysis.solvers.BaseSecantSolver_ESTest.test23(BaseSecantSolver_ESTest.java:365)"
                ]
            ]
        },
        {
            "patch": "/home/mmartinez/xTestCluster/Patches/Patches_Wang902/Patches_ICSE/Doverfitting/jMutRepair/Math/patch1-Math-50-jMutRepair-plausible.patch",
            "test": "test_from_WangDRR_patch3-Math-50-Jaid-plausible",
            "failing": 4,
            "testrun": 36,
            "failings": [
                "test31(org.apache.commons.math.analysis.solvers.BaseSecantSolver_ESTest)",
                "test04(org.apache.commons.math.analysis.solvers.BaseSecantSolver_ESTest)",
                "test23(org.apache.commons.math.analysis.solvers.BaseSecantSolver_ESTest)",
                "test21(org.apache.commons.math.analysis.solvers.BaseSecantSolver_ESTest)"
            ],
            "status": "ok",
            "test_executed": [
                "org.apache.commons.math.analysis.solvers.BaseSecantSolver_ESTest"
            ],
            "failing_assertions": [
                "19:03:43.383 [main] INFO org.evosuite.runtime.instrumentation.EvoClassLoader - Seeing class for first time: META-INF/localization/LocalizedFormats",
                "java.lang.AssertionError: expected:<-2819.5794061108236> but was:<-2821.1502029236344>",
                "java.lang.AssertionError: expected:<67.54424164289682> but was:<65.97344573262352>",
                "org.apache.commons.math.exception.TooManyEvaluationsException: illegal state: maximal count (443) exceeded: evaluations"
            ],
            "failing_lines": [
                [
                    "org.apache.commons.math.analysis.solvers.BaseSecantSolver_ESTest.test31(BaseSecantSolver_ESTest.java:837)"
                ],
                [
                    "org.apache.commons.math.analysis.solvers.BaseSecantSolver_ESTest.test04(BaseSecantSolver_ESTest.java:149)"
                ],
                [
                    "org.apache.commons.math.analysis.solvers.BaseSecantSolver_ESTest.test23(BaseSecantSolver_ESTest.java:687)"
                ],
                [
                    "org.apache.commons.math.analysis.solvers.BaseSecantSolver_ESTest.test21(BaseSecantSolver_ESTest.java:636)"
                ]
            ]
        },
        {
            "patch": "/home/mmartinez/xTestCluster/Patches/Patches_Wang902/Patches_ICSE/Doverfitting/jMutRepair/Math/patch1-Math-50-jMutRepair-plausible.patch",
            "test": "test_from_WangICSE_patch1-Math-50-DynaMoth",
            "failing": 1,
            "testrun": 36,
            "failings": [
                "test34(org.apache.commons.math.analysis.solvers.BaseSecantSolver_ESTest)"
            ],
            "status": "ok",
            "test_executed": [
                "org.apache.commons.math.analysis.solvers.BaseSecantSolver_ESTest"
            ],
            "failing_assertions": [
                "java.lang.AssertionError: expected:<1.1255698811164515E9> but was:<1.1266021276681194E9>"
            ],
            "failing_lines": [
                [
                    "org.apache.commons.math.analysis.solvers.BaseSecantSolver_ESTest.test34(BaseSecantSolver_ESTest.java:476)"
                ]
            ]
        },
        {
            "patch": "/home/mmartinez/xTestCluster/Patches/Patches_Wang902/Patches_ICSE/Doverfitting/jMutRepair/Math/patch1-Math-50-jMutRepair-plausible.patch",
            "test": "test_from_WangICSE_patch1-Math-50-AVATAR-plausible",
            "failing": 6,
            "testrun": 37,
            "failings": [
                "test35(org.apache.commons.math.analysis.solvers.BaseSecantSolver_ESTest)",
                "test28(org.apache.commons.math.analysis.solvers.BaseSecantSolver_ESTest)",
                "test24(org.apache.commons.math.analysis.solvers.BaseSecantSolver_ESTest)",
                "test22(org.apache.commons.math.analysis.solvers.BaseSecantSolver_ESTest)",
                "test23(org.apache.commons.math.analysis.solvers.BaseSecantSolver_ESTest)",
                "test21(org.apache.commons.math.analysis.solvers.BaseSecantSolver_ESTest)"
            ],
            "status": "ok",
            "test_executed": [
                "org.apache.commons.math.analysis.solvers.BaseSecantSolver_ESTest"
            ],
            "failing_assertions": [
                "java.lang.AssertionError: expected:<-4.816362723483237E-10> but was:<-210.21462640632595>",
                "java.lang.AssertionError: expected:<-1.6219986616848592E-10> but was:<-215.97005568539004>",
                "java.lang.AssertionError: expected:<1.8682261875422264E-21> but was:<-208.34574723046305>",
                "java.lang.AssertionError: expected:<3.32469727983909E-15> but was:<-3.448064898671207>",
                "java.lang.AssertionError: expected:<-2.5656071048169938E-14> but was:<-526.6739651300686>",
                "java.lang.AssertionError: expected:<-1.2320113276055112E-13> but was:<-25.579987056545555>"
            ],
            "failing_lines": [
                [
                    "org.apache.commons.math.analysis.solvers.BaseSecantSolver_ESTest.test35(BaseSecantSolver_ESTest.java:472)"
                ],
                [
                    "org.apache.commons.math.analysis.solvers.BaseSecantSolver_ESTest.test28(BaseSecantSolver_ESTest.java:397)"
                ],
                [
                    "org.apache.commons.math.analysis.solvers.BaseSecantSolver_ESTest.test24(BaseSecantSolver_ESTest.java:357)"
                ],
                [
                    "org.apache.commons.math.analysis.solvers.BaseSecantSolver_ESTest.test22(BaseSecantSolver_ESTest.java:337)"
                ],
                [
                    "org.apache.commons.math.analysis.solvers.BaseSecantSolver_ESTest.test23(BaseSecantSolver_ESTest.java:347)"
                ],
                [
                    "org.apache.commons.math.analysis.solvers.BaseSecantSolver_ESTest.test21(BaseSecantSolver_ESTest.java:327)"
                ]
            ]
        },
        {
            "patch": "/home/mmartinez/xTestCluster/Patches/Patches_Wang902/Patches_ICSE/Doverfitting/jMutRepair/Math/patch1-Math-50-jMutRepair-plausible.patch",
            "test": "test_from_WangICSE_patch1-Math-50-SimFix-plausible",
            "failing": 3,
            "testrun": 36,
            "failings": [
                "test29(org.apache.commons.math.analysis.solvers.BaseSecantSolver_ESTest)",
                "test24(org.apache.commons.math.analysis.solvers.BaseSecantSolver_ESTest)",
                "test21(org.apache.commons.math.analysis.solvers.BaseSecantSolver_ESTest)"
            ],
            "status": "ok",
            "test_executed": [
                "org.apache.commons.math.analysis.solvers.BaseSecantSolver_ESTest"
            ],
            "failing_assertions": [
                "java.lang.AssertionError: expected:<-2.567474405492828E-17> but was:<-5.284788605576566>",
                "java.lang.AssertionError: expected:<6.026378857821393E-19> but was:<-11.665585303142572>",
                "java.lang.AssertionError: expected:<6.762104184858851E-15> but was:<-27.050592978403678>"
            ],
            "failing_lines": [
                [
                    "org.apache.commons.math.analysis.solvers.BaseSecantSolver_ESTest.test29(BaseSecantSolver_ESTest.java:417)"
                ],
                [
                    "org.apache.commons.math.analysis.solvers.BaseSecantSolver_ESTest.test24(BaseSecantSolver_ESTest.java:368)"
                ],
                [
                    "org.apache.commons.math.analysis.solvers.BaseSecantSolver_ESTest.test21(BaseSecantSolver_ESTest.java:338)"
                ]
            ]
        },
        {
            "patch": "/home/mmartinez/xTestCluster/Patches/Patches_Wang902/Patches_ICSE/Doverfitting/jMutRepair/Math/patch1-Math-50-jMutRepair-plausible.patch",
            "test": "test_from_WangDRR_patch1-Math-50-Jaid-plausible",
            "failing": 1,
            "testrun": 35,
            "failings": [
                "test05(org.apache.commons.math.analysis.solvers.BaseSecantSolver_ESTest)"
            ],
            "status": "ok",
            "test_executed": [
                "org.apache.commons.math.analysis.solvers.BaseSecantSolver_ESTest"
            ],
            "failing_assertions": [
                "java.lang.AssertionError: expected:<-3726.3510018704806> but was:<-3733.205838813221>"
            ],
            "failing_lines": [
                [
                    "org.apache.commons.math.analysis.solvers.BaseSecantSolver_ESTest.test05(BaseSecantSolver_ESTest.java:96)"
                ]
            ]
        },
        {
            "patch": "/home/mmartinez/xTestCluster/Patches/Patches_Wang902/Patches_ICSE/Doverfitting/jMutRepair/Math/patch1-Math-50-jMutRepair-plausible.patch",
            "test": "test_from_WangICSE_patch1-Math-50-Kali",
            "failing": 0,
            "testrun": 37,
            "failings": [],
            "status": "ok",
            "test_executed": [
                "org.apache.commons.math.analysis.solvers.BaseSecantSolver_ESTest"
            ],
            "failing_assertions": [],
            "failing_lines": []
        },
        {
            "patch": "/home/mmartinez/xTestCluster/Patches/Patches_Wang902/Patches_ICSE/Doverfitting/jMutRepair/Math/patch1-Math-50-jMutRepair-plausible.patch",
            "test": "test_from_WangICSE_patch1-Math-50-Arja",
            "failing": 1,
            "testrun": 92,
            "failings": [
                "test29(org.apache.commons.math.analysis.solvers.BaseSecantSolver_ESTest)"
            ],
            "status": "ok",
            "test_executed": [
                "org.apache.commons.math.analysis.solvers.BaseSecantSolver_ESTest",
                "org.apache.commons.math.analysis.solvers.UnivariateRealSolverUtils_ESTest"
            ],
            "failing_assertions": [
                "java.lang.AssertionError: Expecting exception: IllegalStateException"
            ],
            "failing_lines": [
                [
                    "org.apache.commons.math.analysis.solvers.BaseSecantSolver_ESTest.test29(BaseSecantSolver_ESTest.java:418)"
                ]
            ]
        },
        {
            "patch": "/home/mmartinez/xTestCluster/Patches/Patches_Wang902/Patches_ICSE/Doverfitting/jMutRepair/Math/patch1-Math-50-jMutRepair-plausible.patch",
            "test": "test_from_WangDRR_patch1-Math-50-SOFix",
            "failing": 0,
            "testrun": 36,
            "failings": [],
            "status": "ok",
            "test_executed": [
                "org.apache.commons.math.analysis.solvers.BaseSecantSolver_ESTest"
            ],
            "failing_assertions": [],
            "failing_lines": []
        }
    ],
    "duration": 62.79
}