{
    "patch": "/home/mmartinez/xTestCluster/Patches/Patches_Wang902/Patches_ICSE/Dsame/Cardumen/Math/patch1-Math-70-Cardumen.patch",
    "project": "Math",
    "bugid": "70",
    "dataset": "Patches_ICSE",
    "date": "2022-12-16T06:51:03.854613",
    "project_checked": "ok",
    "compiledProjectModified": "ok",
    "patchApplied": "ok",
    "arrive_end": "ok",
    "patched_project_pass_all_test": "no",
    "test_execution": [
        {
            "patch": "/home/mmartinez/xTestCluster/Patches/Patches_Wang902/Patches_ICSE/Dsame/Cardumen/Math/patch1-Math-70-Cardumen.patch",
            "test": "test_from_WangDRR_patch1-Math-70-SketchFix-plausible",
            "failing": 0,
            "testrun": 27,
            "failings": [],
            "status": "ok",
            "test_executed": [
                "org.apache.commons.math.analysis.solvers.BisectionSolver_ESTest"
            ],
            "failing_assertions": [],
            "failing_lines": []
        },
        {
            "patch": "/home/mmartinez/xTestCluster/Patches/Patches_Wang902/Patches_ICSE/Dsame/Cardumen/Math/patch1-Math-70-Cardumen.patch",
            "test": "test_from_WangICSE_patch1-Math-70-Cardumen",
            "failing": 0,
            "testrun": 26,
            "failings": [],
            "status": "ok",
            "test_executed": [
                "org.apache.commons.math.analysis.solvers.BisectionSolver_ESTest"
            ],
            "failing_assertions": [],
            "failing_lines": []
        },
        {
            "patch": "/home/mmartinez/xTestCluster/Patches/Patches_Wang902/Patches_ICSE/Dsame/Cardumen/Math/patch1-Math-70-Cardumen.patch",
            "test": "test_from_WangDRR_patch1-Math-70-CapGen",
            "failing": 0,
            "testrun": 27,
            "failings": [],
            "status": "ok",
            "test_executed": [
                "org.apache.commons.math.analysis.solvers.BisectionSolver_ESTest"
            ],
            "failing_assertions": [],
            "failing_lines": []
        },
        {
            "patch": "/home/mmartinez/xTestCluster/Patches/Patches_Wang902/Patches_ICSE/Dsame/Cardumen/Math/patch1-Math-70-Cardumen.patch",
            "test": "test_from_WangDRR_patch2-Math-70-SketchFix-plausible",
            "failing": 3,
            "testrun": 27,
            "failings": [
                "test05(org.apache.commons.math.analysis.solvers.BisectionSolver_ESTest)",
                "test04(org.apache.commons.math.analysis.solvers.BisectionSolver_ESTest)",
                "test03(org.apache.commons.math.analysis.solvers.BisectionSolver_ESTest)"
            ],
            "status": "ok",
            "test_executed": [
                "org.apache.commons.math.analysis.solvers.BisectionSolver_ESTest"
            ],
            "failing_assertions": [
                "java.lang.AssertionError: expected:<582.0799995851983> but was:<136.69000041480177>",
                "java.lang.AssertionError: expected:<-4.76837158203125E-7> but was:<-0.9999995231628418>",
                "java.lang.AssertionError: expected:<-2.6555199114914563E-7> but was:<-570.268558421079>"
            ],
            "failing_lines": [
                [
                    "org.apache.commons.math.analysis.solvers.BisectionSolver_ESTest.test05(BisectionSolver_ESTest.java:94)"
                ],
                [
                    "org.apache.commons.math.analysis.solvers.BisectionSolver_ESTest.test04(BisectionSolver_ESTest.java:84)"
                ],
                [
                    "org.apache.commons.math.analysis.solvers.BisectionSolver_ESTest.test03(BisectionSolver_ESTest.java:74)"
                ]
            ]
        },
        {
            "patch": "/home/mmartinez/xTestCluster/Patches/Patches_Wang902/Patches_ICSE/Dsame/Cardumen/Math/patch1-Math-70-Cardumen.patch",
            "test": "test_from_WangDRR_patch1-Math-70-SketchFix",
            "failing": 0,
            "testrun": 26,
            "failings": [],
            "status": "ok",
            "test_executed": [
                "org.apache.commons.math.analysis.solvers.BisectionSolver_ESTest"
            ],
            "failing_assertions": [],
            "failing_lines": []
        }
    ],
    "duration": 25.49
}