{
    "patch": "/home/mmartinez/xTestCluster/Patches/Patches_Wang902/Patches_ICSE/Doverfitting/SimFix/Lang/patch1-Lang-45-SimFix-plausible.patch",
    "project": "Lang",
    "bugid": "45",
    "dataset": "Patches_ICSE",
    "date": "2023-02-02T04:36:32.776044",
    "project_checked": "ok",
    "compiledProjectModified": "ok",
    "patchApplied": "ok",
    "arrive_end": "ok",
    "patched_project_pass_all_test": "no",
    "test_execution": [
        {
            "patch": "/home/mmartinez/xTestCluster/Patches/Patches_Wang902/Patches_ICSE/Doverfitting/SimFix/Lang/patch1-Lang-45-SimFix-plausible.patch",
            "test": "test_from_WangDRR_patch2-Lang-45-Jaid-plausible",
            "failing": 1,
            "testrun": 56,
            "failings": [
                "test23(org.apache.commons.lang.WordUtils_ESTest)"
            ],
            "status": "ok",
            "test_executed": [
                "org.apache.commons.lang.WordUtils_ESTest"
            ],
            "failing_assertions": [
                "java.lang.StringIndexOutOfBoundsException: String index out of range: -133"
            ],
            "failing_lines": [
                [
                    "org.apache.commons.lang.WordUtils_ESTest.test23(WordUtils_ESTest.java:175)"
                ]
            ]
        },
        {
            "patch": "/home/mmartinez/xTestCluster/Patches/Patches_Wang902/Patches_ICSE/Doverfitting/SimFix/Lang/patch1-Lang-45-SimFix-plausible.patch",
            "test": "test_from_WangDRR_patch1-Lang-45-Jaid",
            "failing": 1,
            "testrun": 56,
            "failings": [
                "test02(org.apache.commons.lang.WordUtils_ESTest)"
            ],
            "status": "ok",
            "test_executed": [
                "org.apache.commons.lang.WordUtils_ESTest"
            ],
            "failing_assertions": [
                "java.lang.StringIndexOutOfBoundsException: String index out of range: 2148"
            ],
            "failing_lines": [
                [
                    "org.apache.commons.lang.WordUtils_ESTest.test02(WordUtils_ESTest.java:33)"
                ]
            ]
        },
        {
            "patch": "/home/mmartinez/xTestCluster/Patches/Patches_Wang902/Patches_ICSE/Doverfitting/SimFix/Lang/patch1-Lang-45-SimFix-plausible.patch",
            "test": "test_from_WangDRR_patch1-Lang-45-Jaid-plausible",
            "failing": 1,
            "testrun": 57,
            "failings": [
                "test03(org.apache.commons.lang.WordUtils_ESTest)"
            ],
            "status": "ok",
            "test_executed": [
                "org.apache.commons.lang.WordUtils_ESTest"
            ],
            "failing_assertions": [
                "java.lang.StringIndexOutOfBoundsException: String index out of range: 2148"
            ],
            "failing_lines": [
                [
                    "org.apache.commons.lang.WordUtils_ESTest.test03(WordUtils_ESTest.java:45)"
                ]
            ]
        },
        {
            "patch": "/home/mmartinez/xTestCluster/Patches/Patches_Wang902/Patches_ICSE/Doverfitting/SimFix/Lang/patch1-Lang-45-SimFix-plausible.patch",
            "test": "test_from_WangICSE_patch1-Lang-45-kPAR-plausible",
            "failing": 1,
            "testrun": 54,
            "failings": [
                "test20(org.apache.commons.lang.WordUtils_ESTest)"
            ],
            "status": "ok",
            "test_executed": [
                "org.apache.commons.lang.WordUtils_ESTest"
            ],
            "failing_assertions": [
                "org.junit.ComparisonFailure: expected:<[m]> but was:<[]>"
            ],
            "failing_lines": [
                [
                    "org.apache.commons.lang.WordUtils_ESTest.test20(WordUtils_ESTest.java:156)"
                ]
            ]
        },
        {
            "patch": "/home/mmartinez/xTestCluster/Patches/Patches_Wang902/Patches_ICSE/Doverfitting/SimFix/Lang/patch1-Lang-45-SimFix-plausible.patch",
            "test": "test_from_WangICSE_patch1-Lang-45-SimFix-plausible",
            "failing": 0,
            "testrun": 57,
            "failings": [],
            "status": "ok",
            "test_executed": [
                "org.apache.commons.lang.WordUtils_ESTest"
            ],
            "failing_assertions": [],
            "failing_lines": []
        },
        {
            "patch": "/home/mmartinez/xTestCluster/Patches/Patches_Wang902/Patches_ICSE/Doverfitting/SimFix/Lang/patch1-Lang-45-SimFix-plausible.patch",
            "test": "test_from_WangICSE_patch1-Lang-45-TBar-plausible",
            "failing": 1,
            "testrun": 54,
            "failings": [
                "test20(org.apache.commons.lang.WordUtils_ESTest)"
            ],
            "status": "ok",
            "test_executed": [
                "org.apache.commons.lang.WordUtils_ESTest"
            ],
            "failing_assertions": [
                "org.junit.ComparisonFailure: expected:<[m]> but was:<[]>"
            ],
            "failing_lines": [
                [
                    "org.apache.commons.lang.WordUtils_ESTest.test20(WordUtils_ESTest.java:156)"
                ]
            ]
        }
    ],
    "duration": 18.88
}