{
    "patch": "/home/mmartinez/xTestCluster/Patches/Patches_Wang902/Patches_ICSE/Doverfitting/TBar/Lang/patch1-Lang-24-TBar-plausible.patch",
    "project": "Lang",
    "bugid": "24",
    "dataset": "Patches_ICSE",
    "date": "2023-02-04T03:01:30.704246",
    "project_checked": "ok",
    "compiledProjectModified": "ok",
    "patchApplied": "ok",
    "arrive_end": "ok",
    "patched_project_pass_all_test": "no",
    "test_execution": [
        {
            "patch": "/home/mmartinez/xTestCluster/Patches/Patches_Wang902/Patches_ICSE/Doverfitting/TBar/Lang/patch1-Lang-24-TBar-plausible.patch",
            "test": "test_from_WangICSE_patch1-Lang-24-kPAR-plausible",
            "failing": 0,
            "testrun": 228,
            "failings": [],
            "status": "ok",
            "test_executed": [
                "org.apache.commons.lang3.math.NumberUtils_ESTest"
            ],
            "failing_assertions": [],
            "failing_lines": []
        },
        {
            "patch": "/home/mmartinez/xTestCluster/Patches/Patches_Wang902/Patches_ICSE/Doverfitting/TBar/Lang/patch1-Lang-24-TBar-plausible.patch",
            "test": "test_from_WangICSE_patch1-Lang-24-TBar-plausible",
            "failing": 0,
            "testrun": 229,
            "failings": [],
            "status": "ok",
            "test_executed": [
                "org.apache.commons.lang3.math.NumberUtils_ESTest"
            ],
            "failing_assertions": [],
            "failing_lines": []
        },
        {
            "patch": "/home/mmartinez/xTestCluster/Patches/Patches_Wang902/Patches_ICSE/Doverfitting/TBar/Lang/patch1-Lang-24-TBar-plausible.patch",
            "test": "test_from_WangICSE_patch1-Lang-24-ACS",
            "failing": 0,
            "testrun": 221,
            "failings": [],
            "status": "ok",
            "test_executed": [
                "org.apache.commons.lang3.math.NumberUtils_ESTest"
            ],
            "failing_assertions": [],
            "failing_lines": []
        }
    ],
    "duration": 16.03
}