{
    "patch": "/home/mmartinez/xTestCluster/Patches/Patches_Wang902/Patches_others/Dcorrect/Jaid/Lang/patch2-Lang-51-Jaid.patch",
    "project": "Lang",
    "bugid": "51",
    "dataset": "Patches_others",
    "date": "2022-12-27T20:38:13.139269",
    "project_checked": "ok",
    "compiledProjectModified": "ok",
    "patchApplied": "ok",
    "arrive_end": "ok",
    "patched_project_pass_all_test": "no",
    "test_execution": [
        {
            "patch": "/home/mmartinez/xTestCluster/Patches/Patches_Wang902/Patches_others/Dcorrect/Jaid/Lang/patch2-Lang-51-Jaid.patch",
            "test": "test_from_WangICSE_patch1-Lang-51-TBar-plausible",
            "failing": 0,
            "testrun": 133,
            "failings": [],
            "status": "ok",
            "test_executed": [
                "org.apache.commons.lang.BooleanUtils_ESTest"
            ],
            "failing_assertions": [],
            "failing_lines": []
        },
        {
            "patch": "/home/mmartinez/xTestCluster/Patches/Patches_Wang902/Patches_others/Dcorrect/Jaid/Lang/patch2-Lang-51-Jaid.patch",
            "test": "test_from_WangDRR_patch3-Lang-51-Jaid",
            "failing": 1,
            "testrun": 137,
            "failings": [
                "test057(org.apache.commons.lang.BooleanUtils_ESTest)"
            ],
            "status": "ok",
            "test_executed": [
                "org.apache.commons.lang.BooleanUtils_ESTest"
            ],
            "failing_assertions": [
                "java.lang.AssertionError"
            ],
            "failing_lines": [
                [
                    "org.apache.commons.lang.BooleanUtils_ESTest.test057(BooleanUtils_ESTest.java:492)"
                ]
            ]
        },
        {
            "patch": "/home/mmartinez/xTestCluster/Patches/Patches_Wang902/Patches_others/Dcorrect/Jaid/Lang/patch2-Lang-51-Jaid.patch",
            "test": "test_from_WangICSE_patch1-Lang-51-AVATAR-plausible",
            "failing": 1,
            "testrun": 137,
            "failings": [
                "test072(org.apache.commons.lang.BooleanUtils_ESTest)"
            ],
            "status": "ok",
            "test_executed": [
                "org.apache.commons.lang.BooleanUtils_ESTest"
            ],
            "failing_assertions": [
                "java.lang.AssertionError"
            ],
            "failing_lines": [
                [
                    "org.apache.commons.lang.BooleanUtils_ESTest.test072(BooleanUtils_ESTest.java:600)"
                ]
            ]
        },
        {
            "patch": "/home/mmartinez/xTestCluster/Patches/Patches_Wang902/Patches_others/Dcorrect/Jaid/Lang/patch2-Lang-51-Jaid.patch",
            "test": "test_from_WangDRR_patch5-Lang-51-Jaid",
            "failing": 1,
            "testrun": 141,
            "failings": [
                "test059(org.apache.commons.lang.BooleanUtils_ESTest)"
            ],
            "status": "ok",
            "test_executed": [
                "org.apache.commons.lang.BooleanUtils_ESTest"
            ],
            "failing_assertions": [
                "java.lang.AssertionError"
            ],
            "failing_lines": [
                [
                    "org.apache.commons.lang.BooleanUtils_ESTest.test059(BooleanUtils_ESTest.java:510)"
                ]
            ]
        },
        {
            "patch": "/home/mmartinez/xTestCluster/Patches/Patches_Wang902/Patches_others/Dcorrect/Jaid/Lang/patch2-Lang-51-Jaid.patch",
            "test": "test_from_WangDRR_patch1-Lang-51-Jaid-plausible",
            "failing": 1,
            "testrun": 136,
            "failings": [
                "test054(org.apache.commons.lang.BooleanUtils_ESTest)"
            ],
            "status": "ok",
            "test_executed": [
                "org.apache.commons.lang.BooleanUtils_ESTest"
            ],
            "failing_assertions": [
                "java.lang.AssertionError"
            ],
            "failing_lines": [
                [
                    "org.apache.commons.lang.BooleanUtils_ESTest.test054(BooleanUtils_ESTest.java:466)"
                ]
            ]
        },
        {
            "patch": "/home/mmartinez/xTestCluster/Patches/Patches_Wang902/Patches_others/Dcorrect/Jaid/Lang/patch2-Lang-51-Jaid.patch",
            "test": "test_from_WangDRR_patch2-Lang-51-Jaid",
            "failing": 0,
            "testrun": 135,
            "failings": [],
            "status": "ok",
            "test_executed": [
                "org.apache.commons.lang.BooleanUtils_ESTest"
            ],
            "failing_assertions": [],
            "failing_lines": []
        },
        {
            "patch": "/home/mmartinez/xTestCluster/Patches/Patches_Wang902/Patches_others/Dcorrect/Jaid/Lang/patch2-Lang-51-Jaid.patch",
            "test": "test_from_WangDRR_patch1-Lang-51-SOFix",
            "failing": 2,
            "testrun": 139,
            "failings": [
                "test001(org.apache.commons.lang.BooleanUtils_ESTest)",
                "test055(org.apache.commons.lang.BooleanUtils_ESTest)"
            ],
            "status": "ok",
            "test_executed": [
                "org.apache.commons.lang.BooleanUtils_ESTest"
            ],
            "failing_assertions": [
                "java.lang.AssertionError",
                "java.lang.AssertionError"
            ],
            "failing_lines": [
                [
                    "org.apache.commons.lang.BooleanUtils_ESTest.test001(BooleanUtils_ESTest.java:30)"
                ],
                [
                    "org.apache.commons.lang.BooleanUtils_ESTest.test055(BooleanUtils_ESTest.java:480)"
                ]
            ]
        },
        {
            "patch": "/home/mmartinez/xTestCluster/Patches/Patches_Wang902/Patches_others/Dcorrect/Jaid/Lang/patch2-Lang-51-Jaid.patch",
            "test": "test_from_WangDRR_patch3-Lang-51-Jaid-plausible",
            "failing": 0,
            "testrun": 137,
            "failings": [],
            "status": "ok",
            "test_executed": [
                "org.apache.commons.lang.BooleanUtils_ESTest"
            ],
            "failing_assertions": [],
            "failing_lines": []
        },
        {
            "patch": "/home/mmartinez/xTestCluster/Patches/Patches_Wang902/Patches_others/Dcorrect/Jaid/Lang/patch2-Lang-51-Jaid.patch",
            "test": "test_from_WangDRR_patch6-Lang-51-Jaid",
            "failing": 1,
            "testrun": 135,
            "failings": [
                "test057(org.apache.commons.lang.BooleanUtils_ESTest)"
            ],
            "status": "ok",
            "test_executed": [
                "org.apache.commons.lang.BooleanUtils_ESTest"
            ],
            "failing_assertions": [
                "java.lang.AssertionError"
            ],
            "failing_lines": [
                [
                    "org.apache.commons.lang.BooleanUtils_ESTest.test057(BooleanUtils_ESTest.java:493)"
                ]
            ]
        },
        {
            "patch": "/home/mmartinez/xTestCluster/Patches/Patches_Wang902/Patches_others/Dcorrect/Jaid/Lang/patch2-Lang-51-Jaid.patch",
            "test": "test_from_WangDRR_patch1-Lang-51-Jaid",
            "failing": 1,
            "testrun": 139,
            "failings": [
                "test058(org.apache.commons.lang.BooleanUtils_ESTest)"
            ],
            "status": "ok",
            "test_executed": [
                "org.apache.commons.lang.BooleanUtils_ESTest"
            ],
            "failing_assertions": [
                "java.lang.AssertionError"
            ],
            "failing_lines": [
                [
                    "org.apache.commons.lang.BooleanUtils_ESTest.test058(BooleanUtils_ESTest.java:494)"
                ]
            ]
        },
        {
            "patch": "/home/mmartinez/xTestCluster/Patches/Patches_Wang902/Patches_others/Dcorrect/Jaid/Lang/patch2-Lang-51-Jaid.patch",
            "test": "test_from_WangICSE_patch1-Lang-51-kPAR-plausible",
            "failing": 2,
            "testrun": 133,
            "failings": [
                "test000(org.apache.commons.lang.BooleanUtils_ESTest)",
                "test052(org.apache.commons.lang.BooleanUtils_ESTest)"
            ],
            "status": "ok",
            "test_executed": [
                "org.apache.commons.lang.BooleanUtils_ESTest"
            ],
            "failing_assertions": [
                "java.lang.AssertionError",
                "java.lang.AssertionError"
            ],
            "failing_lines": [
                [
                    "org.apache.commons.lang.BooleanUtils_ESTest.test000(BooleanUtils_ESTest.java:22)"
                ],
                [
                    "org.apache.commons.lang.BooleanUtils_ESTest.test052(BooleanUtils_ESTest.java:451)"
                ]
            ]
        },
        {
            "patch": "/home/mmartinez/xTestCluster/Patches/Patches_Wang902/Patches_others/Dcorrect/Jaid/Lang/patch2-Lang-51-Jaid.patch",
            "test": "test_from_WangICSE_patch1-Lang-51-DynaMoth-plausible",
            "failing": 0,
            "testrun": 135,
            "failings": [],
            "status": "ok",
            "test_executed": [
                "org.apache.commons.lang.BooleanUtils_ESTest"
            ],
            "failing_assertions": [],
            "failing_lines": []
        },
        {
            "patch": "/home/mmartinez/xTestCluster/Patches/Patches_Wang902/Patches_others/Dcorrect/Jaid/Lang/patch2-Lang-51-Jaid.patch",
            "test": "test_from_WangDRR_patch2-Lang-51-Jaid-plausible",
            "failing": 1,
            "testrun": 131,
            "failings": [
                "test055(org.apache.commons.lang.BooleanUtils_ESTest)"
            ],
            "status": "ok",
            "test_executed": [
                "org.apache.commons.lang.BooleanUtils_ESTest"
            ],
            "failing_assertions": [
                "java.lang.AssertionError"
            ],
            "failing_lines": [
                [
                    "org.apache.commons.lang.BooleanUtils_ESTest.test055(BooleanUtils_ESTest.java:483)"
                ]
            ]
        },
        {
            "patch": "/home/mmartinez/xTestCluster/Patches/Patches_Wang902/Patches_others/Dcorrect/Jaid/Lang/patch2-Lang-51-Jaid.patch",
            "test": "test_from_WangDRR_patch4-Lang-51-Jaid",
            "failing": 1,
            "testrun": 139,
            "failings": [
                "test056(org.apache.commons.lang.BooleanUtils_ESTest)"
            ],
            "status": "ok",
            "test_executed": [
                "org.apache.commons.lang.BooleanUtils_ESTest"
            ],
            "failing_assertions": [
                "java.lang.AssertionError"
            ],
            "failing_lines": [
                [
                    "org.apache.commons.lang.BooleanUtils_ESTest.test056(BooleanUtils_ESTest.java:489)"
                ]
            ]
        },
        {
            "patch": "/home/mmartinez/xTestCluster/Patches/Patches_Wang902/Patches_others/Dcorrect/Jaid/Lang/patch2-Lang-51-Jaid.patch",
            "test": "test_from_WangICSE_patch1-Lang-51-Nopol-plausible",
            "failing": 0,
            "testrun": 137,
            "failings": [],
            "status": "ok",
            "test_executed": [
                "org.apache.commons.lang.BooleanUtils_ESTest"
            ],
            "failing_assertions": [],
            "failing_lines": []
        }
    ],
    "duration": 32.94
}