{
    "patch": "/home/mmartinez/xTestCluster/Patches/Patches_Wang902/Patches_ICSE/Doverfitting/Arja/Lang/patch1-Lang-16-Arja-plausible.patch",
    "project": "Lang",
    "bugid": "16",
    "dataset": "Patches_ICSE",
    "date": "2022-12-16T04:47:31.355864",
    "project_checked": "ok",
    "compiledProjectModified": "ok",
    "patchApplied": "ok",
    "arrive_end": "ok",
    "patched_project_pass_all_test": "no",
    "test_execution": [
        {
            "patch": "/home/mmartinez/xTestCluster/Patches/Patches_Wang902/Patches_ICSE/Doverfitting/Arja/Lang/patch1-Lang-16-Arja-plausible.patch",
            "test": "test_from_WangICSE_patch1-Lang-16-Arja-plausible",
            "failing": 0,
            "testrun": 212,
            "failings": [],
            "status": "ok",
            "test_executed": [
                "org.apache.commons.lang3.math.NumberUtils_ESTest"
            ],
            "failing_assertions": [],
            "failing_lines": []
        },
        {
            "patch": "/home/mmartinez/xTestCluster/Patches/Patches_Wang902/Patches_ICSE/Doverfitting/Arja/Lang/patch1-Lang-16-Arja-plausible.patch",
            "test": "test_from_WangICSE_patch1-Lang-16-kPAR-plausible",
            "failing": 5,
            "testrun": 223,
            "failings": [
                "test195(org.apache.commons.lang3.math.NumberUtils_ESTest)",
                "test198(org.apache.commons.lang3.math.NumberUtils_ESTest)",
                "test197(org.apache.commons.lang3.math.NumberUtils_ESTest)",
                "test202(org.apache.commons.lang3.math.NumberUtils_ESTest)",
                "test013(org.apache.commons.lang3.math.NumberUtils_ESTest)"
            ],
            "status": "ok",
            "test_executed": [
                "org.apache.commons.lang3.math.NumberUtils_ESTest"
            ],
            "failing_assertions": [
                "java.lang.AssertionError: Exception was not thrown in org.apache.commons.lang3.math.NumberUtils but in java.lang.NumberFormatException.forInputString(NumberFormatException.java:65): java.lang.NumberFormatException: For input string: \"f\"",
                "java.lang.AssertionError: Exception was not thrown in org.apache.commons.lang3.math.NumberUtils but in java.lang.NumberFormatException.forInputString(NumberFormatException.java:65): java.lang.NumberFormatException: For input string: \"InvocationTargetException occurred\"",
                "java.lang.AssertionError: Exception was not thrown in org.apache.commons.lang3.math.NumberUtils but in java.lang.NumberFormatException.forInputString(NumberFormatException.java:65): java.lang.NumberFormatException: For input string: \"=.+QdU-5@j)MD\"",
                "java.lang.AssertionError: Exception was not thrown in java.math.BigDecimal but in java.lang.NumberFormatException.forInputString(NumberFormatException.java:65): java.lang.NumberFormatException: For input string: \"f;?E8-.B,ZMeS]~\"",
                "java.lang.AssertionError: Exception was not thrown in org.apache.commons.lang3.math.NumberUtils but in java.lang.NumberFormatException.forInputString(NumberFormatException.java:65): java.lang.NumberFormatException: For input string: \"fM).u;^~?71e:>y\""
            ],
            "failing_lines": [
                [
                    "org.apache.commons.lang3.math.NumberUtils_ESTest.test195(NumberUtils_ESTest.java:1637)"
                ],
                [
                    "org.apache.commons.lang3.math.NumberUtils_ESTest.test198(NumberUtils_ESTest.java:1671)"
                ],
                [
                    "org.apache.commons.lang3.math.NumberUtils_ESTest.test197(NumberUtils_ESTest.java:1657)"
                ],
                [
                    "org.apache.commons.lang3.math.NumberUtils_ESTest.test202(NumberUtils_ESTest.java:1727)"
                ],
                [
                    "org.apache.commons.lang3.math.NumberUtils_ESTest.test013(NumberUtils_ESTest.java:121)"
                ]
            ]
        },
        {
            "patch": "/home/mmartinez/xTestCluster/Patches/Patches_Wang902/Patches_ICSE/Doverfitting/Arja/Lang/patch1-Lang-16-Arja-plausible.patch",
            "test": "test_from_WangICSE_patch1-Lang-16-SimFix-plausible",
            "failing": 4,
            "testrun": 211,
            "failings": [
                "test187(org.apache.commons.lang3.math.NumberUtils_ESTest)",
                "test185(org.apache.commons.lang3.math.NumberUtils_ESTest)",
                "test186(org.apache.commons.lang3.math.NumberUtils_ESTest)",
                "test170(org.apache.commons.lang3.math.NumberUtils_ESTest)"
            ],
            "status": "ok",
            "test_executed": [
                "org.apache.commons.lang3.math.NumberUtils_ESTest"
            ],
            "failing_assertions": [
                "java.lang.AssertionError: Exception was not thrown in org.apache.commons.lang3.math.NumberUtils but in java.lang.NumberFormatException.forInputString(NumberFormatException.java:65): java.lang.NumberFormatException: For input string: \"8W4L*rccF:g,qOM*i*E\"",
                "java.lang.AssertionError: Exception was not thrown in org.apache.commons.lang3.math.NumberUtils but in java.lang.NumberFormatException.forInputString(NumberFormatException.java:65): java.lang.NumberFormatException: For input string: \"IllegalArgumentException occurred\"",
                "java.lang.AssertionError: Exception was not thrown in org.apache.commons.lang3.math.NumberUtils but in java.lang.NumberFormatException.forInputString(NumberFormatException.java:65): java.lang.NumberFormatException: For input string: \"E\"",
                "java.lang.AssertionError: Exception was not thrown in org.apache.commons.lang3.math.NumberUtils but in java.lang.NumberFormatException.forInputString(NumberFormatException.java:65): java.lang.NumberFormatException: For input string: \"F\""
            ],
            "failing_lines": [
                [
                    "org.apache.commons.lang3.math.NumberUtils_ESTest.test187(NumberUtils_ESTest.java:1602)"
                ],
                [
                    "org.apache.commons.lang3.math.NumberUtils_ESTest.test185(NumberUtils_ESTest.java:1574)"
                ],
                [
                    "org.apache.commons.lang3.math.NumberUtils_ESTest.test186(NumberUtils_ESTest.java:1588)"
                ],
                [
                    "org.apache.commons.lang3.math.NumberUtils_ESTest.test170(NumberUtils_ESTest.java:1444)"
                ]
            ]
        }
    ],
    "duration": 22.4
}