{
    "patch": "/home/mmartinez/xTestCluster/Patches/Patches_Wang902/Patches_ICSE/Doverfitting/TBar/Lang/patch1-Lang-39-TBar-plausible.patch",
    "project": "Lang",
    "bugid": "39",
    "dataset": "Patches_ICSE",
    "date": "2023-02-05T13:27:29.559967",
    "project_checked": "ok",
    "compiledProjectModified": "ok",
    "patchApplied": "ok",
    "arrive_end": "ok",
    "patched_project_pass_all_test": "no",
    "test_execution": [
        {
            "patch": "/home/mmartinez/xTestCluster/Patches/Patches_Wang902/Patches_ICSE/Doverfitting/TBar/Lang/patch1-Lang-39-TBar-plausible.patch",
            "test": "test_from_WangICSE_patch1-Lang-39-jGenProg-plausible",
            "failing": 0,
            "testrun": 573,
            "failings": [],
            "status": "ok",
            "test_executed": [
                "org.apache.commons.lang3.StringUtils_ESTest"
            ],
            "failing_assertions": [],
            "failing_lines": []
        },
        {
            "patch": "/home/mmartinez/xTestCluster/Patches/Patches_Wang902/Patches_ICSE/Doverfitting/TBar/Lang/patch1-Lang-39-TBar-plausible.patch",
            "test": "test_from_WangICSE_patch1-Lang-39-SimFix",
            "failing": 0,
            "testrun": 564,
            "failings": [],
            "status": "ok",
            "test_executed": [
                "org.apache.commons.lang3.StringUtils_ESTest"
            ],
            "failing_assertions": [],
            "failing_lines": []
        },
        {
            "patch": "/home/mmartinez/xTestCluster/Patches/Patches_Wang902/Patches_ICSE/Doverfitting/TBar/Lang/patch1-Lang-39-TBar-plausible.patch",
            "test": "test_from_WangICSE_patch1-Lang-39-AVATAR-plausible",
            "failing": 2,
            "testrun": 581,
            "failings": [
                "test347(org.apache.commons.lang3.StringUtils_ESTest)",
                "test130(org.apache.commons.lang3.StringUtils_ESTest)"
            ],
            "status": "ok",
            "test_executed": [
                "org.apache.commons.lang3.StringUtils_ESTest"
            ],
            "failing_assertions": [
                "java.lang.AssertionError: Expecting exception: NullPointerException",
                "org.evosuite.runtime.mock.java.lang.MockIllegalStateException: TimeToLive of -1 is less than 0: Cannot pad a negative amount: "
            ],
            "failing_lines": [
                [
                    "org.apache.commons.lang3.StringUtils_ESTest.test347(StringUtils_ESTest.java:2270)"
                ],
                [
                    "org.apache.commons.lang3.StringUtils_ESTest.test130(StringUtils_ESTest.java:727)"
                ]
            ]
        },
        {
            "patch": "/home/mmartinez/xTestCluster/Patches/Patches_Wang902/Patches_ICSE/Doverfitting/TBar/Lang/patch1-Lang-39-TBar-plausible.patch",
            "test": "test_from_WangICSE_patch1-Lang-39-TBar-plausible",
            "failing": 0,
            "testrun": 575,
            "failings": [],
            "status": "ok",
            "test_executed": [
                "org.apache.commons.lang3.StringUtils_ESTest"
            ],
            "failing_assertions": [],
            "failing_lines": []
        }
    ],
    "duration": 23.46
}