{
    "patch": "/home/mmartinez/xTestCluster/Patches/Patches_Wang902/Patches_others/Doverfitting/Jaid/Lang/patch1-Lang-55-Jaid-plausible.patch",
    "project": "Lang",
    "bugid": "55",
    "dataset": "Patches_others",
    "date": "2023-02-04T18:30:37.036721",
    "project_checked": "ok",
    "compiledProjectModified": "ok",
    "patchApplied": "ok",
    "arrive_end": "ok",
    "patched_project_pass_all_test": "no",
    "test_execution": [
        {
            "patch": "/home/mmartinez/xTestCluster/Patches/Patches_Wang902/Patches_others/Doverfitting/Jaid/Lang/patch1-Lang-55-Jaid-plausible.patch",
            "test": "test_from_WangDRR_patch1-Lang-55-Jaid-plausible",
            "failing": 0,
            "testrun": 21,
            "failings": [],
            "status": "ok",
            "test_executed": [
                "org.apache.commons.lang.time.StopWatch_ESTest"
            ],
            "failing_assertions": [],
            "failing_lines": []
        },
        {
            "patch": "/home/mmartinez/xTestCluster/Patches/Patches_Wang902/Patches_others/Doverfitting/Jaid/Lang/patch1-Lang-55-Jaid-plausible.patch",
            "test": "test_from_WangDRR_patch1-Lang-55-Jaid",
            "failing": 0,
            "testrun": 20,
            "failings": [],
            "status": "ok",
            "test_executed": [
                "org.apache.commons.lang.time.StopWatch_ESTest"
            ],
            "failing_assertions": [],
            "failing_lines": []
        },
        {
            "patch": "/home/mmartinez/xTestCluster/Patches/Patches_Wang902/Patches_others/Doverfitting/Jaid/Lang/patch1-Lang-55-Jaid-plausible.patch",
            "test": "test_from_WangDRR_patch3-Lang-55-Jaid-plausible",
            "failing": 0,
            "testrun": 18,
            "failings": [],
            "status": "ok",
            "test_executed": [
                "org.apache.commons.lang.time.StopWatch_ESTest"
            ],
            "failing_assertions": [],
            "failing_lines": []
        },
        {
            "patch": "/home/mmartinez/xTestCluster/Patches/Patches_Wang902/Patches_others/Doverfitting/Jaid/Lang/patch1-Lang-55-Jaid-plausible.patch",
            "test": "test_from_WangICSE_patch1-Lang-55-Nopol-plausible",
            "failing": 0,
            "testrun": 21,
            "failings": [],
            "status": "ok",
            "test_executed": [
                "org.apache.commons.lang.time.StopWatch_ESTest"
            ],
            "failing_assertions": [],
            "failing_lines": []
        },
        {
            "patch": "/home/mmartinez/xTestCluster/Patches/Patches_Wang902/Patches_others/Doverfitting/Jaid/Lang/patch1-Lang-55-Jaid-plausible.patch",
            "test": "test_from_WangDRR_patch2-Lang-55-Jaid-plausible",
            "failing": 0,
            "testrun": 19,
            "failings": [],
            "status": "ok",
            "test_executed": [
                "org.apache.commons.lang.time.StopWatch_ESTest"
            ],
            "failing_assertions": [],
            "failing_lines": []
        }
    ],
    "duration": 16.75
}