{
    "patch": "/home/mmartinez/xTestCluster/Patches/Patches_Wang902/Patches_ICSE/Ddifferent/TBar/Math/patch1-Math-65-TBar.patch",
    "project": "Math",
    "bugid": "65",
    "dataset": "Patches_ICSE",
    "date": "2022-12-16T07:11:55.138576",
    "project_checked": "ok",
    "compiledProjectModified": "ok",
    "patchApplied": "ok",
    "arrive_end": "ok",
    "patched_project_pass_all_test": "no",
    "test_execution": [
        {
            "patch": "/home/mmartinez/xTestCluster/Patches/Patches_Wang902/Patches_ICSE/Ddifferent/TBar/Math/patch1-Math-65-TBar.patch",
            "test": "test_from_WangDRR_patch1-Math-65-CapGen",
            "failing": 0,
            "testrun": 49,
            "failings": [],
            "status": "ok",
            "test_executed": [
                "org.apache.commons.math.optimization.general.AbstractLeastSquaresOptimizer_ESTest"
            ],
            "failing_assertions": [],
            "failing_lines": []
        },
        {
            "patch": "/home/mmartinez/xTestCluster/Patches/Patches_Wang902/Patches_ICSE/Ddifferent/TBar/Math/patch1-Math-65-TBar.patch",
            "test": "test_from_WangICSE_patch1-Math-65-TBar",
            "failing": 0,
            "testrun": 44,
            "failings": [],
            "status": "ok",
            "test_executed": [
                "org.apache.commons.math.optimization.general.AbstractLeastSquaresOptimizer_ESTest"
            ],
            "failing_assertions": [],
            "failing_lines": []
        }
    ],
    "duration": 21.22
}