{
    "patch": "/home/mmartinez/xTestCluster/Patches/Patches_Wang902/Patches_ICSE/Ddifferent/Arja/Chart/patch1-Chart-12-Arja.patch",
    "project": "Chart",
    "bugid": "12",
    "dataset": "Patches_ICSE",
    "date": "2023-02-06T00:17:46.556275",
    "project_checked": "ok",
    "compiledProjectModified": "ok",
    "patchApplied": "ok",
    "arrive_end": "ok",
    "patched_project_pass_all_test": "no",
    "test_execution": [
        {
            "patch": "/home/mmartinez/xTestCluster/Patches/Patches_Wang902/Patches_ICSE/Ddifferent/Arja/Chart/patch1-Chart-12-Arja.patch",
            "test": "test_from_WangICSE_patch1-Chart-12-RSRepair-plausible",
            "failing": 0,
            "testrun": 38,
            "failings": [],
            "status": "ok",
            "test_executed": [
                "org.jfree.chart.plot.MultiplePiePlot_ESTest"
            ],
            "failing_assertions": [],
            "failing_lines": []
        },
        {
            "patch": "/home/mmartinez/xTestCluster/Patches/Patches_Wang902/Patches_ICSE/Ddifferent/Arja/Chart/patch1-Chart-12-Arja.patch",
            "test": "test_from_WangICSE_patch1-Chart-12-SimFix-plausible",
            "failing": 0,
            "testrun": 41,
            "failings": [],
            "status": "ok",
            "test_executed": [
                "org.jfree.chart.plot.MultiplePiePlot_ESTest"
            ],
            "failing_assertions": [],
            "failing_lines": []
        },
        {
            "patch": "/home/mmartinez/xTestCluster/Patches/Patches_Wang902/Patches_ICSE/Ddifferent/Arja/Chart/patch1-Chart-12-Arja.patch",
            "test": "test_from_WangICSE_patch1-Chart-12-GenProg-plausible",
            "failing": 23,
            "testrun": 164,
            "failings": [
                "test06(org.jfree.chart.plot.MultiplePiePlot_ESTest)",
                "test28(org.jfree.chart.plot.MultiplePiePlot_ESTest)",
                "test17(org.jfree.chart.plot.MultiplePiePlot_ESTest)",
                "test19(org.jfree.chart.plot.MultiplePiePlot_ESTest)",
                "test11(org.jfree.chart.plot.MultiplePiePlot_ESTest)",
                "test35(org.jfree.chart.plot.MultiplePiePlot_ESTest)",
                "test108(org.jfree.chart.JFreeChart_ESTest)",
                "test105(org.jfree.chart.JFreeChart_ESTest)",
                "test068(org.jfree.chart.JFreeChart_ESTest)",
                "test078(org.jfree.chart.JFreeChart_ESTest)",
                "test111(org.jfree.chart.JFreeChart_ESTest)",
                "test076(org.jfree.chart.JFreeChart_ESTest)",
                "test074(org.jfree.chart.JFreeChart_ESTest)",
                "test066(org.jfree.chart.JFreeChart_ESTest)",
                "test062(org.jfree.chart.JFreeChart_ESTest)",
                "test127(org.jfree.chart.JFreeChart_ESTest)",
                "test126(org.jfree.chart.JFreeChart_ESTest)",
                "test123(org.jfree.chart.JFreeChart_ESTest)",
                "test097(org.jfree.chart.JFreeChart_ESTest)",
                "test116(org.jfree.chart.JFreeChart_ESTest)",
                "test117(org.jfree.chart.JFreeChart_ESTest)",
                "test079(org.jfree.chart.JFreeChart_ESTest)",
                "test121(org.jfree.chart.JFreeChart_ESTest)"
            ],
            "status": "ok",
            "test_executed": [
                "org.jfree.chart.plot.MultiplePiePlot_ESTest",
                "org.jfree.chart.JFreeChart_ESTest"
            ],
            "failing_assertions": [
                "java.lang.AssertionError: Expecting exception: NullPointerException",
                "java.lang.AssertionError: expected null, but was:<java.awt.Color[r=192,g=192,b=192]>",
                "java.lang.AssertionError: Expecting exception: IllegalArgumentException",
                "java.lang.AssertionError: Expecting exception: NullPointerException",
                "java.lang.AssertionError",
                "java.lang.AssertionError: Expecting exception: NullPointerException",
                "java.lang.AssertionError: expected:<1> but was:<0>",
                "java.lang.AssertionError: expected:<1> but was:<0>",
                "java.lang.AssertionError: expected:<1> but was:<0>",
                "java.lang.AssertionError: expected:<1> but was:<0>",
                "java.lang.AssertionError: expected:<1> but was:<0>",
                "java.lang.AssertionError: expected:<1> but was:<0>",
                "java.lang.AssertionError: expected:<1> but was:<0>",
                "java.lang.AssertionError: expected:<1> but was:<0>",
                "java.lang.AssertionError: expected:<1> but was:<0>",
                "java.lang.AssertionError: expected:<1> but was:<0>",
                "java.lang.AssertionError: expected:<1> but was:<0>",
                "java.lang.AssertionError: expected:<1> but was:<0>",
                "java.lang.AssertionError: expected:<1> but was:<0>",
                "java.lang.AssertionError: expected:<1> but was:<0>",
                "java.lang.AssertionError: expected:<1> but was:<0>",
                "java.lang.AssertionError: expected:<1> but was:<0>",
                "java.lang.AssertionError: expected:<2> but was:<1>"
            ],
            "failing_lines": [
                [
                    "org.jfree.chart.plot.MultiplePiePlot_ESTest.test06(MultiplePiePlot_ESTest.java:119)"
                ],
                [
                    "org.jfree.chart.plot.MultiplePiePlot_ESTest.test28(MultiplePiePlot_ESTest.java:415)"
                ],
                [
                    "org.jfree.chart.plot.MultiplePiePlot_ESTest.test17(MultiplePiePlot_ESTest.java:260)"
                ],
                [
                    "org.jfree.chart.plot.MultiplePiePlot_ESTest.test19(MultiplePiePlot_ESTest.java:291)"
                ],
                [
                    "org.jfree.chart.plot.MultiplePiePlot_ESTest.test11(MultiplePiePlot_ESTest.java:195)"
                ],
                [
                    "org.jfree.chart.plot.MultiplePiePlot_ESTest.test35(MultiplePiePlot_ESTest.java:475)"
                ],
                [
                    "org.jfree.chart.JFreeChart_ESTest.test108(JFreeChart_ESTest.java:1454)"
                ],
                [
                    "org.jfree.chart.JFreeChart_ESTest.test105(JFreeChart_ESTest.java:1406)"
                ],
                [
                    "org.jfree.chart.JFreeChart_ESTest.test068(JFreeChart_ESTest.java:933)"
                ],
                [
                    "org.jfree.chart.JFreeChart_ESTest.test078(JFreeChart_ESTest.java:1057)"
                ],
                [
                    "org.jfree.chart.JFreeChart_ESTest.test111(JFreeChart_ESTest.java:1494)"
                ],
                [
                    "org.jfree.chart.JFreeChart_ESTest.test076(JFreeChart_ESTest.java:1036)"
                ],
                [
                    "org.jfree.chart.JFreeChart_ESTest.test074(JFreeChart_ESTest.java:1012)"
                ],
                [
                    "org.jfree.chart.JFreeChart_ESTest.test066(JFreeChart_ESTest.java:905)"
                ],
                [
                    "org.jfree.chart.JFreeChart_ESTest.test062(JFreeChart_ESTest.java:853)"
                ],
                [
                    "org.jfree.chart.JFreeChart_ESTest.test127(JFreeChart_ESTest.java:1674)"
                ],
                [
                    "org.jfree.chart.JFreeChart_ESTest.test126(JFreeChart_ESTest.java:1664)"
                ],
                [
                    "org.jfree.chart.JFreeChart_ESTest.test123(JFreeChart_ESTest.java:1632)"
                ],
                [
                    "org.jfree.chart.JFreeChart_ESTest.test097(JFreeChart_ESTest.java:1302)"
                ],
                [
                    "org.jfree.chart.JFreeChart_ESTest.test116(JFreeChart_ESTest.java:1548)"
                ],
                [
                    "org.jfree.chart.JFreeChart_ESTest.test117(JFreeChart_ESTest.java:1558)"
                ],
                [
                    "org.jfree.chart.JFreeChart_ESTest.test079(JFreeChart_ESTest.java:1068)"
                ],
                [
                    "org.jfree.chart.JFreeChart_ESTest.test121(JFreeChart_ESTest.java:1611)"
                ]
            ]
        },
        {
            "patch": "/home/mmartinez/xTestCluster/Patches/Patches_Wang902/Patches_ICSE/Ddifferent/Arja/Chart/patch1-Chart-12-Arja.patch",
            "test": "test_from_WangICSE_patch1-Chart-12-Kali-plausible",
            "failing": 1,
            "testrun": 13,
            "failings": [
                "test11(org.jfree.data.general.AbstractDataset_ESTest)"
            ],
            "status": "ok",
            "test_executed": [
                "org.jfree.data.general.AbstractDataset_ESTest"
            ],
            "failing_assertions": [
                "java.lang.AssertionError"
            ],
            "failing_lines": [
                [
                    "org.jfree.data.general.AbstractDataset_ESTest.test11(AbstractDataset_ESTest.java:158)"
                ]
            ]
        },
        {
            "patch": "/home/mmartinez/xTestCluster/Patches/Patches_Wang902/Patches_ICSE/Ddifferent/Arja/Chart/patch1-Chart-12-Arja.patch",
            "test": "test_from_WangICSE_patch1-Chart-12-TBar-plausible",
            "failing": 1,
            "testrun": 14,
            "failings": [
                "test09(org.jfree.data.general.AbstractDataset_ESTest)"
            ],
            "status": "ok",
            "test_executed": [
                "org.jfree.data.general.AbstractDataset_ESTest"
            ],
            "failing_assertions": [
                "java.lang.AssertionError"
            ],
            "failing_lines": [
                [
                    "org.jfree.data.general.AbstractDataset_ESTest.test09(AbstractDataset_ESTest.java:180)"
                ]
            ]
        },
        {
            "patch": "/home/mmartinez/xTestCluster/Patches/Patches_Wang902/Patches_ICSE/Ddifferent/Arja/Chart/patch1-Chart-12-Arja.patch",
            "test": "test_from_WangICSE_patch1-Chart-12-Arja",
            "failing": 0,
            "testrun": 35,
            "failings": [],
            "status": "ok",
            "test_executed": [
                "org.jfree.chart.plot.MultiplePiePlot_ESTest"
            ],
            "failing_assertions": [],
            "failing_lines": []
        }
    ],
    "duration": 36.52
}