{
    "patch": "/Users/matias/develop/git-xTestCluster/Patches/Patches_Wang902/Patches_others/Dcorrect/Jaid/Closure/patch1-Closure-126-Jaid.patch",
    "project": "Closure",
    "bugid": "126",
    "dataset": "Patches_others",
    "date": "2023-02-17T17:02:38.176828",
    "project_checked": "ok",
    "compiledProjectModified": "ok",
    "patchApplied": "ok",
    "arrive_end": "ok",
    "patched_project_pass_all_test": "no",
    "test_execution": [
        {
            "patch": "/Users/matias/develop/git-xTestCluster/Patches/Patches_Wang902/Patches_others/Dcorrect/Jaid/Closure/patch1-Closure-126-Jaid.patch",
            "test": "test_from_WangDRR_patch1-Closure-126-Jaid",
            "failing": 15,
            "testrun": 16,
            "failings": [
                "test00(com.google.javascript.jscomp.MinimizeExitPoints_ESTest)",
                "test01(com.google.javascript.jscomp.MinimizeExitPoints_ESTest)",
                "test02(com.google.javascript.jscomp.MinimizeExitPoints_ESTest)",
                "test03(com.google.javascript.jscomp.MinimizeExitPoints_ESTest)",
                "test04(com.google.javascript.jscomp.MinimizeExitPoints_ESTest)",
                "test05(com.google.javascript.jscomp.MinimizeExitPoints_ESTest)",
                "test07(com.google.javascript.jscomp.MinimizeExitPoints_ESTest)",
                "test08(com.google.javascript.jscomp.MinimizeExitPoints_ESTest)",
                "test09(com.google.javascript.jscomp.MinimizeExitPoints_ESTest)",
                "test10(com.google.javascript.jscomp.MinimizeExitPoints_ESTest)",
                "test11(com.google.javascript.jscomp.MinimizeExitPoints_ESTest)",
                "test12(com.google.javascript.jscomp.MinimizeExitPoints_ESTest)",
                "test13(com.google.javascript.jscomp.MinimizeExitPoints_ESTest)",
                "test14(com.google.javascript.jscomp.MinimizeExitPoints_ESTest)",
                "test15(com.google.javascript.jscomp.MinimizeExitPoints_ESTest)"
            ],
            "status": "ok",
            "test_executed": [
                "com.google.javascript.jscomp.MinimizeExitPoints_ESTest"
            ],
            "failing_assertions": [
                "java.lang.NoClassDefFoundError: Could not initialize class com.google.javascript.jscomp.Compiler",
                "java.lang.NoClassDefFoundError: Could not initialize class com.google.javascript.jscomp.Compiler",
                "java.lang.NoClassDefFoundError: Could not initialize class com.google.javascript.jscomp.Compiler",
                "java.lang.NoClassDefFoundError: Could not initialize class com.google.javascript.jscomp.Compiler",
                "java.lang.NoClassDefFoundError: Could not initialize class com.google.javascript.jscomp.Compiler",
                "java.lang.NoClassDefFoundError: Could not initialize class com.google.javascript.jscomp.Compiler",
                "java.lang.NoClassDefFoundError: Could not initialize class java.util.logging.LogManager",
                "java.lang.NoClassDefFoundError: Could not initialize class com.google.javascript.jscomp.Compiler",
                "java.lang.NoClassDefFoundError: Could not initialize class java.util.logging.LogManager",
                "java.lang.NoClassDefFoundError: Could not initialize class java.util.logging.LogManager",
                "java.lang.NoClassDefFoundError: Could not initialize class com.google.javascript.jscomp.Compiler",
                "java.lang.NoClassDefFoundError: Could not initialize class com.google.javascript.jscomp.Compiler",
                "java.lang.NoClassDefFoundError: Could not initialize class com.google.javascript.jscomp.Compiler",
                "java.lang.NoClassDefFoundError: Could not initialize class com.google.javascript.jscomp.Compiler",
                "java.lang.NoClassDefFoundError: Could not initialize class com.google.javascript.jscomp.Compiler"
            ],
            "failing_lines": [
                [
                    "com.google.javascript.jscomp.MinimizeExitPoints_ESTest.test00(MinimizeExitPoints_ESTest.java:55)"
                ],
                [
                    "com.google.javascript.jscomp.MinimizeExitPoints_ESTest.test01(MinimizeExitPoints_ESTest.java:73)"
                ],
                [
                    "com.google.javascript.jscomp.MinimizeExitPoints_ESTest.test02(MinimizeExitPoints_ESTest.java:93)"
                ],
                [
                    "com.google.javascript.jscomp.MinimizeExitPoints_ESTest.test03(MinimizeExitPoints_ESTest.java:111)"
                ],
                [
                    "com.google.javascript.jscomp.MinimizeExitPoints_ESTest.test04(MinimizeExitPoints_ESTest.java:145)"
                ],
                [
                    "com.google.javascript.jscomp.MinimizeExitPoints_ESTest.test05(MinimizeExitPoints_ESTest.java:185)"
                ],
                [
                    "com.google.javascript.jscomp.MinimizeExitPoints_ESTest.test07(MinimizeExitPoints_ESTest.java:257)"
                ],
                [
                    "com.google.javascript.jscomp.MinimizeExitPoints_ESTest.test08(MinimizeExitPoints_ESTest.java:281)"
                ],
                [
                    "com.google.javascript.jscomp.MinimizeExitPoints_ESTest.test09(MinimizeExitPoints_ESTest.java:319)"
                ],
                [
                    "com.google.javascript.jscomp.MinimizeExitPoints_ESTest.test10(MinimizeExitPoints_ESTest.java:341)"
                ],
                [
                    "com.google.javascript.jscomp.MinimizeExitPoints_ESTest.test11(MinimizeExitPoints_ESTest.java:365)"
                ],
                [
                    "com.google.javascript.jscomp.MinimizeExitPoints_ESTest.test12(MinimizeExitPoints_ESTest.java:401)"
                ],
                [
                    "com.google.javascript.jscomp.MinimizeExitPoints_ESTest.test13(MinimizeExitPoints_ESTest.java:441)"
                ],
                [
                    "com.google.javascript.jscomp.MinimizeExitPoints_ESTest.test14(MinimizeExitPoints_ESTest.java:463)"
                ],
                [
                    "com.google.javascript.jscomp.MinimizeExitPoints_ESTest.test15(MinimizeExitPoints_ESTest.java:485)"
                ]
            ]
        }
    ],
    "duration": 36.63
}