{
    "patch": "/home/mmartinez/xTestCluster/Patches/Patches_Wang902/Patches_ICSE/Doverfitting/AVATAR/Math/patch1-Math-50-AVATAR-plausible.patch",
    "project": "Math",
    "bugid": "50",
    "dataset": "Patches_ICSE",
    "date": "2022-12-26T19:07:01.543464",
    "project_checked": "ok",
    "compiledProjectModified": "ok",
    "patchApplied": "ok",
    "arrive_end": "ok",
    "patched_project_pass_all_test": "no",
    "test_execution": [
        {
            "patch": "/home/mmartinez/xTestCluster/Patches/Patches_Wang902/Patches_ICSE/Doverfitting/AVATAR/Math/patch1-Math-50-AVATAR-plausible.patch",
            "test": "test_from_WangICSE_patch1-Math-50-FixMiner-plausible",
            "failing": 1,
            "testrun": 38,
            "failings": [
                "test31(org.apache.commons.math.analysis.solvers.BaseSecantSolver_ESTest)"
            ],
            "status": "ok",
            "test_executed": [
                "org.apache.commons.math.analysis.solvers.BaseSecantSolver_ESTest"
            ],
            "failing_assertions": [
                "java.lang.AssertionError: Expecting exception: IllegalStateException"
            ],
            "failing_lines": [
                [
                    "org.apache.commons.math.analysis.solvers.BaseSecantSolver_ESTest.test31(BaseSecantSolver_ESTest.java:447)"
                ]
            ]
        },
        {
            "patch": "/home/mmartinez/xTestCluster/Patches/Patches_Wang902/Patches_ICSE/Doverfitting/AVATAR/Math/patch1-Math-50-AVATAR-plausible.patch",
            "test": "test_from_WangDRR_patch1-Math-50-SketchFix",
            "failing": 0,
            "testrun": 36,
            "failings": [],
            "status": "ok",
            "test_executed": [
                "org.apache.commons.math.analysis.solvers.BaseSecantSolver_ESTest"
            ],
            "failing_assertions": [],
            "failing_lines": []
        },
        {
            "patch": "/home/mmartinez/xTestCluster/Patches/Patches_Wang902/Patches_ICSE/Doverfitting/AVATAR/Math/patch1-Math-50-AVATAR-plausible.patch",
            "test": "test_from_WangICSE_patch1-Math-50-jGenProg-plausible",
            "failing": 1,
            "testrun": 37,
            "failings": [
                "test25(org.apache.commons.math.analysis.solvers.BaseSecantSolver_ESTest)"
            ],
            "status": "ok",
            "test_executed": [
                "org.apache.commons.math.analysis.solvers.BaseSecantSolver_ESTest"
            ],
            "failing_assertions": [
                "java.lang.AssertionError: expected:<-818.3848863230185> but was:<-786.9689591273678>"
            ],
            "failing_lines": [
                [
                    "org.apache.commons.math.analysis.solvers.BaseSecantSolver_ESTest.test25(BaseSecantSolver_ESTest.java:402)"
                ]
            ]
        },
        {
            "patch": "/home/mmartinez/xTestCluster/Patches/Patches_Wang902/Patches_ICSE/Doverfitting/AVATAR/Math/patch1-Math-50-AVATAR-plausible.patch",
            "test": "test_from_WangICSE_patch1-Math-50-TBar-plausible",
            "failing": 1,
            "testrun": 38,
            "failings": [
                "test31(org.apache.commons.math.analysis.solvers.BaseSecantSolver_ESTest)"
            ],
            "status": "ok",
            "test_executed": [
                "org.apache.commons.math.analysis.solvers.BaseSecantSolver_ESTest"
            ],
            "failing_assertions": [
                "19:07:29.035 [main] INFO org.evosuite.runtime.instrumentation.EvoClassLoader - Seeing class for first time: META-INF/localization/LocalizedFormats"
            ],
            "failing_lines": [
                [
                    "org.apache.commons.math.analysis.solvers.BaseSecantSolver_ESTest.test31(BaseSecantSolver_ESTest.java:438)"
                ]
            ]
        },
        {
            "patch": "/home/mmartinez/xTestCluster/Patches/Patches_Wang902/Patches_ICSE/Doverfitting/AVATAR/Math/patch1-Math-50-AVATAR-plausible.patch",
            "test": "test_from_WangICSE_patch1-Math-50-jKali",
            "failing": 0,
            "testrun": 37,
            "failings": [],
            "status": "ok",
            "test_executed": [
                "org.apache.commons.math.analysis.solvers.BaseSecantSolver_ESTest"
            ],
            "failing_assertions": [],
            "failing_lines": []
        },
        {
            "patch": "/home/mmartinez/xTestCluster/Patches/Patches_Wang902/Patches_ICSE/Doverfitting/AVATAR/Math/patch1-Math-50-AVATAR-plausible.patch",
            "test": "test_from_WangICSE_patch1-Math-50-jMutRepair-plausible",
            "failing": 1,
            "testrun": 37,
            "failings": [
                "test20(org.apache.commons.math.analysis.solvers.BaseSecantSolver_ESTest)"
            ],
            "status": "ok",
            "test_executed": [
                "org.apache.commons.math.analysis.solvers.BaseSecantSolver_ESTest"
            ],
            "failing_assertions": [
                "java.lang.AssertionError: expected:<-449.04999999998824> but was:<-1.4060992828673885E-15>"
            ],
            "failing_lines": [
                [
                    "org.apache.commons.math.analysis.solvers.BaseSecantSolver_ESTest.test20(BaseSecantSolver_ESTest.java:319)"
                ]
            ]
        },
        {
            "patch": "/home/mmartinez/xTestCluster/Patches/Patches_Wang902/Patches_ICSE/Doverfitting/AVATAR/Math/patch1-Math-50-AVATAR-plausible.patch",
            "test": "test_from_WangDRR_patch1-Math-50-Jaid",
            "failing": 0,
            "testrun": 37,
            "failings": [],
            "status": "ok",
            "test_executed": [
                "org.apache.commons.math.analysis.solvers.BaseSecantSolver_ESTest"
            ],
            "failing_assertions": [],
            "failing_lines": []
        },
        {
            "patch": "/home/mmartinez/xTestCluster/Patches/Patches_Wang902/Patches_ICSE/Doverfitting/AVATAR/Math/patch1-Math-50-AVATAR-plausible.patch",
            "test": "test_from_WangICSE_patch1-Math-50-kPAR-plausible",
            "failing": 0,
            "testrun": 39,
            "failings": [],
            "status": "ok",
            "test_executed": [
                "org.apache.commons.math.analysis.solvers.BaseSecantSolver_ESTest"
            ],
            "failing_assertions": [],
            "failing_lines": []
        },
        {
            "patch": "/home/mmartinez/xTestCluster/Patches/Patches_Wang902/Patches_ICSE/Doverfitting/AVATAR/Math/patch1-Math-50-AVATAR-plausible.patch",
            "test": "test_from_WangDRR_patch3-Math-50-Jaid-plausible",
            "failing": 1,
            "testrun": 36,
            "failings": [
                "test31(org.apache.commons.math.analysis.solvers.BaseSecantSolver_ESTest)"
            ],
            "status": "ok",
            "test_executed": [
                "org.apache.commons.math.analysis.solvers.BaseSecantSolver_ESTest"
            ],
            "failing_assertions": [
                "19:07:41.535 [main] INFO org.evosuite.runtime.instrumentation.EvoClassLoader - Seeing class for first time: META-INF/localization/LocalizedFormats"
            ],
            "failing_lines": [
                [
                    "org.apache.commons.math.analysis.solvers.BaseSecantSolver_ESTest.test31(BaseSecantSolver_ESTest.java:837)"
                ]
            ]
        },
        {
            "patch": "/home/mmartinez/xTestCluster/Patches/Patches_Wang902/Patches_ICSE/Doverfitting/AVATAR/Math/patch1-Math-50-AVATAR-plausible.patch",
            "test": "test_from_WangICSE_patch1-Math-50-DynaMoth",
            "failing": 0,
            "testrun": 36,
            "failings": [],
            "status": "ok",
            "test_executed": [
                "org.apache.commons.math.analysis.solvers.BaseSecantSolver_ESTest"
            ],
            "failing_assertions": [],
            "failing_lines": []
        },
        {
            "patch": "/home/mmartinez/xTestCluster/Patches/Patches_Wang902/Patches_ICSE/Doverfitting/AVATAR/Math/patch1-Math-50-AVATAR-plausible.patch",
            "test": "test_from_WangICSE_patch1-Math-50-AVATAR-plausible",
            "failing": 0,
            "testrun": 37,
            "failings": [],
            "status": "ok",
            "test_executed": [
                "org.apache.commons.math.analysis.solvers.BaseSecantSolver_ESTest"
            ],
            "failing_assertions": [],
            "failing_lines": []
        },
        {
            "patch": "/home/mmartinez/xTestCluster/Patches/Patches_Wang902/Patches_ICSE/Doverfitting/AVATAR/Math/patch1-Math-50-AVATAR-plausible.patch",
            "test": "test_from_WangICSE_patch1-Math-50-SimFix-plausible",
            "failing": 0,
            "testrun": 36,
            "failings": [],
            "status": "ok",
            "test_executed": [
                "org.apache.commons.math.analysis.solvers.BaseSecantSolver_ESTest"
            ],
            "failing_assertions": [],
            "failing_lines": []
        },
        {
            "patch": "/home/mmartinez/xTestCluster/Patches/Patches_Wang902/Patches_ICSE/Doverfitting/AVATAR/Math/patch1-Math-50-AVATAR-plausible.patch",
            "test": "test_from_WangDRR_patch1-Math-50-Jaid-plausible",
            "failing": 0,
            "testrun": 35,
            "failings": [],
            "status": "ok",
            "test_executed": [
                "org.apache.commons.math.analysis.solvers.BaseSecantSolver_ESTest"
            ],
            "failing_assertions": [],
            "failing_lines": []
        },
        {
            "patch": "/home/mmartinez/xTestCluster/Patches/Patches_Wang902/Patches_ICSE/Doverfitting/AVATAR/Math/patch1-Math-50-AVATAR-plausible.patch",
            "test": "test_from_WangICSE_patch1-Math-50-Kali",
            "failing": 1,
            "testrun": 37,
            "failings": [
                "test30(org.apache.commons.math.analysis.solvers.BaseSecantSolver_ESTest)"
            ],
            "status": "ok",
            "test_executed": [
                "org.apache.commons.math.analysis.solvers.BaseSecantSolver_ESTest"
            ],
            "failing_assertions": [
                "java.lang.AssertionError: Expecting exception: IllegalStateException"
            ],
            "failing_lines": [
                [
                    "org.apache.commons.math.analysis.solvers.BaseSecantSolver_ESTest.test30(BaseSecantSolver_ESTest.java:429)"
                ]
            ]
        },
        {
            "patch": "/home/mmartinez/xTestCluster/Patches/Patches_Wang902/Patches_ICSE/Doverfitting/AVATAR/Math/patch1-Math-50-AVATAR-plausible.patch",
            "test": "test_from_WangICSE_patch1-Math-50-Arja",
            "failing": 1,
            "testrun": 92,
            "failings": [
                "test29(org.apache.commons.math.analysis.solvers.BaseSecantSolver_ESTest)"
            ],
            "status": "ok",
            "test_executed": [
                "org.apache.commons.math.analysis.solvers.BaseSecantSolver_ESTest",
                "org.apache.commons.math.analysis.solvers.UnivariateRealSolverUtils_ESTest"
            ],
            "failing_assertions": [
                "java.lang.AssertionError: Expecting exception: IllegalStateException"
            ],
            "failing_lines": [
                [
                    "org.apache.commons.math.analysis.solvers.BaseSecantSolver_ESTest.test29(BaseSecantSolver_ESTest.java:418)"
                ]
            ]
        },
        {
            "patch": "/home/mmartinez/xTestCluster/Patches/Patches_Wang902/Patches_ICSE/Doverfitting/AVATAR/Math/patch1-Math-50-AVATAR-plausible.patch",
            "test": "test_from_WangDRR_patch1-Math-50-SOFix",
            "failing": 0,
            "testrun": 36,
            "failings": [],
            "status": "ok",
            "test_executed": [
                "org.apache.commons.math.analysis.solvers.BaseSecantSolver_ESTest"
            ],
            "failing_assertions": [],
            "failing_lines": []
        }
    ],
    "duration": 58.13
}