{
    "patch": "/home/mmartinez/xTestCluster/Patches/Patches_Wang902/Patches_ICSE/Doverfitting/Arja/Closure/patch1-Closure-46-Arja-plausible.patch",
    "project": "Closure",
    "bugid": "46",
    "dataset": "Patches_ICSE",
    "date": "2023-02-04T16:43:05.096943",
    "project_checked": "ok",
    "compiledProjectModified": "ok",
    "patchApplied": "ok",
    "arrive_end": "ok",
    "patched_project_pass_all_test": "no",
    "test_execution": [
        {
            "patch": "/home/mmartinez/xTestCluster/Patches/Patches_Wang902/Patches_ICSE/Doverfitting/Arja/Closure/patch1-Closure-46-Arja-plausible.patch",
            "test": "test_from_WangICSE_patch1-Closure-46-Kali-plausible",
            "failing": 6,
            "testrun": 47,
            "failings": [
                "test29(com.google.javascript.rhino.jstype.RecordType_ESTest)",
                "test21(com.google.javascript.rhino.jstype.RecordType_ESTest)",
                "test44(com.google.javascript.rhino.jstype.RecordType_ESTest)",
                "test26(com.google.javascript.rhino.jstype.RecordType_ESTest)",
                "test39(com.google.javascript.rhino.jstype.RecordType_ESTest)",
                "test19(com.google.javascript.rhino.jstype.RecordType_ESTest)"
            ],
            "status": "ok",
            "test_executed": [
                "com.google.javascript.rhino.jstype.RecordType_ESTest"
            ],
            "failing_assertions": [
                "java.lang.AssertionError",
                "java.lang.ClassCastException: com.google.javascript.rhino.jstype.RecordType cannot be cast to com.google.javascript.rhino.jstype.InstanceObjectType",
                "java.lang.AssertionError",
                "java.lang.AssertionError",
                "java.lang.AssertionError",
                "java.lang.AssertionError: Exception was not thrown in com.google.javascript.rhino.jstype.JSType but in com.google.javascript.rhino.jstype.RecordType.getLeastSupertype(RecordType.java:142): java.lang.NullPointerException"
            ],
            "failing_lines": [
                [
                    "com.google.javascript.rhino.jstype.RecordType_ESTest.test29(RecordType_ESTest.java:470)"
                ],
                [
                    "com.google.javascript.rhino.jstype.RecordType_ESTest.test21(RecordType_ESTest.java:347)"
                ],
                [
                    "com.google.javascript.rhino.jstype.RecordType_ESTest.test44(RecordType_ESTest.java:676)"
                ],
                [
                    "com.google.javascript.rhino.jstype.RecordType_ESTest.test26(RecordType_ESTest.java:430)"
                ],
                [
                    "com.google.javascript.rhino.jstype.RecordType_ESTest.test39(RecordType_ESTest.java:600)"
                ],
                [
                    "com.google.javascript.rhino.jstype.RecordType_ESTest.test19(RecordType_ESTest.java:321)"
                ]
            ]
        },
        {
            "patch": "/home/mmartinez/xTestCluster/Patches/Patches_Wang902/Patches_ICSE/Doverfitting/Arja/Closure/patch1-Closure-46-Arja-plausible.patch",
            "test": "test_from_WangICSE_patch1-Closure-46-Arja-plausible",
            "failing": 0,
            "testrun": 143,
            "failings": [],
            "status": "ok",
            "test_executed": [
                "com.google.javascript.rhino.jstype.PrototypeObjectType_ESTest",
                "com.google.javascript.rhino.jstype.RecordTypeBuilder_ESTest",
                "com.google.javascript.rhino.jstype.RecordType_ESTest"
            ],
            "failing_assertions": [],
            "failing_lines": []
        },
        {
            "patch": "/home/mmartinez/xTestCluster/Patches/Patches_Wang902/Patches_ICSE/Doverfitting/Arja/Closure/patch1-Closure-46-Arja-plausible.patch",
            "test": "test_from_WangICSE_patch1-Closure-46-AVATAR",
            "failing": 4,
            "testrun": 41,
            "failings": [
                "test22(com.google.javascript.rhino.jstype.RecordType_ESTest)",
                "test04(com.google.javascript.rhino.jstype.RecordType_ESTest)",
                "test37(com.google.javascript.rhino.jstype.RecordType_ESTest)",
                "test38(com.google.javascript.rhino.jstype.RecordType_ESTest)"
            ],
            "status": "ok",
            "test_executed": [
                "com.google.javascript.rhino.jstype.RecordType_ESTest"
            ],
            "failing_assertions": [
                "java.lang.AssertionError",
                "java.lang.AssertionError",
                "java.lang.AssertionError",
                "java.lang.AssertionError"
            ],
            "failing_lines": [
                [
                    "com.google.javascript.rhino.jstype.RecordType_ESTest.test22(RecordType_ESTest.java:403)"
                ],
                [
                    "com.google.javascript.rhino.jstype.RecordType_ESTest.test04(RecordType_ESTest.java:99)"
                ],
                [
                    "com.google.javascript.rhino.jstype.RecordType_ESTest.test37(RecordType_ESTest.java:640)"
                ],
                [
                    "com.google.javascript.rhino.jstype.RecordType_ESTest.test38(RecordType_ESTest.java:655)"
                ]
            ]
        },
        {
            "patch": "/home/mmartinez/xTestCluster/Patches/Patches_Wang902/Patches_ICSE/Doverfitting/Arja/Closure/patch1-Closure-46-Arja-plausible.patch",
            "test": "test_from_WangICSE_patch1-Closure-46-kPAR-plausible",
            "failing": 6,
            "testrun": 43,
            "failings": [
                "test22(com.google.javascript.rhino.jstype.RecordType_ESTest)",
                "test26(com.google.javascript.rhino.jstype.RecordType_ESTest)",
                "test18(com.google.javascript.rhino.jstype.RecordType_ESTest)",
                "test34(com.google.javascript.rhino.jstype.RecordType_ESTest)",
                "test37(com.google.javascript.rhino.jstype.RecordType_ESTest)",
                "test38(com.google.javascript.rhino.jstype.RecordType_ESTest)"
            ],
            "status": "ok",
            "test_executed": [
                "com.google.javascript.rhino.jstype.RecordType_ESTest"
            ],
            "failing_assertions": [
                "java.lang.AssertionError",
                "java.lang.AssertionError",
                "java.lang.ClassCastException: com.google.javascript.rhino.jstype.RecordType cannot be cast to com.google.javascript.rhino.jstype.InstanceObjectType",
                "java.lang.AssertionError",
                "java.lang.AssertionError: Expecting exception: NullPointerException",
                "java.lang.AssertionError"
            ],
            "failing_lines": [
                [
                    "com.google.javascript.rhino.jstype.RecordType_ESTest.test22(RecordType_ESTest.java:384)"
                ],
                [
                    "com.google.javascript.rhino.jstype.RecordType_ESTest.test26(RecordType_ESTest.java:443)"
                ],
                [
                    "com.google.javascript.rhino.jstype.RecordType_ESTest.test18(RecordType_ESTest.java:310)"
                ],
                [
                    "com.google.javascript.rhino.jstype.RecordType_ESTest.test34(RecordType_ESTest.java:549)"
                ],
                [
                    "com.google.javascript.rhino.jstype.RecordType_ESTest.test37(RecordType_ESTest.java:594)"
                ],
                [
                    "com.google.javascript.rhino.jstype.RecordType_ESTest.test38(RecordType_ESTest.java:612)"
                ]
            ]
        },
        {
            "patch": "/home/mmartinez/xTestCluster/Patches/Patches_Wang902/Patches_ICSE/Doverfitting/Arja/Closure/patch1-Closure-46-Arja-plausible.patch",
            "test": "test_from_WangICSE_patch1-Closure-46-SimFix-plausible",
            "failing": 12,
            "testrun": 48,
            "failings": [
                "test28(com.google.javascript.rhino.jstype.RecordType_ESTest)",
                "test21(com.google.javascript.rhino.jstype.RecordType_ESTest)",
                "test43(com.google.javascript.rhino.jstype.RecordType_ESTest)",
                "test23(com.google.javascript.rhino.jstype.RecordType_ESTest)",
                "test45(com.google.javascript.rhino.jstype.RecordType_ESTest)",
                "test27(com.google.javascript.rhino.jstype.RecordType_ESTest)",
                "test19(com.google.javascript.rhino.jstype.RecordType_ESTest)",
                "test31(com.google.javascript.rhino.jstype.RecordType_ESTest)",
                "test33(com.google.javascript.rhino.jstype.RecordType_ESTest)",
                "test35(com.google.javascript.rhino.jstype.RecordType_ESTest)",
                "test38(com.google.javascript.rhino.jstype.RecordType_ESTest)",
                "test30(com.google.javascript.rhino.jstype.RecordType_ESTest)"
            ],
            "status": "ok",
            "test_executed": [
                "com.google.javascript.rhino.jstype.RecordType_ESTest"
            ],
            "failing_assertions": [
                "java.lang.AssertionError",
                "java.lang.ClassCastException: com.google.javascript.rhino.jstype.RecordType cannot be cast to com.google.javascript.rhino.jstype.InstanceObjectType",
                "java.lang.AssertionError: expected same:<{}> was not:<{}>",
                "java.lang.AssertionError",
                "java.lang.AssertionError",
                "java.lang.AssertionError",
                "java.lang.ClassCastException: com.google.javascript.rhino.jstype.RecordType cannot be cast to com.google.javascript.rhino.jstype.InstanceObjectType",
                "java.lang.AssertionError",
                "java.lang.AssertionError",
                "java.lang.AssertionError",
                "java.lang.AssertionError",
                "java.lang.AssertionError"
            ],
            "failing_lines": [
                [
                    "com.google.javascript.rhino.jstype.RecordType_ESTest.test28(RecordType_ESTest.java:461)"
                ],
                [
                    "com.google.javascript.rhino.jstype.RecordType_ESTest.test21(RecordType_ESTest.java:346)"
                ],
                [
                    "com.google.javascript.rhino.jstype.RecordType_ESTest.test43(RecordType_ESTest.java:652)"
                ],
                [
                    "com.google.javascript.rhino.jstype.RecordType_ESTest.test23(RecordType_ESTest.java:389)"
                ],
                [
                    "com.google.javascript.rhino.jstype.RecordType_ESTest.test45(RecordType_ESTest.java:679)"
                ],
                [
                    "com.google.javascript.rhino.jstype.RecordType_ESTest.test27(RecordType_ESTest.java:445)"
                ],
                [
                    "com.google.javascript.rhino.jstype.RecordType_ESTest.test19(RecordType_ESTest.java:312)"
                ],
                [
                    "com.google.javascript.rhino.jstype.RecordType_ESTest.test31(RecordType_ESTest.java:499)"
                ],
                [
                    "com.google.javascript.rhino.jstype.RecordType_ESTest.test33(RecordType_ESTest.java:518)"
                ],
                [
                    "com.google.javascript.rhino.jstype.RecordType_ESTest.test35(RecordType_ESTest.java:545)"
                ],
                [
                    "com.google.javascript.rhino.jstype.RecordType_ESTest.test38(RecordType_ESTest.java:585)"
                ],
                [
                    "com.google.javascript.rhino.jstype.RecordType_ESTest.test30(RecordType_ESTest.java:486)"
                ]
            ]
        },
        {
            "patch": "/home/mmartinez/xTestCluster/Patches/Patches_Wang902/Patches_ICSE/Doverfitting/Arja/Closure/patch1-Closure-46-Arja-plausible.patch",
            "test": "test_from_WangICSE_patch1-Closure-46-jKali-plausible",
            "failing": 5,
            "testrun": 48,
            "failings": [
                "test21(com.google.javascript.rhino.jstype.RecordType_ESTest)",
                "test45(com.google.javascript.rhino.jstype.RecordType_ESTest)",
                "test27(com.google.javascript.rhino.jstype.RecordType_ESTest)",
                "test40(com.google.javascript.rhino.jstype.RecordType_ESTest)",
                "test19(com.google.javascript.rhino.jstype.RecordType_ESTest)"
            ],
            "status": "ok",
            "test_executed": [
                "com.google.javascript.rhino.jstype.RecordType_ESTest"
            ],
            "failing_assertions": [
                "java.lang.ClassCastException: com.google.javascript.rhino.jstype.RecordType cannot be cast to com.google.javascript.rhino.jstype.InstanceObjectType",
                "java.lang.AssertionError",
                "java.lang.AssertionError",
                "java.lang.AssertionError",
                "java.lang.AssertionError: Exception was not thrown in com.google.javascript.rhino.jstype.JSType but in com.google.javascript.rhino.jstype.RecordType.getLeastSupertype(RecordType.java:142): java.lang.NullPointerException"
            ],
            "failing_lines": [
                [
                    "com.google.javascript.rhino.jstype.RecordType_ESTest.test21(RecordType_ESTest.java:363)"
                ],
                [
                    "com.google.javascript.rhino.jstype.RecordType_ESTest.test45(RecordType_ESTest.java:696)"
                ],
                [
                    "com.google.javascript.rhino.jstype.RecordType_ESTest.test27(RecordType_ESTest.java:453)"
                ],
                [
                    "com.google.javascript.rhino.jstype.RecordType_ESTest.test40(RecordType_ESTest.java:623)"
                ],
                [
                    "com.google.javascript.rhino.jstype.RecordType_ESTest.test19(RecordType_ESTest.java:339)"
                ]
            ]
        }
    ],
    "duration": 32.89
}