{
    "patch": "/home/mmartinez/xTestCluster/Patches/Patches_Wang902/Patches_ICSE/Doverfitting/TBar/Chart/patch1-Chart-12-TBar-plausible.patch",
    "project": "Chart",
    "bugid": "12",
    "dataset": "Patches_ICSE",
    "date": "2023-02-04T03:43:16.793562",
    "project_checked": "ok",
    "compiledProjectModified": "ok",
    "patchApplied": "ok",
    "arrive_end": "ok",
    "patched_project_pass_all_test": "no",
    "test_execution": [
        {
            "patch": "/home/mmartinez/xTestCluster/Patches/Patches_Wang902/Patches_ICSE/Doverfitting/TBar/Chart/patch1-Chart-12-TBar-plausible.patch",
            "test": "test_from_WangICSE_patch1-Chart-12-RSRepair-plausible",
            "failing": 0,
            "testrun": 39,
            "failings": [],
            "status": "ok",
            "test_executed": [
                "org.jfree.chart.plot.MultiplePiePlot_ESTest"
            ],
            "failing_assertions": [],
            "failing_lines": []
        },
        {
            "patch": "/home/mmartinez/xTestCluster/Patches/Patches_Wang902/Patches_ICSE/Doverfitting/TBar/Chart/patch1-Chart-12-TBar-plausible.patch",
            "test": "test_from_WangICSE_patch1-Chart-12-SimFix-plausible",
            "failing": 0,
            "testrun": 30,
            "failings": [],
            "status": "ok",
            "test_executed": [
                "org.jfree.chart.plot.MultiplePiePlot_ESTest"
            ],
            "failing_assertions": [],
            "failing_lines": []
        },
        {
            "patch": "/home/mmartinez/xTestCluster/Patches/Patches_Wang902/Patches_ICSE/Doverfitting/TBar/Chart/patch1-Chart-12-TBar-plausible.patch",
            "test": "test_from_WangICSE_patch1-Chart-12-GenProg-plausible",
            "failing": 37,
            "testrun": 160,
            "failings": [
                "test08(org.jfree.chart.plot.MultiplePiePlot_ESTest)",
                "test01(org.jfree.chart.plot.MultiplePiePlot_ESTest)",
                "test25(org.jfree.chart.plot.MultiplePiePlot_ESTest)",
                "test02(org.jfree.chart.plot.MultiplePiePlot_ESTest)",
                "test18(org.jfree.chart.plot.MultiplePiePlot_ESTest)",
                "test19(org.jfree.chart.plot.MultiplePiePlot_ESTest)",
                "test31(org.jfree.chart.plot.MultiplePiePlot_ESTest)",
                "test34(org.jfree.chart.plot.MultiplePiePlot_ESTest)",
                "test049(org.jfree.chart.JFreeChart_ESTest)",
                "test046(org.jfree.chart.JFreeChart_ESTest)",
                "test055(org.jfree.chart.JFreeChart_ESTest)",
                "test054(org.jfree.chart.JFreeChart_ESTest)",
                "test109(org.jfree.chart.JFreeChart_ESTest)",
                "test104(org.jfree.chart.JFreeChart_ESTest)",
                "test101(org.jfree.chart.JFreeChart_ESTest)",
                "test069(org.jfree.chart.JFreeChart_ESTest)",
                "test102(org.jfree.chart.JFreeChart_ESTest)",
                "test077(org.jfree.chart.JFreeChart_ESTest)",
                "test074(org.jfree.chart.JFreeChart_ESTest)",
                "test071(org.jfree.chart.JFreeChart_ESTest)",
                "test072(org.jfree.chart.JFreeChart_ESTest)",
                "test057(org.jfree.chart.JFreeChart_ESTest)",
                "test066(org.jfree.chart.JFreeChart_ESTest)",
                "test100(org.jfree.chart.JFreeChart_ESTest)",
                "test064(org.jfree.chart.JFreeChart_ESTest)",
                "test062(org.jfree.chart.JFreeChart_ESTest)",
                "test098(org.jfree.chart.JFreeChart_ESTest)",
                "test096(org.jfree.chart.JFreeChart_ESTest)",
                "test094(org.jfree.chart.JFreeChart_ESTest)",
                "test117(org.jfree.chart.JFreeChart_ESTest)",
                "test112(org.jfree.chart.JFreeChart_ESTest)",
                "test113(org.jfree.chart.JFreeChart_ESTest)",
                "test088(org.jfree.chart.JFreeChart_ESTest)",
                "test121(org.jfree.chart.JFreeChart_ESTest)",
                "test086(org.jfree.chart.JFreeChart_ESTest)",
                "test087(org.jfree.chart.JFreeChart_ESTest)",
                "test120(org.jfree.chart.JFreeChart_ESTest)"
            ],
            "status": "ok",
            "test_executed": [
                "org.jfree.chart.plot.MultiplePiePlot_ESTest",
                "org.jfree.chart.JFreeChart_ESTest"
            ],
            "failing_assertions": [
                "java.lang.AssertionError: Expecting exception: NullPointerException",
                "java.lang.AssertionError: Expecting exception: NullPointerException",
                "java.lang.AssertionError: Expecting exception: NullPointerException",
                "java.lang.AssertionError: Expecting exception: NullPointerException",
                "java.lang.AssertionError: Expecting exception: NullPointerException",
                "java.lang.AssertionError: Expecting exception: NullPointerException",
                "java.lang.AssertionError: expected null, but was:<java.awt.Color[r=192,g=192,b=192]>",
                "java.lang.AssertionError: Expecting exception: IllegalArgumentException",
                "java.lang.AssertionError: expected:<1> but was:<0>",
                "java.lang.AssertionError",
                "java.lang.AssertionError: expected:<1> but was:<0>",
                "java.lang.AssertionError: expected:<1> but was:<0>",
                "java.lang.AssertionError: expected:<1> but was:<0>",
                "java.lang.AssertionError: expected:<1> but was:<0>",
                "java.lang.AssertionError: expected:<1> but was:<0>",
                "java.lang.AssertionError: expected:<1> but was:<0>",
                "java.lang.AssertionError: expected:<1> but was:<0>",
                "java.lang.AssertionError: expected:<1> but was:<0>",
                "java.lang.AssertionError: expected:<1> but was:<0>",
                "java.lang.AssertionError: expected:<1> but was:<0>",
                "java.lang.AssertionError: expected:<1> but was:<0>",
                "java.lang.AssertionError: expected:<1> but was:<0>",
                "java.lang.AssertionError: expected:<1> but was:<0>",
                "java.lang.AssertionError: expected:<1> but was:<0>",
                "java.lang.AssertionError: expected:<1> but was:<0>",
                "java.lang.AssertionError: expected:<1> but was:<0>",
                "java.lang.AssertionError: expected:<1> but was:<0>",
                "java.lang.AssertionError: expected:<1> but was:<0>",
                "java.lang.AssertionError: expected:<1> but was:<0>",
                "java.lang.AssertionError: expected:<1> but was:<0>",
                "java.lang.AssertionError: expected:<5.0> but was:<-16.953125>",
                "java.lang.AssertionError: expected:<1> but was:<0>",
                "java.lang.AssertionError: expected:<1> but was:<0>",
                "java.lang.AssertionError: expected:<1> but was:<0>",
                "java.lang.AssertionError: expected:<2> but was:<1>",
                "java.lang.AssertionError: expected:<1> but was:<0>",
                "java.lang.AssertionError: expected:<1> but was:<0>"
            ],
            "failing_lines": [
                [
                    "org.jfree.chart.plot.MultiplePiePlot_ESTest.test08(MultiplePiePlot_ESTest.java:142)"
                ],
                [
                    "org.jfree.chart.plot.MultiplePiePlot_ESTest.test01(MultiplePiePlot_ESTest.java:54)"
                ],
                [
                    "org.jfree.chart.plot.MultiplePiePlot_ESTest.test25(MultiplePiePlot_ESTest.java:373)"
                ],
                [
                    "org.jfree.chart.plot.MultiplePiePlot_ESTest.test02(MultiplePiePlot_ESTest.java:75)"
                ],
                [
                    "org.jfree.chart.plot.MultiplePiePlot_ESTest.test18(MultiplePiePlot_ESTest.java:251)"
                ],
                [
                    "org.jfree.chart.plot.MultiplePiePlot_ESTest.test19(MultiplePiePlot_ESTest.java:272)"
                ],
                [
                    "org.jfree.chart.plot.MultiplePiePlot_ESTest.test31(MultiplePiePlot_ESTest.java:444)"
                ],
                [
                    "org.jfree.chart.plot.MultiplePiePlot_ESTest.test34(MultiplePiePlot_ESTest.java:469)"
                ],
                [
                    "org.jfree.chart.JFreeChart_ESTest.test049(JFreeChart_ESTest.java:730)"
                ],
                [
                    "org.jfree.chart.JFreeChart_ESTest.test046(JFreeChart_ESTest.java:696)"
                ],
                [
                    "org.jfree.chart.JFreeChart_ESTest.test055(JFreeChart_ESTest.java:795)"
                ],
                [
                    "org.jfree.chart.JFreeChart_ESTest.test054(JFreeChart_ESTest.java:784)"
                ],
                [
                    "org.jfree.chart.JFreeChart_ESTest.test109(JFreeChart_ESTest.java:1488)"
                ],
                [
                    "org.jfree.chart.JFreeChart_ESTest.test104(JFreeChart_ESTest.java:1436)"
                ],
                [
                    "org.jfree.chart.JFreeChart_ESTest.test101(JFreeChart_ESTest.java:1398)"
                ],
                [
                    "org.jfree.chart.JFreeChart_ESTest.test069(JFreeChart_ESTest.java:988)"
                ],
                [
                    "org.jfree.chart.JFreeChart_ESTest.test102(JFreeChart_ESTest.java:1410)"
                ],
                [
                    "org.jfree.chart.JFreeChart_ESTest.test077(JFreeChart_ESTest.java:1073)"
                ],
                [
                    "org.jfree.chart.JFreeChart_ESTest.test074(JFreeChart_ESTest.java:1045)"
                ],
                [
                    "org.jfree.chart.JFreeChart_ESTest.test071(JFreeChart_ESTest.java:1010)"
                ],
                [
                    "org.jfree.chart.JFreeChart_ESTest.test072(JFreeChart_ESTest.java:1022)"
                ],
                [
                    "org.jfree.chart.JFreeChart_ESTest.test057(JFreeChart_ESTest.java:817)"
                ],
                [
                    "org.jfree.chart.JFreeChart_ESTest.test066(JFreeChart_ESTest.java:956)"
                ],
                [
                    "org.jfree.chart.JFreeChart_ESTest.test100(JFreeChart_ESTest.java:1389)"
                ],
                [
                    "org.jfree.chart.JFreeChart_ESTest.test064(JFreeChart_ESTest.java:930)"
                ],
                [
                    "org.jfree.chart.JFreeChart_ESTest.test062(JFreeChart_ESTest.java:891)"
                ],
                [
                    "org.jfree.chart.JFreeChart_ESTest.test098(JFreeChart_ESTest.java:1358)"
                ],
                [
                    "org.jfree.chart.JFreeChart_ESTest.test096(JFreeChart_ESTest.java:1331)"
                ],
                [
                    "org.jfree.chart.JFreeChart_ESTest.test094(JFreeChart_ESTest.java:1310)"
                ],
                [
                    "org.jfree.chart.JFreeChart_ESTest.test117(JFreeChart_ESTest.java:1604)"
                ],
                [
                    "org.jfree.chart.JFreeChart_ESTest.test112(JFreeChart_ESTest.java:1525)"
                ],
                [
                    "org.jfree.chart.JFreeChart_ESTest.test113(JFreeChart_ESTest.java:1540)"
                ],
                [
                    "org.jfree.chart.JFreeChart_ESTest.test088(JFreeChart_ESTest.java:1232)"
                ],
                [
                    "org.jfree.chart.JFreeChart_ESTest.test121(JFreeChart_ESTest.java:1651)"
                ],
                [
                    "org.jfree.chart.JFreeChart_ESTest.test086(JFreeChart_ESTest.java:1212)"
                ],
                [
                    "org.jfree.chart.JFreeChart_ESTest.test087(JFreeChart_ESTest.java:1220)"
                ],
                [
                    "org.jfree.chart.JFreeChart_ESTest.test120(JFreeChart_ESTest.java:1642)"
                ]
            ]
        },
        {
            "patch": "/home/mmartinez/xTestCluster/Patches/Patches_Wang902/Patches_ICSE/Doverfitting/TBar/Chart/patch1-Chart-12-TBar-plausible.patch",
            "test": "test_from_WangICSE_patch1-Chart-12-Kali-plausible",
            "failing": 0,
            "testrun": 14,
            "failings": [],
            "status": "ok",
            "test_executed": [
                "org.jfree.data.general.AbstractDataset_ESTest"
            ],
            "failing_assertions": [],
            "failing_lines": []
        },
        {
            "patch": "/home/mmartinez/xTestCluster/Patches/Patches_Wang902/Patches_ICSE/Doverfitting/TBar/Chart/patch1-Chart-12-TBar-plausible.patch",
            "test": "test_from_WangICSE_patch1-Chart-12-TBar-plausible",
            "failing": 0,
            "testrun": 10,
            "failings": [],
            "status": "ok",
            "test_executed": [
                "org.jfree.data.general.AbstractDataset_ESTest"
            ],
            "failing_assertions": [],
            "failing_lines": []
        },
        {
            "patch": "/home/mmartinez/xTestCluster/Patches/Patches_Wang902/Patches_ICSE/Doverfitting/TBar/Chart/patch1-Chart-12-TBar-plausible.patch",
            "test": "test_from_WangICSE_patch1-Chart-12-Arja",
            "failing": 0,
            "testrun": 40,
            "failings": [],
            "status": "ok",
            "test_executed": [
                "org.jfree.chart.plot.MultiplePiePlot_ESTest"
            ],
            "failing_assertions": [],
            "failing_lines": []
        }
    ],
    "duration": 34.45
}