{
    "patch": "/home/mmartinez/xTestCluster/Patches/Patches_Wang902/Patches_ICSE/Doverfitting/RSRepair/Math/patch1-Math-58-RSRepair-plausible.patch",
    "project": "Math",
    "bugid": "58",
    "dataset": "Patches_ICSE",
    "date": "2022-12-24T10:56:10.111503",
    "project_checked": "ok",
    "compiledProjectModified": "ok",
    "patchApplied": "ok",
    "arrive_end": "ok",
    "patched_project_pass_all_test": "no",
    "test_execution": [
        {
            "patch": "/home/mmartinez/xTestCluster/Patches/Patches_Wang902/Patches_ICSE/Doverfitting/RSRepair/Math/patch1-Math-58-RSRepair-plausible.patch",
            "test": "test_from_WangICSE_patch1-Math-58-DynaMoth-plausible",
            "failing": 1,
            "testrun": 13,
            "failings": [
                "test08(org.apache.commons.math.optimization.general.LevenbergMarquardtOptimizer_ESTest)"
            ],
            "status": "ok",
            "test_executed": [
                "org.apache.commons.math.optimization.general.LevenbergMarquardtOptimizer_ESTest"
            ],
            "failing_assertions": [
                "java.lang.AssertionError: Expecting exception: RuntimeException"
            ],
            "failing_lines": [
                [
                    "org.apache.commons.math.optimization.general.LevenbergMarquardtOptimizer_ESTest.test08(LevenbergMarquardtOptimizer_ESTest.java:225)"
                ]
            ]
        },
        {
            "patch": "/home/mmartinez/xTestCluster/Patches/Patches_Wang902/Patches_ICSE/Doverfitting/RSRepair/Math/patch1-Math-58-RSRepair-plausible.patch",
            "test": "test_from_WangICSE_patch1-Math-58-Arja",
            "failing": 0,
            "testrun": 15,
            "failings": [],
            "status": "ok",
            "test_executed": [
                "org.apache.commons.math.optimization.fitting.GaussianFitter_ESTest"
            ],
            "failing_assertions": [],
            "failing_lines": []
        },
        {
            "patch": "/home/mmartinez/xTestCluster/Patches/Patches_Wang902/Patches_ICSE/Doverfitting/RSRepair/Math/patch1-Math-58-RSRepair-plausible.patch",
            "test": "test_from_WangDRR_patch1-Math-58-CapGen",
            "failing": 0,
            "testrun": 15,
            "failings": [],
            "status": "ok",
            "test_executed": [
                "org.apache.commons.math.optimization.fitting.GaussianFitter_ESTest"
            ],
            "failing_assertions": [],
            "failing_lines": []
        },
        {
            "patch": "/home/mmartinez/xTestCluster/Patches/Patches_Wang902/Patches_ICSE/Doverfitting/RSRepair/Math/patch1-Math-58-RSRepair-plausible.patch",
            "test": "test_from_WangICSE_patch1-Math-58-Nopol-plausible",
            "failing": 1,
            "testrun": 12,
            "failings": [
                "test08(org.apache.commons.math.optimization.general.LevenbergMarquardtOptimizer_ESTest)"
            ],
            "status": "ok",
            "test_executed": [
                "org.apache.commons.math.optimization.general.LevenbergMarquardtOptimizer_ESTest"
            ],
            "failing_assertions": [
                "java.lang.AssertionError: Expecting exception: RuntimeException"
            ],
            "failing_lines": [
                [
                    "org.apache.commons.math.optimization.general.LevenbergMarquardtOptimizer_ESTest.test08(LevenbergMarquardtOptimizer_ESTest.java:228)"
                ]
            ]
        },
        {
            "patch": "/home/mmartinez/xTestCluster/Patches/Patches_Wang902/Patches_ICSE/Doverfitting/RSRepair/Math/patch1-Math-58-RSRepair-plausible.patch",
            "test": "test_from_WangICSE_patch1-Math-58-RSRepair-plausible",
            "failing": 0,
            "testrun": 12,
            "failings": [],
            "status": "ok",
            "test_executed": [
                "org.apache.commons.math.optimization.general.LevenbergMarquardtOptimizer_ESTest"
            ],
            "failing_assertions": [],
            "failing_lines": []
        },
        {
            "patch": "/home/mmartinez/xTestCluster/Patches/Patches_Wang902/Patches_ICSE/Doverfitting/RSRepair/Math/patch1-Math-58-RSRepair-plausible.patch",
            "test": "test_from_WangDRR_patch1-Math-58-SequenceR",
            "failing": 0,
            "testrun": 15,
            "failings": [],
            "status": "ok",
            "test_executed": [
                "org.apache.commons.math.optimization.fitting.GaussianFitter_ESTest"
            ],
            "failing_assertions": [],
            "failing_lines": []
        },
        {
            "patch": "/home/mmartinez/xTestCluster/Patches/Patches_Wang902/Patches_ICSE/Doverfitting/RSRepair/Math/patch1-Math-58-RSRepair-plausible.patch",
            "test": "test_from_WangICSE_patch1-Math-58-kPAR",
            "failing": 0,
            "testrun": 15,
            "failings": [],
            "status": "ok",
            "test_executed": [
                "org.apache.commons.math.optimization.fitting.GaussianFitter_ESTest"
            ],
            "failing_assertions": [],
            "failing_lines": []
        },
        {
            "patch": "/home/mmartinez/xTestCluster/Patches/Patches_Wang902/Patches_ICSE/Doverfitting/RSRepair/Math/patch1-Math-58-RSRepair-plausible.patch",
            "test": "test_from_WangDRR_patch1-Math-58-SOFix",
            "failing": 0,
            "testrun": 15,
            "failings": [],
            "status": "ok",
            "test_executed": [
                "org.apache.commons.math.optimization.fitting.GaussianFitter_ESTest"
            ],
            "failing_assertions": [],
            "failing_lines": []
        }
    ],
    "duration": 37.62
}