{
    "patch": "/Users/matias/develop/git-xTestCluster/Patches/Patches_Wang902/Patches_ICSE/Dsame/RSRepair/Closure/patch1-Closure-126-RSRepair.patch",
    "project": "Closure",
    "bugid": "126",
    "dataset": "Patches_ICSE",
    "date": "2023-02-17T16:59:29.978968",
    "project_checked": "ok",
    "compiledProjectModified": "ok",
    "patchApplied": "ok",
    "arrive_end": "ok",
    "patched_project_pass_all_test": "no",
    "test_execution": [
        {
            "patch": "/Users/matias/develop/git-xTestCluster/Patches/Patches_Wang902/Patches_ICSE/Dsame/RSRepair/Closure/patch1-Closure-126-RSRepair.patch",
            "test": "test_from_WangICSE_patch1-Closure-126-RSRepair",
            "failing": 11,
            "testrun": 13,
            "failings": [
                "test00(com.google.javascript.jscomp.MinimizeExitPoints_ESTest)",
                "test01(com.google.javascript.jscomp.MinimizeExitPoints_ESTest)",
                "test02(com.google.javascript.jscomp.MinimizeExitPoints_ESTest)",
                "test05(com.google.javascript.jscomp.MinimizeExitPoints_ESTest)",
                "test06(com.google.javascript.jscomp.MinimizeExitPoints_ESTest)",
                "test07(com.google.javascript.jscomp.MinimizeExitPoints_ESTest)",
                "test08(com.google.javascript.jscomp.MinimizeExitPoints_ESTest)",
                "test09(com.google.javascript.jscomp.MinimizeExitPoints_ESTest)",
                "test10(com.google.javascript.jscomp.MinimizeExitPoints_ESTest)",
                "test11(com.google.javascript.jscomp.MinimizeExitPoints_ESTest)",
                "test12(com.google.javascript.jscomp.MinimizeExitPoints_ESTest)"
            ],
            "status": "ok",
            "test_executed": [
                "com.google.javascript.jscomp.MinimizeExitPoints_ESTest"
            ],
            "failing_assertions": [
                "java.lang.NoClassDefFoundError: Could not initialize class com.google.javascript.jscomp.Compiler",
                "java.lang.NoClassDefFoundError: Could not initialize class com.google.javascript.jscomp.Compiler",
                "java.lang.NoClassDefFoundError: Could not initialize class com.google.javascript.jscomp.Compiler",
                "java.lang.NoClassDefFoundError: Could not initialize class com.google.javascript.jscomp.Compiler",
                "java.lang.NoClassDefFoundError: Could not initialize class com.google.javascript.jscomp.Compiler",
                "java.lang.NoClassDefFoundError: Could not initialize class com.google.javascript.jscomp.Compiler",
                "java.lang.NoClassDefFoundError: Could not initialize class com.google.javascript.jscomp.Compiler",
                "java.lang.NoClassDefFoundError: Could not initialize class com.google.javascript.jscomp.Compiler",
                "java.lang.NoClassDefFoundError: Could not initialize class com.google.javascript.jscomp.Compiler",
                "java.lang.NoClassDefFoundError: Could not initialize class com.google.javascript.jscomp.Compiler",
                "java.lang.NoClassDefFoundError: Could not initialize class com.google.javascript.jscomp.Compiler"
            ],
            "failing_lines": [
                [
                    "com.google.javascript.jscomp.MinimizeExitPoints_ESTest.test00(MinimizeExitPoints_ESTest.java:57)"
                ],
                [
                    "com.google.javascript.jscomp.MinimizeExitPoints_ESTest.test01(MinimizeExitPoints_ESTest.java:75)"
                ],
                [
                    "com.google.javascript.jscomp.MinimizeExitPoints_ESTest.test02(MinimizeExitPoints_ESTest.java:103)"
                ],
                [
                    "com.google.javascript.jscomp.MinimizeExitPoints_ESTest.test05(MinimizeExitPoints_ESTest.java:175)"
                ],
                [
                    "com.google.javascript.jscomp.MinimizeExitPoints_ESTest.test06(MinimizeExitPoints_ESTest.java:215)"
                ],
                [
                    "com.google.javascript.jscomp.MinimizeExitPoints_ESTest.test07(MinimizeExitPoints_ESTest.java:233)"
                ],
                [
                    "com.google.javascript.jscomp.MinimizeExitPoints_ESTest.test08(MinimizeExitPoints_ESTest.java:269)"
                ],
                [
                    "com.google.javascript.jscomp.MinimizeExitPoints_ESTest.test09(MinimizeExitPoints_ESTest.java:305)"
                ],
                [
                    "com.google.javascript.jscomp.MinimizeExitPoints_ESTest.test10(MinimizeExitPoints_ESTest.java:327)"
                ],
                [
                    "com.google.javascript.jscomp.MinimizeExitPoints_ESTest.test11(MinimizeExitPoints_ESTest.java:369)"
                ],
                [
                    "com.google.javascript.jscomp.MinimizeExitPoints_ESTest.test12(MinimizeExitPoints_ESTest.java:397)"
                ]
            ]
        }
    ],
    "duration": 31.76
}