{
    "patch": "/home/mmartinez/xTestCluster/Patches/Patches_Wang902/Patches_ICSE/Doverfitting/kPAR/Lang/patch1-Lang-44-kPAR-plausible.patch",
    "project": "Lang",
    "bugid": "44",
    "dataset": "Patches_ICSE",
    "date": "2022-12-16T06:13:17.319536",
    "project_checked": "ok",
    "compiledProjectModified": "ok",
    "patchApplied": "ok",
    "arrive_end": "ok",
    "patched_project_pass_all_test": "no",
    "test_execution": [
        {
            "patch": "/home/mmartinez/xTestCluster/Patches/Patches_Wang902/Patches_ICSE/Doverfitting/kPAR/Lang/patch1-Lang-44-kPAR-plausible.patch",
            "test": "test_from_WangICSE_patch1-Lang-44-TBar-plausible",
            "failing": 1,
            "testrun": 100,
            "failings": [
                "test94(org.apache.commons.lang.NumberUtils_ESTest)"
            ],
            "status": "ok",
            "test_executed": [
                "org.apache.commons.lang.NumberUtils_ESTest"
            ],
            "failing_assertions": [
                "java.lang.AssertionError: Exception was not thrown in java.lang.NumberFormatException but in org.apache.commons.lang.NumberUtils.createNumber(NumberUtils.java:203): java.lang.NumberFormatException: Strings must not be null is not a valid number."
            ],
            "failing_lines": [
                [
                    "org.apache.commons.lang.NumberUtils_ESTest.test94(NumberUtils_ESTest.java:787)"
                ]
            ]
        },
        {
            "patch": "/home/mmartinez/xTestCluster/Patches/Patches_Wang902/Patches_ICSE/Doverfitting/kPAR/Lang/patch1-Lang-44-kPAR-plausible.patch",
            "test": "test_from_WangICSE_patch1-Lang-44-Nopol-plausible",
            "failing": 2,
            "testrun": 103,
            "failings": [
                "test082(org.apache.commons.lang.NumberUtils_ESTest)",
                "test085(org.apache.commons.lang.NumberUtils_ESTest)"
            ],
            "status": "ok",
            "test_executed": [
                "org.apache.commons.lang.NumberUtils_ESTest"
            ],
            "failing_assertions": [
                "java.lang.AssertionError: Exception was not thrown in org.apache.commons.lang.NumberUtils but in java.lang.NumberFormatException.forInputString(NumberFormatException.java:65): java.lang.NumberFormatException: For input string: \"$N%A>MY\"",
                "java.lang.AssertionError: Exception was not thrown in org.apache.commons.lang.NumberUtils but in java.math.BigInteger.<init>(BigInteger.java:420): java.lang.NumberFormatException: Zero length BigInteger"
            ],
            "failing_lines": [
                [
                    "org.apache.commons.lang.NumberUtils_ESTest.test082(NumberUtils_ESTest.java:644)"
                ],
                [
                    "org.apache.commons.lang.NumberUtils_ESTest.test085(NumberUtils_ESTest.java:678)"
                ]
            ]
        },
        {
            "patch": "/home/mmartinez/xTestCluster/Patches/Patches_Wang902/Patches_ICSE/Doverfitting/kPAR/Lang/patch1-Lang-44-kPAR-plausible.patch",
            "test": "test_from_WangICSE_patch1-Lang-44-kPAR-plausible",
            "failing": 0,
            "testrun": 102,
            "failings": [],
            "status": "ok",
            "test_executed": [
                "org.apache.commons.lang.NumberUtils_ESTest"
            ],
            "failing_assertions": [],
            "failing_lines": []
        }
    ],
    "duration": 20.34
}