{
    "patch": "/home/mmartinez/xTestCluster/Patches/Patches_Wang902/Patches_ICSE/Doverfitting/AVATAR/Chart/patch1-Chart-15-AVATAR-plausible.patch",
    "project": "Chart",
    "bugid": "15",
    "dataset": "Patches_ICSE",
    "date": "2022-12-16T02:16:07.409893",
    "project_checked": "ok",
    "compiledProjectModified": "ok",
    "patchApplied": "ok",
    "arrive_end": "ok",
    "patched_project_pass_all_test": "no",
    "test_execution": [
        {
            "patch": "/home/mmartinez/xTestCluster/Patches/Patches_Wang902/Patches_ICSE/Doverfitting/AVATAR/Chart/patch1-Chart-15-AVATAR-plausible.patch",
            "test": "test_from_WangICSE_patch1-Chart-15-DynaMoth-plausible",
            "failing": 0,
            "testrun": 124,
            "failings": [],
            "status": "ok",
            "test_executed": [
                "org.jfree.chart.JFreeChart_ESTest"
            ],
            "failing_assertions": [],
            "failing_lines": []
        },
        {
            "patch": "/home/mmartinez/xTestCluster/Patches/Patches_Wang902/Patches_ICSE/Doverfitting/AVATAR/Chart/patch1-Chart-15-AVATAR-plausible.patch",
            "test": "test_from_WangICSE_patch1-Chart-15-AVATAR-plausible",
            "failing": 0,
            "testrun": 34,
            "failings": [],
            "status": "ok",
            "test_executed": [
                "org.jfree.chart.plot.PiePlot3D_ESTest"
            ],
            "failing_assertions": [],
            "failing_lines": []
        },
        {
            "patch": "/home/mmartinez/xTestCluster/Patches/Patches_Wang902/Patches_ICSE/Doverfitting/AVATAR/Chart/patch1-Chart-15-AVATAR-plausible.patch",
            "test": "test_from_WangICSE_patch1-Chart-15-Kali-plausible",
            "failing": 0,
            "testrun": 17,
            "failings": [],
            "status": "ok",
            "test_executed": [
                "org.jfree.chart.plot.PiePlot3D_ESTest"
            ],
            "failing_assertions": [],
            "failing_lines": []
        },
        {
            "patch": "/home/mmartinez/xTestCluster/Patches/Patches_Wang902/Patches_ICSE/Doverfitting/AVATAR/Chart/patch1-Chart-15-AVATAR-plausible.patch",
            "test": "test_from_WangICSE_patch1-Chart-15-FixMiner-plausible",
            "failing": 1,
            "testrun": 46,
            "failings": [
                "test09(org.jfree.chart.plot.PiePlot3D_ESTest)"
            ],
            "status": "ok",
            "test_executed": [
                "org.jfree.chart.plot.PiePlot3D_ESTest"
            ],
            "failing_assertions": [
                "java.lang.AssertionError: Expecting exception: IllegalArgumentException"
            ],
            "failing_lines": [
                [
                    "org.jfree.chart.plot.PiePlot3D_ESTest.test09(PiePlot3D_ESTest.java:209)"
                ]
            ]
        },
        {
            "patch": "/home/mmartinez/xTestCluster/Patches/Patches_Wang902/Patches_ICSE/Doverfitting/AVATAR/Chart/patch1-Chart-15-AVATAR-plausible.patch",
            "test": "test_from_WangICSE_patch1-Chart-15-Arja-plusible",
            "failing": 3,
            "testrun": 311,
            "failings": [
                "test028(org.jfree.chart.plot.PiePlot_ESTest)",
                "test148(org.jfree.chart.plot.PiePlot_ESTest)",
                "test034(org.jfree.chart.plot.PiePlot_ESTest)"
            ],
            "status": "ok",
            "test_executed": [
                "org.jfree.chart.plot.PiePlot_ESTest",
                "org.jfree.chart.ChartFactory_ESTest"
            ],
            "failing_assertions": [
                "org.evosuite.runtime.mock.java.lang.MockIllegalArgumentException: Null \\'dataset\\' argument.",
                "java.lang.AssertionError: Expecting exception: IllegalArgumentException",
                "org.evosuite.runtime.mock.java.lang.MockIllegalArgumentException: Null \\'dataset\\' argument."
            ],
            "failing_lines": [
                [
                    "org.jfree.chart.plot.PiePlot_ESTest.test028(PiePlot_ESTest.java:603)"
                ],
                [
                    "org.jfree.chart.plot.PiePlot_ESTest.test148(PiePlot_ESTest.java:2672)"
                ],
                [
                    "org.jfree.chart.plot.PiePlot_ESTest.test034(PiePlot_ESTest.java:714)"
                ]
            ]
        }
    ],
    "duration": 47.62
}