{
    "patch": "/home/mmartinez/xTestCluster/Patches/Patches_Wang902/Patches_others/Dcorrect/SequenceR/Closure/patch1-Closure-18-SequenceR.patch",
    "project": "Closure",
    "bugid": "18",
    "dataset": "Patches_others",
    "date": "2023-02-02T05:34:55.732489",
    "project_checked": "ok",
    "compiledProjectModified": "ok",
    "patchApplied": "ok",
    "arrive_end": "ok",
    "patched_project_pass_all_test": "no",
    "test_execution": [
        {
            "patch": "/home/mmartinez/xTestCluster/Patches/Patches_Wang902/Patches_others/Dcorrect/SequenceR/Closure/patch1-Closure-18-SequenceR.patch",
            "test": "test_from_WangDRR_patch5-Closure-18-SequenceR",
            "failing": 1,
            "testrun": 211,
            "failings": [
                "Error",
                "Error",
                "Error",
                "Error",
                "Error",
                "Error",
                "Error",
                "Error",
                "Error",
                "Error",
                "Error",
                "Error",
                "Error",
                "Error",
                "Error",
                "Error",
                "Error",
                "Error",
                "Error",
                "Error",
                "Error",
                "Error",
                "test193(com.google.javascript.jscomp.Compiler_ESTest)"
            ],
            "status": "ok",
            "test_executed": [
                "com.google.javascript.jscomp.Compiler_ESTest"
            ],
            "failing_assertions": [
                "05:35:20.290 [main] INFO org.evosuite.runtime.instrumentation.EvoClassLoader - Seeing class for first time: com.google.javascript.rhino.head.VMBridge_custom",
                "05:35:20.500 [main] INFO org.evosuite.runtime.instrumentation.EvoClassLoader - Seeing class for first time: com.google.javascript.rhino.head.VMBridge_custom",
                "05:35:20.703 [main] INFO org.evosuite.runtime.instrumentation.EvoClassLoader - Seeing class for first time: com.google.javascript.rhino.head.VMBridge_custom",
                "05:35:20.821 [main] INFO org.evosuite.runtime.instrumentation.EvoClassLoader - Seeing class for first time: com.google.javascript.rhino.head.VMBridge_custom",
                "05:35:20.938 [main] INFO org.evosuite.runtime.instrumentation.EvoClassLoader - Seeing class for first time: com.google.javascript.rhino.head.VMBridge_custom",
                "05:35:21.049 [main] INFO org.evosuite.runtime.instrumentation.EvoClassLoader - Seeing class for first time: com.google.javascript.rhino.head.VMBridge_custom",
                "05:35:21.074 [main] INFO org.evosuite.runtime.instrumentation.EvoClassLoader - Seeing class for first time: com.google.javascript.rhino.head.VMBridge_custom",
                "Feb 02, 2023 4:35:21 AM com.google.javascript.jscomp.LoggerErrorManager println",
                "05:35:21.101 [main] INFO org.evosuite.runtime.instrumentation.EvoClassLoader - Seeing class for first time: com.google.javascript.rhino.head.VMBridge_custom",
                "05:35:21.133 [main] INFO org.evosuite.runtime.instrumentation.EvoClassLoader - Seeing class for first time: com.google.javascript.rhino.head.VMBridge_custom",
                "05:35:21.183 [main] INFO org.evosuite.runtime.instrumentation.EvoClassLoader - Seeing class for first time: com.google.javascript.rhino.head.VMBridge_custom",
                "05:35:21.231 [main] INFO org.evosuite.runtime.instrumentation.EvoClassLoader - Seeing class for first time: com.google.javascript.rhino.head.VMBridge_custom",
                "05:35:21.348 [main] INFO org.evosuite.runtime.instrumentation.EvoClassLoader - Seeing class for first time: com.google.javascript.rhino.head.VMBridge_custom",
                "05:35:21.375 [main] INFO org.evosuite.runtime.instrumentation.EvoClassLoader - Seeing class for first time: com.google.javascript.rhino.head.VMBridge_custom",
                "05:35:21.426 [main] INFO org.evosuite.runtime.instrumentation.EvoClassLoader - Seeing class for first time: com.google.javascript.rhino.head.VMBridge_custom",
                "Feb 02, 2023 4:35:21 AM com.google.javascript.jscomp.parsing.ParserRunner parse",
                "05:35:21.485 [main] INFO org.evosuite.runtime.instrumentation.EvoClassLoader - Seeing class for first time: com.google.javascript.rhino.head.VMBridge_custom",
                "05:35:21.498 [main] INFO org.evosuite.runtime.instrumentation.EvoClassLoader - Seeing class for first time: com.google.javascript.rhino.head.VMBridge_custom",
                "05:35:21.506 [main] INFO org.evosuite.runtime.instrumentation.EvoClassLoader - Seeing class for first time: com.google.javascript.rhino.head.VMBridge_custom",
                "05:35:21.528 [main] INFO org.evosuite.runtime.instrumentation.EvoClassLoader - Seeing class for first time: com.google.javascript.rhino.head.VMBridge_custom",
                "05:35:21.588 [main] INFO org.evosuite.runtime.instrumentation.EvoClassLoader - Seeing class for first time: com.google.javascript.rhino.head.VMBridge_custom",
                "05:35:21.622 [main] INFO org.evosuite.runtime.instrumentation.EvoClassLoader - Seeing class for first time: com.google.javascript.rhino.head.VMBridge_custom",
                "org.junit.ComparisonFailure: expected:<2023/02/01 20:[21]> but was:<2023/02/01 20:[35]>"
            ],
            "failing_lines": [
                [
                    "com.google.javascript.jscomp.Compiler_ESTest.test193(Compiler_ESTest.java:2690)"
                ]
            ]
        },
        {
            "patch": "/home/mmartinez/xTestCluster/Patches/Patches_Wang902/Patches_others/Dcorrect/SequenceR/Closure/patch1-Closure-18-SequenceR.patch",
            "test": "test_from_WangDRR_patch4-Closure-18-SequenceR",
            "failing": 1,
            "testrun": 219,
            "failings": [
                "Error",
                "Error",
                "Error",
                "Error",
                "Error",
                "Error",
                "Error",
                "Error",
                "Error",
                "Error",
                "Error",
                "Error",
                "Error",
                "Error",
                "Error",
                "Error",
                "Error",
                "Error",
                "Error",
                "Error",
                "Error",
                "Error",
                "Error",
                "Error",
                "Error",
                "Error",
                "Error",
                "Error",
                "test203(com.google.javascript.jscomp.Compiler_ESTest)"
            ],
            "status": "ok",
            "test_executed": [
                "com.google.javascript.jscomp.Compiler_ESTest"
            ],
            "failing_assertions": [
                "Feb 02, 2023 4:35:25 AM com.google.javascript.jscomp.LoggerErrorManager println",
                "05:35:25.786 [main] INFO org.evosuite.runtime.instrumentation.EvoClassLoader - Seeing class for first time: com.google.javascript.rhino.head.VMBridge_custom",
                "05:35:25.977 [main] INFO org.evosuite.runtime.instrumentation.EvoClassLoader - Seeing class for first time: com.google.javascript.rhino.head.VMBridge_custom",
                "05:35:26.261 [main] INFO org.evosuite.runtime.instrumentation.EvoClassLoader - Seeing class for first time: com.google.javascript.rhino.head.VMBridge_custom",
                "05:35:26.283 [main] INFO org.evosuite.runtime.instrumentation.EvoClassLoader - Seeing class for first time: com.google.javascript.rhino.head.VMBridge_custom",
                "05:35:26.304 [main] INFO org.evosuite.runtime.instrumentation.EvoClassLoader - Seeing class for first time: com.google.javascript.rhino.head.VMBridge_custom",
                "Feb 02, 2023 4:35:26 AM com.google.javascript.jscomp.LoggerErrorManager println",
                "Feb 02, 2023 4:35:26 AM com.google.javascript.jscomp.LoggerErrorManager println",
                "05:35:26.377 [main] INFO org.evosuite.runtime.instrumentation.EvoClassLoader - Seeing class for first time: com.google.javascript.rhino.head.VMBridge_custom",
                "05:35:26.481 [main] INFO org.evosuite.runtime.instrumentation.EvoClassLoader - Seeing class for first time: com.google.javascript.rhino.head.VMBridge_custom",
                "05:35:26.503 [main] INFO org.evosuite.runtime.instrumentation.EvoClassLoader - Seeing class for first time: com.google.javascript.rhino.head.VMBridge_custom",
                "05:35:26.560 [main] INFO org.evosuite.runtime.instrumentation.EvoClassLoader - Seeing class for first time: com.google.javascript.rhino.head.VMBridge_custom",
                "05:35:26.565 [main] INFO org.evosuite.runtime.instrumentation.EvoClassLoader - Seeing class for first time: com.google.javascript.rhino.head.VMBridge_custom",
                "05:35:26.572 [main] INFO org.evosuite.runtime.instrumentation.EvoClassLoader - Seeing class for first time: com.google.javascript.rhino.head.VMBridge_custom",
                "05:35:26.601 [main] INFO org.evosuite.runtime.instrumentation.EvoClassLoader - Seeing class for first time: com.google.javascript.rhino.head.VMBridge_custom",
                "05:35:26.692 [main] INFO org.evosuite.runtime.instrumentation.EvoClassLoader - Seeing class for first time: com.google.javascript.rhino.head.VMBridge_custom",
                "05:35:26.722 [main] INFO org.evosuite.runtime.instrumentation.EvoClassLoader - Seeing class for first time: com.google.javascript.rhino.head.VMBridge_custom",
                "05:35:26.731 [main] INFO org.evosuite.runtime.instrumentation.EvoClassLoader - Seeing class for first time: com.google.javascript.rhino.head.VMBridge_custom",
                "Feb 02, 2023 4:35:26 AM com.google.javascript.jscomp.LoggerErrorManager println",
                "Feb 02, 2023 4:35:26 AM com.google.javascript.jscomp.parsing.ParserRunner parse",
                "05:35:26.774 [main] INFO org.evosuite.runtime.instrumentation.EvoClassLoader - Seeing class for first time: com.google.javascript.rhino.head.VMBridge_custom",
                "05:35:26.782 [main] INFO org.evosuite.runtime.instrumentation.EvoClassLoader - Seeing class for first time: com.google.javascript.rhino.head.VMBridge_custom",
                "05:35:26.799 [main] INFO org.evosuite.runtime.instrumentation.EvoClassLoader - Seeing class for first time: com.google.javascript.rhino.head.VMBridge_custom",
                "05:35:26.819 [main] INFO org.evosuite.runtime.instrumentation.EvoClassLoader - Seeing class for first time: com.google.javascript.rhino.head.VMBridge_custom",
                "05:35:26.831 [main] INFO org.evosuite.runtime.instrumentation.EvoClassLoader - Seeing class for first time: com.google.javascript.rhino.head.VMBridge_custom",
                "05:35:26.850 [main] INFO org.evosuite.runtime.instrumentation.EvoClassLoader - Seeing class for first time: com.google.javascript.rhino.head.VMBridge_custom",
                "05:35:26.859 [main] INFO org.evosuite.runtime.instrumentation.EvoClassLoader - Seeing class for first time: com.google.javascript.rhino.head.VMBridge_custom",
                "05:35:26.877 [main] INFO org.evosuite.runtime.instrumentation.EvoClassLoader - Seeing class for first time: com.google.javascript.rhino.head.VMBridge_custom",
                "org.junit.ComparisonFailure: expected:<2023/02/01 20:3[1]> but was:<2023/02/01 20:3[5]>"
            ],
            "failing_lines": [
                [
                    "com.google.javascript.jscomp.Compiler_ESTest.test203(Compiler_ESTest.java:2707)"
                ]
            ]
        },
        {
            "patch": "/home/mmartinez/xTestCluster/Patches/Patches_Wang902/Patches_others/Dcorrect/SequenceR/Closure/patch1-Closure-18-SequenceR.patch",
            "test": "test_from_WangDRR_patch1-Closure-18-SequenceR-plausible",
            "failing": 1,
            "testrun": 219,
            "failings": [
                "Error",
                "Error",
                "Error",
                "Error",
                "Error",
                "Error",
                "Error",
                "Error",
                "Error",
                "Error",
                "Error",
                "Error",
                "Error",
                "Error",
                "Error",
                "Error",
                "Error",
                "Error",
                "Error",
                "Error",
                "Error",
                "Error",
                "Error",
                "Error",
                "Error",
                "Error",
                "Error",
                "Error",
                "Error",
                "Error",
                "Error",
                "Error",
                "Error",
                "Error",
                "Error",
                "Error",
                "Error",
                "Error",
                "Error",
                "Error",
                "Error",
                "test200(com.google.javascript.jscomp.Compiler_ESTest)"
            ],
            "status": "ok",
            "test_executed": [
                "com.google.javascript.jscomp.Compiler_ESTest"
            ],
            "failing_assertions": [
                "Feb 02, 2023 4:35:30 AM com.google.javascript.jscomp.LoggerErrorManager println",
                "Feb 02, 2023 4:35:30 AM com.google.javascript.jscomp.LoggerErrorManager println",
                "05:35:30.674 [main] INFO org.evosuite.runtime.instrumentation.EvoClassLoader - Seeing class for first time: com.google.javascript.rhino.head.VMBridge_custom",
                "05:35:30.763 [main] INFO org.evosuite.runtime.instrumentation.EvoClassLoader - Seeing class for first time: com.google.javascript.rhino.head.VMBridge_custom",
                "05:35:30.783 [main] INFO org.evosuite.runtime.instrumentation.EvoClassLoader - Seeing class for first time: com.google.javascript.rhino.head.VMBridge_custom",
                "05:35:30.987 [main] INFO org.evosuite.runtime.instrumentation.EvoClassLoader - Seeing class for first time: com.google.javascript.rhino.head.VMBridge_custom",
                "05:35:31.001 [main] INFO org.evosuite.runtime.instrumentation.EvoClassLoader - Seeing class for first time: com.google.javascript.rhino.head.VMBridge_custom",
                "05:35:31.051 [main] INFO org.evosuite.runtime.instrumentation.EvoClassLoader - Seeing class for first time: com.google.javascript.rhino.head.VMBridge_custom",
                "05:35:31.103 [main] INFO org.evosuite.runtime.instrumentation.EvoClassLoader - Seeing class for first time: com.google.javascript.rhino.head.VMBridge_custom",
                "05:35:31.117 [main] INFO org.evosuite.runtime.instrumentation.EvoClassLoader - Seeing class for first time: com.google.javascript.rhino.head.VMBridge_custom",
                "05:35:31.122 [main] INFO org.evosuite.runtime.instrumentation.EvoClassLoader - Seeing class for first time: com.google.javascript.rhino.head.VMBridge_custom",
                "05:35:31.135 [main] INFO org.evosuite.runtime.instrumentation.EvoClassLoader - Seeing class for first time: com.google.javascript.rhino.head.VMBridge_custom",
                "Feb 02, 2023 4:35:31 AM com.google.javascript.jscomp.LoggerErrorManager println",
                "Feb 02, 2023 4:35:31 AM com.google.javascript.jscomp.LoggerErrorManager println",
                "05:35:31.283 [main] INFO org.evosuite.runtime.instrumentation.EvoClassLoader - Seeing class for first time: com.google.javascript.rhino.head.VMBridge_custom",
                "05:35:31.334 [main] INFO org.evosuite.runtime.instrumentation.EvoClassLoader - Seeing class for first time: com.google.javascript.rhino.head.VMBridge_custom",
                "05:35:31.393 [main] INFO org.evosuite.runtime.instrumentation.EvoClassLoader - Seeing class for first time: com.google.javascript.rhino.head.VMBridge_custom",
                "05:35:31.398 [main] INFO org.evosuite.runtime.instrumentation.EvoClassLoader - Seeing class for first time: com.google.javascript.rhino.head.VMBridge_custom",
                "05:35:31.410 [main] INFO org.evosuite.runtime.instrumentation.EvoClassLoader - Seeing class for first time: com.google.javascript.rhino.head.VMBridge_custom",
                "05:35:31.419 [main] INFO org.evosuite.runtime.instrumentation.EvoClassLoader - Seeing class for first time: com.google.javascript.rhino.head.VMBridge_custom",
                "05:35:31.477 [main] INFO org.evosuite.runtime.instrumentation.EvoClassLoader - Seeing class for first time: com.google.javascript.rhino.head.VMBridge_custom",
                "05:35:31.483 [main] INFO org.evosuite.runtime.instrumentation.EvoClassLoader - Seeing class for first time: com.google.javascript.rhino.head.VMBridge_custom",
                "05:35:31.487 [main] INFO org.evosuite.runtime.instrumentation.EvoClassLoader - Seeing class for first time: com.google.javascript.rhino.head.VMBridge_custom",
                "05:35:31.492 [main] INFO org.evosuite.runtime.instrumentation.EvoClassLoader - Seeing class for first time: com.google.javascript.rhino.head.VMBridge_custom",
                "05:35:31.497 [main] INFO org.evosuite.runtime.instrumentation.EvoClassLoader - Seeing class for first time: com.google.javascript.rhino.head.VMBridge_custom",
                "05:35:31.505 [main] INFO org.evosuite.runtime.instrumentation.EvoClassLoader - Seeing class for first time: com.google.javascript.rhino.head.VMBridge_custom",
                "05:35:31.518 [main] INFO org.evosuite.runtime.instrumentation.EvoClassLoader - Seeing class for first time: com.google.javascript.rhino.head.VMBridge_custom",
                "05:35:31.524 [main] INFO org.evosuite.runtime.instrumentation.EvoClassLoader - Seeing class for first time: com.google.javascript.rhino.head.VMBridge_custom",
                "05:35:31.534 [main] INFO org.evosuite.runtime.instrumentation.EvoClassLoader - Seeing class for first time: com.google.javascript.rhino.head.VMBridge_custom",
                "05:35:31.539 [main] INFO org.evosuite.runtime.instrumentation.EvoClassLoader - Seeing class for first time: com.google.javascript.rhino.head.VMBridge_custom",
                "Feb 02, 2023 4:35:31 AM com.google.javascript.jscomp.parsing.ParserRunner parse",
                "05:35:31.572 [main] INFO org.evosuite.runtime.instrumentation.EvoClassLoader - Seeing class for first time: com.google.javascript.rhino.head.VMBridge_custom",
                "05:35:31.581 [main] INFO org.evosuite.runtime.instrumentation.EvoClassLoader - Seeing class for first time: com.google.javascript.rhino.head.VMBridge_custom",
                "05:35:31.597 [main] INFO org.evosuite.runtime.instrumentation.EvoClassLoader - Seeing class for first time: com.google.javascript.rhino.head.VMBridge_custom",
                "05:35:31.605 [main] INFO org.evosuite.runtime.instrumentation.EvoClassLoader - Seeing class for first time: com.google.javascript.rhino.head.VMBridge_custom",
                "05:35:31.643 [main] INFO org.evosuite.runtime.instrumentation.EvoClassLoader - Seeing class for first time: com.google.javascript.rhino.head.VMBridge_custom",
                "05:35:31.656 [main] INFO org.evosuite.runtime.instrumentation.EvoClassLoader - Seeing class for first time: com.google.javascript.rhino.head.VMBridge_custom",
                "05:35:31.666 [main] INFO org.evosuite.runtime.instrumentation.EvoClassLoader - Seeing class for first time: com.google.javascript.rhino.head.VMBridge_custom",
                "05:35:31.672 [main] INFO org.evosuite.runtime.instrumentation.EvoClassLoader - Seeing class for first time: com.google.javascript.rhino.head.VMBridge_custom",
                "05:35:31.677 [main] INFO org.evosuite.runtime.instrumentation.EvoClassLoader - Seeing class for first time: com.google.javascript.rhino.head.VMBridge_custom",
                "Feb 02, 2023 4:35:31 AM com.google.javascript.jscomp.LoggerErrorManager println",
                "org.junit.ComparisonFailure: expected:<2023/02/01 20:[2]5> but was:<2023/02/01 20:[3]5>"
            ],
            "failing_lines": [
                [
                    "com.google.javascript.jscomp.Compiler_ESTest.test200(Compiler_ESTest.java:2746)"
                ]
            ]
        },
        {
            "patch": "/home/mmartinez/xTestCluster/Patches/Patches_Wang902/Patches_others/Dcorrect/SequenceR/Closure/patch1-Closure-18-SequenceR.patch",
            "test": "test_from_WangDRR_patch3-Closure-18-SequenceR",
            "failing": 1,
            "testrun": 199,
            "failings": [
                "Error",
                "Error",
                "Error",
                "test183(com.google.javascript.jscomp.Compiler_ESTest)"
            ],
            "status": "ok",
            "test_executed": [
                "com.google.javascript.jscomp.Compiler_ESTest"
            ],
            "failing_assertions": [
                "05:35:35.825 [main] INFO org.evosuite.runtime.instrumentation.EvoClassLoader - Seeing class for first time: com.google.javascript.rhino.head.VMBridge_custom",
                "05:35:35.907 [main] INFO org.evosuite.runtime.instrumentation.EvoClassLoader - Seeing class for first time: com.google.javascript.rhino.head.VMBridge_custom",
                "Feb 02, 2023 4:35:36 AM com.google.javascript.jscomp.parsing.ParserRunner parse",
                "org.junit.ComparisonFailure: expected:<2023/02/01 20:[28]> but was:<2023/02/01 20:[35]>"
            ],
            "failing_lines": [
                [
                    "com.google.javascript.jscomp.Compiler_ESTest.test183(Compiler_ESTest.java:2420)"
                ]
            ]
        },
        {
            "patch": "/home/mmartinez/xTestCluster/Patches/Patches_Wang902/Patches_others/Dcorrect/SequenceR/Closure/patch1-Closure-18-SequenceR.patch",
            "test": "test_from_WangDRR_patch1-Closure-18-SequenceR",
            "failing": 1,
            "testrun": 223,
            "failings": [
                "Error",
                "Error",
                "Error",
                "Error",
                "test204(com.google.javascript.jscomp.Compiler_ESTest)"
            ],
            "status": "ok",
            "test_executed": [
                "com.google.javascript.jscomp.Compiler_ESTest"
            ],
            "failing_assertions": [
                "05:35:40.863 [main] INFO org.evosuite.runtime.instrumentation.EvoClassLoader - Seeing class for first time: com.google.javascript.rhino.head.VMBridge_custom",
                "05:35:41.055 [main] INFO org.evosuite.runtime.instrumentation.EvoClassLoader - Seeing class for first time: com.google.javascript.rhino.head.VMBridge_custom",
                "05:35:41.231 [main] INFO org.evosuite.runtime.instrumentation.EvoClassLoader - Seeing class for first time: com.google.javascript.rhino.head.VMBridge_custom",
                "Feb 02, 2023 4:35:41 AM com.google.javascript.jscomp.parsing.ParserRunner parse",
                "org.junit.ComparisonFailure: expected:<2023/02/01 20:[18]> but was:<2023/02/01 20:[35]>"
            ],
            "failing_lines": [
                [
                    "com.google.javascript.jscomp.Compiler_ESTest.test204(Compiler_ESTest.java:2716)"
                ]
            ]
        },
        {
            "patch": "/home/mmartinez/xTestCluster/Patches/Patches_Wang902/Patches_others/Dcorrect/SequenceR/Closure/patch1-Closure-18-SequenceR.patch",
            "test": "test_from_WangDRR_patch1-Closure-18-Jaid",
            "failing": 1,
            "testrun": 224,
            "failings": [
                "Error",
                "Error",
                "Error",
                "Error",
                "Error",
                "Error",
                "test210(com.google.javascript.jscomp.Compiler_ESTest)"
            ],
            "status": "ok",
            "test_executed": [
                "com.google.javascript.jscomp.Compiler_ESTest"
            ],
            "failing_assertions": [
                "05:35:45.954 [main] INFO org.evosuite.runtime.instrumentation.EvoClassLoader - Seeing class for first time: com.google.javascript.rhino.head.VMBridge_custom",
                "05:35:46.066 [main] INFO org.evosuite.runtime.instrumentation.EvoClassLoader - Seeing class for first time: com.google.javascript.rhino.head.VMBridge_custom",
                "Feb 02, 2023 4:35:46 AM com.google.javascript.jscomp.LoggerErrorManager println",
                "Feb 02, 2023 4:35:46 AM com.google.javascript.jscomp.parsing.ParserRunner parse",
                "05:35:46.205 [main] INFO org.evosuite.runtime.instrumentation.EvoClassLoader - Seeing class for first time: com.google.javascript.rhino.head.VMBridge_custom",
                "05:35:46.259 [main] INFO org.evosuite.runtime.instrumentation.EvoClassLoader - Seeing class for first time: com.google.javascript.rhino.head.VMBridge_custom",
                "org.junit.ComparisonFailure: expected:<2023/02/01 20:[1]5> but was:<2023/02/01 20:[3]5>"
            ],
            "failing_lines": [
                [
                    "com.google.javascript.jscomp.Compiler_ESTest.test210(Compiler_ESTest.java:2842)"
                ]
            ]
        }
    ],
    "duration": 50.66
}