{
    "patch": "/home/mmartinez/xTestCluster/Patches/Patches_Wang902/Patches_ICSE/Ddifferent/AVATAR/Lang/patch1-Lang-57-AVATAR.patch",
    "project": "Lang",
    "bugid": "57",
    "dataset": "Patches_ICSE",
    "date": "2022-12-16T05:56:35.263261",
    "project_checked": "ok",
    "compiledProjectModified": "ok",
    "patchApplied": "ok",
    "arrive_end": "ok",
    "patched_project_pass_all_test": "no",
    "test_execution": [
        {
            "patch": "/home/mmartinez/xTestCluster/Patches/Patches_Wang902/Patches_ICSE/Ddifferent/AVATAR/Lang/patch1-Lang-57-AVATAR.patch",
            "test": "test_from_WangICSE_patch1-Lang-57-TBar",
            "failing": 0,
            "testrun": 29,
            "failings": [],
            "status": "ok",
            "test_executed": [
                "org.apache.commons.lang.LocaleUtils_ESTest"
            ],
            "failing_assertions": [],
            "failing_lines": []
        },
        {
            "patch": "/home/mmartinez/xTestCluster/Patches/Patches_Wang902/Patches_ICSE/Ddifferent/AVATAR/Lang/patch1-Lang-57-AVATAR.patch",
            "test": "test_from_WangICSE_patch1-Lang-57-FixMiner-plausible",
            "failing": 1,
            "testrun": 24,
            "failings": [
                "test08(org.apache.commons.lang.LocaleUtils_ESTest)"
            ],
            "status": "ok",
            "test_executed": [
                "org.apache.commons.lang.LocaleUtils_ESTest"
            ],
            "failing_assertions": [
                "java.lang.AssertionError"
            ],
            "failing_lines": [
                [
                    "org.apache.commons.lang.LocaleUtils_ESTest.test08(LocaleUtils_ESTest.java:137)"
                ]
            ]
        },
        {
            "patch": "/home/mmartinez/xTestCluster/Patches/Patches_Wang902/Patches_ICSE/Ddifferent/AVATAR/Lang/patch1-Lang-57-AVATAR.patch",
            "test": "test_from_WangICSE_patch1-Lang-57-AVATAR",
            "failing": 0,
            "testrun": 26,
            "failings": [],
            "status": "ok",
            "test_executed": [
                "org.apache.commons.lang.LocaleUtils_ESTest"
            ],
            "failing_assertions": [],
            "failing_lines": []
        }
    ],
    "duration": 19.06
}