{
    "patch": "/Users/matias/develop/git-xTestCluster/Patches/Patches_Wang902/Patches_ICSE/Ddifferent/Kali/Closure/patch1-Closure-126-Kali.patch",
    "project": "Closure",
    "bugid": "126",
    "dataset": "Patches_ICSE",
    "date": "2023-02-17T17:00:33.832777",
    "project_checked": "ok",
    "compiledProjectModified": "ok",
    "patchApplied": "ok",
    "arrive_end": "ok",
    "patched_project_pass_all_test": "no",
    "test_execution": [
        {
            "patch": "/Users/matias/develop/git-xTestCluster/Patches/Patches_Wang902/Patches_ICSE/Ddifferent/Kali/Closure/patch1-Closure-126-Kali.patch",
            "test": "test_from_WangICSE_patch1-Closure-126-Kali",
            "failing": 6,
            "testrun": 10,
            "failings": [
                "test0(com.google.javascript.jscomp.MinimizeExitPoints_ESTest)",
                "test1(com.google.javascript.jscomp.MinimizeExitPoints_ESTest)",
                "test2(com.google.javascript.jscomp.MinimizeExitPoints_ESTest)",
                "test6(com.google.javascript.jscomp.MinimizeExitPoints_ESTest)",
                "test7(com.google.javascript.jscomp.MinimizeExitPoints_ESTest)",
                "test9(com.google.javascript.jscomp.MinimizeExitPoints_ESTest)"
            ],
            "status": "ok",
            "test_executed": [
                "com.google.javascript.jscomp.MinimizeExitPoints_ESTest"
            ],
            "failing_assertions": [
                "java.lang.NoClassDefFoundError: Could not initialize class java.util.logging.LogManager",
                "java.lang.NoClassDefFoundError: Could not initialize class com.google.javascript.jscomp.Compiler",
                "java.lang.NoClassDefFoundError: Could not initialize class com.google.javascript.jscomp.Compiler",
                "java.lang.NoClassDefFoundError: Could not initialize class com.google.javascript.jscomp.Compiler",
                "java.lang.NoClassDefFoundError: Could not initialize class com.google.javascript.jscomp.Compiler",
                "java.lang.NoClassDefFoundError: Could not initialize class com.google.javascript.jscomp.Compiler"
            ],
            "failing_lines": [
                [
                    "com.google.javascript.jscomp.MinimizeExitPoints_ESTest.test0(MinimizeExitPoints_ESTest.java:59)"
                ],
                [
                    "com.google.javascript.jscomp.MinimizeExitPoints_ESTest.test1(MinimizeExitPoints_ESTest.java:81)"
                ],
                [
                    "com.google.javascript.jscomp.MinimizeExitPoints_ESTest.test2(MinimizeExitPoints_ESTest.java:103)"
                ],
                [
                    "com.google.javascript.jscomp.MinimizeExitPoints_ESTest.test6(MinimizeExitPoints_ESTest.java:205)"
                ],
                [
                    "com.google.javascript.jscomp.MinimizeExitPoints_ESTest.test7(MinimizeExitPoints_ESTest.java:229)"
                ],
                [
                    "com.google.javascript.jscomp.MinimizeExitPoints_ESTest.test9(MinimizeExitPoints_ESTest.java:291)"
                ]
            ]
        }
    ],
    "duration": 31.62
}