{
    "patch": "/home/mmartinez/xTestCluster/Patches/Patches_Wang902/Patches_ICSE/Doverfitting/Arja/Closure/patch1-Closure-7-Arja-plausible.patch",
    "project": "Closure",
    "bugid": "7",
    "dataset": "Patches_ICSE",
    "date": "2022-12-16T04:57:31.841485",
    "project_checked": "ok",
    "compiledProjectModified": "ok",
    "patchApplied": "ok",
    "arrive_end": "ok",
    "patched_project_pass_all_test": "no",
    "test_execution": [
        {
            "patch": "/home/mmartinez/xTestCluster/Patches/Patches_Wang902/Patches_ICSE/Doverfitting/Arja/Closure/patch1-Closure-7-Arja-plausible.patch",
            "test": "test_from_WangICSE_patch1-Closure-7-Kali-plausible",
            "failing": 1,
            "testrun": 158,
            "failings": [
                "test106(com.google.javascript.jscomp.type.ChainableReverseAbstractInterpreter_ESTest)"
            ],
            "status": "ok",
            "test_executed": [
                "com.google.javascript.jscomp.type.ChainableReverseAbstractInterpreter_ESTest"
            ],
            "failing_assertions": [
                "java.lang.AssertionError: expected null, but was:<(null|undefined)>"
            ],
            "failing_lines": [
                [
                    "com.google.javascript.jscomp.type.ChainableReverseAbstractInterpreter_ESTest.test106(ChainableReverseAbstractInterpreter_ESTest.java:2396)"
                ]
            ]
        },
        {
            "patch": "/home/mmartinez/xTestCluster/Patches/Patches_Wang902/Patches_ICSE/Doverfitting/Arja/Closure/patch1-Closure-7-Arja-plausible.patch",
            "test": "test_from_WangICSE_patch1-Closure-7-Arja-plausible",
            "failing": 0,
            "testrun": 115,
            "failings": [],
            "status": "ok",
            "test_executed": [
                "com.google.javascript.rhino.jstype.UnionType_ESTest"
            ],
            "failing_assertions": [],
            "failing_lines": []
        }
    ],
    "duration": 36.05
}