{
    "patch": "/home/mmartinez/xTestCluster/Patches/Patches_Wang902/Patches_ICSE/Doverfitting/FixMiner/Chart/patch1-Chart-7-FixMiner-plausible.patch",
    "project": "Chart",
    "bugid": "7",
    "dataset": "Patches_ICSE",
    "date": "2023-02-05T18:33:44.733748",
    "project_checked": "ok",
    "compiledProjectModified": "ok",
    "patchApplied": "ok",
    "arrive_end": "ok",
    "patched_project_pass_all_test": "no",
    "test_execution": [
        {
            "patch": "/home/mmartinez/xTestCluster/Patches/Patches_Wang902/Patches_ICSE/Doverfitting/FixMiner/Chart/patch1-Chart-7-FixMiner-plausible.patch",
            "test": "test_from_WangICSE_patch1-Chart-7-jMutRepair-plausible",
            "failing": 0,
            "testrun": 60,
            "failings": [],
            "status": "ok",
            "test_executed": [
                "org.jfree.data.time.TimePeriodValues_ESTest"
            ],
            "failing_assertions": [],
            "failing_lines": []
        },
        {
            "patch": "/home/mmartinez/xTestCluster/Patches/Patches_Wang902/Patches_ICSE/Doverfitting/FixMiner/Chart/patch1-Chart-7-FixMiner-plausible.patch",
            "test": "test_from_WangICSE_patch1-Chart-7-kPAR-plausible",
            "failing": 0,
            "testrun": 61,
            "failings": [],
            "status": "ok",
            "test_executed": [
                "org.jfree.data.time.TimePeriodValues_ESTest"
            ],
            "failing_assertions": [],
            "failing_lines": []
        },
        {
            "patch": "/home/mmartinez/xTestCluster/Patches/Patches_Wang902/Patches_ICSE/Doverfitting/FixMiner/Chart/patch1-Chart-7-FixMiner-plausible.patch",
            "test": "test_from_WangICSE_patch1-Chart-7-SimFix",
            "failing": 0,
            "testrun": 63,
            "failings": [],
            "status": "ok",
            "test_executed": [
                "org.jfree.data.time.TimePeriodValues_ESTest"
            ],
            "failing_assertions": [],
            "failing_lines": []
        },
        {
            "patch": "/home/mmartinez/xTestCluster/Patches/Patches_Wang902/Patches_ICSE/Doverfitting/FixMiner/Chart/patch1-Chart-7-FixMiner-plausible.patch",
            "test": "test_from_WangICSE_patch1-Chart-7-Arja-plusible",
            "failing": 0,
            "testrun": 66,
            "failings": [],
            "status": "ok",
            "test_executed": [
                "org.jfree.data.time.TimePeriodValues_ESTest"
            ],
            "failing_assertions": [],
            "failing_lines": []
        },
        {
            "patch": "/home/mmartinez/xTestCluster/Patches/Patches_Wang902/Patches_ICSE/Doverfitting/FixMiner/Chart/patch1-Chart-7-FixMiner-plausible.patch",
            "test": "test_from_WangICSE_patch1-Chart-7-jGenProg-plausible",
            "failing": 0,
            "testrun": 65,
            "failings": [],
            "status": "ok",
            "test_executed": [
                "org.jfree.data.time.TimePeriodValues_ESTest"
            ],
            "failing_assertions": [],
            "failing_lines": []
        },
        {
            "patch": "/home/mmartinez/xTestCluster/Patches/Patches_Wang902/Patches_ICSE/Doverfitting/FixMiner/Chart/patch1-Chart-7-FixMiner-plausible.patch",
            "test": "test_from_WangICSE_patch1-Chart-7-AVATAR-plausible",
            "failing": 0,
            "testrun": 62,
            "failings": [],
            "status": "ok",
            "test_executed": [
                "org.jfree.data.time.TimePeriodValues_ESTest"
            ],
            "failing_assertions": [],
            "failing_lines": []
        },
        {
            "patch": "/home/mmartinez/xTestCluster/Patches/Patches_Wang902/Patches_ICSE/Doverfitting/FixMiner/Chart/patch1-Chart-7-FixMiner-plausible.patch",
            "test": "test_from_WangICSE_patch1-Chart-7-FixMiner-plausible",
            "failing": 0,
            "testrun": 61,
            "failings": [],
            "status": "ok",
            "test_executed": [
                "org.jfree.data.time.TimePeriodValues_ESTest"
            ],
            "failing_assertions": [],
            "failing_lines": []
        },
        {
            "patch": "/home/mmartinez/xTestCluster/Patches/Patches_Wang902/Patches_ICSE/Doverfitting/FixMiner/Chart/patch1-Chart-7-FixMiner-plausible.patch",
            "test": "test_from_WangICSE_patch1-Chart-7-TBar-plausible",
            "failing": 0,
            "testrun": 62,
            "failings": [],
            "status": "ok",
            "test_executed": [
                "org.jfree.data.time.TimePeriodValues_ESTest"
            ],
            "failing_assertions": [],
            "failing_lines": []
        }
    ],
    "duration": 33.99
}