{
    "patch": "/home/mmartinez/xTestCluster/Patches/Patches_Wang902/Patches_others/Doverfitting/CapGen/Lang/patch5-Lang-59-CapGen-plausible.patch",
    "project": "Lang",
    "bugid": "59",
    "dataset": "Patches_others",
    "date": "2022-12-16T06:23:20.093161",
    "project_checked": "ok",
    "compiledProjectModified": "ok",
    "patchApplied": "ok",
    "arrive_end": "ok",
    "patched_project_pass_all_test": "no",
    "test_execution": [
        {
            "patch": "/home/mmartinez/xTestCluster/Patches/Patches_Wang902/Patches_others/Doverfitting/CapGen/Lang/patch5-Lang-59-CapGen-plausible.patch",
            "test": "test_from_WangICSE_patch1-Lang-59-TBar",
            "failing": 2,
            "testrun": 339,
            "failings": [
                "test294(org.apache.commons.lang.text.StrBuilder_ESTest)",
                "test162(org.apache.commons.lang.text.StrBuilder_ESTest)"
            ],
            "status": "ok",
            "test_executed": [
                "org.apache.commons.lang.text.StrBuilder_ESTest"
            ],
            "failing_assertions": [
                "java.lang.ArrayIndexOutOfBoundsException",
                "java.lang.ArrayIndexOutOfBoundsException"
            ],
            "failing_lines": [
                [
                    "org.apache.commons.lang.text.StrBuilder_ESTest.test294(StrBuilder_ESTest.java:8363)"
                ],
                [
                    "org.apache.commons.lang.text.StrBuilder_ESTest.test162(StrBuilder_ESTest.java:5713)"
                ]
            ]
        },
        {
            "patch": "/home/mmartinez/xTestCluster/Patches/Patches_Wang902/Patches_others/Doverfitting/CapGen/Lang/patch5-Lang-59-CapGen-plausible.patch",
            "test": "test_from_WangDRR_patch11-Lang-59-CapGen-plausible",
            "failing": 0,
            "testrun": 365,
            "failings": [],
            "status": "ok",
            "test_executed": [
                "org.apache.commons.lang.text.StrBuilder_ESTest"
            ],
            "failing_assertions": [],
            "failing_lines": []
        },
        {
            "patch": "/home/mmartinez/xTestCluster/Patches/Patches_Wang902/Patches_others/Doverfitting/CapGen/Lang/patch5-Lang-59-CapGen-plausible.patch",
            "test": "test_from_WangDRR_patch13-Lang-59-CapGen-plausible",
            "failing": 0,
            "testrun": 354,
            "failings": [],
            "status": "ok",
            "test_executed": [
                "org.apache.commons.lang.text.StrBuilder_ESTest"
            ],
            "failing_assertions": [],
            "failing_lines": []
        },
        {
            "patch": "/home/mmartinez/xTestCluster/Patches/Patches_Wang902/Patches_others/Doverfitting/CapGen/Lang/patch5-Lang-59-CapGen-plausible.patch",
            "test": "test_from_WangDRR_patch1-Lang-59-SequenceR",
            "failing": 1,
            "testrun": 362,
            "failings": [
                "test123(org.apache.commons.lang.text.StrBuilder_ESTest)"
            ],
            "status": "ok",
            "test_executed": [
                "org.apache.commons.lang.text.StrBuilder_ESTest"
            ],
            "failing_assertions": [
                "java.lang.ArrayIndexOutOfBoundsException"
            ],
            "failing_lines": [
                [
                    "org.apache.commons.lang.text.StrBuilder_ESTest.test123(StrBuilder_ESTest.java:4804)"
                ]
            ]
        },
        {
            "patch": "/home/mmartinez/xTestCluster/Patches/Patches_Wang902/Patches_others/Doverfitting/CapGen/Lang/patch5-Lang-59-CapGen-plausible.patch",
            "test": "test_from_WangDRR_patch8-Lang-59-CapGen-plausible",
            "failing": 1,
            "testrun": 340,
            "failings": [
                "test315(org.apache.commons.lang.text.StrBuilder_ESTest)"
            ],
            "status": "ok",
            "test_executed": [
                "org.apache.commons.lang.text.StrBuilder_ESTest"
            ],
            "failing_assertions": [
                "java.lang.AssertionError: Expecting exception: ArrayIndexOutOfBoundsException"
            ],
            "failing_lines": [
                [
                    "org.apache.commons.lang.text.StrBuilder_ESTest.test315(StrBuilder_ESTest.java:8487)"
                ]
            ]
        },
        {
            "patch": "/home/mmartinez/xTestCluster/Patches/Patches_Wang902/Patches_others/Doverfitting/CapGen/Lang/patch5-Lang-59-CapGen-plausible.patch",
            "test": "test_from_WangDRR_patch5-Lang-59-CapGen-plausible",
            "failing": 0,
            "testrun": 357,
            "failings": [],
            "status": "ok",
            "test_executed": [
                "org.apache.commons.lang.text.StrBuilder_ESTest"
            ],
            "failing_assertions": [],
            "failing_lines": []
        },
        {
            "patch": "/home/mmartinez/xTestCluster/Patches/Patches_Wang902/Patches_others/Doverfitting/CapGen/Lang/patch5-Lang-59-CapGen-plausible.patch",
            "test": "test_from_WangDRR_patch9-Lang-59-CapGen-plausible",
            "failing": 3,
            "testrun": 345,
            "failings": [
                "test116(org.apache.commons.lang.text.StrBuilder_ESTest)",
                "test115(org.apache.commons.lang.text.StrBuilder_ESTest)",
                "test098(org.apache.commons.lang.text.StrBuilder_ESTest)"
            ],
            "status": "ok",
            "test_executed": [
                "org.apache.commons.lang.text.StrBuilder_ESTest"
            ],
            "failing_assertions": [
                "java.lang.AssertionError: Expecting exception: ArrayIndexOutOfBoundsException",
                "java.lang.AssertionError: expected:<1296> but was:<1292>",
                "java.lang.AssertionError: Expecting exception: ArrayIndexOutOfBoundsException"
            ],
            "failing_lines": [
                [
                    "org.apache.commons.lang.text.StrBuilder_ESTest.test116(StrBuilder_ESTest.java:4706)"
                ],
                [
                    "org.apache.commons.lang.text.StrBuilder_ESTest.test115(StrBuilder_ESTest.java:4660)"
                ],
                [
                    "org.apache.commons.lang.text.StrBuilder_ESTest.test098(StrBuilder_ESTest.java:3973)"
                ]
            ]
        },
        {
            "patch": "/home/mmartinez/xTestCluster/Patches/Patches_Wang902/Patches_others/Doverfitting/CapGen/Lang/patch5-Lang-59-CapGen-plausible.patch",
            "test": "test_from_WangDRR_patch1-Lang-59-CapGen-plausible",
            "failing": 2,
            "testrun": 359,
            "failings": [
                "test133(org.apache.commons.lang.text.StrBuilder_ESTest)",
                "test247(org.apache.commons.lang.text.StrBuilder_ESTest)"
            ],
            "status": "ok",
            "test_executed": [
                "org.apache.commons.lang.text.StrBuilder_ESTest"
            ],
            "failing_assertions": [
                "java.lang.AssertionError: Expecting exception: ArrayIndexOutOfBoundsException",
                "java.lang.AssertionError: Expecting exception: ArrayIndexOutOfBoundsException"
            ],
            "failing_lines": [
                [
                    "org.apache.commons.lang.text.StrBuilder_ESTest.test133(StrBuilder_ESTest.java:4370)"
                ],
                [
                    "org.apache.commons.lang.text.StrBuilder_ESTest.test247(StrBuilder_ESTest.java:7555)"
                ]
            ]
        },
        {
            "patch": "/home/mmartinez/xTestCluster/Patches/Patches_Wang902/Patches_others/Doverfitting/CapGen/Lang/patch5-Lang-59-CapGen-plausible.patch",
            "test": "test_from_WangDRR_patch2-Lang-59-CapGen-plausible",
            "failing": 2,
            "testrun": 356,
            "failings": [
                "test137(org.apache.commons.lang.text.StrBuilder_ESTest)",
                "test328(org.apache.commons.lang.text.StrBuilder_ESTest)"
            ],
            "status": "ok",
            "test_executed": [
                "org.apache.commons.lang.text.StrBuilder_ESTest"
            ],
            "failing_assertions": [
                "java.lang.AssertionError: Expecting exception: ArrayIndexOutOfBoundsException",
                "java.lang.AssertionError: Expecting exception: ArrayIndexOutOfBoundsException"
            ],
            "failing_lines": [
                [
                    "org.apache.commons.lang.text.StrBuilder_ESTest.test137(StrBuilder_ESTest.java:4612)"
                ],
                [
                    "org.apache.commons.lang.text.StrBuilder_ESTest.test328(StrBuilder_ESTest.java:9173)"
                ]
            ]
        },
        {
            "patch": "/home/mmartinez/xTestCluster/Patches/Patches_Wang902/Patches_others/Doverfitting/CapGen/Lang/patch5-Lang-59-CapGen-plausible.patch",
            "test": "test_from_WangDRR_patch1-Lang-59-CapGen",
            "failing": 0,
            "testrun": 357,
            "failings": [],
            "status": "ok",
            "test_executed": [
                "org.apache.commons.lang.text.StrBuilder_ESTest"
            ],
            "failing_assertions": [],
            "failing_lines": []
        },
        {
            "patch": "/home/mmartinez/xTestCluster/Patches/Patches_Wang902/Patches_others/Doverfitting/CapGen/Lang/patch5-Lang-59-CapGen-plausible.patch",
            "test": "test_from_WangICSE_patch1-Lang-59-kPAR-plausible",
            "failing": 7,
            "testrun": 360,
            "failings": [
                "test333(org.apache.commons.lang.text.StrBuilder_ESTest)",
                "test014(org.apache.commons.lang.text.StrBuilder_ESTest)",
                "test137(org.apache.commons.lang.text.StrBuilder_ESTest)",
                "test136(org.apache.commons.lang.text.StrBuilder_ESTest)",
                "test195(org.apache.commons.lang.text.StrBuilder_ESTest)",
                "test067(org.apache.commons.lang.text.StrBuilder_ESTest)",
                "test303(org.apache.commons.lang.text.StrBuilder_ESTest)"
            ],
            "status": "ok",
            "test_executed": [
                "org.apache.commons.lang.text.StrBuilder_ESTest"
            ],
            "failing_assertions": [
                "java.lang.AssertionError: Expecting exception: ArrayIndexOutOfBoundsException",
                "java.lang.AssertionError: expected:<70> but was:<32>",
                "java.lang.AssertionError: Expecting exception: ArrayIndexOutOfBoundsException",
                "java.lang.ArrayIndexOutOfBoundsException",
                "java.lang.AssertionError: expected:<70> but was:<39>",
                "java.lang.AssertionError: expected:<70> but was:<32>",
                "java.lang.AssertionError: expected:<107> but was:<33>"
            ],
            "failing_lines": [
                [
                    "org.apache.commons.lang.text.StrBuilder_ESTest.test333(StrBuilder_ESTest.java:8233)"
                ],
                [
                    "org.apache.commons.lang.text.StrBuilder_ESTest.test014(StrBuilder_ESTest.java:611)"
                ],
                [
                    "org.apache.commons.lang.text.StrBuilder_ESTest.test137(StrBuilder_ESTest.java:4823)"
                ],
                [
                    "org.apache.commons.lang.text.StrBuilder_ESTest.test136(StrBuilder_ESTest.java:4791)"
                ],
                [
                    "org.apache.commons.lang.text.StrBuilder_ESTest.test195(StrBuilder_ESTest.java:6527)"
                ],
                [
                    "org.apache.commons.lang.text.StrBuilder_ESTest.test067(StrBuilder_ESTest.java:2454)"
                ],
                [
                    "org.apache.commons.lang.text.StrBuilder_ESTest.test303(StrBuilder_ESTest.java:7910)"
                ]
            ]
        },
        {
            "patch": "/home/mmartinez/xTestCluster/Patches/Patches_Wang902/Patches_others/Doverfitting/CapGen/Lang/patch5-Lang-59-CapGen-plausible.patch",
            "test": "test_from_WangDRR_patch7-Lang-59-CapGen-plausible",
            "failing": 0,
            "testrun": 369,
            "failings": [],
            "status": "ok",
            "test_executed": [
                "org.apache.commons.lang.text.StrBuilder_ESTest"
            ],
            "failing_assertions": [],
            "failing_lines": []
        },
        {
            "patch": "/home/mmartinez/xTestCluster/Patches/Patches_Wang902/Patches_others/Doverfitting/CapGen/Lang/patch5-Lang-59-CapGen-plausible.patch",
            "test": "test_from_WangDRR_patch10-Lang-59-CapGen-plausible",
            "failing": 0,
            "testrun": 360,
            "failings": [],
            "status": "ok",
            "test_executed": [
                "org.apache.commons.lang.text.StrBuilder_ESTest"
            ],
            "failing_assertions": [],
            "failing_lines": []
        },
        {
            "patch": "/home/mmartinez/xTestCluster/Patches/Patches_Wang902/Patches_others/Doverfitting/CapGen/Lang/patch5-Lang-59-CapGen-plausible.patch",
            "test": "test_from_WangDRR_patch12-Lang-59-CapGen-plausible",
            "failing": 0,
            "testrun": 362,
            "failings": [],
            "status": "ok",
            "test_executed": [
                "org.apache.commons.lang.text.StrBuilder_ESTest"
            ],
            "failing_assertions": [],
            "failing_lines": []
        },
        {
            "patch": "/home/mmartinez/xTestCluster/Patches/Patches_Wang902/Patches_others/Doverfitting/CapGen/Lang/patch5-Lang-59-CapGen-plausible.patch",
            "test": "test_from_WangDRR_patch6-Lang-59-CapGen-plausible",
            "failing": 0,
            "testrun": 367,
            "failings": [],
            "status": "ok",
            "test_executed": [
                "org.apache.commons.lang.text.StrBuilder_ESTest"
            ],
            "failing_assertions": [],
            "failing_lines": []
        },
        {
            "patch": "/home/mmartinez/xTestCluster/Patches/Patches_Wang902/Patches_others/Doverfitting/CapGen/Lang/patch5-Lang-59-CapGen-plausible.patch",
            "test": "test_from_WangDRR_patch4-Lang-59-CapGen-plausible",
            "failing": 0,
            "testrun": 348,
            "failings": [],
            "status": "ok",
            "test_executed": [
                "org.apache.commons.lang.text.StrBuilder_ESTest"
            ],
            "failing_assertions": [],
            "failing_lines": []
        },
        {
            "patch": "/home/mmartinez/xTestCluster/Patches/Patches_Wang902/Patches_others/Doverfitting/CapGen/Lang/patch5-Lang-59-CapGen-plausible.patch",
            "test": "test_from_WangICSE_patch1-Lang-59-AVATAR-plausible",
            "failing": 9,
            "testrun": 353,
            "failings": [
                "test006(org.apache.commons.lang.text.StrBuilder_ESTest)",
                "test117(org.apache.commons.lang.text.StrBuilder_ESTest)",
                "test116(org.apache.commons.lang.text.StrBuilder_ESTest)",
                "test224(org.apache.commons.lang.text.StrBuilder_ESTest)",
                "test149(org.apache.commons.lang.text.StrBuilder_ESTest)",
                "test143(org.apache.commons.lang.text.StrBuilder_ESTest)",
                "test199(org.apache.commons.lang.text.StrBuilder_ESTest)",
                "test069(org.apache.commons.lang.text.StrBuilder_ESTest)",
                "test063(org.apache.commons.lang.text.StrBuilder_ESTest)"
            ],
            "status": "ok",
            "test_executed": [
                "org.apache.commons.lang.text.StrBuilder_ESTest"
            ],
            "failing_assertions": [
                "java.lang.AssertionError: expected:<2192> but was:<2114>",
                "java.lang.AssertionError: expected:<169> but was:<115>",
                "java.lang.AssertionError: Expecting exception: ArrayIndexOutOfBoundsException",
                "java.lang.AssertionError: expected:<169> but was:<115>",
                "java.lang.AssertionError: expected:<615> but was:<503>",
                "java.lang.AssertionError: expected:<2192> but was:<2114>",
                "java.lang.AssertionError: expected:<954> but was:<874>",
                "java.lang.AssertionError: expected:<2192> but was:<2114>",
                "java.lang.AssertionError: expected:<61> but was:<32>"
            ],
            "failing_lines": [
                [
                    "org.apache.commons.lang.text.StrBuilder_ESTest.test006(StrBuilder_ESTest.java:450)"
                ],
                [
                    "org.apache.commons.lang.text.StrBuilder_ESTest.test117(StrBuilder_ESTest.java:4787)"
                ],
                [
                    "org.apache.commons.lang.text.StrBuilder_ESTest.test116(StrBuilder_ESTest.java:4760)"
                ],
                [
                    "org.apache.commons.lang.text.StrBuilder_ESTest.test224(StrBuilder_ESTest.java:8085)"
                ],
                [
                    "org.apache.commons.lang.text.StrBuilder_ESTest.test149(StrBuilder_ESTest.java:5816)"
                ],
                [
                    "org.apache.commons.lang.text.StrBuilder_ESTest.test143(StrBuilder_ESTest.java:5599)"
                ],
                [
                    "org.apache.commons.lang.text.StrBuilder_ESTest.test199(StrBuilder_ESTest.java:7500)"
                ],
                [
                    "org.apache.commons.lang.text.StrBuilder_ESTest.test069(StrBuilder_ESTest.java:2953)"
                ],
                [
                    "org.apache.commons.lang.text.StrBuilder_ESTest.test063(StrBuilder_ESTest.java:2728)"
                ]
            ]
        },
        {
            "patch": "/home/mmartinez/xTestCluster/Patches/Patches_Wang902/Patches_others/Doverfitting/CapGen/Lang/patch5-Lang-59-CapGen-plausible.patch",
            "test": "test_from_WangDRR_patch3-Lang-59-CapGen-plausible",
            "failing": 0,
            "testrun": 338,
            "failings": [],
            "status": "ok",
            "test_executed": [
                "org.apache.commons.lang.text.StrBuilder_ESTest"
            ],
            "failing_assertions": [],
            "failing_lines": []
        }
    ],
    "duration": 77.61
}