{
    "patch": "/home/mmartinez/xTestCluster/Patches/Patches_Wang902/Patches_ICSE/Doverfitting/AVATAR/Math/patch1-Math-49-AVATAR-plausible.patch",
    "project": "Math",
    "bugid": "49",
    "dataset": "Patches_ICSE",
    "date": "2022-12-16T02:10:30.869371",
    "project_checked": "ok",
    "compiledProjectModified": "ok",
    "patchApplied": "ok",
    "arrive_end": "ok",
    "patched_project_pass_all_test": "no",
    "test_execution": [
        {
            "patch": "/home/mmartinez/xTestCluster/Patches/Patches_Wang902/Patches_ICSE/Doverfitting/AVATAR/Math/patch1-Math-49-AVATAR-plausible.patch",
            "test": "test_from_WangICSE_patch1-Math-49-Nopol-plausible",
            "failing": 1,
            "testrun": 197,
            "failings": [
                "test143(org.apache.commons.math.linear.OpenMapRealVector_ESTest)"
            ],
            "status": "ok",
            "test_executed": [
                "org.apache.commons.math.linear.OpenMapRealVector_ESTest"
            ],
            "failing_assertions": [
                "java.lang.AssertionError"
            ],
            "failing_lines": [
                [
                    "org.apache.commons.math.linear.OpenMapRealVector_ESTest.test143(OpenMapRealVector_ESTest.java:4054)"
                ]
            ]
        },
        {
            "patch": "/home/mmartinez/xTestCluster/Patches/Patches_Wang902/Patches_ICSE/Doverfitting/AVATAR/Math/patch1-Math-49-AVATAR-plausible.patch",
            "test": "test_from_WangICSE_patch1-Math-49-Kali-plausible",
            "failing": 17,
            "testrun": 200,
            "failings": [
                "test075(org.apache.commons.math.linear.OpenMapRealVector_ESTest)",
                "test077(org.apache.commons.math.linear.OpenMapRealVector_ESTest)",
                "test184(org.apache.commons.math.linear.OpenMapRealVector_ESTest)",
                "test083(org.apache.commons.math.linear.OpenMapRealVector_ESTest)",
                "test011(org.apache.commons.math.linear.OpenMapRealVector_ESTest)",
                "test006(org.apache.commons.math.linear.OpenMapRealVector_ESTest)",
                "test001(org.apache.commons.math.linear.OpenMapRealVector_ESTest)",
                "test152(org.apache.commons.math.linear.OpenMapRealVector_ESTest)",
                "test025(org.apache.commons.math.linear.OpenMapRealVector_ESTest)",
                "test142(org.apache.commons.math.linear.OpenMapRealVector_ESTest)",
                "test052(org.apache.commons.math.linear.OpenMapRealVector_ESTest)",
                "test174(org.apache.commons.math.linear.OpenMapRealVector_ESTest)",
                "test176(org.apache.commons.math.linear.OpenMapRealVector_ESTest)",
                "test047(org.apache.commons.math.linear.OpenMapRealVector_ESTest)",
                "test046(org.apache.commons.math.linear.OpenMapRealVector_ESTest)",
                "test164(org.apache.commons.math.linear.OpenMapRealVector_ESTest)",
                "test156(org.apache.commons.math.linear.OpenMapRealVector_ESTest)"
            ],
            "status": "ok",
            "test_executed": [
                "org.apache.commons.math.linear.OpenMapRealVector_ESTest"
            ],
            "failing_assertions": [
                "java.lang.AssertionError: expected:<0.5> but was:<0.0>",
                "java.lang.AssertionError: expected:<1.0> but was:<0.0>",
                "java.lang.AssertionError: Expecting exception: IllegalArgumentException",
                "java.lang.AssertionError: expected:<1.0> but was:<0.0>",
                "java.lang.AssertionError: expected:<1.0> but was:<0.2>",
                "java.lang.AssertionError: expected:<1.0> but was:<0.0>",
                "java.lang.AssertionError: expected:<0.25> but was:<0.0>",
                "java.lang.AssertionError: expected:<1.0> but was:<0.0>",
                "java.lang.AssertionError: expected:<1.0> but was:<0.0>",
                "java.lang.AssertionError: Expecting exception: IllegalArgumentException",
                "java.lang.AssertionError: expected:<0.6666666666666666> but was:<0.3333333333333333>",
                "java.lang.AssertionError: expected:<1.0> but was:<0.0>",
                "java.lang.AssertionError: expected:<1.0> but was:<0.0>",
                "java.lang.AssertionError: expected:<1.0> but was:<0.0>",
                "java.lang.AssertionError: expected:<1.0> but was:<0.0>",
                "java.lang.AssertionError: expected:<1.0> but was:<0.0>",
                "java.lang.AssertionError: expected:<1.0> but was:<0.0>"
            ],
            "failing_lines": [
                [
                    "org.apache.commons.math.linear.OpenMapRealVector_ESTest.test075(OpenMapRealVector_ESTest.java:2371)"
                ],
                [
                    "org.apache.commons.math.linear.OpenMapRealVector_ESTest.test077(OpenMapRealVector_ESTest.java:2428)"
                ],
                [
                    "org.apache.commons.math.linear.OpenMapRealVector_ESTest.test184(OpenMapRealVector_ESTest.java:4167)"
                ],
                [
                    "org.apache.commons.math.linear.OpenMapRealVector_ESTest.test083(OpenMapRealVector_ESTest.java:2574)"
                ],
                [
                    "org.apache.commons.math.linear.OpenMapRealVector_ESTest.test011(OpenMapRealVector_ESTest.java:503)"
                ],
                [
                    "org.apache.commons.math.linear.OpenMapRealVector_ESTest.test006(OpenMapRealVector_ESTest.java:246)"
                ],
                [
                    "org.apache.commons.math.linear.OpenMapRealVector_ESTest.test001(OpenMapRealVector_ESTest.java:97)"
                ],
                [
                    "org.apache.commons.math.linear.OpenMapRealVector_ESTest.test152(OpenMapRealVector_ESTest.java:3851)"
                ],
                [
                    "org.apache.commons.math.linear.OpenMapRealVector_ESTest.test025(OpenMapRealVector_ESTest.java:1061)"
                ],
                [
                    "org.apache.commons.math.linear.OpenMapRealVector_ESTest.test142(OpenMapRealVector_ESTest.java:3727)"
                ],
                [
                    "org.apache.commons.math.linear.OpenMapRealVector_ESTest.test052(OpenMapRealVector_ESTest.java:1786)"
                ],
                [
                    "org.apache.commons.math.linear.OpenMapRealVector_ESTest.test174(OpenMapRealVector_ESTest.java:4059)"
                ],
                [
                    "org.apache.commons.math.linear.OpenMapRealVector_ESTest.test176(OpenMapRealVector_ESTest.java:4085)"
                ],
                [
                    "org.apache.commons.math.linear.OpenMapRealVector_ESTest.test047(OpenMapRealVector_ESTest.java:1610)"
                ],
                [
                    "org.apache.commons.math.linear.OpenMapRealVector_ESTest.test046(OpenMapRealVector_ESTest.java:1555)"
                ],
                [
                    "org.apache.commons.math.linear.OpenMapRealVector_ESTest.test164(OpenMapRealVector_ESTest.java:3962)"
                ],
                [
                    "org.apache.commons.math.linear.OpenMapRealVector_ESTest.test156(OpenMapRealVector_ESTest.java:3895)"
                ]
            ]
        },
        {
            "patch": "/home/mmartinez/xTestCluster/Patches/Patches_Wang902/Patches_ICSE/Doverfitting/AVATAR/Math/patch1-Math-49-AVATAR-plausible.patch",
            "test": "test_from_WangICSE_patch1-Math-49-DynaMoth-plausible",
            "failing": 1,
            "testrun": 190,
            "failings": [
                "test015(org.apache.commons.math.linear.OpenMapRealVector_ESTest)"
            ],
            "status": "ok",
            "test_executed": [
                "org.apache.commons.math.linear.OpenMapRealVector_ESTest"
            ],
            "failing_assertions": [
                "java.lang.AssertionError: expected:<0.09090909090909091> but was:<0.0>"
            ],
            "failing_lines": [
                [
                    "org.apache.commons.math.linear.OpenMapRealVector_ESTest.test015(OpenMapRealVector_ESTest.java:188)"
                ]
            ]
        },
        {
            "patch": "/home/mmartinez/xTestCluster/Patches/Patches_Wang902/Patches_ICSE/Doverfitting/AVATAR/Math/patch1-Math-49-AVATAR-plausible.patch",
            "test": "test_from_WangICSE_patch1-Math-49-AVATAR-plausible",
            "failing": 0,
            "testrun": 32,
            "failings": [],
            "status": "ok",
            "test_executed": [
                "org.apache.commons.math.MathRuntimeException_ESTest"
            ],
            "failing_assertions": [],
            "failing_lines": []
        }
    ],
    "duration": 35.35
}