{
    "patch": "/home/mmartinez/xTestCluster/Patches/Patches_Wang902/Patches_ICSE/Doverfitting/Kali/Closure/patch1-Closure-26-Kali-plausible.patch",
    "project": "Closure",
    "bugid": "26",
    "dataset": "Patches_ICSE",
    "date": "2022-12-16T04:41:37.647424",
    "project_checked": "ok",
    "compiledProjectModified": "ok",
    "patchApplied": "ok",
    "arrive_end": "ok",
    "patched_project_pass_all_test": "no",
    "test_execution": [
        {
            "patch": "/home/mmartinez/xTestCluster/Patches/Patches_Wang902/Patches_ICSE/Doverfitting/Kali/Closure/patch1-Closure-26-Kali-plausible.patch",
            "test": "test_from_WangICSE_patch1-Closure-26-SimFix-plausible",
            "failing": 0,
            "testrun": 109,
            "failings": [],
            "status": "ok",
            "test_executed": [
                "com.google.javascript.jscomp.PeepholeFoldConstants_ESTest"
            ],
            "failing_assertions": [],
            "failing_lines": []
        },
        {
            "patch": "/home/mmartinez/xTestCluster/Patches/Patches_Wang902/Patches_ICSE/Doverfitting/Kali/Closure/patch1-Closure-26-Kali-plausible.patch",
            "test": "test_from_WangICSE_patch1-Closure-26-Kali-plausible",
            "failing": 0,
            "testrun": 209,
            "failings": [],
            "status": "ok",
            "test_executed": [
                "com.google.javascript.rhino.Node_ESTest"
            ],
            "failing_assertions": [],
            "failing_lines": []
        }
    ],
    "duration": 38.43
}