{
    "patch": "/home/mmartinez/xTestCluster/Patches/Patches_Wang902/Patches_ICSE/Doverfitting/kPAR/Lang/patch1-Lang-53-kPAR-plausible.patch",
    "project": "Lang",
    "bugid": "53",
    "dataset": "Patches_ICSE",
    "date": "2022-12-16T06:14:15.383780",
    "project_checked": "ok",
    "compiledProjectModified": "ok",
    "patchApplied": "ok",
    "arrive_end": "ok",
    "patched_project_pass_all_test": "no",
    "test_execution": [
        {
            "patch": "/home/mmartinez/xTestCluster/Patches/Patches_Wang902/Patches_ICSE/Doverfitting/kPAR/Lang/patch1-Lang-53-kPAR-plausible.patch",
            "test": "test_from_WangICSE_patch1-Lang-53-kPAR-plausible",
            "failing": 0,
            "testrun": 101,
            "failings": [],
            "status": "ok",
            "test_executed": [
                "org.apache.commons.lang.time.DateUtils_ESTest"
            ],
            "failing_assertions": [],
            "failing_lines": []
        },
        {
            "patch": "/home/mmartinez/xTestCluster/Patches/Patches_Wang902/Patches_ICSE/Doverfitting/kPAR/Lang/patch1-Lang-53-kPAR-plausible.patch",
            "test": "test_from_WangICSE_patch1-Lang-53-Nopol-plausible",
            "failing": 1,
            "testrun": 111,
            "failings": [
                "test069(org.apache.commons.lang.time.DateUtils_ESTest)"
            ],
            "status": "ok",
            "test_executed": [
                "org.apache.commons.lang.time.DateUtils_ESTest"
            ],
            "failing_assertions": [
                "org.junit.ComparisonFailure: expected:<Fri Feb 14 20:21:[21] GMT 2014> but was:<Fri Feb 14 20:21:[00] GMT 2014>"
            ],
            "failing_lines": [
                [
                    "org.apache.commons.lang.time.DateUtils_ESTest.test069(DateUtils_ESTest.java:829)"
                ]
            ]
        }
    ],
    "duration": 18.75
}