{
    "patch": "/Users/matias/develop/git-xTestCluster/Patches/Patches_Wang902/Patches_others/Dcorrect/Jaid/Chart/patch2-Chart-9-Jaid.patch",
    "project": "Chart",
    "bugid": "9",
    "dataset": "Patches_others",
    "date": "2023-02-17T17:22:48.846680",
    "project_checked": "ok",
    "compiledProjectModified": "ok",
    "patchApplied": "ok",
    "arrive_end": "ok",
    "patched_project_pass_all_test": "no",
    "test_execution": [
        {
            "patch": "/Users/matias/develop/git-xTestCluster/Patches/Patches_Wang902/Patches_others/Dcorrect/Jaid/Chart/patch2-Chart-9-Jaid.patch",
            "test": "test_from_WangDRR_patch2-Chart-9-Jaid",
            "failing": 0,
            "testrun": 132,
            "failings": [],
            "status": "ok",
            "test_executed": [
                "org.jfree.data.time.TimeSeries_ESTest"
            ],
            "failing_assertions": [],
            "failing_lines": []
        }
    ],
    "duration": 29.91
}