{
    "patch": "/home/mmartinez/xTestCluster/Patches/Patches_Wang902/Patches_others/Doverfitting/CapGen/Math/patch3-Math-63-CapGen-plausible.patch",
    "project": "Math",
    "bugid": "63",
    "dataset": "Patches_others",
    "date": "2022-12-16T04:21:09.936343",
    "project_checked": "ok",
    "compiledProjectModified": "ok",
    "patchApplied": "ok",
    "arrive_end": "ok",
    "patched_project_pass_all_test": "no",
    "test_execution": [
        {
            "patch": "/home/mmartinez/xTestCluster/Patches/Patches_Wang902/Patches_others/Doverfitting/CapGen/Math/patch3-Math-63-CapGen-plausible.patch",
            "test": "test_from_WangDRR_patch4-Math-63-CapGen-plausible",
            "failing": 0,
            "testrun": 256,
            "failings": [],
            "status": "ok",
            "test_executed": [
                "org.apache.commons.math.util.MathUtils_ESTest"
            ],
            "failing_assertions": [],
            "failing_lines": []
        },
        {
            "patch": "/home/mmartinez/xTestCluster/Patches/Patches_Wang902/Patches_others/Doverfitting/CapGen/Math/patch3-Math-63-CapGen-plausible.patch",
            "test": "test_from_WangDRR_patch5-Math-63-CapGen-plausible",
            "failing": 0,
            "testrun": 269,
            "failings": [],
            "status": "ok",
            "test_executed": [
                "org.apache.commons.math.util.MathUtils_ESTest"
            ],
            "failing_assertions": [],
            "failing_lines": []
        },
        {
            "patch": "/home/mmartinez/xTestCluster/Patches/Patches_Wang902/Patches_others/Doverfitting/CapGen/Math/patch3-Math-63-CapGen-plausible.patch",
            "test": "test_from_WangICSE_patch1-Math-63-TBar-plausible",
            "failing": 0,
            "testrun": 268,
            "failings": [],
            "status": "ok",
            "test_executed": [
                "org.apache.commons.math.util.MathUtils_ESTest"
            ],
            "failing_assertions": [],
            "failing_lines": []
        },
        {
            "patch": "/home/mmartinez/xTestCluster/Patches/Patches_Wang902/Patches_others/Doverfitting/CapGen/Math/patch3-Math-63-CapGen-plausible.patch",
            "test": "test_from_WangDRR_patch1-Math-63-CapGen-plausible",
            "failing": 0,
            "testrun": 269,
            "failings": [],
            "status": "ok",
            "test_executed": [
                "org.apache.commons.math.util.MathUtils_ESTest"
            ],
            "failing_assertions": [],
            "failing_lines": []
        },
        {
            "patch": "/home/mmartinez/xTestCluster/Patches/Patches_Wang902/Patches_others/Doverfitting/CapGen/Math/patch3-Math-63-CapGen-plausible.patch",
            "test": "test_from_WangDRR_patch6-Math-63-CapGen-plausible",
            "failing": 0,
            "testrun": 269,
            "failings": [],
            "status": "ok",
            "test_executed": [
                "org.apache.commons.math.util.MathUtils_ESTest"
            ],
            "failing_assertions": [],
            "failing_lines": []
        },
        {
            "patch": "/home/mmartinez/xTestCluster/Patches/Patches_Wang902/Patches_others/Doverfitting/CapGen/Math/patch3-Math-63-CapGen-plausible.patch",
            "test": "test_from_WangDRR_patch1-Math-63-SequenceR",
            "failing": 0,
            "testrun": 269,
            "failings": [],
            "status": "ok",
            "test_executed": [
                "org.apache.commons.math.util.MathUtils_ESTest"
            ],
            "failing_assertions": [],
            "failing_lines": []
        },
        {
            "patch": "/home/mmartinez/xTestCluster/Patches/Patches_Wang902/Patches_others/Doverfitting/CapGen/Math/patch3-Math-63-CapGen-plausible.patch",
            "test": "test_from_WangICSE_patch1-Math-63-FixMiner-plausible",
            "failing": 0,
            "testrun": 255,
            "failings": [],
            "status": "ok",
            "test_executed": [
                "org.apache.commons.math.util.MathUtils_ESTest"
            ],
            "failing_assertions": [],
            "failing_lines": []
        },
        {
            "patch": "/home/mmartinez/xTestCluster/Patches/Patches_Wang902/Patches_others/Doverfitting/CapGen/Math/patch3-Math-63-CapGen-plausible.patch",
            "test": "test_from_WangDRR_patch7-Math-63-CapGen-plausible",
            "failing": 0,
            "testrun": 277,
            "failings": [],
            "status": "ok",
            "test_executed": [
                "org.apache.commons.math.util.MathUtils_ESTest"
            ],
            "failing_assertions": [],
            "failing_lines": []
        },
        {
            "patch": "/home/mmartinez/xTestCluster/Patches/Patches_Wang902/Patches_others/Doverfitting/CapGen/Math/patch3-Math-63-CapGen-plausible.patch",
            "test": "test_from_WangDRR_patch8-Math-63-CapGen-plausible",
            "failing": 0,
            "testrun": 256,
            "failings": [],
            "status": "ok",
            "test_executed": [
                "org.apache.commons.math.util.MathUtils_ESTest"
            ],
            "failing_assertions": [],
            "failing_lines": []
        },
        {
            "patch": "/home/mmartinez/xTestCluster/Patches/Patches_Wang902/Patches_others/Doverfitting/CapGen/Math/patch3-Math-63-CapGen-plausible.patch",
            "test": "test_from_WangICSE_patch1-Math-63-SimFix-plausible",
            "failing": 0,
            "testrun": 232,
            "failings": [],
            "status": "ok",
            "test_executed": [
                "org.apache.commons.math.util.MathUtils_ESTest"
            ],
            "failing_assertions": [],
            "failing_lines": []
        },
        {
            "patch": "/home/mmartinez/xTestCluster/Patches/Patches_Wang902/Patches_others/Doverfitting/CapGen/Math/patch3-Math-63-CapGen-plausible.patch",
            "test": "test_from_WangDRR_patch3-Math-63-CapGen-plausible",
            "failing": 0,
            "testrun": 273,
            "failings": [],
            "status": "ok",
            "test_executed": [
                "org.apache.commons.math.util.MathUtils_ESTest"
            ],
            "failing_assertions": [],
            "failing_lines": []
        },
        {
            "patch": "/home/mmartinez/xTestCluster/Patches/Patches_Wang902/Patches_others/Doverfitting/CapGen/Math/patch3-Math-63-CapGen-plausible.patch",
            "test": "test_from_WangICSE_patch1-Math-63-Cardumen-plausible",
            "failing": 3,
            "testrun": 227,
            "failings": [
                "test207(org.apache.commons.math.util.MathUtils_ESTest)",
                "test095(org.apache.commons.math.util.MathUtils_ESTest)",
                "test191(org.apache.commons.math.util.MathUtils_ESTest)"
            ],
            "status": "ok",
            "test_executed": [
                "org.apache.commons.math.util.MathUtils_ESTest"
            ],
            "failing_assertions": [
                "java.lang.AssertionError",
                "java.lang.AssertionError: expected:<40> but was:<320>",
                "java.lang.AssertionError: Expecting exception: ArithmeticException"
            ],
            "failing_lines": [
                [
                    "org.apache.commons.math.util.MathUtils_ESTest.test207(MathUtils_ESTest.java:1951)"
                ],
                [
                    "org.apache.commons.math.util.MathUtils_ESTest.test095(MathUtils_ESTest.java:901)"
                ],
                [
                    "org.apache.commons.math.util.MathUtils_ESTest.test191(MathUtils_ESTest.java:1815)"
                ]
            ]
        },
        {
            "patch": "/home/mmartinez/xTestCluster/Patches/Patches_Wang902/Patches_others/Doverfitting/CapGen/Math/patch3-Math-63-CapGen-plausible.patch",
            "test": "test_from_WangDRR_patch1-Math-63-CapGen",
            "failing": 0,
            "testrun": 246,
            "failings": [],
            "status": "ok",
            "test_executed": [
                "org.apache.commons.math.util.MathUtils_ESTest"
            ],
            "failing_assertions": [],
            "failing_lines": []
        },
        {
            "patch": "/home/mmartinez/xTestCluster/Patches/Patches_Wang902/Patches_others/Doverfitting/CapGen/Math/patch3-Math-63-CapGen-plausible.patch",
            "test": "test_from_WangDRR_patch2-Math-63-CapGen-plausible",
            "failing": 0,
            "testrun": 259,
            "failings": [],
            "status": "ok",
            "test_executed": [
                "org.apache.commons.math.util.MathUtils_ESTest"
            ],
            "failing_assertions": [],
            "failing_lines": []
        }
    ],
    "duration": 77.97
}