{
    "patch": "/home/mmartinez/xTestCluster/Patches/Patches_Wang902/Patches_ICSE/Doverfitting/Arja/Lang/patch1-Lang-7-Arja-plausible.patch",
    "project": "Lang",
    "bugid": "7",
    "dataset": "Patches_ICSE",
    "date": "2022-12-16T04:06:49.619326",
    "project_checked": "ok",
    "compiledProjectModified": "ok",
    "patchApplied": "ok",
    "arrive_end": "ok",
    "patched_project_pass_all_test": "no",
    "test_execution": [
        {
            "patch": "/home/mmartinez/xTestCluster/Patches/Patches_Wang902/Patches_ICSE/Doverfitting/Arja/Lang/patch1-Lang-7-Arja-plausible.patch",
            "test": "test_from_WangICSE_patch1-Lang-7-jKali",
            "failing": 0,
            "testrun": 216,
            "failings": [],
            "status": "ok",
            "test_executed": [
                "org.apache.commons.lang3.math.NumberUtils_ESTest"
            ],
            "failing_assertions": [],
            "failing_lines": []
        },
        {
            "patch": "/home/mmartinez/xTestCluster/Patches/Patches_Wang902/Patches_ICSE/Doverfitting/Arja/Lang/patch1-Lang-7-Arja-plausible.patch",
            "test": "test_from_WangICSE_patch1-Lang-7-ACS",
            "failing": 0,
            "testrun": 219,
            "failings": [],
            "status": "ok",
            "test_executed": [
                "org.apache.commons.lang3.math.NumberUtils_ESTest"
            ],
            "failing_assertions": [],
            "failing_lines": []
        },
        {
            "patch": "/home/mmartinez/xTestCluster/Patches/Patches_Wang902/Patches_ICSE/Doverfitting/Arja/Lang/patch1-Lang-7-Arja-plausible.patch",
            "test": "test_from_WangICSE_patch1-Lang-7-RSRepair-plausible",
            "failing": 1,
            "testrun": 227,
            "failings": [
                "test210(org.apache.commons.lang3.math.NumberUtils_ESTest)"
            ],
            "status": "ok",
            "test_executed": [
                "org.apache.commons.lang3.math.NumberUtils_ESTest"
            ],
            "failing_assertions": [
                "java.lang.AssertionError: Exception was not thrown in java.lang.NumberFormatException but in org.apache.commons.lang3.math.NumberUtils.createNumber(NumberUtils.java:548): java.lang.NumberFormatException: --2y is not a valid number."
            ],
            "failing_lines": [
                [
                    "org.apache.commons.lang3.math.NumberUtils_ESTest.test210(NumberUtils_ESTest.java:1812)"
                ]
            ]
        },
        {
            "patch": "/home/mmartinez/xTestCluster/Patches/Patches_Wang902/Patches_ICSE/Doverfitting/Arja/Lang/patch1-Lang-7-Arja-plausible.patch",
            "test": "test_from_WangICSE_patch1-Lang-7-Arja-plausible",
            "failing": 0,
            "testrun": 219,
            "failings": [],
            "status": "ok",
            "test_executed": [
                "org.apache.commons.lang3.event.EventListenerSupport_ESTest",
                "org.apache.commons.lang3.math.NumberUtils_ESTest"
            ],
            "failing_assertions": [],
            "failing_lines": []
        },
        {
            "patch": "/home/mmartinez/xTestCluster/Patches/Patches_Wang902/Patches_ICSE/Doverfitting/Arja/Lang/patch1-Lang-7-Arja-plausible.patch",
            "test": "test_from_WangICSE_patch1-Lang-7-TBar",
            "failing": 0,
            "testrun": 215,
            "failings": [],
            "status": "ok",
            "test_executed": [
                "org.apache.commons.lang3.math.NumberUtils_ESTest"
            ],
            "failing_assertions": [],
            "failing_lines": []
        },
        {
            "patch": "/home/mmartinez/xTestCluster/Patches/Patches_Wang902/Patches_ICSE/Doverfitting/Arja/Lang/patch1-Lang-7-Arja-plausible.patch",
            "test": "test_from_WangICSE_patch1-Lang-7-GenProg-plausible",
            "failing": 0,
            "testrun": 225,
            "failings": [],
            "status": "ok",
            "test_executed": [
                "org.apache.commons.lang3.math.NumberUtils_ESTest"
            ],
            "failing_assertions": [],
            "failing_lines": []
        },
        {
            "patch": "/home/mmartinez/xTestCluster/Patches/Patches_Wang902/Patches_ICSE/Doverfitting/Arja/Lang/patch1-Lang-7-Arja-plausible.patch",
            "test": "test_from_WangICSE_patch1-Lang-7-AVATAR",
            "failing": 2,
            "testrun": 218,
            "failings": [
                "test076(org.apache.commons.lang3.math.NumberUtils_ESTest)",
                "test176(org.apache.commons.lang3.math.NumberUtils_ESTest)"
            ],
            "status": "ok",
            "test_executed": [
                "org.apache.commons.lang3.math.NumberUtils_ESTest"
            ],
            "failing_assertions": [
                "java.lang.AssertionError: Exception was not thrown in org.apache.commons.lang3.math.NumberUtils but in java.math.BigDecimal.<init>(BigDecimal.java:494): java.lang.NumberFormatException",
                "java.lang.AssertionError: Exception was not thrown in org.apache.commons.lang3.math.NumberUtils but in java.math.BigDecimal.<init>(BigDecimal.java:494): java.lang.NumberFormatException"
            ],
            "failing_lines": [
                [
                    "org.apache.commons.lang3.math.NumberUtils_ESTest.test076(NumberUtils_ESTest.java:558)"
                ],
                [
                    "org.apache.commons.lang3.math.NumberUtils_ESTest.test176(NumberUtils_ESTest.java:1491)"
                ]
            ]
        }
    ],
    "duration": 31.24
}