{
    "patch": "/home/mmartinez/xTestCluster/Patches/Patches_Wang902/Patches_ICSE/Doverfitting/Kali/Chart/patch1-Chart-12-Kali-plausible.patch",
    "project": "Chart",
    "bugid": "12",
    "dataset": "Patches_ICSE",
    "date": "2023-02-06T06:39:10.871778",
    "project_checked": "ok",
    "compiledProjectModified": "ok",
    "patchApplied": "ok",
    "arrive_end": "ok",
    "patched_project_pass_all_test": "no",
    "test_execution": [
        {
            "patch": "/home/mmartinez/xTestCluster/Patches/Patches_Wang902/Patches_ICSE/Doverfitting/Kali/Chart/patch1-Chart-12-Kali-plausible.patch",
            "test": "test_from_WangICSE_patch1-Chart-12-RSRepair-plausible",
            "failing": 0,
            "testrun": 38,
            "failings": [],
            "status": "ok",
            "test_executed": [
                "org.jfree.chart.plot.MultiplePiePlot_ESTest"
            ],
            "failing_assertions": [],
            "failing_lines": []
        },
        {
            "patch": "/home/mmartinez/xTestCluster/Patches/Patches_Wang902/Patches_ICSE/Doverfitting/Kali/Chart/patch1-Chart-12-Kali-plausible.patch",
            "test": "test_from_WangICSE_patch1-Chart-12-SimFix-plausible",
            "failing": 0,
            "testrun": 43,
            "failings": [],
            "status": "ok",
            "test_executed": [
                "org.jfree.chart.plot.MultiplePiePlot_ESTest"
            ],
            "failing_assertions": [],
            "failing_lines": []
        },
        {
            "patch": "/home/mmartinez/xTestCluster/Patches/Patches_Wang902/Patches_ICSE/Doverfitting/Kali/Chart/patch1-Chart-12-Kali-plausible.patch",
            "test": "test_from_WangICSE_patch1-Chart-12-GenProg-plausible",
            "failing": 18,
            "testrun": 150,
            "failings": [
                "test07(org.jfree.chart.plot.MultiplePiePlot_ESTest)",
                "test18(org.jfree.chart.plot.MultiplePiePlot_ESTest)",
                "test17(org.jfree.chart.plot.MultiplePiePlot_ESTest)",
                "test19(org.jfree.chart.plot.MultiplePiePlot_ESTest)",
                "test31(org.jfree.chart.plot.MultiplePiePlot_ESTest)",
                "test15(org.jfree.chart.plot.MultiplePiePlot_ESTest)",
                "test106(org.jfree.chart.JFreeChart_ESTest)",
                "test069(org.jfree.chart.JFreeChart_ESTest)",
                "test102(org.jfree.chart.JFreeChart_ESTest)",
                "test077(org.jfree.chart.JFreeChart_ESTest)",
                "test111(org.jfree.chart.JFreeChart_ESTest)",
                "test075(org.jfree.chart.JFreeChart_ESTest)",
                "test076(org.jfree.chart.JFreeChart_ESTest)",
                "test100(org.jfree.chart.JFreeChart_ESTest)",
                "test098(org.jfree.chart.JFreeChart_ESTest)",
                "test096(org.jfree.chart.JFreeChart_ESTest)",
                "test112(org.jfree.chart.JFreeChart_ESTest)",
                "test084(org.jfree.chart.JFreeChart_ESTest)"
            ],
            "status": "ok",
            "test_executed": [
                "org.jfree.chart.plot.MultiplePiePlot_ESTest",
                "org.jfree.chart.JFreeChart_ESTest"
            ],
            "failing_assertions": [
                "java.lang.AssertionError: Expecting exception: NullPointerException",
                "java.lang.AssertionError: Expecting exception: NullPointerException",
                "java.lang.AssertionError: Expecting exception: NullPointerException",
                "java.lang.AssertionError: Expecting exception: NullPointerException",
                "java.lang.AssertionError: expected null, but was:<java.awt.Color[r=192,g=192,b=192]>",
                "java.lang.AssertionError: Expecting exception: IllegalArgumentException",
                "java.lang.AssertionError: expected:<1> but was:<0>",
                "java.lang.AssertionError",
                "java.lang.AssertionError: expected:<1> but was:<0>",
                "java.lang.AssertionError: expected:<1> but was:<0>",
                "java.lang.AssertionError: expected:<1> but was:<0>",
                "java.lang.AssertionError: expected:<1> but was:<0>",
                "java.lang.AssertionError: expected:<1> but was:<0>",
                "java.lang.AssertionError: expected:<1> but was:<0>",
                "java.lang.AssertionError: expected:<1> but was:<0>",
                "java.lang.AssertionError: expected:<1> but was:<0>",
                "java.lang.AssertionError: expected:<1> but was:<0>",
                "java.lang.AssertionError: expected:<1> but was:<0>"
            ],
            "failing_lines": [
                [
                    "org.jfree.chart.plot.MultiplePiePlot_ESTest.test07(MultiplePiePlot_ESTest.java:129)"
                ],
                [
                    "org.jfree.chart.plot.MultiplePiePlot_ESTest.test18(MultiplePiePlot_ESTest.java:280)"
                ],
                [
                    "org.jfree.chart.plot.MultiplePiePlot_ESTest.test17(MultiplePiePlot_ESTest.java:259)"
                ],
                [
                    "org.jfree.chart.plot.MultiplePiePlot_ESTest.test19(MultiplePiePlot_ESTest.java:301)"
                ],
                [
                    "org.jfree.chart.plot.MultiplePiePlot_ESTest.test31(MultiplePiePlot_ESTest.java:447)"
                ],
                [
                    "org.jfree.chart.plot.MultiplePiePlot_ESTest.test15(MultiplePiePlot_ESTest.java:230)"
                ],
                [
                    "org.jfree.chart.JFreeChart_ESTest.test106(JFreeChart_ESTest.java:1436)"
                ],
                [
                    "org.jfree.chart.JFreeChart_ESTest.test069(JFreeChart_ESTest.java:949)"
                ],
                [
                    "org.jfree.chart.JFreeChart_ESTest.test102(JFreeChart_ESTest.java:1386)"
                ],
                [
                    "org.jfree.chart.JFreeChart_ESTest.test077(JFreeChart_ESTest.java:1059)"
                ],
                [
                    "org.jfree.chart.JFreeChart_ESTest.test111(JFreeChart_ESTest.java:1510)"
                ],
                [
                    "org.jfree.chart.JFreeChart_ESTest.test075(JFreeChart_ESTest.java:1039)"
                ],
                [
                    "org.jfree.chart.JFreeChart_ESTest.test076(JFreeChart_ESTest.java:1050)"
                ],
                [
                    "org.jfree.chart.JFreeChart_ESTest.test100(JFreeChart_ESTest.java:1358)"
                ],
                [
                    "org.jfree.chart.JFreeChart_ESTest.test098(JFreeChart_ESTest.java:1334)"
                ],
                [
                    "org.jfree.chart.JFreeChart_ESTest.test096(JFreeChart_ESTest.java:1313)"
                ],
                [
                    "org.jfree.chart.JFreeChart_ESTest.test112(JFreeChart_ESTest.java:1523)"
                ],
                [
                    "org.jfree.chart.JFreeChart_ESTest.test084(JFreeChart_ESTest.java:1157)"
                ]
            ]
        },
        {
            "patch": "/home/mmartinez/xTestCluster/Patches/Patches_Wang902/Patches_ICSE/Doverfitting/Kali/Chart/patch1-Chart-12-Kali-plausible.patch",
            "test": "test_from_WangICSE_patch1-Chart-12-Kali-plausible",
            "failing": 0,
            "testrun": 11,
            "failings": [],
            "status": "ok",
            "test_executed": [
                "org.jfree.data.general.AbstractDataset_ESTest"
            ],
            "failing_assertions": [],
            "failing_lines": []
        },
        {
            "patch": "/home/mmartinez/xTestCluster/Patches/Patches_Wang902/Patches_ICSE/Doverfitting/Kali/Chart/patch1-Chart-12-Kali-plausible.patch",
            "test": "test_from_WangICSE_patch1-Chart-12-TBar-plausible",
            "failing": 0,
            "testrun": 13,
            "failings": [],
            "status": "ok",
            "test_executed": [
                "org.jfree.data.general.AbstractDataset_ESTest"
            ],
            "failing_assertions": [],
            "failing_lines": []
        },
        {
            "patch": "/home/mmartinez/xTestCluster/Patches/Patches_Wang902/Patches_ICSE/Doverfitting/Kali/Chart/patch1-Chart-12-Kali-plausible.patch",
            "test": "test_from_WangICSE_patch1-Chart-12-Arja",
            "failing": 0,
            "testrun": 35,
            "failings": [],
            "status": "ok",
            "test_executed": [
                "org.jfree.chart.plot.MultiplePiePlot_ESTest"
            ],
            "failing_assertions": [],
            "failing_lines": []
        }
    ],
    "duration": 35.42
}