{
    "patch": "/home/mmartinez/xTestCluster/Patches/Patches_Wang902/Patches_others/Doverfitting/Jaid/Lang/patch2-Lang-45-Jaid-plausible.patch",
    "project": "Lang",
    "bugid": "45",
    "dataset": "Patches_others",
    "date": "2023-02-17T00:30:47.120226",
    "project_checked": "ok",
    "compiledProjectModified": "ok",
    "patchApplied": "ok",
    "arrive_end": "ok",
    "patched_project_pass_all_test": "no",
    "test_execution": [
        {
            "patch": "/home/mmartinez/xTestCluster/Patches/Patches_Wang902/Patches_others/Doverfitting/Jaid/Lang/patch2-Lang-45-Jaid-plausible.patch",
            "test": "test_from_WangDRR_patch2-Lang-45-Jaid-plausible",
            "failing": 0,
            "testrun": 4694,
            "failings": [],
            "status": "ok",
            "test_executed": [
                "RegressionTest1",
                "RegressionTest6",
                "RegressionTest8",
                "RegressionTest3",
                "RegressionTest9",
                "RegressionTest5",
                "RegressionTest4",
                "RegressionTest2",
                "RegressionTest0",
                "RegressionTest7"
            ],
            "failing_assertions": [],
            "failing_lines": []
        },
        {
            "patch": "/home/mmartinez/xTestCluster/Patches/Patches_Wang902/Patches_others/Doverfitting/Jaid/Lang/patch2-Lang-45-Jaid-plausible.patch",
            "test": "test_from_WangDRR_patch1-Lang-45-Jaid",
            "failing": 0,
            "testrun": 4588,
            "failings": [],
            "status": "ok",
            "test_executed": [
                "RegressionTest1",
                "RegressionTest6",
                "RegressionTest8",
                "RegressionTest3",
                "RegressionTest9",
                "RegressionTest5",
                "RegressionTest4",
                "RegressionTest2",
                "RegressionTest0",
                "RegressionTest7"
            ],
            "failing_assertions": [],
            "failing_lines": []
        },
        {
            "patch": "/home/mmartinez/xTestCluster/Patches/Patches_Wang902/Patches_others/Doverfitting/Jaid/Lang/patch2-Lang-45-Jaid-plausible.patch",
            "test": "test_from_WangDRR_patch1-Lang-45-Jaid-plausible",
            "failing": 0,
            "testrun": 4735,
            "failings": [],
            "status": "ok",
            "test_executed": [
                "RegressionTest1",
                "RegressionTest6",
                "RegressionTest8",
                "RegressionTest3",
                "RegressionTest9",
                "RegressionTest5",
                "RegressionTest4",
                "RegressionTest2",
                "RegressionTest0",
                "RegressionTest7"
            ],
            "failing_assertions": [],
            "failing_lines": []
        },
        {
            "patch": "/home/mmartinez/xTestCluster/Patches/Patches_Wang902/Patches_others/Doverfitting/Jaid/Lang/patch2-Lang-45-Jaid-plausible.patch",
            "test": "test_from_WangICSE_patch1-Lang-45-kPAR-plausible",
            "failing": 30,
            "testrun": 4686,
            "failings": [
                "test0736(RegressionTest1)",
                "test0950(RegressionTest1)",
                "test0953(RegressionTest1)",
                "test3431(RegressionTest6)",
                "test4438(RegressionTest8)",
                "test1629(RegressionTest3)",
                "test1668(RegressionTest3)",
                "test1772(RegressionTest3)",
                "test1786(RegressionTest3)",
                "test1794(RegressionTest3)",
                "test1859(RegressionTest3)",
                "test1911(RegressionTest3)",
                "test4638(RegressionTest9)",
                "test2541(RegressionTest5)",
                "test2851(RegressionTest5)",
                "test2885(RegressionTest5)",
                "test2410(RegressionTest4)",
                "test1345(RegressionTest2)",
                "test0059(RegressionTest0)",
                "test0079(RegressionTest0)",
                "test0097(RegressionTest0)",
                "test0101(RegressionTest0)",
                "test0161(RegressionTest0)",
                "test0214(RegressionTest0)",
                "test0223(RegressionTest0)",
                "test0232(RegressionTest0)",
                "test0235(RegressionTest0)",
                "test0401(RegressionTest0)",
                "test3657(RegressionTest7)",
                "test3928(RegressionTest7)"
            ],
            "status": "ok",
            "test_executed": [
                "RegressionTest1",
                "RegressionTest6",
                "RegressionTest8",
                "RegressionTest3",
                "RegressionTest9",
                "RegressionTest5",
                "RegressionTest4",
                "RegressionTest2",
                "RegressionTest0",
                "RegressionTest7"
            ],
            "failing_assertions": [
                "java.lang.AssertionError: Expected exception of type java.lang.StringIndexOutOfBoundsException; message: String index out of range: 100",
                "java.lang.AssertionError: Expected exception of type java.lang.StringIndexOutOfBoundsException; message: String index out of range: 100",
                "java.lang.AssertionError: Expected exception of type java.lang.StringIndexOutOfBoundsException; message: String index out of range: 10",
                "java.lang.AssertionError: Expected exception of type java.lang.StringIndexOutOfBoundsException; message: String index out of range: 97",
                "java.lang.AssertionError: Expected exception of type java.lang.StringIndexOutOfBoundsException; message: String index out of range: 100",
                "java.lang.AssertionError: Expected exception of type java.lang.StringIndexOutOfBoundsException; message: String index out of range: 100",
                "java.lang.AssertionError: Expected exception of type java.lang.StringIndexOutOfBoundsException; message: String index out of range: 97",
                "java.lang.AssertionError: Expected exception of type java.lang.StringIndexOutOfBoundsException; message: String index out of range: 100",
                "java.lang.AssertionError: Expected exception of type java.lang.StringIndexOutOfBoundsException; message: String index out of range: 100",
                "java.lang.AssertionError: Expected exception of type java.lang.StringIndexOutOfBoundsException; message: String index out of range: 100",
                "java.lang.AssertionError: Expected exception of type java.lang.StringIndexOutOfBoundsException; message: String index out of range: 97",
                "java.lang.AssertionError: Expected exception of type java.lang.StringIndexOutOfBoundsException; message: String index out of range: 52",
                "java.lang.AssertionError: Expected exception of type java.lang.StringIndexOutOfBoundsException; message: String index out of range: 52",
                "java.lang.AssertionError: Expected exception of type java.lang.StringIndexOutOfBoundsException; message: String index out of range: 100",
                "java.lang.AssertionError: Expected exception of type java.lang.StringIndexOutOfBoundsException; message: String index out of range: 32",
                "java.lang.AssertionError: Expected exception of type java.lang.StringIndexOutOfBoundsException; message: String index out of range: 35",
                "java.lang.AssertionError: Expected exception of type java.lang.StringIndexOutOfBoundsException; message: String index out of range: 100",
                "java.lang.AssertionError: Expected exception of type java.lang.StringIndexOutOfBoundsException; message: String index out of range: 100",
                "java.lang.AssertionError: Expected exception of type java.lang.StringIndexOutOfBoundsException; message: String index out of range: 52",
                "java.lang.AssertionError: Expected exception of type java.lang.StringIndexOutOfBoundsException; message: String index out of range: 10",
                "java.lang.AssertionError: Expected exception of type java.lang.StringIndexOutOfBoundsException; message: String index out of range: 35",
                "java.lang.AssertionError: Expected exception of type java.lang.StringIndexOutOfBoundsException; message: String index out of range: 97",
                "java.lang.AssertionError: Expected exception of type java.lang.StringIndexOutOfBoundsException; message: String index out of range: 35",
                "java.lang.AssertionError: Expected exception of type java.lang.StringIndexOutOfBoundsException; message: String index out of range: 32",
                "java.lang.AssertionError: Expected exception of type java.lang.StringIndexOutOfBoundsException; message: String index out of range: 100",
                "java.lang.AssertionError: Expected exception of type java.lang.StringIndexOutOfBoundsException; message: String index out of range: 10",
                "java.lang.AssertionError: Expected exception of type java.lang.StringIndexOutOfBoundsException; message: String index out of range: 100",
                "java.lang.AssertionError: Expected exception of type java.lang.StringIndexOutOfBoundsException; message: String index out of range: 100",
                "java.lang.AssertionError: Expected exception of type java.lang.StringIndexOutOfBoundsException; message: String index out of range: 97",
                "java.lang.AssertionError: Expected exception of type java.lang.StringIndexOutOfBoundsException; message: String index out of range: 100"
            ],
            "failing_lines": [
                [
                    "RegressionTest1.test0736(RegressionTest1.java:2431)"
                ],
                [
                    "RegressionTest1.test0950(RegressionTest1.java:4691)"
                ],
                [
                    "RegressionTest1.test0953(RegressionTest1.java:4720)"
                ],
                [
                    "RegressionTest6.test3431(RegressionTest6.java:6396)"
                ],
                [
                    "RegressionTest8.test4438(RegressionTest8.java:6653)"
                ],
                [
                    "RegressionTest3.test1629(RegressionTest3.java:1558)"
                ],
                [
                    "RegressionTest3.test1668(RegressionTest3.java:1953)"
                ],
                [
                    "RegressionTest3.test1772(RegressionTest3.java:3241)"
                ],
                [
                    "RegressionTest3.test1786(RegressionTest3.java:3412)"
                ],
                [
                    "RegressionTest3.test1794(RegressionTest3.java:3496)"
                ],
                [
                    "RegressionTest3.test1859(RegressionTest3.java:4296)"
                ],
                [
                    "RegressionTest3.test1911(RegressionTest3.java:4900)"
                ],
                [
                    "RegressionTest9.test4638(RegressionTest9.java:2095)"
                ],
                [
                    "RegressionTest5.test2541(RegressionTest5.java:577)"
                ],
                [
                    "RegressionTest5.test2851(RegressionTest5.java:4665)"
                ],
                [
                    "RegressionTest5.test2885(RegressionTest5.java:5144)"
                ],
                [
                    "RegressionTest4.test2410(RegressionTest4.java:5422)"
                ],
                [
                    "RegressionTest2.test1345(RegressionTest2.java:3777)"
                ],
                [
                    "RegressionTest0.test0059(RegressionTest0.java:509)"
                ],
                [
                    "RegressionTest0.test0079(RegressionTest0.java:706)"
                ],
                [
                    "RegressionTest0.test0097(RegressionTest0.java:857)"
                ],
                [
                    "RegressionTest0.test0101(RegressionTest0.java:895)"
                ],
                [
                    "RegressionTest0.test0161(RegressionTest0.java:1442)"
                ],
                [
                    "RegressionTest0.test0214(RegressionTest0.java:1940)"
                ],
                [
                    "RegressionTest0.test0223(RegressionTest0.java:2026)"
                ],
                [
                    "RegressionTest0.test0232(RegressionTest0.java:2112)"
                ],
                [
                    "RegressionTest0.test0235(RegressionTest0.java:2152)"
                ],
                [
                    "RegressionTest0.test0401(RegressionTest0.java:3852)"
                ],
                [
                    "RegressionTest7.test3657(RegressionTest7.java:2182)"
                ],
                [
                    "RegressionTest7.test3928(RegressionTest7.java:6160)"
                ]
            ]
        },
        {
            "patch": "/home/mmartinez/xTestCluster/Patches/Patches_Wang902/Patches_others/Doverfitting/Jaid/Lang/patch2-Lang-45-Jaid-plausible.patch",
            "test": "test_from_WangICSE_patch1-Lang-45-SimFix-plausible",
            "failing": 127,
            "testrun": 4610,
            "failings": [
                "test0514(RegressionTest1)",
                "test0606(RegressionTest1)",
                "test0630(RegressionTest1)",
                "test0669(RegressionTest1)",
                "test0701(RegressionTest1)",
                "test0717(RegressionTest1)",
                "test0737(RegressionTest1)",
                "test0740(RegressionTest1)",
                "test0749(RegressionTest1)",
                "test0816(RegressionTest1)",
                "test0866(RegressionTest1)",
                "test0899(RegressionTest1)",
                "test0900(RegressionTest1)",
                "test0913(RegressionTest1)",
                "test0975(RegressionTest1)",
                "test0976(RegressionTest1)",
                "test0984(RegressionTest1)",
                "test3220(RegressionTest6)",
                "test3293(RegressionTest6)",
                "test3348(RegressionTest6)",
                "test3375(RegressionTest6)",
                "test3383(RegressionTest6)",
                "test3407(RegressionTest6)",
                "test3445(RegressionTest6)",
                "test4044(RegressionTest8)",
                "test4084(RegressionTest8)",
                "test4140(RegressionTest8)",
                "test4208(RegressionTest8)",
                "test4213(RegressionTest8)",
                "test4227(RegressionTest8)",
                "test4263(RegressionTest8)",
                "test4326(RegressionTest8)",
                "test4356(RegressionTest8)",
                "test4385(RegressionTest8)",
                "test4481(RegressionTest8)",
                "test4495(RegressionTest8)",
                "test1528(RegressionTest3)",
                "test1581(RegressionTest3)",
                "test1595(RegressionTest3)",
                "test1624(RegressionTest3)",
                "test1634(RegressionTest3)",
                "test1636(RegressionTest3)",
                "test1657(RegressionTest3)",
                "test1658(RegressionTest3)",
                "test1735(RegressionTest3)",
                "test1761(RegressionTest3)",
                "test1768(RegressionTest3)",
                "test1821(RegressionTest3)",
                "test1841(RegressionTest3)",
                "test1863(RegressionTest3)",
                "test1881(RegressionTest3)",
                "test1889(RegressionTest3)",
                "test1917(RegressionTest3)",
                "test4521(RegressionTest9)",
                "test4584(RegressionTest9)",
                "test4600(RegressionTest9)",
                "test2569(RegressionTest5)",
                "test2582(RegressionTest5)",
                "test2601(RegressionTest5)",
                "test2622(RegressionTest5)",
                "test2627(RegressionTest5)",
                "test2636(RegressionTest5)",
                "test2685(RegressionTest5)",
                "test2690(RegressionTest5)",
                "test2797(RegressionTest5)",
                "test2808(RegressionTest5)",
                "test2838(RegressionTest5)",
                "test2861(RegressionTest5)",
                "test2892(RegressionTest5)",
                "test2980(RegressionTest5)",
                "test2051(RegressionTest4)",
                "test2068(RegressionTest4)",
                "test2212(RegressionTest4)",
                "test2223(RegressionTest4)",
                "test2225(RegressionTest4)",
                "test2348(RegressionTest4)",
                "test2367(RegressionTest4)",
                "test2388(RegressionTest4)",
                "test2397(RegressionTest4)",
                "test2445(RegressionTest4)",
                "test2460(RegressionTest4)",
                "test2487(RegressionTest4)",
                "test2490(RegressionTest4)",
                "test1065(RegressionTest2)",
                "test1127(RegressionTest2)",
                "test1135(RegressionTest2)",
                "test1184(RegressionTest2)",
                "test1293(RegressionTest2)",
                "test1323(RegressionTest2)",
                "test1326(RegressionTest2)",
                "test1331(RegressionTest2)",
                "test1356(RegressionTest2)",
                "test1436(RegressionTest2)",
                "test0027(RegressionTest0)",
                "test0040(RegressionTest0)",
                "test0059(RegressionTest0)",
                "test0079(RegressionTest0)",
                "test0097(RegressionTest0)",
                "test0101(RegressionTest0)",
                "test0139(RegressionTest0)",
                "test0143(RegressionTest0)",
                "test0162(RegressionTest0)",
                "test0185(RegressionTest0)",
                "test0188(RegressionTest0)",
                "test0205(RegressionTest0)",
                "test0212(RegressionTest0)",
                "test0217(RegressionTest0)",
                "test0218(RegressionTest0)",
                "test0223(RegressionTest0)",
                "test0226(RegressionTest0)",
                "test0234(RegressionTest0)",
                "test0236(RegressionTest0)",
                "test0314(RegressionTest0)",
                "test0349(RegressionTest0)",
                "test0368(RegressionTest0)",
                "test0412(RegressionTest0)",
                "test0425(RegressionTest0)",
                "test0427(RegressionTest0)",
                "test0450(RegressionTest0)",
                "test3584(RegressionTest7)",
                "test3589(RegressionTest7)",
                "test3600(RegressionTest7)",
                "test3633(RegressionTest7)",
                "test3757(RegressionTest7)",
                "test3861(RegressionTest7)",
                "test3870(RegressionTest7)",
                "test3873(RegressionTest7)"
            ],
            "status": "ok",
            "test_executed": [
                "RegressionTest1",
                "RegressionTest6",
                "RegressionTest8",
                "RegressionTest3",
                "RegressionTest9",
                "RegressionTest5",
                "RegressionTest4",
                "RegressionTest2",
                "RegressionTest0",
                "RegressionTest7"
            ],
            "failing_assertions": [
                "org.junit.ComparisonFailure: 'hhHi!HHi!IHi!HHi!!' != 'hHi!HHi!IHi!HHi!!' expected:<h[h]Hi!HHi!IHi!HHi!!> but was:<h[]Hi!HHi!IHi!HHi!!>",
                "org.junit.ComparisonFailure: 'H' != '' expected:<[H]> but was:<[]>",
                "java.lang.AssertionError: Expected exception of type java.lang.StringIndexOutOfBoundsException; message: String index out of range: -1",
                "org.junit.ComparisonFailure: 'HhhI!hhI!ihI!hhI!!' != 'hhI!hhI!ihI!hhI!!' expected:<[H]hhI!hhI!ihI!hhI!!> but was:<[]hhI!hhI!ihI!hhI!!>",
                "org.junit.ComparisonFailure: 'HhHI!HHI!IHhHHI!IHI!!HHHI!IHI!!hhI!hhI!ihI!hhI!!' != 'hHI!HHI!IHhHHI!IHI!!HHHI!IHI!!hhI!hhI!ihI!hhI!!' expected:<[H]hHI!HHI!IHhHHI!IHI!!...> but was:<[]hHI!HHI!IHhHHI!IHI!!...>",
                "org.junit.ComparisonFailure: 'hHi!HHi!IHHHHI!IHI!!HHHI!IHI!!iHHI!IHI!!!HHI!IHI!!HHHI!IHI!!HHHI!IHI!!iHHI!IHI!!!HHI!IHI!!IHHI!IHHhhHhhhi!ihi!!hhI!hhI!ihI!hhI!!hhhhi!ihi!!hhI!hhI!ihI!hhI!!Ihhhi!ihi!!hhI!hhI!ihI!hhI!!!hhhi!ihi!!hhI!hhI!ihI!hhI!!hhhhi!ihi!!hhI!hhI!ihI!hhI!!hhhhi!ihi!!hhI!hhI!ihI!hhI!!Ihhhi!ihi!!hhI!hhI!ihI!hhI!!!hhhi!ihi!!hhI!hhI!ihI!hhI!!ihhhi!ihi!!hhI!hhI!ihI!hhI!!hhhhi!ihi!!hhI!hhI!ihI!hhI!!hhhhi!ihi!!hhI!hhI!ihI!hhI!!ihhhi!ihi!!hhI!hhI!ihI!hhI!!!' != 'hHi!HHi!IHHHHI!IHI!!HHHI!IHI!!iHHI!IHI!!!HHI!IHI!!HHHI!IHI!!HHHI!IHI!!iHHI!IHI!!!HHI!IHI!!IHHI!IHHhhhi!ihi!!hhI!hhI!ihI!hhI!!hhhhi!ihi!!hhI!hhI!ihI!hhI!!Ihhhi!ihi!!hhI!hhI!ihI!hhI!!!hhhi!ihi!!hhI!hhI!ihI!hhI!!hhhhi!ihi!!hhI!hhI!ihI!hhI!!hhhhi!ihi!!hhI!hhI!ihI!hhI!!Ihhhi!ihi!!hhI!hhI!ihI!hhI!!!hhhi!ihi!!hhI!hhI!ihI!hhI!!ihhhi!ihi!!hhI!hhI!ihI!hhI!!hhhhi!ihi!!hhI!hhI!ihI!hhI!!hhhhi!ihi!!hhI!hhI!ihI!hhI!!ihhhi!ihi!!hhI!hhI!ihI!hhI!!!' expected:<...!HHI!IHI!!IHHI!IHHhh[Hhh]hi!ihi!!hhI!hhI!ihI!...> but was:<...!HHI!IHI!!IHHI!IHHhh[]hi!ihi!!hhI!hhI!ihI!...>",
                "org.junit.ComparisonFailure: 'hhHi!HHi!IHi!HHi!!' != 'hhHi!HHi!Ihhhhi!ihi!!hhI!hhI!ihI!hhI!!hhhhi!ihi!!hhI!hhI!ihI!hhI!!Ihhhi!ihi!!hhI!hhI!ihI!hhI!!!hhhi!ihi!!hhI!hhI!ihI!hhI!!hhhhi!ihi!!hhI!hhI!ihI!hhI!!hhhhi!ihi!!hhI!hhI!ihI!hhI!!Ihhhi!ihi!!hhI!hhI!ihI!hhI!!!hhhi!ihi!!hhI!hhI!ihI!hhI!!ihhhi!ihi!!hhI!hhI!ihI!hhI!!hhhhi!ihi!!hhI!hhI!ihI!hhI!!hhhhi!ihi!!hhI!hhI!ihI!hhI!!ihhhi!ihi!!hhI!hhI!ihI!hhI!!!' expected:<hhHi!HHi!I[Hi!HHi]!!> but was:<hhHi!HHi!I[hhhhi!ihi!!hhI!hhI!ihI!hhI!!hhhhi!ihi!!hhI!hhI!ihI!hhI!!Ihhhi!ihi!!hhI!hhI!ihI!hhI!!!hhhi!ihi!!hhI!hhI!ihI!hhI!!hhhhi!ihi!!hhI!hhI!ihI!hhI!!hhhhi!ihi!!hhI!hhI!ihI!hhI!!Ihhhi!ihi!!hhI!hhI!ihI!hhI!!!hhhi!ihi!!hhI!hhI!ihI!hhI!!ihhhi!ihi!!hhI!hhI!ihI!hhI!!hhhhi!ihi!!hhI!hhI!ihI!hhI!!hhhhi!ihi!!hhI!hhI!ihI!hhI!!ihhhi!ihi!!hhI!hhI!ihI!hhI!]!!>",
                "org.junit.ComparisonFailure: 'H' != '' expected:<[H]> but was:<[]>",
                "java.lang.AssertionError: Expected exception of type java.lang.StringIndexOutOfBoundsException; message: String index out of range: -1",
                "java.lang.AssertionError: Expected exception of type java.lang.StringIndexOutOfBoundsException; message: String index out of range: 52",
                "org.junit.ComparisonFailure: 'Hhi!hhi!ihhhhi!ihi!!hhhi!ihi!!ihhi!ihi!!!hhi!ihi!!hhhi!ihi!!hhhi!ihi!!ihhi!ihi!!!hhi!ihi!!ihhi!ihhHH' != 'Hhi!hhi!ihhhhi!ihi!!hhhi!ihi!!ihhi!ihi!!!hhi!ihi!!hh' expected:<...hi!ihi!!!hhi!ihi!!hh[hi!ihi!!hhhi!ihi!!ihhi!ihi!!!hhi!ihi!!ihhi!ihhHH]> but was:<...hi!ihi!!!hhi!ihi!!hh[]>",
                "java.lang.AssertionError: Expected exception of type java.lang.StringIndexOutOfBoundsException; message: String index out of range: 35",
                "java.lang.AssertionError: Expected exception of type java.lang.StringIndexOutOfBoundsException; message: String index out of range: 97",
                "java.lang.AssertionError: Expected exception of type java.lang.StringIndexOutOfBoundsException; message: String index out of range: -1",
                "org.junit.ComparisonFailure: 'hhhi!ihi!!hhhi!hhi!ihi!hhi!!hhhi!hhi!ihi!hhi!!ihhi!hhi!ihi!hhi!!!hhi!hhi!ihi!hhi!!hhhi!hhi!ihi!hhHhHi!HHi!IHi!HHi!!' != 'hhhi!ihi!!HhHi!HHi!IHi!HHi!!' expected:<hhhi!ihi!![hhhi!hhi!ihi!hhi!!hhhi!hhi!ihi!hhi!!ihhi!hhi!ihi!hhi!!!hhi!hhi!ihi!hhi!!hhhi!hhi!ihi!hh]HhHi!HHi!IHi!HHi!!> but was:<hhhi!ihi!![]HhHi!HHi!IHi!HHi!!>",
                "java.lang.AssertionError: Expected exception of type java.lang.StringIndexOutOfBoundsException; message: String index out of range: -1",
                "org.junit.ComparisonFailure: 'hhHi!HHi!IHHHHI!IHI!!HHHI!IHI!!iHHHHI!IHI!!HHHI!IHI!!IHHI!IHI!!!HHI!IHI!!HHHI!IHI!!HHHI!IHI!!IHHI!IHI!!!HHI!IHI!!IHHI!IHI!!HHHI!IHI!!IHHI!IHI!!!HHI!IHI!!HHHI!IHI!!HHHI!IHI!!IHHI!IHI!!!HHI!IHI!!!HI!IHI!!!HHI!IHI!!HHHI!IHI!!HHHIHHHI!IHI!!HHHI!IHI!!IHHI!IHI!!!HHI!IHI!!HHHI!IHI!!HHHI!IHI!!IHHI!IHI!!!HHI!IHI!!IHHI!IHI!!HHHI!IHI!!IHHI!IHI!!!HHI!IHI!!HHHI!IHI!!HHHI!IHI!!IHHI!IHI!!!HHI!IHI!!!!IHI!!iHHI!IHI!!!HHI!IHI!!IHHI!IHHHI!IHI!!HHHI!IHI!!IHHI!IHI!!!HHI!IHI!!HHHI!IHI!!HHHI!IHI!!IHHI!IHI!!!HHI!IHI!!IHHI!IHI!!HHHI!IHI!!IHHI!IHI!!!HHI!IHI!!HHHI!IHI!!HHHI!IHI!!IHHI!IHI!!!HHI!IHI!!!HI!!HHHI!IHI!!iHHI!IHI!!!HHI!IHIHHHI!IHI!!HHHI!IHI!!IHHI!IHI!!!HHI!IHI!!HHHI!IHI!!HHHI!IHI!!IHHI!IHI!!!HHI!IHI!!IHHI!IHI!!HHHI!IHI!!IHHI!IHI!!!HHI!IHI!!HHHI!IHI!!HHHI!IHI!!IHHI!IHI!!!HHI!IHI!!!!!HHHI!IHI!!HHHI!IHI!!iHHI!IHI!!HHHI!IHI!!HHHI!IHI!!IHHI!IHI!!!HHI!IHI!!HHHI!IHI!!HHHI!IHI!!IHHI!IHI!!!HHI!IHI!!IHHI!IHI!!HHHI!IHI!!IHHI!IHI!!!HHI!IHI!!HHHI!IHI!!HHHI!IHI!!IHHI!IHI!!!HHI!IHI!!!!HHI!IHI!!!i!HHi!!' != 'hHi!HHi!IHHHHI!IHI!!HHHI!IHI!!iHHHHI!IHI!!HHHI!IHI!!IHHI!IHI!!!HHI!IHI!!HHHI!IHI!!HHHI!IHI!!IHHI!IHI!!!HHI!IHI!!IHHI!IHI!!HHHI!IHI!!IHHI!IHI!!!HHI!IHI!!HHHI!IHI!!HHHI!IHI!!IHHI!IHI!!!HHI!IHI!!!HI!IHI!!!HHI!IHI!!HHHI!IHI!!HHHIHHHI!IHI!!HHHI!IHI!!IHHI!IHI!!!HHI!IHI!!HHHI!IHI!!HHHI!IHI!!IHHI!IHI!!!HHI!IHI!!IHHI!IHI!!HHHI!IHI!!IHHI!IHI!!!HHI!IHI!!HHHI!IHI!!HHHI!IHI!!IHHI!IHI!!!HHI!IHI!!!!IHI!!iHHI!IHI!!!HHI!IHI!!IHHI!IHHHI!IHI!!HHHI!IHI!!IHHI!IHI!!!HHI!IHI!!HHHI!IHI!!HHHI!IHI!!IHHI!IHI!!!HHI!IHI!!IHHI!IHI!!HHHI!IHI!!IHHI!IHI!!!HHI!IHI!!HHHI!IHI!!HHHI!IHI!!IHHI!IHI!!!HHI!IHI!!!HI!!HHHI!IHI!!iHHI!IHI!!!HHI!IHIHHHI!IHI!!HHHI!IHI!!IHHI!IHI!!!HHI!IHI!!HHHI!IHI!!HHHI!IHI!!IHHI!IHI!!!HHI!IHI!!IHHI!IHI!!HHHI!IHI!!IHHI!IHI!!!HHI!IHI!!HHHI!IHI!!HHHI!IHI!!IHHI!IHI!!!HHI!IHI!!!!!HHHI!IHI!!HHHI!IHI!!iHHI!IHI!!HHHI!IHI!!HHHI!IHI!!IHHI!IHI!!!HHI!IHI!!HHHI!IHI!!HHHI!IHI!!IHHI!IHI!!!HHI!IHI!!IHHI!IHI!!HHHI!IHI!!IHHI!IHI!!!HHI!IHI!!HHHI!IHI!!HHHI!IHI!!IHHI!IHI!!!HHI!IHI!!!!HHI!IHI!!!i!HHi!!' expected:<h[h]Hi!HHi!IHHHHI!IHI!!H...> but was:<h[]Hi!HHi!IHHHHI!IHI!!H...>",
                "org.junit.ComparisonFailure: 'hHhI!hhI!ihhhhi!ihi!!hhhi!ihi!!Ihhi!ihi!!!hhi!ihi!!hhhi!ihi!!hhhi!ihi!!Ihhi!ihi!!!hhi!ihi!!ihhi!ihHI!HHI!IHHHHI!IHI!!HHHI!IHI!!IHHHHI!IHI!!HHHI!IHI!!HHI!HHI!IHHI!' != 'hHhI!hhI!ihhhhi!ihi!!hhhi!ihi!!Ihhi!ihi!!!hhi!ihi!!hhHI!HHI!IHHHHI!IHI!!HHHI!IHI!!IHHHHI!IHI!!HHHI!IHI!!HHI!HHI!IHHI!' expected:<...hi!ihi!!!hhi!ihi!!hh[hi!ihi!!hhhi!ihi!!Ihhi!ihi!!!hhi!ihi!!ihhi!ih]HI!HHI!IHHHHI!IHI!!H...> but was:<...hi!ihi!!!hhi!ihi!!hh[]HI!HHI!IHHHHI!IHI!!H...>",
                "org.junit.ComparisonFailure: 'hhi!hhi!ihhhhi!ihi!!hhhi!ihi!!ihhi!ihi!!!hhi!ihi!!hhhhhi!ihi!!hhhi!ihi!!Ihhi!ihi!!!hhi!ihi!!hhhi!hhhi!hhi!ihi!hhi!!hhhi!hhi!ihi!hhi!!ihhi!hhi!ihi!hhi!!!hhi!hhi!ihi!hhi!!hhhi!hhi!ihi!hhi!!hhhi!hhi!ihhi!hhi!!ihhi!hhi!ihi!hhi!!!hhi!hhi!ihi!hhi!!ihhi!hhi!ihi!hhi!!hhhi!hhi!ihi!hhi!!hhhi!hhi!ihi!hhi!!ihhhi!hhi!ihi!hhi!!!' != 'hhi!hhi!ihhhhi!ihi!!hhhi!ihi!!ihhhhi!hhi!ihi!hhi!!hhhi!hhi!ihi!hhi!!ihhi!hhi!ihi!hhi!!!hhi!hhi!ihi!hhi!!hhhi!hhi!ihi!hhi!!hhhi!hhi!ihhi!hhi!!ihhi!hhi!ihi!hhi!!!hhi!hhi!ihi!hhi!!ihhi!hhi!ihi!hhi!!hhhi!hhi!ihi!hhi!!hhhi!hhi!ihi!hhi!!ihhhi!hhi!ihi!hhi!!!' expected:<...i!ihi!!hhhi!ihi!!ihh[i!ihi!!!hhi!ihi!!hhhhhi!ihi!!hhhi!ihi!!Ihhi!ihi!!!hhi!ihi!!hhhi!h]hhi!hhi!ihi!hhi!!hhh...> but was:<...i!ihi!!hhhi!ihi!!ihh[]hhi!hhi!ihi!hhi!!hhh...>",
                "java.lang.AssertionError: Expected exception of type java.lang.StringIndexOutOfBoundsException; message: String index out of range: -1",
                "org.junit.ComparisonFailure: 'HhI!hhI!ihhhhi!ihi!!hhhi!ihi!!IhhhhhHHHI!IHI!!HHHI!IHI!!HHI!HHI!IHI!HHI!!HHHHI!IHI!!HHHI!IHI!!HHIHhi!hhi!ihHhhi!ihi!!hhhi!ihi!!HHhHHI!IHI!!HHHI!IHI!!hhI!hhI!ihI!hhI!!' != 'HhI!hhI!ihHhi!hhi!ihHhhi!ihi!!hhhi!ihi!!HHhHHI!IHI!!HHHI!IHI!!hhI!hhI!ihI!hhI!!' expected:<HhI!hhI!ih[hhhi!ihi!!hhhi!ihi!!IhhhhhHHHI!IHI!!HHHI!IHI!!HHI!HHI!IHI!HHI!!HHHHI!IHI!!HHHI!IHI!!HHI]Hhi!hhi!ihHhhi!ihi!!...> but was:<HhI!hhI!ih[]Hhi!hhi!ihHhhi!ihi!!...>",
                "org.junit.ComparisonFailure: 'hHi!HHi!IHHHHI!IHI!!HHHI!IHI!!iHHHHHhhhi!ihi!!hhhi!ihhhhi!ihi!!hhi!hhi!ihi!hhi!!hhhhhhi!hhi!ihhhi!hhi!ihhhhi!ihi!!hhhi!ihi!!ihhi!ihi!!!hhi!ihi!!hhhi!ihi!!hhhi!ihi!!ihhi!ihi!!!hhi!ihi!!ihhi!ihhhhi!ihi!!hhhi!ihi!!ihhi!ihi!!!hhi!ihi!!hhhi!ihi!!hhhi!ihi!!ihhi!ihi!!!hhi!ihi!!ihhi!ihi!!hhhi!ihi!!ihhi!ihi!!!hhi!ihi!!hhhi!ihi!!hhhi!ihi!!ihhi!ihi!!!hhi!ihi!!!' != 'hHi!HHi!IHHHHI!IHI!!HHHI!IHI!!iHhhhhi!ihi!!hhi!hhi!ihi!hhi!!hhhhhhi!hhi!ihhhi!hhi!ihhhhi!ihi!!hhhi!ihi!!ihhi!ihi!!!hhi!ihi!!hhhi!ihi!!hhhi!ihi!!ihhi!ihi!!!hhi!ihi!!ihhi!ihhhhi!ihi!!hhhi!ihi!!ihhi!ihi!!!hhi!ihi!!hhhi!ihi!!hhhi!ihi!!ihhi!ihi!!!hhi!ihi!!ihhi!ihi!!hhhi!ihi!!ihhi!ihi!!!hhi!ihi!!hhhi!ihi!!hhhi!ihi!!ihhi!ihi!!!hhi!ihi!!!' expected:<...HI!IHI!!HHHI!IHI!!iH[HHHHhhhi!ihi!!hhhi!i]hhhhi!ihi!!hhi!hhi!i...> but was:<...HI!IHI!!HHHI!IHI!!iH[]hhhhi!ihi!!hhi!hhi!i...>",
                "java.lang.AssertionError: Expected exception of type java.lang.StringIndexOutOfBoundsException; message: String index out of range: -1",
                "org.junit.ComparisonFailure: 'hHHI!HHI!IHhHi!HHi!IHHhi!hhi!ihhi!HHHI!HHI!IHhHi!HHi!IHHhi!hhi!ihhi!HHHI!HHI!IHhHi!HHi!IHHhi!hhi!ihhhhhhi!ihi!!hhI!hhI!ihI!hhI!!hhhhi!ihi!!hhI!hhI!ihI!hhI!!Ihhhi!ihi!!hhI!hhI!ihI!hhI!!!hhhi!ihi!!hhI!hHhI!hhI!ihHi!' != 'hHHI!HHI!IHhHi!HHi!IHHhi!hhi!ihhhhhhi!ihi!!hhI!hhI!ihI!hhI!!hhhhi!ihi!!hhI!hhI!ihI!hhI!!Ihhhi!ihi!!hhI!hhI!ihI!hhI!!!hhhi!ihi!!hhI!hHhI!hhI!ihHi!' expected:<...Hi!HHi!IHHhi!hhi!ihh[i!HHHI!HHI!IHhHi!HHi!IHHhi!hhi!ihhi!HHHI!HHI!IHhHi!HHi!IHHhi!hhi!ihh]hhhhi!ihi!!hhI!hhI!i...> but was:<...Hi!HHi!IHHhi!hhi!ihh[]hhhhi!ihi!!hhI!hhI!i...>",
                "org.junit.ComparisonFailure: 'hhhHi!HHi!IHhhi!hhi!ihhhhi!ihi!!hhhi!ihi!!ihhi!ihi!!!hhi!ihi!!hhHhi!hhi!ihhhhi!ihi!!hhhi!ihi!!ihhi!ihHHHI!HHI!IHHHHI!IHI!!HHHI!IHI!!IHHI!HHI!HHI!IHHI!HHHI!HHI!IHHHHI!IHI!!HHHI!IHI!!IHHI!HHI!HHI!IHHIhhhHhI!hhI!ihhhhi!ihi!!hhhi!ihi!!Ihhi!ihi!!!hhi!ihi!!hhhi!ihi!!hhhi!ihi!!Ihhi!ihi!!!hhi!ihi!!ihhi!ihi!!hHhI!hhI!ihI!hhI!!' != 'hhHi!HHi!IHhhi!hhi!ihhhhi!ihi!!hhhi!ihi!!ihhi!ihi!!!hhi!ihi!!hhHhi!hhi!ihhhhi!ihi!!hhhi!ihi!!ihhi!ihHHHI!HHI!IHHHHI!IHI!!HHHI!IHI!!IHHI!HHI!HHI!IHHI!HHHI!HHI!IHHHHI!IHI!!HHHI!IHI!!IHHI!HHI!HHI!IHHIhhhHhI!hhI!ihhhhi!ihi!!hhhi!ihi!!Ihhi!ihi!!!hhi!ihi!!hhhi!ihi!!hhhi!ihi!!Ihhi!ihi!!!hhi!ihi!!ihhi!ihi!!hHhI!hhI!ihI!hhI!!' expected:<hh[h]Hi!HHi!IHhhi!hhi!ihh...> but was:<hh[]Hi!HHi!IHhhi!hhi!ihh...>",
                "org.junit.ComparisonFailure: 'HHI!HHI!IHHHHI!IHI!!HHHI!IHI!!IHHHIhhHhhi!ihi!!hhhi!ihi!!hhi!hhi!ihi!hhi!!HhHhhi!ihi!!hhhi!ihi!!hhi!hhi!ihi!hhi!!ihHhhi!ihi!!hhhi!ihi!!hhi!hhi!ihi!hhi!!!hHhhi!ihi!!hhhi!ihi!!hhi!hhi!ihi!hhi!!HhHhhi!ihi!!hhhi!ihi!!hhi!hhi!ihi!hhi!!HhHhhi!ihi!!hhhi!ihi!!hhi!hhi!ihi!hhi!!ihHhhi!ihi!!hhhi!ihi!!hhi!hhi!ihi!hhi!!!hHhhi!ihi!!hhhi!ihi!!hhi!hhi!ihi!hhi!!IhHhhi!ihi!!hhhi!ihi!!hhi!hhi!ihi!hhi!!HhHhhi!ihi!!hhhi!ihi!!hhi!hhi!ihi!hhi!!hhHhhi!ihi!!hhhi!ihi!!hhi!hhi!ihi!hhi!!HhHhhi!ihi!!hhhi!ihi!!hhi!hhi!ihi!hhi!!IhHhhi!ihi!!hhhi!ihi!!hhi!hhi!ihi!hhi!!!hHhhi!ihi!!hhhi!ihi!!hhi!hhi!ihi!hhi!!HhHhhi!ihi!!hhhi!ihi!!hhi!hhi!ihi!hhi!!HhHhhi!ihi!!hhhi!ihi!!hhi!hhi!ihi!hhi!!IhHhhi!ihi!!hhhi!ihi!!hhi!hhi!ihi!hhi!!!hHhhi!ihi!!hhhi!ihi!!hhi!hhi!ihi!hhi!!IhHhhi!ihi!!hhhi!ihi!!hhi!hhi!ihi!hhi!!HhHhhi!ihi!!hhhi!ihi!!hhi!hhi!ihi!hhi!!HhHhhi!ihi!!hhhi!ihi!!hhi!hhi!ihi!hhi!!IhHhhi!ihi!!hhhi!ihi!!hhi!hhi!ihi!hhi!!!' != 'HHI!HHI!IHhhHhhi!ihi!!hhhi!ihi!!hhi!hhi!ihi!hhi!!HhHhhi!ihi!!hhhi!ihi!!hhi!hhi!ihi!hhi!!ihHhhi!ihi!!hhhi!ihi!!hhi!hhi!ihi!hhi!!!hHhhi!ihi!!hhhi!ihi!!hhi!hhi!ihi!hhi!!HhHhhi!ihi!!hhhi!ihi!!hhi!hhi!ihi!hhi!!HhHhhi!ihi!!hhhi!ihi!!hhi!hhi!ihi!hhi!!ihHhhi!ihi!!hhhi!ihi!!hhi!hhi!ihi!hhi!!!hHhhi!ihi!!hhhi!ihi!!hhi!hhi!ihi!hhi!!IhHhhi!ihi!!hhhi!ihi!!hhi!hhi!ihi!hhi!!HhHhhi!ihi!!hhhi!ihi!!hhi!hhi!ihi!hhi!!hhHhhi!ihi!!hhhi!ihi!!hhi!hhi!ihi!hhi!!HhHhhi!ihi!!hhhi!ihi!!hhi!hhi!ihi!hhi!!IhHhhi!ihi!!hhhi!ihi!!hhi!hhi!ihi!hhi!!!hHhhi!ihi!!hhhi!ihi!!hhi!hhi!ihi!hhi!!HhHhhi!ihi!!hhhi!ihi!!hhi!hhi!ihi!hhi!!HhHhhi!ihi!!hhhi!ihi!!hhi!hhi!ihi!hhi!!IhHhhi!ihi!!hhhi!ihi!!hhi!hhi!ihi!hhi!!!hHhhi!ihi!!hhhi!ihi!!hhi!hhi!ihi!hhi!!IhHhhi!ihi!!hhhi!ihi!!hhi!hhi!ihi!hhi!!HhHhhi!ihi!!hhhi!ihi!!hhi!hhi!ihi!hhi!!HhHhhi!ihi!!hhhi!ihi!!hhi!hhi!ihi!hhi!!IhHhhi!ihi!!hhhi!ihi!!hhi!hhi!ihi!hhi!!!' expected:<HHI!HHI!IH[HHHI!IHI!!HHHI!IHI!!IHHHI]hhHhhi!ihi!!hhhi!ihi...> but was:<HHI!HHI!IH[]hhHhhi!ihi!!hhhi!ihi...>",
                "org.junit.ComparisonFailure: 'hHI!HHI!IHHHHI!IHI!!HHHI!IHI!!IHHHHI!IHI!!HHHI!IHI!!IHHI!IHI!!!HHI!IHI!!HHHI!IHI!!HHHI!IHI!!IHHI!IHIHHI!HHI!IHHHHI!IHI!!HHHI!IHI!!IHHI!Hhi!hhi!ihhhhi!ihi!!hhhi!ihi!!ihhi!ihi!!!hhi!ihi!!hhhi!' != 'hHI!HHI!IHHHI!HHI!IHHHHI!IHI!!HHHI!IHI!!IHHI!Hhi!hhi!ihhhhi!ihi!!hhhi!ihi!!ihhi!ihi!!!hhi!ihi!!hhhi!' expected:<hHI!HHI!IHHH[HI!IHI!!HHHI!IHI!!IHHHHI!IHI!!HHHI!IHI!!IHHI!IHI!!!HHI!IHI!!HHHI!IHI!!HHHI!IHI!!IHHI!IHIHH]I!HHI!IHHHHI!IHI!!HH...> but was:<hHI!HHI!IHHH[]I!HHI!IHHHHI!IHI!!HH...>",
                "java.lang.AssertionError: Expected exception of type java.lang.StringIndexOutOfBoundsException; message: String index out of range: -1",
                "java.lang.AssertionError: Expected exception of type java.lang.StringIndexOutOfBoundsException; message: String index out of range: 100",
                "java.lang.AssertionError: Expected exception of type java.lang.StringIndexOutOfBoundsException; message: String index out of range: -1",
                "java.lang.AssertionError: Expected exception of type java.lang.StringIndexOutOfBoundsException; message: String index out of range: 97",
                "java.lang.AssertionError: Expected exception of type java.lang.StringIndexOutOfBoundsException; message: String index out of range: -1",
                "org.junit.ComparisonFailure: 'HhI!hhI!ihhhhi!ihi!!hhhi!ihi!!Ihhhhi!ihi!!hhhi!ihi!!ihhi!ihi!!!hhi!ihi!!hhhi!ihi!!hhhi!ihi!!ihhi!Hhhi!ihi!!ihhi!ihi!!!' != 'HhI!hhI!ihHhhi!ihi!!ihhi!ihi!!!' expected:<HhI!hhI!ih[hhhi!ihi!!hhhi!ihi!!Ihhhhi!ihi!!hhhi!ihi!!ihhi!ihi!!!hhi!ihi!!hhhi!ihi!!hhhi!ihi!!ihhi!]Hhhi!ihi!!ihhi!ihi!!...> but was:<HhI!hhI!ih[]Hhhi!ihi!!ihhi!ihi!!...>",
                "java.lang.AssertionError: Expected exception of type java.lang.StringIndexOutOfBoundsException; message: String index out of range: 35",
                "org.junit.ComparisonFailure: 'hHI!HHI!HHI!IHI!!HI!IHI!HHI!IHI!!HI!!HI!IHI!HHI!HHI!IHI!!HI!IHI!HHI!IHI!!HI!!HI!!' != 'hHI!HHI!HHHhhi!ihi!!hhhi!ihi!!ihhi!ihi!!!hhhhi!hhi!ihhhhi!ihi!!hhhi!ihi!!ihhi!ihi!!!hhi!ihi!!hhhi!ihi!!hhhiHHI!HHI!IHHHHI!IHI!!HHHI!IHI!!IHHhI!hhI!ihhhhi!ihi!!hhhi!ihi!!Ihhhhi!ihi!!hhhi!ihi!!ihhi!ihi!!!hhi!ihi!!hhhi!ihi!!hhhi!ihi!!ihhi!ihiHhhi!ihi!!' expected:<hHI!HHI!HH[I!IHI!!HI!IHI!HHI!IHI!!HI!!HI!IHI!HHI!HHI!IHI!!HI!IHI!HHI!IHI!!HI!!HI]!!> but was:<hHI!HHI!HH[Hhhi!ihi!!hhhi!ihi!!ihhi!ihi!!!hhhhi!hhi!ihhhhi!ihi!!hhhi!ihi!!ihhi!ihi!!!hhi!ihi!!hhhi!ihi!!hhhiHHI!HHI!IHHHHI!IHI!!HHHI!IHI!!IHHhI!hhI!ihhhhi!ihi!!hhhi!ihi!!Ihhhhi!ihi!!hhhi!ihi!!ihhi!ihi!!!hhi!ihi!!hhhi!ihi!!hhhi!ihi!!ihhi!ihiHhhi!ihi]!!>",
                "org.junit.ComparisonFailure: 'hHhi!hhi!ihhhhi!ihi!!hhhi!ihi!!ihhhhhhhhi!ihi!!hhhi!ihi!!hhi!hhi!ihi!hhi!!hhhhi!ihi!!hhhi!ihi!!hhi!hhi!ihi!hhi!!hhhhi!ihi!!hhhi!ihi!!hhihhhhi!ihi!!hhhi!ihi!!hhi!hhi!ihi!hhi!!hhhhi!ihi!!hhhi!ihi!!hhi!hhi!ihi!hhi!!hhhhi!ihi!!hhhi!ihi!!hhi!hhi!ihi!hhi!!ihhhi!ihi!!hhhi!ihi!!hhi!hhi!ihi!hhi!!hhhhi!ihi!!hhhi!ihi!!hhi!hhi!ihi!hhi!!!' != 'Hhi!hhi!ihhhhi!ihi!!hhhi!ihi!!ihhhhhhhhi!ihi!!hhhi!ihi!!hhi!hhi!ihi!hhi!!hhhhi!ihi!!hhhi!ihi!!hhi!hhi!ihi!hhi!!hhhhi!ihi!!hhhi!ihi!!hhihhhhi!ihi!!hhhi!ihi!!hhi!hhi!ihi!hhi!!hhhhi!ihi!!hhhi!ihi!!hhi!hhi!ihi!hhi!!hhhhi!ihi!!hhhi!ihi!!hhi!hhi!ihi!hhi!!ihhhi!ihi!!hhhi!ihi!!hhi!hhi!ihi!hhi!!hhhhi!ihi!!hhhi!ihi!!hhi!hhi!ihi!hhi!!!' expected:<[h]Hhi!hhi!ihhhhi!ihi!!...> but was:<[]Hhi!hhi!ihhhhi!ihi!!...>",
                "java.lang.AssertionError: Expected exception of type java.lang.StringIndexOutOfBoundsException; message: String index out of range: -1",
                "org.junit.ComparisonFailure: 'HHhi!hhi!ihhhhi!ihi!!hhhi!ihi!!ihhi!hhi!hhi!ihhhhi!ihhhhi!hhi!ihhhhi!ihi!!hhhi!ihi!!ihhi!' != 'Hhi!hhi!ihhhhi!ihi!!hhhi!ihi!!ihhi!hhi!hhi!ihhhhi!ihhhhi!hhi!ihhhhi!ihi!!hhhi!ihi!!ihhi!' expected:<H[H]hi!hhi!ihhhhi!ihi!!h...> but was:<H[]hi!hhi!ihhhhi!ihi!!h...>",
                "org.junit.ComparisonFailure: 'hhI!hhI!ihhi!' != 'hhI!hhI!ihHHHI!HHI!IHHHHI!IHI!!HHHI!IHI!!IHHI!IHI!!!HHI!IHI!!HHHI!IHI!!HHHI!IHI!!IHHI!IHI!!!HHI!IHI!!IHHI!IHI!!HI!' expected:<hhI!hhI!ih[hi]!> but was:<hhI!hhI!ih[HHHI!HHI!IHHHHI!IHI!!HHHI!IHI!!IHHI!IHI!!!HHI!IHI!!HHHI!IHI!!HHHI!IHI!!IHHI!IHI!!!HHI!IHI!!IHHI!IHI!!HI]!>",
                "java.lang.AssertionError: Expected exception of type java.lang.StringIndexOutOfBoundsException; message: String index out of range: 32",
                "java.lang.AssertionError: Expected exception of type java.lang.StringIndexOutOfBoundsException; message: String index out of range: 97",
                "java.lang.AssertionError: Expected exception of type java.lang.StringIndexOutOfBoundsException; message: String index out of range: -1",
                "org.junit.ComparisonFailure: 'hHi!HHi!IHHHi!HHi!IHi!HHi!!' != 'hHi!HHi!IHhhhi!ihi!!' expected:<hHi!HHi!IH[HHi!HHi!IHi!HH]i!!> but was:<hHi!HHi!IH[hhhi!ih]i!!>",
                "org.junit.ComparisonFailure: 'HHhhi!ihi!!hhi!hhi!ihhhhi!ihi!!hhhi!ihi!!ihhi!ihi!!!hhi!ihi!!hhhhI!hhI!ihhhi!hhi!ihhhhi!ihi!!hhhi!ihi!!ihhi!ihi!!!hhi!ihi!!hhI!hhI!!' != 'Hhhi!ihi!!hhi!hhi!ihhhhi!ihi!!hhhi!ihi!!ihhi!ihi!!!hhi!ihi!!hhhhI!hhI!ihhhi!hhi!ihhhhi!ihi!!hhhi!ihi!!ihhi!ihi!!!hhi!ihi!!hhI!hhI!!' expected:<H[H]hhi!ihi!!hhi!hhi!ihh...> but was:<H[]hhi!ihi!!hhi!hhi!ihh...>",
                "java.lang.AssertionError: Expected exception of type java.lang.StringIndexOutOfBoundsException; message: String index out of range: 100",
                "java.lang.AssertionError: Expected exception of type java.lang.StringIndexOutOfBoundsException; message: String index out of range: 100",
                "java.lang.AssertionError: Expected exception of type java.lang.StringIndexOutOfBoundsException; message: String index out of range: 100",
                "org.junit.ComparisonFailure: 'hhI!hhI!ihHi!' != 'hhI!hhI!ih' expected:<hhI!hhI!ih[Hi!]> but was:<hhI!hhI!ih[]>",
                "org.junit.ComparisonFailure: 'HHI!HHI!IHHHHI!IHI!!HHHI!IHI!!IHHI!Hhi!hhi!ihhhhi!ihi!!hhhi!ihi!!ihhi!ihi!!!hhi!ihi!!hhhi!' != 'HHI!HHI!IHHhi!hhi!ihhhhi!ihi!!hhhi!ihi!!ihhhi!hhi!ihhhhi!ihi!!hhhi!ihi!!ihhi!hhi!hhi!ihhhhi!ihi!!hhhi!ihi!!ihhhhhi!ihi!!hhi!hhi!ihhhhi!ihi!!hhhi!ihi!!ihhi!ihi!!!hhi!ihi!!hhhi!ihi!!hhhi!ihi!!ihhi!ihi!!!hhi!ihi!!ihhi!ihhhhi!ihi!!hhhi!ihi!!ihhi!ihi!!!hhi!ihi!!hhhi!ihi!!hhhi!ihi!!ihhi!ihi!!!hhi!ihi!!ihhi!ihi!!hhhi!ihi!!ihhi!ihi!!!hhi!ihi!!hhhi!ihi!!hhhi!ihi!!ihhi!ihi!!!hhi!ihi!!!i!!hhhi!ihi!!ihhi!ihi!!!hhi!ihi!!hhhi!ihi!!hhhi!ihi!!ihhi!ihi!!!hhi!ihi!!!i!hhi!!' expected:<HHI!HHI!IHH[HHI!IHI!!HHHI!IHI!!IHHI!Hhi!hhi!ihhhhi!ihi!!hhhi!ihi!!ihhi!ihi!!!hhi!ihi!!hhhi]!> but was:<HHI!HHI!IHH[hi!hhi!ihhhhi!ihi!!hhhi!ihi!!ihhhi!hhi!ihhhhi!ihi!!hhhi!ihi!!ihhi!hhi!hhi!ihhhhi!ihi!!hhhi!ihi!!ihhhhhi!ihi!!hhi!hhi!ihhhhi!ihi!!hhhi!ihi!!ihhi!ihi!!!hhi!ihi!!hhhi!ihi!!hhhi!ihi!!ihhi!ihi!!!hhi!ihi!!ihhi!ihhhhi!ihi!!hhhi!ihi!!ihhi!ihi!!!hhi!ihi!!hhhi!ihi!!hhhi!ihi!!ihhi!ihi!!!hhi!ihi!!ihhi!ihi!!hhhi!ihi!!ihhi!ihi!!!hhi!ihi!!hhhi!ihi!!hhhi!ihi!!ihhi!ihi!!!hhi!ihi!!!i!!hhhi!ihi!!ihhi!ihi!!!hhi!ihi!!hhhi!ihi!!hhhi!ihi!!ihhi!ihi!!!hhi!ihi!!!i!hhi!]!>",
                "java.lang.AssertionError: Expected exception of type java.lang.StringIndexOutOfBoundsException; message: String index out of range: 100",
                "java.lang.AssertionError: Expected exception of type java.lang.StringIndexOutOfBoundsException; message: String index out of range: -1",
                "java.lang.AssertionError: Expected exception of type java.lang.StringIndexOutOfBoundsException; message: String index out of range: 52",
                "org.junit.ComparisonFailure: 'Hhi!hhi!ihHhhi!ihi!!hhhi!ihi!!HHi!HHi!IHi!HHi!!' != 'Hhi!hhi!ihHhhi!ihi!!hhhi!ihi!!HHhHHI!IHI!!HHHI!IHI!!hhI!hhI!ihI!hhI!!' expected:<...hi!ihi!!hhhi!ihi!!HH[i!HHi!IHi!HHi]!!> but was:<...hi!ihi!!hhhi!ihi!!HH[hHHI!IHI!!HHHI!IHI!!hhI!hhI!ihI!hhI]!!>",
                "org.junit.ComparisonFailure: 'HHhi!hhi!ihhhhi!ihi!!hhhi!ihi!!ihhi!ihi!!!hhi!ihi!!hhhi!ihi!!hhhi!ihi!!ihhi!ihi!!!hhi!ihi!!ihhi!ihi!!hi!' != 'Hhi!hhi!ihhhhi!ihi!!hhhi!ihi!!ihhi!ihi!!!hhi!ihi!!hhhi!ihi!!hhhi!ihi!!ihhi!ihi!!!hhi!ihi!!ihhi!ihi!!hi!' expected:<H[H]hi!hhi!ihhhhi!ihi!!h...> but was:<H[]hi!hhi!ihhhhi!ihi!!h...>",
                "java.lang.AssertionError: Expected exception of type java.lang.StringIndexOutOfBoundsException; message: String index out of range: 52",
                "org.junit.ComparisonFailure: 'Hhhhhi!ihi!!hhhi!ihi!!hhi!hhi!ihi!hhi!!hhhhi!ihi!!hhhi!ihi!!hhi!hhi!ihi!hhi!!Hhhhi!ihi!!hhhi!ihi!!hhiHhhhi!ihi!!hhhi!ihi!!hhi!hhi!ihi!hhi!!hhhhi!ihi!!hhhi!ihi!!hhi!hhi!ihi!hhi!!Hhhhi!ihi!!hhhi!ihi!!hhi!hhi!ihi!hhi!!Ihhhi!ihi!!hhhi!ihi!!hhi!hhi!ihi!hhi!!Hhhhi!ihi!!hhhi!ihi!!hhi!hhi!ihi!hhi!!!' != 'hhhhi!ihi!!hhhi!ihi!!hhi!hhi!ihi!hhi!!hhhhi!ihi!!hhhi!ihi!!hhi!hhi!ihi!hhi!!Hhhhi!ihi!!hhhi!ihi!!hhiHhhhi!ihi!!hhhi!ihi!!hhi!hhi!ihi!hhi!!hhhhi!ihi!!hhhi!ihi!!hhi!hhi!ihi!hhi!!Hhhhi!ihi!!hhhi!ihi!!hhi!hhi!ihi!hhi!!Ihhhi!ihi!!hhhi!ihi!!hhi!hhi!ihi!hhi!!Hhhhi!ihi!!hhhi!ihi!!hhi!hhi!ihi!hhi!!!' expected:<[H]hhhhi!ihi!!hhhi!ihi!...> but was:<[]hhhhi!ihi!!hhhi!ihi!...>",
                "java.lang.AssertionError: Expected exception of type java.lang.StringIndexOutOfBoundsException; message: String index out of range: -1",
                "java.lang.AssertionError: Expected exception of type java.lang.StringIndexOutOfBoundsException; message: String index out of range: 100",
                "org.junit.ComparisonFailure: 'hHhi!hhi!iHHi!HHi!IHHHHI!IHI!!HHHI!IHI!!iHHI!IHI!!!HHI!IHI!!HHHI!IHI!!HHHI!IHI!!iHHI!IHI!!!HHI!IHI!!HHI!HHI!IHI!HHI!!' != 'hHhi!hhi!iHHI!HHI!IHI!HHI!!' expected:<hHhi!hhi!iHH[i!HHi!IHHHHI!IHI!!HHHI!IHI!!iHHI!IHI!!!HHI!IHI!!HHHI!IHI!!HHHI!IHI!!iHHI!IHI!!!HHI!IHI!!HH]I!HHI!IHI!HHI!!> but was:<hHhi!hhi!iHH[]I!HHI!IHI!HHI!!>",
                "java.lang.AssertionError: Expected exception of type java.lang.StringIndexOutOfBoundsException; message: String index out of range: 97",
                "org.junit.ComparisonFailure: 'hHhih!' != 'Hhih!' expected:<[h]Hhih!> but was:<[]Hhih!>",
                "org.junit.ComparisonFailure: 'H' != '' expected:<[H]> but was:<[]>",
                "java.lang.AssertionError: Expected exception of type java.lang.StringIndexOutOfBoundsException; message: String index out of range: 100",
                "java.lang.AssertionError: Expected exception of type java.lang.StringIndexOutOfBoundsException; message: String index out of range: -1",
                "org.junit.ComparisonFailure: 'hHHHI!IHI!!HHi!HHi!IHi!HHi!!HHHHHhI!hhI!ihhHi!HHi!IHHHHI!IHI!!HHHI!IHI!!iHHI!IHI!!!HHI!IHI!!HHHI!HHhHI!IHI!!hhih!' != 'hHHHI!IHI!HHhHI!IHI!!hhih!' expected:<hHHHI!IHI![!HHi!HHi!IHi!HHi!!HHHHHhI!hhI!ihhHi!HHi!IHHHHI!IHI!!HHHI!IHI!!iHHI!IHI!!!HHI!IHI!!HHHI!]HHhHI!IHI!!hhih!> but was:<hHHHI!IHI![]HHhHI!IHI!!hhih!>",
                "java.lang.AssertionError: Expected exception of type java.lang.StringIndexOutOfBoundsException; message: String index out of range: 100",
                "org.junit.ComparisonFailure: 'HHi!HHi!IHHHHI!IHI!!HHHI!IHI!!iHHI!' != 'HHi!HHi!IH' expected:<HHi!HHi!IH[HHHI!IHI!!HHHI!IHI!!iHHI!]> but was:<HHi!HHi!IH[]>",
                "java.lang.AssertionError: Expected exception of type java.lang.StringIndexOutOfBoundsException; message: String index out of range: -1",
                "java.lang.AssertionError: Expected exception of type java.lang.StringIndexOutOfBoundsException; message: String index out of range: -1",
                "org.junit.ComparisonFailure: 'hhHHI!IHI!!HHI!HHI!IHHHHI!IHI!!HHHI!IHI!!IHHI!IHI!!!HHI!IHI!!HHHHi!HHi!IHHHI!HHI!IHHHHI!IHI!!HHHI!IHI!!IHHI!IHI!!!HHI!IHI!!HHi!HHi!!' != 'hHHI!IHI!!HHI!HHI!IHHHHI!IHI!!HHHI!IHI!!IHHI!IHI!!!HHI!IHI!!HHHHi!HHi!IHHHI!HHI!IHHHHI!IHI!!HHHI!IHI!!IHHI!IHI!!!HHI!IHI!!HHi!HHi!!' expected:<h[h]HHI!IHI!!HHI!HHI!IHH...> but was:<h[]HHI!IHI!!HHI!HHI!IHH...>",
                "org.junit.ComparisonFailure: 'HHHHI!IHI!!HHi!HHi!IHi!HHi!!HHHHI!IHI!!HHi!HHi!IHi!HHhI!hhI!ihhHi!HHi!IHHHHI!IHI!!HHHI!IHI!!iHHI!IHI!!!HHI!IHI!!HHHI!IHI!!HHHI!IHI!!iHHI!IHI!!!HHI!IHI!!IHHI!IHHhhi!ihi!!hhhi!ihi!!Ihhi!ihi!!!hhi!ihi!!hhhi!ihi!!hhhi!ihi!!Ihhi!ihi!!!hhi!ihi!!ihhi!ihi!!hhhi!ihi!!Ihhi!ihi!!!hhi!ihi!!hhhi!ihi!!hhhi!ihi!!Ihhi!ihi!!!hhi!ihi!!!' != 'HHHHI!IHI!!HHi!HHi!IHi!HHi!!HHHHHhI!hhI!ihhHi!HHi!IHHHHI!IHI!!HHHI!IHI!!iHHI!IHI!!!HHI!IHI!!HHHI!IHI!!HHHI!IHI!!iHHI!IHI!!!HHI!IHI!!IHHI!IHHhhi!ihi!!hhhi!ihi!!Ihhi!ihi!!!hhi!ihi!!hhhi!ihi!!hhhi!ihi!!Ihhi!ihi!!!hhi!ihi!!ihhi!ihi!!hhhi!ihi!!Ihhi!ihi!!!hhi!ihi!!hhhi!ihi!!hhhi!ihi!!Ihhi!ihi!!!hhi!ihi!!!' expected:<...Hi!HHi!IHi!HHi!!HHHH[I!IHI!!HHi!HHi!IHi!H]HhI!hhI!ihhHi!HHi!IH...> but was:<...Hi!HHi!IHi!HHi!!HHHH[]HhI!hhI!ihhHi!HHi!IH...>",
                "org.junit.ComparisonFailure: 'hhi!hhi!ihHhHi!HHi!IHHHHI!IHI!!HHHI!IHI!!iHHIHhHi!HHi!IHi!HHi!!' != 'hhi!hhi!ihhHI!HHI!IHHHHI!IHI!!HHHI!IHI!!IHHI!IHI!!!HHI!IHI!!HHHI!IHI!!HHHI!IHI!!IHHI!IHI!!!HHI!IHI!!IHHI!IHHHHI!IHI!!HHHI!IHI!!IHHI!IHI!!!HHI!IHI!!HHHI!IHI!!HHHI!IHI!!IHHI!IHI!!!HHI!IHI!!IHHI!IHI!!HHHI!IHI!!IHHI!IHI!!!HHI!IHI!!HHHI!IHI!!HHHI!IHI!!IHHI!IHI!!!HHI!IHI!!!I!!HHHI!IHI!!IHHI!IHI!!!HHI!IHI!!HHHI!IHI!!HHHI!IHI!!IHHI!IHI!!!HHI!IHI!!!I!HHI!!' expected:<hhi!hhi!ih[HhHi!HHi!IHHHHI!IHI!!HHHI!IHI!!iHHIHhHi!HHi!IHi!HHi]!!> but was:<hhi!hhi!ih[hHI!HHI!IHHHHI!IHI!!HHHI!IHI!!IHHI!IHI!!!HHI!IHI!!HHHI!IHI!!HHHI!IHI!!IHHI!IHI!!!HHI!IHI!!IHHI!IHHHHI!IHI!!HHHI!IHI!!IHHI!IHI!!!HHI!IHI!!HHHI!IHI!!HHHI!IHI!!IHHI!IHI!!!HHI!IHI!!IHHI!IHI!!HHHI!IHI!!IHHI!IHI!!!HHI!IHI!!HHHI!IHI!!HHHI!IHI!!IHHI!IHI!!!HHI!IHI!!!I!!HHHI!IHI!!IHHI!IHI!!!HHI!IHI!!HHHI!IHI!!HHHI!IHI!!IHHI!IHI!!!HHI!IHI!!!I!HHI]!!>",
                "org.junit.ComparisonFailure: 'HHi!HHi!IHHHHI!IHI!!HHHI!IHI!!iHHHHI!IHI!!HHHI!IHI!!IHHI!IHI!!!HHI!IHI!!HHHI!IHI!!HHHI!IHI!!IHHI!IHIhhI!hhI!ihhhhi!ihi!!hhhi!ihi!!Ihhi!ihi!!!hhi!ihi!!hhhi!ihi!!hhhi!ihi!!Ihhi!ihi!!!hhi!ihi!!ihhi!ihi!!hhhi!ihi!!Ihhi!ihi!!!hhi!ihi!!hhhi!ihi!!hhhi!ihi!!Ihhi!ihi!!!hhi!ihi!!!I!hhI!!' != 'HHi!HHi!IHhhI!hhI!ihhhhi!ihi!!hhhi!ihi!!Ihhi!ihi!!!hhi!ihi!!hhhi!ihi!!hhhi!ihi!!Ihhi!ihi!!!hhi!ihi!!ihhi!ihi!!hhhi!ihi!!Ihhi!ihi!!!hhi!ihi!!hhhi!ihi!!hhhi!ihi!!Ihhi!ihi!!!hhi!ihi!!!I!hhI!!' expected:<HHi!HHi!IH[HHHI!IHI!!HHHI!IHI!!iHHHHI!IHI!!HHHI!IHI!!IHHI!IHI!!!HHI!IHI!!HHHI!IHI!!HHHI!IHI!!IHHI!IHI]hhI!hhI!ihhhhi!ihi!!...> but was:<HHi!HHi!IH[]hhI!hhI!ihhhhi!ihi!!...>",
                "org.junit.ComparisonFailure: 'hhHI!HHI!IhHHI!IHI!!HHHI!IHI!!IHHI!IHI!!!HHI!HHI!HHI!IHI!HHI!!IHI!!HHHI!IHI!!HHHI!IHI!!IHHI!IHI!!HHIhHHI!IHI!!HHi!HHi!IHi!HHi!!' != 'hhHI!HHI!IhHHI!IHI!!HHi!HHi!IHi!HHi!!' expected:<...HI!HHI!IhHHI!IHI!!HH[HI!IHI!!IHHI!IHI!!!HHI!HHI!HHI!IHI!HHI!!IHI!!HHHI!IHI!!HHHI!IHI!!IHHI!IHI!!HHIhHHI!IHI!!HH]i!HHi!IHi!HHi!!> but was:<...HI!HHI!IhHHI!IHI!!HH[]i!HHi!IHi!HHi!!>",
                "org.junit.ComparisonFailure: 'HHi!HHi!IHHhhi!ihi!!hhi!hhi!ihi!hhi!!' != 'HHi!HHi!IHhhI!hhI!ihhhhi!ihi!!hhhi!ihi!!IhhhhhHHHI!IHI!!HHHI!IHI!!HHI!HHI!IHI!HHI!!HHHHI!IHI!!HHHI!IHI!!HHI!HHI!IHI!HHI!!hHHHI!IHI!!HHHI!IHI!!HHIhHHHI!IHI!!HHHI!IHI!!HHI!HHI!IHI!HHI!!HHHHI!IHI!!HHHI!IHI!!HHI!HHI!IHI!HHI!!hHHHI!IHI!!HHHI!IHI!!HHI!HHI!IHI!HHI!!iHHHI!IHI!!HHHI!IHI!!HHI!HHI!IHI!HHI!!hHHHI!IHI!!HHHI!IHI!!HHI!HHI!IHI!HHI!!!' expected:<HHi!HHi!IH[Hhhi!ihi!!hhi!hhi!ihi!hhi]!!> but was:<HHi!HHi!IH[hhI!hhI!ihhhhi!ihi!!hhhi!ihi!!IhhhhhHHHI!IHI!!HHHI!IHI!!HHI!HHI!IHI!HHI!!HHHHI!IHI!!HHHI!IHI!!HHI!HHI!IHI!HHI!!hHHHI!IHI!!HHHI!IHI!!HHIhHHHI!IHI!!HHHI!IHI!!HHI!HHI!IHI!HHI!!HHHHI!IHI!!HHHI!IHI!!HHI!HHI!IHI!HHI!!hHHHI!IHI!!HHHI!IHI!!HHI!HHI!IHI!HHI!!iHHHI!IHI!!HHHI!IHI!!HHI!HHI!IHI!HHI!!hHHHI!IHI!!HHHI!IHI!!HHI!HHI!IHI!HHI!]!!>",
                "java.lang.AssertionError: Expected exception of type java.lang.StringIndexOutOfBoundsException; message: String index out of range: 97",
                "org.junit.ComparisonFailure: 'Hhi!hhi!hhi!ihi!!hi!ihi!hhi!ihi!!hi!!hi!ihi!hhi!hhi!hHi!HHi!IHHHHI!IHI!!HHHI!IHI!!iHHI!IHI!!!HHI!IHIHHhhi!ihi!!hhhi!ihi!!hhi!hhi!ihi!hhi!!' != 'Hhi!hhi!hhi!ihi!!hi!ihi!hhi!ihi!HHhhi!ihi!!hhhi!ihi!!hhi!hhi!ihi!hhi!!' expected:<...ihi!!hi!ihi!hhi!ihi![!hi!!hi!ihi!hhi!hhi!hHi!HHi!IHHHHI!IHI!!HHHI!IHI!!iHHI!IHI!!!HHI!IHI]HHhhi!ihi!!hhhi!ihi!...> but was:<...ihi!!hi!ihi!hhi!ihi![]HHhhi!ihi!!hhhi!ihi!...>",
                "org.junit.ComparisonFailure: 'hHhi!hhi!ihhhhi!ihi!!hhhi!ihi!!ihhhi!hhi!ihhhhi!ihi!!hhhi!ihi!!ihhi!hhi!hhi!ihhhhi!ihi!!hhhi!ihi!!ihhHhhHI!IHI!!IhHI!IHI!!!' != 'Hhi!hhi!ihhhhi!ihi!!hhhi!ihi!!ihhhi!hhi!ihhhhi!ihi!!hhhi!ihi!!ihhi!hhi!hhi!ihhhhi!ihi!!hhhi!ihi!!ihhHhhHI!IHI!!IhHI!IHI!!!' expected:<[h]Hhi!hhi!ihhhhi!ihi!!...> but was:<[]Hhi!hhi!ihhhhi!ihi!!...>",
                "org.junit.ComparisonFailure: 'HhhI!hhI!ihhhhi!ihi!!hhhi!ihi!!Ihhi!ihi!!!hhi!ihi!!hhhi!ihi!!hhhi!ihi!!Ihhi!ihi!!!hhi!ihi!!ihhi!ihi!!HhHI!IHI!!IhHI!IHI!!!' != 'hhI!hhI!ihhhhi!ihi!!hhhi!ihi!!Ihhi!ihi!!!hhi!ihi!!hhhi!ihi!!hhhi!ihi!!Ihhi!ihi!!!hhi!ihi!!ihhi!ihi!!HhHI!IHI!!IhHI!IHI!!!' expected:<[H]hhI!hhI!ihhhhi!ihi!!...> but was:<[]hhI!hhI!ihhhhi!ihi!!...>",
                "org.junit.ComparisonFailure: 'hHhhi!ihi!!hhhi!ihi!!Ihhi!ihi!!!hhi!HHi!HHi!IHi!HHi!!ihi!!hhhi!ihi!!hhhi!ihi!!Ihhi!ihi!!HHi!HHi!IHi!HHi!!!hhi!ihi!!ihhi!ihi!!hhhi!ihi!!Ihhi!HHi!HHi!IHi!HHi!!ihi!!!hhi!ihi!!hhhi!ihi!!hhhi!ihi!!HHi!HHi!IHi!HHi!!Ihhi!ihi!!!hhi!ihi!!!' != 'Hhhi!ihi!!hhhi!ihi!!Ihhi!ihi!!!hhi!HHi!HHi!IHi!HHi!!ihi!!hhhi!ihi!!hhhi!ihi!!Ihhi!ihi!!HHi!HHi!IHi!HHi!!!hhi!ihi!!ihhi!ihi!!hhhi!ihi!!Ihhi!HHi!HHi!IHi!HHi!!ihi!!!hhi!ihi!!hhhi!ihi!!hhhi!ihi!!HHi!HHi!IHi!HHi!!Ihhi!ihi!!!hhi!ihi!!!' expected:<[h]Hhhi!ihi!!hhhi!ihi!!...> but was:<[]Hhhi!ihi!!hhhi!ihi!!...>",
                "java.lang.AssertionError: Expected exception of type java.lang.StringIndexOutOfBoundsException; message: String index out of range: -1",
                "java.lang.AssertionError: Expected exception of type java.lang.StringIndexOutOfBoundsException; message: String index out of range: -1",
                "org.junit.ComparisonFailure: 'Hhi!hhi!ihhhhi!ihi!!hhhi!ihi!!ihhi!ihi!!!hhi!ihi!!hhhI!' != 'Hhi!hhi!ihHhhhi!ihi!!ihhi!ihi!!!' expected:<Hhi!hhi!ih[hhhi!ihi!!hhhi!ihi!!ihhi!ihi!!!hhi!ihi!!hhhI]!> but was:<Hhi!hhi!ih[Hhhhi!ihi!!ihhi!ihi!!]!>",
                "java.lang.AssertionError: Expected exception of type java.lang.StringIndexOutOfBoundsException; message: String index out of range: -1",
                "org.junit.ComparisonFailure: 'HHhi!hhi!ihhhhi!ihi!!hhhi!ihi!!iHHi!HHi!IHHHHI!IHI!!HHHI!IHI!!iHHI!IHI!!!HHI!IHI!!HHHI!IHI!!HHHI!IHI!!iHHI!IHI!!!HHI!IHI!!IHHI!IHHhhhhi!hhi!ihhhhi!ihi!!' != 'HHhi!hhi!iHHi!HHi!IHHHHI!IHI!!HHHI!IHI!!iHHI!IHI!!!HHI!IHI!!HHHI!IHI!!HHHI!IHI!!iHHI!IHI!!!HHI!IHI!!IHHI!IHHhhhhi!hhi!ihhhhi!ihi!!' expected:<HHhi!hhi!i[hhhhi!ihi!!hhhi!ihi!!i]HHi!HHi!IHHHHI!IHI!!...> but was:<HHhi!hhi!i[]HHi!HHi!IHHHHI!IHI!!...>",
                "java.lang.AssertionError: Expected exception of type java.lang.StringIndexOutOfBoundsException; message: String index out of range: -1",
                "org.junit.ComparisonFailure: 'hhhi!ihi!!Hi!' != 'hhhi!ihi!!Hhi!hhi!ihhhhi!ihi!!hhhi!ihi!!ihhi!ihi!!!hhi!ihi!!hhhi!ihi!!hhhi!ihi!!ihhi!ihi!!!hhi!ihi!!ihhi!ihhHHI!IHI!!HHHI!IHI!!iHHI!IHI!!!HHI!IHI!!HHHI!IHI!!HHHI!IHI!!iHHI!IHI!!!HHI!IHI!!IHHI!IHI!!HHHI!IHI!!iHHI!IHI!!!HHI!IHI!!HHHI!IHI!!HHHI!IHI!!iHHI!IHI!!!HHI!IHI!!!i!!hhhi!ihi!!ihhi!ihi!!!hhi!ihi!!hhhi!ihi!!hhhi!ihi!!ihhi!ihi!!!hhi!ihi!!!i!hhi!!' expected:<hhhi!ihi!!H[i]!> but was:<hhhi!ihi!!H[hi!hhi!ihhhhi!ihi!!hhhi!ihi!!ihhi!ihi!!!hhi!ihi!!hhhi!ihi!!hhhi!ihi!!ihhi!ihi!!!hhi!ihi!!ihhi!ihhHHI!IHI!!HHHI!IHI!!iHHI!IHI!!!HHI!IHI!!HHHI!IHI!!HHHI!IHI!!iHHI!IHI!!!HHI!IHI!!IHHI!IHI!!HHHI!IHI!!iHHI!IHI!!!HHI!IHI!!HHHI!IHI!!HHHI!IHI!!iHHI!IHI!!!HHI!IHI!!!i!!hhhi!ihi!!ihhi!ihi!!!hhi!ihi!!hhhi!ihi!!hhhi!ihi!!ihhi!ihi!!!hhi!ihi!!!i!hhi!]!>",
                "org.junit.ComparisonFailure: 'hHi!HHi!IHHHHI!IHI!!HHHI!IHI!!iHHI!IHI!!!HHI!IHI!!HHHI!IHI!!HHHI!IHI!!iHHI!IHI!!!HHI!IHI!!IHHI!IHI!!hHI!HHI!IHHI!' != 'hHi!HHi!IHhHI!HHI!IHHI!' expected:<hHi!HHi!IH[HHHI!IHI!!HHHI!IHI!!iHHI!IHI!!!HHI!IHI!!HHHI!IHI!!HHHI!IHI!!iHHI!IHI!!!HHI!IHI!!IHHI!IHI!!]hHI!HHI!IHHI!> but was:<hHi!HHi!IH[]hHI!HHI!IHHI!>",
                "java.lang.AssertionError: Expected exception of type java.lang.StringIndexOutOfBoundsException; message: String index out of range: 52",
                "org.junit.ComparisonFailure: 'hHI!HHI!IHHHHI!IHI!!HHHI!IHI!!IHHI!IHI!!!HHI!IHI!!HHHI!IHI!!HHHI!IHI!!IHHI!IHI!!!HHI!IHI!!IHHI!IHHhhhhhhi!ihi!!hhhi!ihi!!hhi!hhi!ihi!hhi!!hhhhi!ihi!!hhhi!ihi!!hhi!hhi!ihi!hhi!!Hhhhi!ihi!!hhhi!ihi!!hhi!hhi!ihi!hhi!!Ihhhi!ihi!!hhhi!ihi!!hhi!hhi!ihi!hhi!!Hhhhi!ihi!!hhhi!ihi!!hhi!hhi!ihi!hhi!!!' != 'hHI!HHI!IHhhhhi!ihi!!hhhi!ihi!!hhi!hhi!ihi!hhi!!hhhhi!ihi!!hhhi!ihi!!hhi!hhi!ihi!hhi!!Hhhhi!ihi!!hhhi!ihi!!hhi!hhi!ihi!hhi!!Ihhhi!ihi!!hhhi!ihi!!hhi!hhi!ihi!hhi!!Hhhhi!ihi!!hhhi!ihi!!hhi!hhi!ihi!hhi!!!' expected:<hHI!HHI!IH[HHHI!IHI!!HHHI!IHI!!IHHI!IHI!!!HHI!IHI!!HHHI!IHI!!HHHI!IHI!!IHHI!IHI!!!HHI!IHI!!IHHI!IHHhh]hhhhi!ihi!!hhhi!ihi!...> but was:<hHI!HHI!IH[]hhhhi!ihi!!hhhi!ihi!...>",
                "java.lang.AssertionError: Expected exception of type java.lang.StringIndexOutOfBoundsException; message: String index out of range: 97",
                "org.junit.ComparisonFailure: 'HhHi!HHi!IHHHHI!IHI!!HHHI!IHI!!iHHI!IHI!!!HHI!IHI!!HHHI!IHI!!HHHI!IHI!!iHHI!IHI!!!HHI!IHI!!IHHI!IHI!HhHi!HHi!IHi!HHi!!' != 'HhHi!HHi!IHHHHI!IHI!!HHHI!IHI!!iHHIHhHi!HHi!IHi!HHi!!' expected:<...!IHI!!HHHI!IHI!!iHHI[!IHI!!!HHI!IHI!!HHHI!IHI!!HHHI!IHI!!iHHI!IHI!!!HHI!IHI!!IHHI!IHI!]HhHi!HHi!IHi!HHi!!> but was:<...!IHI!!HHHI!IHI!!iHHI[]HhHi!HHi!IHi!HHi!!>",
                "org.junit.ComparisonFailure: 'HHhi!hhi!ihhhhi!ihi!!hhhi!ihi!!ihhi!Hhhi!ihi!!hhI!hhI!ihI!hhI!!' != 'Hhi!hhi!ihhhhi!ihi!!hhhi!ihi!!ihhi!Hhhi!ihi!!hhI!hhI!ihI!hhI!!' expected:<H[H]hi!hhi!ihhhhi!ihi!!h...> but was:<H[]hi!hhi!ihhhhi!ihi!!h...>",
                "java.lang.AssertionError: Expected exception of type java.lang.StringIndexOutOfBoundsException; message: String index out of range: 35",
                "java.lang.AssertionError: Expected exception of type java.lang.StringIndexOutOfBoundsException; message: String index out of range: 32",
                "java.lang.AssertionError: Expected exception of type java.lang.StringIndexOutOfBoundsException; message: String index out of range: 52",
                "java.lang.AssertionError: Expected exception of type java.lang.StringIndexOutOfBoundsException; message: String index out of range: 10",
                "java.lang.AssertionError: Expected exception of type java.lang.StringIndexOutOfBoundsException; message: String index out of range: 35",
                "java.lang.AssertionError: Expected exception of type java.lang.StringIndexOutOfBoundsException; message: String index out of range: 97",
                "java.lang.AssertionError: Expected exception of type java.lang.StringIndexOutOfBoundsException; message: String index out of range: -1",
                "java.lang.AssertionError: Expected exception of type java.lang.StringIndexOutOfBoundsException; message: String index out of range: -1",
                "java.lang.AssertionError: Expected exception of type java.lang.StringIndexOutOfBoundsException; message: String index out of range: 35",
                "java.lang.AssertionError: Expected exception of type java.lang.StringIndexOutOfBoundsException; message: String index out of range: -1",
                "java.lang.AssertionError: Expected exception of type java.lang.StringIndexOutOfBoundsException; message: String index out of range: -1",
                "java.lang.AssertionError: Expected exception of type java.lang.StringIndexOutOfBoundsException; message: String index out of range: -1",
                "java.lang.AssertionError: Expected exception of type java.lang.StringIndexOutOfBoundsException; message: String index out of range: 10",
                "java.lang.AssertionError: Expected exception of type java.lang.StringIndexOutOfBoundsException; message: String index out of range: 32",
                "org.junit.ComparisonFailure: 'Hhhi!ihi!!hhhi!ihi!!Ihhi!ihi!!!hhi!ihi!!hhhi!ihi!!hhhi!ihi!!Ihhi!ihi!!!hhi!ihi!!ihhi!ihi!!hhhi!ihi!!' != 'Hhhi!ihi!!' expected:<Hhhi!ihi!![hhhi!ihi!!Ihhi!ihi!!!hhi!ihi!!hhhi!ihi!!hhhi!ihi!!Ihhi!ihi!!!hhi!ihi!!ihhi!ihi!!hhhi!ihi!!]> but was:<Hhhi!ihi!![]>",
                "java.lang.AssertionError: Expected exception of type java.lang.StringIndexOutOfBoundsException; message: String index out of range: -1",
                "org.junit.ComparisonFailure: 'hhI!hhI!ihI!hhI!!' != 'hhI!hhI!ihhi!' expected:<hhI!hhI!ih[I!hhI!]!> but was:<hhI!hhI!ih[hi]!>",
                "java.lang.AssertionError: Expected exception of type java.lang.StringIndexOutOfBoundsException; message: String index out of range: 10",
                "org.junit.ComparisonFailure: 'HhI!hhI!ihhhhi!ihi!!hhhi!ihi!!Ihhi!ihi!!!hhi!ihi!!hhhi!ihi!!hhhi!ihi!!Ihhi!ihi!!!hhi!ihi!!ihhi!ihi!!Hi!' != 'HhI!hhI!ihHi!' expected:<HhI!hhI!ih[hhhi!ihi!!hhhi!ihi!!Ihhi!ihi!!!hhi!ihi!!hhhi!ihi!!hhhi!ihi!!Ihhi!ihi!!!hhi!ihi!!ihhi!ihi!!]Hi!> but was:<HhI!hhI!ih[]Hi!>",
                "org.junit.ComparisonFailure: 'hHhhi!ihi!!hhhi!ihi!!ihhi!ihi!!!hhi!ihi!!hhhi!ihi!!hhhi!ihi!!ihhi!ihi!!!hhi!ihi!!ihhi!ihi!!hhhi!ihi!!ihhi!ihi!!!hhi!ihi!!hhhi!ihi!!hhhi!ihi!!ihhi!ihi!!!hhi!ihi!!!' != 'Hhhi!ihi!!hhhi!ihi!!ihhi!ihi!!!hhi!ihi!!hhhi!ihi!!hhhi!ihi!!ihhi!ihi!!!hhi!ihi!!ihhi!ihi!!hhhi!ihi!!ihhi!ihi!!!hhi!ihi!!hhhi!ihi!!hhhi!ihi!!ihhi!ihi!!!hhi!ihi!!!' expected:<[h]Hhhi!ihi!!hhhi!ihi!!...> but was:<[]Hhhi!ihi!!hhhi!ihi!!...>",
                "java.lang.AssertionError: Expected exception of type java.lang.StringIndexOutOfBoundsException; message: String index out of range: -1",
                "java.lang.AssertionError: Expected exception of type java.lang.StringIndexOutOfBoundsException; message: String index out of range: 100",
                "org.junit.ComparisonFailure: 'Hhi!hhi!ihi!hhi!!' != 'Hhi!hhi!ihHhhi!ihi!!hhI!hhI!ihI!hhI!!' expected:<Hhi!hhi!ih[i!hhi]!!> but was:<Hhi!hhi!ih[Hhhi!ihi!!hhI!hhI!ihI!hhI]!!>",
                "org.junit.ComparisonFailure: 'hHi!HHi!IHHHHI!IHI!!' != 'hHi!HHi!IHHhi!hhi!ihhi!' expected:<hHi!HHi!IHH[HHI!IHI!]!> but was:<hHi!HHi!IHH[hi!hhi!ihhi]!>",
                "org.junit.ComparisonFailure: 'hHHI!IHI!!hhI!hhI!ihI!hhI!!' != 'hHHI!IHI!!HHHI!IHI!!hhI!hhI!ihI!hhI!!' expected:<hHHI!IHI!![]hhI!hhI!ihI!hhI!!> but was:<hHHI!IHI!![HHHI!IHI!!]hhI!hhI!ihI!hhI!!>",
                "java.lang.AssertionError: Expected exception of type java.lang.StringIndexOutOfBoundsException; message: String index out of range: -1",
                "java.lang.AssertionError: Expected exception of type java.lang.StringIndexOutOfBoundsException; message: String index out of range: 97",
                "java.lang.AssertionError: Expected exception of type java.lang.StringIndexOutOfBoundsException; message: String index out of range: -1",
                "java.lang.AssertionError: Expected exception of type java.lang.StringIndexOutOfBoundsException; message: String index out of range: -1",
                "org.junit.ComparisonFailure: 'Hhhi!hhi!ihhhhi!ihi!!hhhi!ihi!!ihhi!hhi!hhi!ihhi!hhhi!hhi!ihhhhi!ihi!!hhhi!ihi!!ihhi!hhi!hhi!ihhi!hhHhhi!ihi!!hhhi!ihi!!ihhi!ihi!!!hhhhi!hhi!ihhhhi!ihi!!hhhi!ihi!!ihhi!ihi!!!hhi!ihi!!hhhi!ihi!!hhhi!ihi!!ihhi!ihi!!!hhi!ihi!!ihhi!ihi!!hi!' != 'Hhhi!hhi!ihhhhi!ihi!!hhhi!ihi!!ihhiHhhi!ihi!!hhhi!ihi!!ihhi!ihi!!!hhhhi!hhi!ihhhhi!ihi!!hhhi!ihi!!ihhi!ihi!!!hhi!ihi!!hhhi!ihi!!hhhi!ihi!!ihhi!ihi!!!hhi!ihi!!ihhi!ihi!!hi!' expected:<...!ihi!!hhhi!ihi!!ihhi[!hhi!hhi!ihhi!hhhi!hhi!ihhhhi!ihi!!hhhi!ihi!!ihhi!hhi!hhi!ihhi!hh]Hhhi!ihi!!hhhi!ihi!!...> but was:<...!ihi!!hhhi!ihi!!ihhi[]Hhhi!ihi!!hhhi!ihi!!...>",
                "java.lang.AssertionError: Expected exception of type java.lang.StringIndexOutOfBoundsException; message: String index out of range: 100",
                "org.junit.ComparisonFailure: 'hHI!HHI!IHHHHI!IHI!!HHHI!IHI!!IHHHIhhi!hhi!ihHhi!hhihhi!hhi!ihhhhi!ihi!!hhhi!ihi!!ihhhi!hhi!ihhhhi!ihi!!hhhi!ihi!!ihhi!hhi!hhi!ihhhhi!ihi!!hhhi!ihi!!ihhhhhi!ihi!!hhi!hhi!ihhhhi!ihi!!hhhi!ihi!!ihhi!ihi!!!hhi!ihi!!hhhi!ihi!!hhhi!ihi!!ihhi!ihi!!!hhi!ihi!!ihhi!ihhhhi!ihi!!hhhi!ihi!!ihhi!ihi!!!hhi!ihi!!hhhi!ihi!!hhhi!ihi!!ihhi!ihi!!!hhi!ihi!!ihhi!ihi!!hhhi!ihi!!ihhi!ihi!!!hhi!ihi!!hhhi!ihi!!hhhi!ihi!!ihhi!ihi!!!hhi!ihi!!!i!!hhhi!ihi!!ihhi!ihi!!!hhi!ihi!!hhhi!ihi!!hhhi!ihi!!ihhi!ihi!!!hhi!ihi!!!i!hhi!!' != 'hHI!HHI!IHHHHI!IHI!!HHHI!IHI!!IHhhi!hhi!ihhhhi!ihi!!hhhi!ihi!!ihhhi!hhi!ihhhhi!ihi!!hhhi!ihi!!ihhi!hhi!hhi!ihhhhi!ihi!!hhhi!ihi!!ihhhhhi!ihi!!hhi!hhi!ihhhhi!ihi!!hhhi!ihi!!ihhi!ihi!!!hhi!ihi!!hhhi!ihi!!hhhi!ihi!!ihhi!ihi!!!hhi!ihi!!ihhi!ihhhhi!ihi!!hhhi!ihi!!ihhi!ihi!!!hhi!ihi!!hhhi!ihi!!hhhi!ihi!!ihhi!ihi!!!hhi!ihi!!ihhi!ihi!!hhhi!ihi!!ihhi!ihi!!!hhi!ihi!!hhhi!ihi!!hhhi!ihi!!ihhi!ihi!!!hhi!ihi!!!i!!hhhi!ihi!!ihhi!ihi!!!hhi!ihi!!hhhi!ihi!!hhhi!ihi!!ihhi!ihi!!!hhi!ihi!!!i!hhi!!' expected:<...HI!IHI!!HHHI!IHI!!IH[HHIhhi!hhi!ihHhi!hhi]hhi!hhi!ihhhhi!ihi!!...> but was:<...HI!IHI!!HHHI!IHI!!IH[]hhi!hhi!ihhhhi!ihi!!...>",
                "org.junit.ComparisonFailure: 'hHI!HHI!IHHHHHI!IHI!!HHI!HHI!IHI!HHI!!HHHHI!IHI!!HHI!HHI!IHI!HHI!!IHHHI!IHI!!HHI!HHI!IHI!HHI!!!HHHI!HHHI!IHI!!HHi!HHi!IHHHHI!IHI!!HHHI!IHI!!iHHI!IHI!!!HHI!IHI!!HHHI!IHI!!HHHI!IHI!!iHHI!IHI!!!HHI!IHI!!IHHI!IHHhhhi!ihi!!hhI!hhI!ihI!hhI!!hhhhi!ihi!!hhI!hhI!ihI!hhI!!Ihhhi!ihi!!hhI!hhI!ihI!hhI!!!hhhi!ihi!!hhI!hhI!ihI!hhI!!hhhhi!ihi!!hhI!hhI!ihI!hhI!!hhhhi!ihi!!hhI!hhI!ihI!hhI!!Ihhhi!ihi!!hhI!hhI!ihI!hhI!!!hhhi!ihi!!hhI!hhI!ihI!hhI!!ihhhi!ihi!!hhI!hhI!ihI!hhI!!hhhhi!ihi!!hhI!hhI!ihI!hhI!!hhhhi!ihi!!hhI!hhI!ihI!hhI!!ihhhi!ihi!!hhI!hhI!ihI!hhI!!!hI!' != 'hHI!HHI!IHHHHHI!IHI!!HHI!HHI!IHI!HHI!!HHHHI!IHI!!HHIHHHI!IHI!!HHi!HHi!IHHHHI!IHI!!HHHI!IHI!!iHHI!IHI!!!HHI!IHI!!HHHI!IHI!!HHHI!IHI!!iHHI!IHI!!!HHI!IHI!!IHHI!IHHhhhi!ihi!!hhI!hhI!ihI!hhI!!hhhhi!ihi!!hhI!hhI!ihI!hhI!!Ihhhi!ihi!!hhI!hhI!ihI!hhI!!!hhhi!ihi!!hhI!hhI!ihI!hhI!!hhhhi!ihi!!hhI!hhI!ihI!hhI!!hhhhi!ihi!!hhI!hhI!ihI!hhI!!Ihhhi!ihi!!hhI!hhI!ihI!hhI!!!hhhi!ihi!!hhI!hhI!ihI!hhI!!ihhhi!ihi!!hhI!hhI!ihI!hhI!!hhhhi!ihi!!hhI!hhI!ihI!hhI!!hhhhi!ihi!!hhI!hhI!ihI!hhI!!ihhhi!ihi!!hhI!hhI!ihI!hhI!!!hI!' expected:<...!HHI!!HHHHI!IHI!!HHI[!HHI!IHI!HHI!!IHHHI!IHI!!HHI!HHI!IHI!HHI!!!HHHI!]HHHI!IHI!!HHi!HHi!IH...> but was:<...!HHI!!HHHHI!IHI!!HHI[]HHHI!IHI!!HHi!HHi!IH...>",
                "java.lang.AssertionError: Expected exception of type java.lang.StringIndexOutOfBoundsException; message: String index out of range: 100"
            ],
            "failing_lines": [
                [
                    "RegressionTest1.test0514(RegressionTest1.java:128)"
                ],
                [
                    "RegressionTest1.test0606(RegressionTest1.java:1042)"
                ],
                [
                    "RegressionTest1.test0630(RegressionTest1.java:1321)"
                ],
                [
                    "RegressionTest1.test0669(RegressionTest1.java:1754)"
                ],
                [
                    "RegressionTest1.test0701(RegressionTest1.java:2101)"
                ],
                [
                    "RegressionTest1.test0717(RegressionTest1.java:2272)"
                ],
                [
                    "RegressionTest1.test0737(RegressionTest1.java:2482)"
                ],
                [
                    "RegressionTest1.test0740(RegressionTest1.java:2506)"
                ],
                [
                    "RegressionTest1.test0749(RegressionTest1.java:2581)"
                ],
                [
                    "RegressionTest1.test0816(RegressionTest1.java:3287)"
                ],
                [
                    "RegressionTest1.test0866(RegressionTest1.java:3784)"
                ],
                [
                    "RegressionTest1.test0899(RegressionTest1.java:4197)"
                ],
                [
                    "RegressionTest1.test0900(RegressionTest1.java:4210)"
                ],
                [
                    "RegressionTest1.test0913(RegressionTest1.java:4398)"
                ],
                [
                    "RegressionTest1.test0975(RegressionTest1.java:4964)"
                ],
                [
                    "RegressionTest1.test0976(RegressionTest1.java:4974)"
                ],
                [
                    "RegressionTest1.test0984(RegressionTest1.java:5077)"
                ],
                [
                    "RegressionTest6.test3220(RegressionTest6.java:3253)"
                ],
                [
                    "RegressionTest6.test3293(RegressionTest6.java:4297)"
                ],
                [
                    "RegressionTest6.test3348(RegressionTest6.java:5059)"
                ],
                [
                    "RegressionTest6.test3375(RegressionTest6.java:5475)"
                ],
                [
                    "RegressionTest6.test3383(RegressionTest6.java:5621)"
                ],
                [
                    "RegressionTest6.test3407(RegressionTest6.java:6013)"
                ],
                [
                    "RegressionTest6.test3445(RegressionTest6.java:6599)"
                ],
                [
                    "RegressionTest8.test4044(RegressionTest8.java:683)"
                ],
                [
                    "RegressionTest8.test4084(RegressionTest8.java:1223)"
                ],
                [
                    "RegressionTest8.test4140(RegressionTest8.java:2089)"
                ],
                [
                    "RegressionTest8.test4208(RegressionTest8.java:3049)"
                ],
                [
                    "RegressionTest8.test4213(RegressionTest8.java:3109)"
                ],
                [
                    "RegressionTest8.test4227(RegressionTest8.java:3326)"
                ],
                [
                    "RegressionTest8.test4263(RegressionTest8.java:3927)"
                ],
                [
                    "RegressionTest8.test4326(RegressionTest8.java:4965)"
                ],
                [
                    "RegressionTest8.test4356(RegressionTest8.java:5375)"
                ],
                [
                    "RegressionTest8.test4385(RegressionTest8.java:5729)"
                ],
                [
                    "RegressionTest8.test4481(RegressionTest8.java:7426)"
                ],
                [
                    "RegressionTest8.test4495(RegressionTest8.java:7604)"
                ],
                [
                    "RegressionTest3.test1528(RegressionTest3.java:358)"
                ],
                [
                    "RegressionTest3.test1581(RegressionTest3.java:1073)"
                ],
                [
                    "RegressionTest3.test1595(RegressionTest3.java:1235)"
                ],
                [
                    "RegressionTest3.test1624(RegressionTest3.java:1549)"
                ],
                [
                    "RegressionTest3.test1634(RegressionTest3.java:1639)"
                ],
                [
                    "RegressionTest3.test1636(RegressionTest3.java:1660)"
                ],
                [
                    "RegressionTest3.test1657(RegressionTest3.java:1860)"
                ],
                [
                    "RegressionTest3.test1658(RegressionTest3.java:1868)"
                ],
                [
                    "RegressionTest3.test1735(RegressionTest3.java:2882)"
                ],
                [
                    "RegressionTest3.test1761(RegressionTest3.java:3174)"
                ],
                [
                    "RegressionTest3.test1768(RegressionTest3.java:3235)"
                ],
                [
                    "RegressionTest3.test1821(RegressionTest3.java:3934)"
                ],
                [
                    "RegressionTest3.test1841(RegressionTest3.java:4194)"
                ],
                [
                    "RegressionTest3.test1863(RegressionTest3.java:4417)"
                ],
                [
                    "RegressionTest3.test1881(RegressionTest3.java:4654)"
                ],
                [
                    "RegressionTest3.test1889(RegressionTest3.java:4743)"
                ],
                [
                    "RegressionTest3.test1917(RegressionTest3.java:5071)"
                ],
                [
                    "RegressionTest9.test4521(RegressionTest9.java:280)"
                ],
                [
                    "RegressionTest9.test4584(RegressionTest9.java:1201)"
                ],
                [
                    "RegressionTest9.test4600(RegressionTest9.java:1353)"
                ],
                [
                    "RegressionTest5.test2569(RegressionTest5.java:1044)"
                ],
                [
                    "RegressionTest5.test2582(RegressionTest5.java:1247)"
                ],
                [
                    "RegressionTest5.test2601(RegressionTest5.java:1486)"
                ],
                [
                    "RegressionTest5.test2622(RegressionTest5.java:1773)"
                ],
                [
                    "RegressionTest5.test2627(RegressionTest5.java:1831)"
                ],
                [
                    "RegressionTest5.test2636(RegressionTest5.java:1943)"
                ],
                [
                    "RegressionTest5.test2685(RegressionTest5.java:2572)"
                ],
                [
                    "RegressionTest5.test2690(RegressionTest5.java:2674)"
                ],
                [
                    "RegressionTest5.test2797(RegressionTest5.java:4228)"
                ],
                [
                    "RegressionTest5.test2808(RegressionTest5.java:4380)"
                ],
                [
                    "RegressionTest5.test2838(RegressionTest5.java:4758)"
                ],
                [
                    "RegressionTest5.test2861(RegressionTest5.java:5083)"
                ],
                [
                    "RegressionTest5.test2892(RegressionTest5.java:5524)"
                ],
                [
                    "RegressionTest5.test2980(RegressionTest5.java:6786)"
                ],
                [
                    "RegressionTest4.test2051(RegressionTest4.java:707)"
                ],
                [
                    "RegressionTest4.test2068(RegressionTest4.java:879)"
                ],
                [
                    "RegressionTest4.test2212(RegressionTest4.java:2781)"
                ],
                [
                    "RegressionTest4.test2223(RegressionTest4.java:2922)"
                ],
                [
                    "RegressionTest4.test2225(RegressionTest4.java:2938)"
                ],
                [
                    "RegressionTest4.test2348(RegressionTest4.java:4551)"
                ],
                [
                    "RegressionTest4.test2367(RegressionTest4.java:4863)"
                ],
                [
                    "RegressionTest4.test2388(RegressionTest4.java:5124)"
                ],
                [
                    "RegressionTest4.test2397(RegressionTest4.java:5243)"
                ],
                [
                    "RegressionTest4.test2445(RegressionTest4.java:5869)"
                ],
                [
                    "RegressionTest4.test2460(RegressionTest4.java:6055)"
                ],
                [
                    "RegressionTest4.test2487(RegressionTest4.java:6397)"
                ],
                [
                    "RegressionTest4.test2490(RegressionTest4.java:6452)"
                ],
                [
                    "RegressionTest2.test1065(RegressionTest2.java:673)"
                ],
                [
                    "RegressionTest2.test1127(RegressionTest2.java:1418)"
                ],
                [
                    "RegressionTest2.test1135(RegressionTest2.java:1504)"
                ],
                [
                    "RegressionTest2.test1184(RegressionTest2.java:2044)"
                ],
                [
                    "RegressionTest2.test1293(RegressionTest2.java:3230)"
                ],
                [
                    "RegressionTest2.test1323(RegressionTest2.java:3630)"
                ],
                [
                    "RegressionTest2.test1326(RegressionTest2.java:3658)"
                ],
                [
                    "RegressionTest2.test1331(RegressionTest2.java:3712)"
                ],
                [
                    "RegressionTest2.test1356(RegressionTest2.java:4020)"
                ],
                [
                    "RegressionTest2.test1436(RegressionTest2.java:4969)"
                ],
                [
                    "RegressionTest0.test0027(RegressionTest0.java:238)"
                ],
                [
                    "RegressionTest0.test0040(RegressionTest0.java:362)"
                ],
                [
                    "RegressionTest0.test0059(RegressionTest0.java:519)"
                ],
                [
                    "RegressionTest0.test0079(RegressionTest0.java:716)"
                ],
                [
                    "RegressionTest0.test0097(RegressionTest0.java:867)"
                ],
                [
                    "RegressionTest0.test0101(RegressionTest0.java:905)"
                ],
                [
                    "RegressionTest0.test0139(RegressionTest0.java:1248)"
                ],
                [
                    "RegressionTest0.test0143(RegressionTest0.java:1285)"
                ],
                [
                    "RegressionTest0.test0162(RegressionTest0.java:1479)"
                ],
                [
                    "RegressionTest0.test0185(RegressionTest0.java:1737)"
                ],
                [
                    "RegressionTest0.test0188(RegressionTest0.java:1766)"
                ],
                [
                    "RegressionTest0.test0205(RegressionTest0.java:1907)"
                ],
                [
                    "RegressionTest0.test0212(RegressionTest0.java:1986)"
                ],
                [
                    "RegressionTest0.test0217(RegressionTest0.java:2031)"
                ],
                [
                    "RegressionTest0.test0218(RegressionTest0.java:2042)"
                ],
                [
                    "RegressionTest0.test0223(RegressionTest0.java:2093)"
                ],
                [
                    "RegressionTest0.test0226(RegressionTest0.java:2120)"
                ],
                [
                    "RegressionTest0.test0234(RegressionTest0.java:2195)"
                ],
                [
                    "RegressionTest0.test0236(RegressionTest0.java:2225)"
                ],
                [
                    "RegressionTest0.test0314(RegressionTest0.java:2962)"
                ],
                [
                    "RegressionTest0.test0349(RegressionTest0.java:3301)"
                ],
                [
                    "RegressionTest0.test0368(RegressionTest0.java:3469)"
                ],
                [
                    "RegressionTest0.test0412(RegressionTest0.java:3929)"
                ],
                [
                    "RegressionTest0.test0425(RegressionTest0.java:4044)"
                ],
                [
                    "RegressionTest0.test0427(RegressionTest0.java:4060)"
                ],
                [
                    "RegressionTest0.test0450(RegressionTest0.java:4305)"
                ],
                [
                    "RegressionTest7.test3584(RegressionTest7.java:1162)"
                ],
                [
                    "RegressionTest7.test3589(RegressionTest7.java:1232)"
                ],
                [
                    "RegressionTest7.test3600(RegressionTest7.java:1374)"
                ],
                [
                    "RegressionTest7.test3633(RegressionTest7.java:1886)"
                ],
                [
                    "RegressionTest7.test3757(RegressionTest7.java:3716)"
                ],
                [
                    "RegressionTest7.test3861(RegressionTest7.java:5273)"
                ],
                [
                    "RegressionTest7.test3870(RegressionTest7.java:5409)"
                ],
                [
                    "RegressionTest7.test3873(RegressionTest7.java:5448)"
                ]
            ]
        },
        {
            "patch": "/home/mmartinez/xTestCluster/Patches/Patches_Wang902/Patches_others/Doverfitting/Jaid/Lang/patch2-Lang-45-Jaid-plausible.patch",
            "test": "test_from_WangICSE_patch1-Lang-45-TBar-plausible",
            "failing": 29,
            "testrun": 4529,
            "failings": [
                "test0736(RegressionTest1)",
                "test0950(RegressionTest1)",
                "test0953(RegressionTest1)",
                "test3453(RegressionTest6)",
                "test4475(RegressionTest8)",
                "test1632(RegressionTest3)",
                "test1672(RegressionTest3)",
                "test1779(RegressionTest3)",
                "test1793(RegressionTest3)",
                "test1801(RegressionTest3)",
                "test1866(RegressionTest3)",
                "test1918(RegressionTest3)",
                "test2553(RegressionTest5)",
                "test2865(RegressionTest5)",
                "test2899(RegressionTest5)",
                "test2422(RegressionTest4)",
                "test1346(RegressionTest2)",
                "test0059(RegressionTest0)",
                "test0079(RegressionTest0)",
                "test0097(RegressionTest0)",
                "test0101(RegressionTest0)",
                "test0161(RegressionTest0)",
                "test0214(RegressionTest0)",
                "test0223(RegressionTest0)",
                "test0232(RegressionTest0)",
                "test0235(RegressionTest0)",
                "test0401(RegressionTest0)",
                "test3683(RegressionTest7)",
                "test3958(RegressionTest7)"
            ],
            "status": "ok",
            "test_executed": [
                "RegressionTest1",
                "RegressionTest6",
                "RegressionTest8",
                "RegressionTest3",
                "RegressionTest9",
                "RegressionTest5",
                "RegressionTest4",
                "RegressionTest2",
                "RegressionTest0",
                "RegressionTest7"
            ],
            "failing_assertions": [
                "java.lang.AssertionError: Expected exception of type java.lang.StringIndexOutOfBoundsException; message: String index out of range: 100",
                "java.lang.AssertionError: Expected exception of type java.lang.StringIndexOutOfBoundsException; message: String index out of range: 100",
                "java.lang.AssertionError: Expected exception of type java.lang.StringIndexOutOfBoundsException; message: String index out of range: 10",
                "java.lang.AssertionError: Expected exception of type java.lang.StringIndexOutOfBoundsException; message: String index out of range: 97",
                "java.lang.AssertionError: Expected exception of type java.lang.StringIndexOutOfBoundsException; message: String index out of range: 100",
                "java.lang.AssertionError: Expected exception of type java.lang.StringIndexOutOfBoundsException; message: String index out of range: 100",
                "java.lang.AssertionError: Expected exception of type java.lang.StringIndexOutOfBoundsException; message: String index out of range: 97",
                "java.lang.AssertionError: Expected exception of type java.lang.StringIndexOutOfBoundsException; message: String index out of range: 100",
                "java.lang.AssertionError: Expected exception of type java.lang.StringIndexOutOfBoundsException; message: String index out of range: 100",
                "java.lang.AssertionError: Expected exception of type java.lang.StringIndexOutOfBoundsException; message: String index out of range: 100",
                "java.lang.AssertionError: Expected exception of type java.lang.StringIndexOutOfBoundsException; message: String index out of range: 97",
                "java.lang.AssertionError: Expected exception of type java.lang.StringIndexOutOfBoundsException; message: String index out of range: 52",
                "java.lang.AssertionError: Expected exception of type java.lang.StringIndexOutOfBoundsException; message: String index out of range: 100",
                "java.lang.AssertionError: Expected exception of type java.lang.StringIndexOutOfBoundsException; message: String index out of range: 32",
                "java.lang.AssertionError: Expected exception of type java.lang.StringIndexOutOfBoundsException; message: String index out of range: 35",
                "java.lang.AssertionError: Expected exception of type java.lang.StringIndexOutOfBoundsException; message: String index out of range: 100",
                "java.lang.AssertionError: Expected exception of type java.lang.StringIndexOutOfBoundsException; message: String index out of range: 100",
                "java.lang.AssertionError: Expected exception of type java.lang.StringIndexOutOfBoundsException; message: String index out of range: 52",
                "java.lang.AssertionError: Expected exception of type java.lang.StringIndexOutOfBoundsException; message: String index out of range: 10",
                "java.lang.AssertionError: Expected exception of type java.lang.StringIndexOutOfBoundsException; message: String index out of range: 35",
                "java.lang.AssertionError: Expected exception of type java.lang.StringIndexOutOfBoundsException; message: String index out of range: 97",
                "java.lang.AssertionError: Expected exception of type java.lang.StringIndexOutOfBoundsException; message: String index out of range: 35",
                "java.lang.AssertionError: Expected exception of type java.lang.StringIndexOutOfBoundsException; message: String index out of range: 32",
                "java.lang.AssertionError: Expected exception of type java.lang.StringIndexOutOfBoundsException; message: String index out of range: 100",
                "java.lang.AssertionError: Expected exception of type java.lang.StringIndexOutOfBoundsException; message: String index out of range: 10",
                "java.lang.AssertionError: Expected exception of type java.lang.StringIndexOutOfBoundsException; message: String index out of range: 100",
                "java.lang.AssertionError: Expected exception of type java.lang.StringIndexOutOfBoundsException; message: String index out of range: 100",
                "java.lang.AssertionError: Expected exception of type java.lang.StringIndexOutOfBoundsException; message: String index out of range: 97",
                "java.lang.AssertionError: Expected exception of type java.lang.StringIndexOutOfBoundsException; message: String index out of range: 100"
            ],
            "failing_lines": [
                [
                    "RegressionTest1.test0736(RegressionTest1.java:2431)"
                ],
                [
                    "RegressionTest1.test0950(RegressionTest1.java:4691)"
                ],
                [
                    "RegressionTest1.test0953(RegressionTest1.java:4720)"
                ],
                [
                    "RegressionTest6.test3453(RegressionTest6.java:6768)"
                ],
                [
                    "RegressionTest8.test4475(RegressionTest8.java:7275)"
                ],
                [
                    "RegressionTest3.test1632(RegressionTest3.java:1591)"
                ],
                [
                    "RegressionTest3.test1672(RegressionTest3.java:2015)"
                ],
                [
                    "RegressionTest3.test1779(RegressionTest3.java:3378)"
                ],
                [
                    "RegressionTest3.test1793(RegressionTest3.java:3549)"
                ],
                [
                    "RegressionTest3.test1801(RegressionTest3.java:3633)"
                ],
                [
                    "RegressionTest3.test1866(RegressionTest3.java:4433)"
                ],
                [
                    "RegressionTest3.test1918(RegressionTest3.java:5037)"
                ],
                [
                    "RegressionTest5.test2553(RegressionTest5.java:712)"
                ],
                [
                    "RegressionTest5.test2865(RegressionTest5.java:4850)"
                ],
                [
                    "RegressionTest5.test2899(RegressionTest5.java:5329)"
                ],
                [
                    "RegressionTest4.test2422(RegressionTest4.java:5623)"
                ],
                [
                    "RegressionTest2.test1346(RegressionTest2.java:3796)"
                ],
                [
                    "RegressionTest0.test0059(RegressionTest0.java:509)"
                ],
                [
                    "RegressionTest0.test0079(RegressionTest0.java:706)"
                ],
                [
                    "RegressionTest0.test0097(RegressionTest0.java:857)"
                ],
                [
                    "RegressionTest0.test0101(RegressionTest0.java:895)"
                ],
                [
                    "RegressionTest0.test0161(RegressionTest0.java:1442)"
                ],
                [
                    "RegressionTest0.test0214(RegressionTest0.java:1940)"
                ],
                [
                    "RegressionTest0.test0223(RegressionTest0.java:2026)"
                ],
                [
                    "RegressionTest0.test0232(RegressionTest0.java:2112)"
                ],
                [
                    "RegressionTest0.test0235(RegressionTest0.java:2152)"
                ],
                [
                    "RegressionTest0.test0401(RegressionTest0.java:3852)"
                ],
                [
                    "RegressionTest7.test3683(RegressionTest7.java:2616)"
                ],
                [
                    "RegressionTest7.test3958(RegressionTest7.java:6680)"
                ]
            ]
        }
    ],
    "duration": 36.69
}