{
    "patch": "/home/mmartinez/xTestCluster/Patches/Patches_Wang902/Patches_ICSE/Doverfitting/AVATAR/Lang/patch1-Lang-39-AVATAR-plausible.patch",
    "project": "Lang",
    "bugid": "39",
    "dataset": "Patches_ICSE",
    "date": "2023-02-04T11:50:57.485997",
    "project_checked": "ok",
    "compiledProjectModified": "ok",
    "patchApplied": "ok",
    "arrive_end": "ok",
    "patched_project_pass_all_test": "no",
    "test_execution": [
        {
            "patch": "/home/mmartinez/xTestCluster/Patches/Patches_Wang902/Patches_ICSE/Doverfitting/AVATAR/Lang/patch1-Lang-39-AVATAR-plausible.patch",
            "test": "test_from_WangICSE_patch1-Lang-39-jGenProg-plausible",
            "failing": 2,
            "testrun": 574,
            "failings": [
                "test338(org.apache.commons.lang3.StringUtils_ESTest)",
                "test333(org.apache.commons.lang3.StringUtils_ESTest)"
            ],
            "status": "ok",
            "test_executed": [
                "org.apache.commons.lang3.StringUtils_ESTest"
            ],
            "failing_assertions": [
                "java.lang.NullPointerException",
                "java.lang.NullPointerException"
            ],
            "failing_lines": [
                [
                    "org.apache.commons.lang3.StringUtils_ESTest.test338(StringUtils_ESTest.java:2772)"
                ],
                [
                    "org.apache.commons.lang3.StringUtils_ESTest.test333(StringUtils_ESTest.java:2694)"
                ]
            ]
        },
        {
            "patch": "/home/mmartinez/xTestCluster/Patches/Patches_Wang902/Patches_ICSE/Doverfitting/AVATAR/Lang/patch1-Lang-39-AVATAR-plausible.patch",
            "test": "test_from_WangICSE_patch1-Lang-39-SimFix",
            "failing": 2,
            "testrun": 583,
            "failings": [
                "test339(org.apache.commons.lang3.StringUtils_ESTest)",
                "test344(org.apache.commons.lang3.StringUtils_ESTest)"
            ],
            "status": "ok",
            "test_executed": [
                "org.apache.commons.lang3.StringUtils_ESTest"
            ],
            "failing_assertions": [
                "java.lang.NullPointerException",
                "java.lang.NullPointerException"
            ],
            "failing_lines": [
                [
                    "org.apache.commons.lang3.StringUtils_ESTest.test339(StringUtils_ESTest.java:2683)"
                ],
                [
                    "org.apache.commons.lang3.StringUtils_ESTest.test344(StringUtils_ESTest.java:2735)"
                ]
            ]
        },
        {
            "patch": "/home/mmartinez/xTestCluster/Patches/Patches_Wang902/Patches_ICSE/Doverfitting/AVATAR/Lang/patch1-Lang-39-AVATAR-plausible.patch",
            "test": "test_from_WangICSE_patch1-Lang-39-AVATAR-plausible",
            "failing": 0,
            "testrun": 574,
            "failings": [],
            "status": "ok",
            "test_executed": [
                "org.apache.commons.lang3.StringUtils_ESTest"
            ],
            "failing_assertions": [],
            "failing_lines": []
        },
        {
            "patch": "/home/mmartinez/xTestCluster/Patches/Patches_Wang902/Patches_ICSE/Doverfitting/AVATAR/Lang/patch1-Lang-39-AVATAR-plausible.patch",
            "test": "test_from_WangICSE_patch1-Lang-39-TBar-plausible",
            "failing": 2,
            "testrun": 569,
            "failings": [
                "test337(org.apache.commons.lang3.StringUtils_ESTest)",
                "test338(org.apache.commons.lang3.StringUtils_ESTest)"
            ],
            "status": "ok",
            "test_executed": [
                "org.apache.commons.lang3.StringUtils_ESTest"
            ],
            "failing_assertions": [
                "java.lang.NullPointerException",
                "java.lang.NullPointerException"
            ],
            "failing_lines": [
                [
                    "org.apache.commons.lang3.StringUtils_ESTest.test337(StringUtils_ESTest.java:1949)"
                ],
                [
                    "org.apache.commons.lang3.StringUtils_ESTest.test338(StringUtils_ESTest.java:1959)"
                ]
            ]
        }
    ],
    "duration": 23.05
}