{
    "patch": "/home/mmartinez/xTestCluster/Patches/Patches_Wang902/Patches_ICSE/Doverfitting/jGenProg/Closure/patch1-Closure-22-jGenProg-plausible.patch",
    "project": "Closure",
    "bugid": "22",
    "dataset": "Patches_ICSE",
    "date": "2022-12-16T00:14:04.048993",
    "project_checked": "ok",
    "compiledProjectModified": "ok",
    "patchApplied": "ok",
    "arrive_end": "ok",
    "patched_project_pass_all_test": "no",
    "test_execution": [
        {
            "patch": "/home/mmartinez/xTestCluster/Patches/Patches_Wang902/Patches_ICSE/Doverfitting/jGenProg/Closure/patch1-Closure-22-jGenProg-plausible.patch",
            "test": "test_from_WangICSE_patch1-Closure-22-TBar-plausible",
            "failing": 0,
            "testrun": 17,
            "failings": [],
            "status": "ok",
            "test_executed": [
                "com.google.javascript.jscomp.CheckSideEffects_ESTest"
            ],
            "failing_assertions": [],
            "failing_lines": []
        },
        {
            "patch": "/home/mmartinez/xTestCluster/Patches/Patches_Wang902/Patches_ICSE/Doverfitting/jGenProg/Closure/patch1-Closure-22-jGenProg-plausible.patch",
            "test": "test_from_WangICSE_patch1-Closure-22-GenProg-plausible",
            "failing": 0,
            "testrun": 14,
            "failings": [],
            "status": "ok",
            "test_executed": [
                "com.google.javascript.jscomp.CheckSideEffects_ESTest"
            ],
            "failing_assertions": [],
            "failing_lines": []
        },
        {
            "patch": "/home/mmartinez/xTestCluster/Patches/Patches_Wang902/Patches_ICSE/Doverfitting/jGenProg/Closure/patch1-Closure-22-jGenProg-plausible.patch",
            "test": "test_from_WangICSE_patch1-Closure-22-jKali-plausible",
            "failing": 0,
            "testrun": 18,
            "failings": [],
            "status": "ok",
            "test_executed": [
                "com.google.javascript.jscomp.CheckSideEffects_ESTest"
            ],
            "failing_assertions": [],
            "failing_lines": []
        },
        {
            "patch": "/home/mmartinez/xTestCluster/Patches/Patches_Wang902/Patches_ICSE/Doverfitting/jGenProg/Closure/patch1-Closure-22-jGenProg-plausible.patch",
            "test": "test_from_WangICSE_patch1-Closure-22-jMutRepair-plausible",
            "failing": 0,
            "testrun": 19,
            "failings": [
                "Error"
            ],
            "status": "ok",
            "test_executed": [
                "com.google.javascript.jscomp.CheckSideEffects_ESTest"
            ],
            "failing_assertions": [
                "00:14:47.753 [main] INFO org.evosuite.runtime.instrumentation.EvoClassLoader - Seeing class for first time: com.google.javascript.rhino.head.VMBridge_custom"
            ],
            "failing_lines": []
        },
        {
            "patch": "/home/mmartinez/xTestCluster/Patches/Patches_Wang902/Patches_ICSE/Doverfitting/jGenProg/Closure/patch1-Closure-22-jGenProg-plausible.patch",
            "test": "test_from_WangICSE_patch1-Closure-22-Kali-plausible",
            "failing": 0,
            "testrun": 15,
            "failings": [],
            "status": "ok",
            "test_executed": [
                "com.google.javascript.jscomp.CheckSideEffects_ESTest"
            ],
            "failing_assertions": [],
            "failing_lines": []
        },
        {
            "patch": "/home/mmartinez/xTestCluster/Patches/Patches_Wang902/Patches_ICSE/Doverfitting/jGenProg/Closure/patch1-Closure-22-jGenProg-plausible.patch",
            "test": "test_from_WangICSE_patch1-Closure-22-SimFix-plausible",
            "failing": 0,
            "testrun": 16,
            "failings": [
                "Error",
                "Error"
            ],
            "status": "ok",
            "test_executed": [
                "com.google.javascript.jscomp.CheckSideEffects_ESTest"
            ],
            "failing_assertions": [
                "00:14:55.363 [main] INFO org.evosuite.runtime.instrumentation.EvoClassLoader - Seeing class for first time: com.google.common.collect.ImmutableCollection$1",
                "00:14:56.016 [main] INFO org.evosuite.runtime.instrumentation.EvoClassLoader - Seeing class for first time: com.google.javascript.rhino.head.VMBridge_custom"
            ],
            "failing_lines": []
        },
        {
            "patch": "/home/mmartinez/xTestCluster/Patches/Patches_Wang902/Patches_ICSE/Doverfitting/jGenProg/Closure/patch1-Closure-22-jGenProg-plausible.patch",
            "test": "test_from_WangICSE_patch1-Closure-22-AVATAR-plausible",
            "failing": 0,
            "testrun": 20,
            "failings": [],
            "status": "ok",
            "test_executed": [
                "com.google.javascript.jscomp.CheckSideEffects_ESTest"
            ],
            "failing_assertions": [],
            "failing_lines": []
        },
        {
            "patch": "/home/mmartinez/xTestCluster/Patches/Patches_Wang902/Patches_ICSE/Doverfitting/jGenProg/Closure/patch1-Closure-22-jGenProg-plausible.patch",
            "test": "test_from_WangICSE_patch1-Closure-22-RSRepair-plausible",
            "failing": 0,
            "testrun": 18,
            "failings": [
                "Error",
                "Error",
                "Error"
            ],
            "status": "ok",
            "test_executed": [
                "com.google.javascript.jscomp.CheckSideEffects_ESTest"
            ],
            "failing_assertions": [
                "00:15:04.333 [main] INFO org.evosuite.runtime.instrumentation.EvoClassLoader - Seeing class for first time: com.google.javascript.rhino.head.VMBridge_custom",
                "00:15:04.423 [main] INFO org.evosuite.runtime.instrumentation.EvoClassLoader - Seeing class for first time: com.google.javascript.rhino.head.VMBridge_custom",
                "00:15:04.498 [main] INFO org.evosuite.runtime.instrumentation.EvoClassLoader - Seeing class for first time: com.google.javascript.rhino.head.VMBridge_custom"
            ],
            "failing_lines": []
        },
        {
            "patch": "/home/mmartinez/xTestCluster/Patches/Patches_Wang902/Patches_ICSE/Doverfitting/jGenProg/Closure/patch1-Closure-22-jGenProg-plausible.patch",
            "test": "test_from_WangICSE_patch1-Closure-22-Arja-plausible",
            "failing": 1,
            "testrun": 25,
            "failings": [
                "Error",
                "test21(com.google.javascript.jscomp.CheckSideEffects_ESTest)"
            ],
            "status": "ok",
            "test_executed": [
                "com.google.javascript.jscomp.CheckSideEffects_ESTest"
            ],
            "failing_assertions": [
                "00:15:08.439 [main] INFO org.evosuite.runtime.instrumentation.EvoClassLoader - Seeing class for first time: com.google.javascript.rhino.head.VMBridge_custom",
                "java.lang.AssertionError: Exception was not thrown in com.google.javascript.jscomp.NodeUtil but in com.google.javascript.jscomp.CheckSideEffects.visit(CheckSideEffects.java:103): java.lang.NullPointerException"
            ],
            "failing_lines": [
                [
                    "com.google.javascript.jscomp.CheckSideEffects_ESTest.test21(CheckSideEffects_ESTest.java:359)"
                ]
            ]
        },
        {
            "patch": "/home/mmartinez/xTestCluster/Patches/Patches_Wang902/Patches_ICSE/Doverfitting/jGenProg/Closure/patch1-Closure-22-jGenProg-plausible.patch",
            "test": "test_from_WangICSE_patch1-Closure-22-jGenProg-plausible",
            "failing": 0,
            "testrun": 17,
            "failings": [
                "Error"
            ],
            "status": "ok",
            "test_executed": [
                "com.google.javascript.jscomp.CheckSideEffects_ESTest"
            ],
            "failing_assertions": [
                "00:15:12.558 [main] INFO org.evosuite.runtime.instrumentation.EvoClassLoader - Seeing class for first time: com.google.javascript.rhino.head.VMBridge_custom"
            ],
            "failing_lines": []
        }
    ],
    "duration": 68.84
}