{
    "patch": "/home/mmartinez/xTestCluster/Patches/Patches_Wang902/Patches_ICSE/Doverfitting/Kali/Chart/patch1-Chart-12-Kali-plausible.patch",
    "project": "Chart",
    "bugid": "12",
    "dataset": "Patches_ICSE",
    "date": "2022-12-27T20:42:35.137842",
    "project_checked": "ok",
    "compiledProjectModified": "ok",
    "patchApplied": "ok",
    "arrive_end": "ok",
    "patched_project_pass_all_test": "no",
    "test_execution": [
        {
            "patch": "/home/mmartinez/xTestCluster/Patches/Patches_Wang902/Patches_ICSE/Doverfitting/Kali/Chart/patch1-Chart-12-Kali-plausible.patch",
            "test": "test_from_WangICSE_patch1-Chart-12-RSRepair-plausible",
            "failing": 0,
            "testrun": 39,
            "failings": [],
            "status": "ok",
            "test_executed": [
                "org.jfree.chart.plot.MultiplePiePlot_ESTest"
            ],
            "failing_assertions": [],
            "failing_lines": []
        },
        {
            "patch": "/home/mmartinez/xTestCluster/Patches/Patches_Wang902/Patches_ICSE/Doverfitting/Kali/Chart/patch1-Chart-12-Kali-plausible.patch",
            "test": "test_from_WangICSE_patch1-Chart-12-SimFix-plausible",
            "failing": 0,
            "testrun": 34,
            "failings": [],
            "status": "ok",
            "test_executed": [
                "org.jfree.chart.plot.MultiplePiePlot_ESTest"
            ],
            "failing_assertions": [],
            "failing_lines": []
        },
        {
            "patch": "/home/mmartinez/xTestCluster/Patches/Patches_Wang902/Patches_ICSE/Doverfitting/Kali/Chart/patch1-Chart-12-Kali-plausible.patch",
            "test": "test_from_WangICSE_patch1-Chart-12-GenProg-plausible",
            "failing": 44,
            "testrun": 165,
            "failings": [
                "test23(org.jfree.chart.plot.MultiplePiePlot_ESTest)",
                "test30(org.jfree.chart.plot.MultiplePiePlot_ESTest)",
                "test17(org.jfree.chart.plot.MultiplePiePlot_ESTest)",
                "test33(org.jfree.chart.plot.MultiplePiePlot_ESTest)",
                "test055(org.jfree.chart.JFreeChart_ESTest)",
                "test052(org.jfree.chart.JFreeChart_ESTest)",
                "test050(org.jfree.chart.JFreeChart_ESTest)",
                "test107(org.jfree.chart.JFreeChart_ESTest)",
                "test105(org.jfree.chart.JFreeChart_ESTest)",
                "test077(org.jfree.chart.JFreeChart_ESTest)",
                "test110(org.jfree.chart.JFreeChart_ESTest)",
                "test078(org.jfree.chart.JFreeChart_ESTest)",
                "test111(org.jfree.chart.JFreeChart_ESTest)",
                "test075(org.jfree.chart.JFreeChart_ESTest)",
                "test073(org.jfree.chart.JFreeChart_ESTest)",
                "test074(org.jfree.chart.JFreeChart_ESTest)",
                "test072(org.jfree.chart.JFreeChart_ESTest)",
                "test070(org.jfree.chart.JFreeChart_ESTest)",
                "test059(org.jfree.chart.JFreeChart_ESTest)",
                "test057(org.jfree.chart.JFreeChart_ESTest)",
                "test058(org.jfree.chart.JFreeChart_ESTest)",
                "test066(org.jfree.chart.JFreeChart_ESTest)",
                "test100(org.jfree.chart.JFreeChart_ESTest)",
                "test064(org.jfree.chart.JFreeChart_ESTest)",
                "test063(org.jfree.chart.JFreeChart_ESTest)",
                "test060(org.jfree.chart.JFreeChart_ESTest)",
                "test126(org.jfree.chart.JFreeChart_ESTest)",
                "test123(org.jfree.chart.JFreeChart_ESTest)",
                "test124(org.jfree.chart.JFreeChart_ESTest)",
                "test099(org.jfree.chart.JFreeChart_ESTest)",
                "test098(org.jfree.chart.JFreeChart_ESTest)",
                "test095(org.jfree.chart.JFreeChart_ESTest)",
                "test092(org.jfree.chart.JFreeChart_ESTest)",
                "test119(org.jfree.chart.JFreeChart_ESTest)",
                "test117(org.jfree.chart.JFreeChart_ESTest)",
                "test114(org.jfree.chart.JFreeChart_ESTest)",
                "test115(org.jfree.chart.JFreeChart_ESTest)",
                "test112(org.jfree.chart.JFreeChart_ESTest)",
                "test121(org.jfree.chart.JFreeChart_ESTest)",
                "test089(org.jfree.chart.JFreeChart_ESTest)",
                "test087(org.jfree.chart.JFreeChart_ESTest)",
                "test120(org.jfree.chart.JFreeChart_ESTest)",
                "test085(org.jfree.chart.JFreeChart_ESTest)",
                "test081(org.jfree.chart.JFreeChart_ESTest)"
            ],
            "status": "ok",
            "test_executed": [
                "org.jfree.chart.plot.MultiplePiePlot_ESTest",
                "org.jfree.chart.JFreeChart_ESTest"
            ],
            "failing_assertions": [
                "java.lang.AssertionError: Expecting exception: NullPointerException",
                "java.lang.AssertionError: expected null, but was:<java.awt.Color[r=192,g=192,b=192]>",
                "java.lang.AssertionError: Expecting exception: NullPointerException",
                "java.lang.AssertionError: Expecting exception: IllegalArgumentException",
                "java.lang.AssertionError: expected:<1> but was:<0>",
                "java.lang.AssertionError: expected:<1> but was:<0>",
                "java.lang.AssertionError: expected:<1> but was:<0>",
                "java.lang.AssertionError: expected:<1> but was:<0>",
                "java.lang.AssertionError: expected:<1> but was:<0>",
                "java.lang.AssertionError: expected:<1> but was:<0>",
                "java.lang.AssertionError: expected:<1> but was:<0>",
                "java.lang.AssertionError: expected:<1> but was:<0>",
                "java.lang.AssertionError: expected:<1> but was:<0>",
                "java.lang.AssertionError: expected:<1> but was:<0>",
                "java.lang.AssertionError: expected:<1> but was:<0>",
                "java.lang.AssertionError: expected:<1> but was:<0>",
                "java.lang.AssertionError: expected:<1> but was:<0>",
                "java.lang.AssertionError: expected:<1> but was:<0>",
                "java.lang.AssertionError: expected:<1> but was:<0>",
                "java.lang.AssertionError: expected:<1> but was:<0>",
                "java.lang.AssertionError: expected:<1> but was:<0>",
                "java.lang.AssertionError: expected:<1> but was:<0>",
                "java.lang.AssertionError: expected:<1> but was:<0>",
                "java.lang.AssertionError: expected:<1> but was:<0>",
                "java.lang.AssertionError: expected:<1> but was:<0>",
                "java.lang.AssertionError: expected:<1> but was:<0>",
                "java.lang.AssertionError: expected:<1> but was:<0>",
                "java.lang.AssertionError: expected:<1> but was:<0>",
                "java.lang.AssertionError: expected:<1> but was:<0>",
                "java.lang.AssertionError: expected:<1> but was:<0>",
                "java.lang.AssertionError: expected:<1> but was:<0>",
                "java.lang.AssertionError: expected:<1> but was:<0>",
                "java.lang.AssertionError: expected:<1> but was:<0>",
                "java.lang.AssertionError: expected:<1> but was:<0>",
                "java.lang.AssertionError: expected:<1> but was:<0>",
                "java.lang.AssertionError: expected:<1> but was:<0>",
                "java.lang.AssertionError: expected:<1> but was:<0>",
                "java.lang.AssertionError: expected:<1> but was:<0>",
                "java.lang.AssertionError: expected:<1> but was:<0>",
                "java.lang.AssertionError: expected:<2> but was:<1>",
                "java.lang.AssertionError: expected:<1> but was:<0>",
                "java.lang.AssertionError: expected:<1> but was:<0>",
                "java.lang.AssertionError: expected:<1> but was:<0>",
                "java.lang.AssertionError: expected:<1> but was:<0>"
            ],
            "failing_lines": [
                [
                    "org.jfree.chart.plot.MultiplePiePlot_ESTest.test23(MultiplePiePlot_ESTest.java:334)"
                ],
                [
                    "org.jfree.chart.plot.MultiplePiePlot_ESTest.test30(MultiplePiePlot_ESTest.java:413)"
                ],
                [
                    "org.jfree.chart.plot.MultiplePiePlot_ESTest.test17(MultiplePiePlot_ESTest.java:244)"
                ],
                [
                    "org.jfree.chart.plot.MultiplePiePlot_ESTest.test33(MultiplePiePlot_ESTest.java:439)"
                ],
                [
                    "org.jfree.chart.JFreeChart_ESTest.test055(JFreeChart_ESTest.java:784)"
                ],
                [
                    "org.jfree.chart.JFreeChart_ESTest.test052(JFreeChart_ESTest.java:743)"
                ],
                [
                    "org.jfree.chart.JFreeChart_ESTest.test050(JFreeChart_ESTest.java:722)"
                ],
                [
                    "org.jfree.chart.JFreeChart_ESTest.test107(JFreeChart_ESTest.java:1441)"
                ],
                [
                    "org.jfree.chart.JFreeChart_ESTest.test105(JFreeChart_ESTest.java:1411)"
                ],
                [
                    "org.jfree.chart.JFreeChart_ESTest.test077(JFreeChart_ESTest.java:1049)"
                ],
                [
                    "org.jfree.chart.JFreeChart_ESTest.test110(JFreeChart_ESTest.java:1471)"
                ],
                [
                    "org.jfree.chart.JFreeChart_ESTest.test078(JFreeChart_ESTest.java:1059)"
                ],
                [
                    "org.jfree.chart.JFreeChart_ESTest.test111(JFreeChart_ESTest.java:1483)"
                ],
                [
                    "org.jfree.chart.JFreeChart_ESTest.test075(JFreeChart_ESTest.java:1030)"
                ],
                [
                    "org.jfree.chart.JFreeChart_ESTest.test073(JFreeChart_ESTest.java:1006)"
                ],
                [
                    "org.jfree.chart.JFreeChart_ESTest.test074(JFreeChart_ESTest.java:1019)"
                ],
                [
                    "org.jfree.chart.JFreeChart_ESTest.test072(JFreeChart_ESTest.java:994)"
                ],
                [
                    "org.jfree.chart.JFreeChart_ESTest.test070(JFreeChart_ESTest.java:975)"
                ],
                [
                    "org.jfree.chart.JFreeChart_ESTest.test059(JFreeChart_ESTest.java:829)"
                ],
                [
                    "org.jfree.chart.JFreeChart_ESTest.test057(JFreeChart_ESTest.java:806)"
                ],
                [
                    "org.jfree.chart.JFreeChart_ESTest.test058(JFreeChart_ESTest.java:820)"
                ],
                [
                    "org.jfree.chart.JFreeChart_ESTest.test066(JFreeChart_ESTest.java:928)"
                ],
                [
                    "org.jfree.chart.JFreeChart_ESTest.test100(JFreeChart_ESTest.java:1345)"
                ],
                [
                    "org.jfree.chart.JFreeChart_ESTest.test064(JFreeChart_ESTest.java:892)"
                ],
                [
                    "org.jfree.chart.JFreeChart_ESTest.test063(JFreeChart_ESTest.java:881)"
                ],
                [
                    "org.jfree.chart.JFreeChart_ESTest.test060(JFreeChart_ESTest.java:842)"
                ],
                [
                    "org.jfree.chart.JFreeChart_ESTest.test126(JFreeChart_ESTest.java:1687)"
                ],
                [
                    "org.jfree.chart.JFreeChart_ESTest.test123(JFreeChart_ESTest.java:1646)"
                ],
                [
                    "org.jfree.chart.JFreeChart_ESTest.test124(JFreeChart_ESTest.java:1657)"
                ],
                [
                    "org.jfree.chart.JFreeChart_ESTest.test099(JFreeChart_ESTest.java:1336)"
                ],
                [
                    "org.jfree.chart.JFreeChart_ESTest.test098(JFreeChart_ESTest.java:1325)"
                ],
                [
                    "org.jfree.chart.JFreeChart_ESTest.test095(JFreeChart_ESTest.java:1282)"
                ],
                [
                    "org.jfree.chart.JFreeChart_ESTest.test092(JFreeChart_ESTest.java:1244)"
                ],
                [
                    "org.jfree.chart.JFreeChart_ESTest.test119(JFreeChart_ESTest.java:1593)"
                ],
                [
                    "org.jfree.chart.JFreeChart_ESTest.test117(JFreeChart_ESTest.java:1562)"
                ],
                [
                    "org.jfree.chart.JFreeChart_ESTest.test114(JFreeChart_ESTest.java:1523)"
                ],
                [
                    "org.jfree.chart.JFreeChart_ESTest.test115(JFreeChart_ESTest.java:1533)"
                ],
                [
                    "org.jfree.chart.JFreeChart_ESTest.test112(JFreeChart_ESTest.java:1493)"
                ],
                [
                    "org.jfree.chart.JFreeChart_ESTest.test121(JFreeChart_ESTest.java:1618)"
                ],
                [
                    "org.jfree.chart.JFreeChart_ESTest.test089(JFreeChart_ESTest.java:1214)"
                ],
                [
                    "org.jfree.chart.JFreeChart_ESTest.test087(JFreeChart_ESTest.java:1182)"
                ],
                [
                    "org.jfree.chart.JFreeChart_ESTest.test120(JFreeChart_ESTest.java:1604)"
                ],
                [
                    "org.jfree.chart.JFreeChart_ESTest.test085(JFreeChart_ESTest.java:1156)"
                ],
                [
                    "org.jfree.chart.JFreeChart_ESTest.test081(JFreeChart_ESTest.java:1088)"
                ]
            ]
        },
        {
            "patch": "/home/mmartinez/xTestCluster/Patches/Patches_Wang902/Patches_ICSE/Doverfitting/Kali/Chart/patch1-Chart-12-Kali-plausible.patch",
            "test": "test_from_WangICSE_patch1-Chart-12-Kali-plausible",
            "failing": 0,
            "testrun": 14,
            "failings": [],
            "status": "ok",
            "test_executed": [
                "org.jfree.data.general.AbstractDataset_ESTest"
            ],
            "failing_assertions": [],
            "failing_lines": []
        },
        {
            "patch": "/home/mmartinez/xTestCluster/Patches/Patches_Wang902/Patches_ICSE/Doverfitting/Kali/Chart/patch1-Chart-12-Kali-plausible.patch",
            "test": "test_from_WangICSE_patch1-Chart-12-TBar-plausible",
            "failing": 0,
            "testrun": 12,
            "failings": [],
            "status": "ok",
            "test_executed": [
                "org.jfree.data.general.AbstractDataset_ESTest"
            ],
            "failing_assertions": [],
            "failing_lines": []
        },
        {
            "patch": "/home/mmartinez/xTestCluster/Patches/Patches_Wang902/Patches_ICSE/Doverfitting/Kali/Chart/patch1-Chart-12-Kali-plausible.patch",
            "test": "test_from_WangICSE_patch1-Chart-12-Arja",
            "failing": 0,
            "testrun": 39,
            "failings": [],
            "status": "ok",
            "test_executed": [
                "org.jfree.chart.plot.MultiplePiePlot_ESTest"
            ],
            "failing_assertions": [],
            "failing_lines": []
        }
    ],
    "duration": 33.68
}