{
    "patch": "/home/mmartinez/xTestCluster/Patches/Patches_Wang902/Patches_ICSE/Doverfitting/AVATAR/Chart/patch1-Chart-14-AVATAR-plausible.patch",
    "project": "Chart",
    "bugid": "14",
    "dataset": "Patches_ICSE",
    "date": "2022-12-16T05:22:11.304865",
    "project_checked": "ok",
    "compiledProjectModified": "ok",
    "patchApplied": "ok",
    "arrive_end": "ok",
    "patched_project_pass_all_test": "no",
    "test_execution": [
        {
            "patch": "/home/mmartinez/xTestCluster/Patches/Patches_Wang902/Patches_ICSE/Doverfitting/AVATAR/Chart/patch1-Chart-14-AVATAR-plausible.patch",
            "test": "test_from_WangICSE_patch1-Chart-14-TBar-plausible",
            "failing": 0,
            "testrun": 295,
            "failings": [],
            "status": "ok",
            "test_executed": [
                "org.jfree.chart.plot.XYPlot_ESTest"
            ],
            "failing_assertions": [],
            "failing_lines": []
        },
        {
            "patch": "/home/mmartinez/xTestCluster/Patches/Patches_Wang902/Patches_ICSE/Doverfitting/AVATAR/Chart/patch1-Chart-14-AVATAR-plausible.patch",
            "test": "test_from_WangICSE_patch1-Chart-14-FixMiner-plausible",
            "failing": 2,
            "testrun": 287,
            "failings": [
                "test165(org.jfree.chart.plot.XYPlot_ESTest)",
                "test166(org.jfree.chart.plot.XYPlot_ESTest)"
            ],
            "status": "ok",
            "test_executed": [
                "org.jfree.chart.plot.XYPlot_ESTest"
            ],
            "failing_assertions": [
                "java.lang.AssertionError",
                "java.lang.AssertionError"
            ],
            "failing_lines": [
                [
                    "org.jfree.chart.plot.XYPlot_ESTest.test165(XYPlot_ESTest.java:22362)"
                ],
                [
                    "org.jfree.chart.plot.XYPlot_ESTest.test166(XYPlot_ESTest.java:22494)"
                ]
            ]
        },
        {
            "patch": "/home/mmartinez/xTestCluster/Patches/Patches_Wang902/Patches_ICSE/Doverfitting/AVATAR/Chart/patch1-Chart-14-AVATAR-plausible.patch",
            "test": "test_from_WangICSE_patch1-Chart-14-AVATAR-plausible",
            "failing": 0,
            "testrun": 283,
            "failings": [],
            "status": "ok",
            "test_executed": [
                "org.jfree.chart.plot.XYPlot_ESTest"
            ],
            "failing_assertions": [],
            "failing_lines": []
        },
        {
            "patch": "/home/mmartinez/xTestCluster/Patches/Patches_Wang902/Patches_ICSE/Doverfitting/AVATAR/Chart/patch1-Chart-14-AVATAR-plausible.patch",
            "test": "test_from_WangICSE_patch1-Chart-14-Arja-plusible",
            "failing": 8,
            "testrun": 540,
            "failings": [
                "test140(org.jfree.chart.plot.XYPlot_ESTest)",
                "test235(org.jfree.chart.plot.XYPlot_ESTest)",
                "test071(org.jfree.chart.plot.XYPlot_ESTest)",
                "test074(org.jfree.chart.plot.CategoryPlot_ESTest)",
                "test014(org.jfree.chart.plot.CategoryPlot_ESTest)",
                "test264(org.jfree.chart.plot.CategoryPlot_ESTest)",
                "test277(org.jfree.chart.plot.CategoryPlot_ESTest)",
                "test124(org.jfree.chart.plot.CategoryPlot_ESTest)"
            ],
            "status": "ok",
            "test_executed": [
                "org.jfree.chart.plot.XYPlot_ESTest",
                "org.jfree.chart.plot.CategoryPlot_ESTest"
            ],
            "failing_assertions": [
                "java.lang.AssertionError: Expecting exception: NullPointerException",
                "java.lang.NullPointerException",
                "java.lang.NullPointerException",
                "java.lang.NullPointerException",
                "java.lang.NullPointerException",
                "java.lang.NullPointerException",
                "org.evosuite.runtime.mock.java.lang.MockIllegalArgumentException: Null \\'marker\\' argument.",
                "java.lang.NullPointerException"
            ],
            "failing_lines": [
                [
                    "org.jfree.chart.plot.XYPlot_ESTest.test140(XYPlot_ESTest.java:22075)"
                ],
                [
                    "org.jfree.chart.plot.XYPlot_ESTest.test235(XYPlot_ESTest.java:23742)"
                ],
                [
                    "org.jfree.chart.plot.XYPlot_ESTest.test071(XYPlot_ESTest.java:10801)"
                ],
                [
                    "org.jfree.chart.plot.CategoryPlot_ESTest.test074(CategoryPlot_ESTest.java:961)"
                ],
                [
                    "org.jfree.chart.plot.CategoryPlot_ESTest.test014(CategoryPlot_ESTest.java:236)"
                ],
                [
                    "org.jfree.chart.plot.CategoryPlot_ESTest.test264(CategoryPlot_ESTest.java:2709)"
                ],
                [
                    "org.jfree.chart.plot.CategoryPlot_ESTest.test277(CategoryPlot_ESTest.java:2834)"
                ],
                [
                    "org.jfree.chart.plot.CategoryPlot_ESTest.test124(CategoryPlot_ESTest.java:1407)"
                ]
            ]
        },
        {
            "patch": "/home/mmartinez/xTestCluster/Patches/Patches_Wang902/Patches_ICSE/Doverfitting/AVATAR/Chart/patch1-Chart-14-AVATAR-plausible.patch",
            "test": "test_from_WangICSE_patch1-Chart-14-ACS",
            "failing": 65,
            "testrun": 278,
            "failings": [
                "test060(org.jfree.chart.plot.CategoryPlot_ESTest)",
                "test066(org.jfree.chart.plot.CategoryPlot_ESTest)",
                "test074(org.jfree.chart.plot.CategoryPlot_ESTest)",
                "test195(org.jfree.chart.plot.CategoryPlot_ESTest)",
                "test073(org.jfree.chart.plot.CategoryPlot_ESTest)",
                "test071(org.jfree.chart.plot.CategoryPlot_ESTest)",
                "test078(org.jfree.chart.plot.CategoryPlot_ESTest)",
                "test076(org.jfree.chart.plot.CategoryPlot_ESTest)",
                "test075(org.jfree.chart.plot.CategoryPlot_ESTest)",
                "test070(org.jfree.chart.plot.CategoryPlot_ESTest)",
                "test084(org.jfree.chart.plot.CategoryPlot_ESTest)",
                "test083(org.jfree.chart.plot.CategoryPlot_ESTest)",
                "test082(org.jfree.chart.plot.CategoryPlot_ESTest)",
                "test089(org.jfree.chart.plot.CategoryPlot_ESTest)",
                "test087(org.jfree.chart.plot.CategoryPlot_ESTest)",
                "test086(org.jfree.chart.plot.CategoryPlot_ESTest)",
                "test095(org.jfree.chart.plot.CategoryPlot_ESTest)",
                "test099(org.jfree.chart.plot.CategoryPlot_ESTest)",
                "test098(org.jfree.chart.plot.CategoryPlot_ESTest)",
                "test097(org.jfree.chart.plot.CategoryPlot_ESTest)",
                "test092(org.jfree.chart.plot.CategoryPlot_ESTest)",
                "test136(org.jfree.chart.plot.CategoryPlot_ESTest)",
                "test139(org.jfree.chart.plot.CategoryPlot_ESTest)",
                "test023(org.jfree.chart.plot.CategoryPlot_ESTest)",
                "test143(org.jfree.chart.plot.CategoryPlot_ESTest)",
                "test264(org.jfree.chart.plot.CategoryPlot_ESTest)",
                "test141(org.jfree.chart.plot.CategoryPlot_ESTest)",
                "test148(org.jfree.chart.plot.CategoryPlot_ESTest)",
                "test272(org.jfree.chart.plot.CategoryPlot_ESTest)",
                "test271(org.jfree.chart.plot.CategoryPlot_ESTest)",
                "test270(org.jfree.chart.plot.CategoryPlot_ESTest)",
                "test034(org.jfree.chart.plot.CategoryPlot_ESTest)",
                "test155(org.jfree.chart.plot.CategoryPlot_ESTest)",
                "test033(org.jfree.chart.plot.CategoryPlot_ESTest)",
                "test036(org.jfree.chart.plot.CategoryPlot_ESTest)",
                "test162(org.jfree.chart.plot.CategoryPlot_ESTest)",
                "test166(org.jfree.chart.plot.CategoryPlot_ESTest)",
                "test044(org.jfree.chart.plot.CategoryPlot_ESTest)",
                "test164(org.jfree.chart.plot.CategoryPlot_ESTest)",
                "test048(org.jfree.chart.plot.CategoryPlot_ESTest)",
                "test046(org.jfree.chart.plot.CategoryPlot_ESTest)",
                "test173(org.jfree.chart.plot.CategoryPlot_ESTest)",
                "test051(org.jfree.chart.plot.CategoryPlot_ESTest)",
                "test100(org.jfree.chart.plot.CategoryPlot_ESTest)",
                "test221(org.jfree.chart.plot.CategoryPlot_ESTest)",
                "test103(org.jfree.chart.plot.CategoryPlot_ESTest)",
                "test101(org.jfree.chart.plot.CategoryPlot_ESTest)",
                "test108(org.jfree.chart.plot.CategoryPlot_ESTest)",
                "test228(org.jfree.chart.plot.CategoryPlot_ESTest)",
                "test230(org.jfree.chart.plot.CategoryPlot_ESTest)",
                "test236(org.jfree.chart.plot.CategoryPlot_ESTest)",
                "test113(org.jfree.chart.plot.CategoryPlot_ESTest)",
                "test234(org.jfree.chart.plot.CategoryPlot_ESTest)",
                "test112(org.jfree.chart.plot.CategoryPlot_ESTest)",
                "test119(org.jfree.chart.plot.CategoryPlot_ESTest)",
                "test239(org.jfree.chart.plot.CategoryPlot_ESTest)",
                "test117(org.jfree.chart.plot.CategoryPlot_ESTest)",
                "test237(org.jfree.chart.plot.CategoryPlot_ESTest)",
                "test126(org.jfree.chart.plot.CategoryPlot_ESTest)",
                "test125(org.jfree.chart.plot.CategoryPlot_ESTest)",
                "test246(org.jfree.chart.plot.CategoryPlot_ESTest)",
                "test012(org.jfree.chart.plot.CategoryPlot_ESTest)",
                "test011(org.jfree.chart.plot.CategoryPlot_ESTest)",
                "test253(org.jfree.chart.plot.CategoryPlot_ESTest)",
                "test131(org.jfree.chart.plot.CategoryPlot_ESTest)"
            ],
            "status": "ok",
            "test_executed": [
                "org.jfree.chart.plot.CategoryPlot_ESTest"
            ],
            "failing_assertions": [
                "java.lang.NullPointerException",
                "java.lang.NullPointerException",
                "java.lang.NullPointerException",
                "java.lang.NullPointerException",
                "java.lang.NullPointerException",
                "java.lang.NullPointerException",
                "java.lang.NullPointerException",
                "java.lang.NullPointerException",
                "java.lang.NullPointerException",
                "java.lang.NullPointerException",
                "java.lang.NullPointerException",
                "java.lang.NullPointerException",
                "java.lang.NullPointerException",
                "java.lang.NullPointerException",
                "java.lang.NullPointerException",
                "java.lang.NullPointerException",
                "java.lang.NullPointerException",
                "java.lang.NullPointerException",
                "java.lang.NullPointerException",
                "java.lang.NullPointerException",
                "java.lang.NullPointerException",
                "java.lang.NullPointerException",
                "java.lang.NullPointerException",
                "java.lang.NullPointerException",
                "java.lang.NullPointerException",
                "java.lang.NullPointerException",
                "java.lang.NullPointerException",
                "java.lang.NullPointerException",
                "java.lang.NullPointerException",
                "java.lang.NullPointerException",
                "java.lang.NullPointerException",
                "java.lang.NullPointerException",
                "java.lang.NullPointerException",
                "java.lang.NullPointerException",
                "java.lang.NullPointerException",
                "java.lang.NullPointerException",
                "java.lang.NullPointerException",
                "java.lang.NullPointerException",
                "java.lang.NullPointerException",
                "java.lang.NullPointerException",
                "java.lang.NullPointerException",
                "java.lang.NullPointerException",
                "java.lang.NullPointerException",
                "java.lang.NullPointerException",
                "java.lang.NullPointerException",
                "java.lang.NullPointerException",
                "java.lang.NullPointerException",
                "java.lang.NullPointerException",
                "java.lang.NullPointerException",
                "java.lang.NullPointerException",
                "java.lang.NullPointerException",
                "java.lang.NullPointerException",
                "java.lang.NullPointerException",
                "java.lang.NullPointerException",
                "java.lang.NullPointerException",
                "java.lang.NullPointerException",
                "java.lang.NullPointerException",
                "java.lang.NullPointerException",
                "java.lang.NullPointerException",
                "java.lang.NullPointerException",
                "java.lang.NullPointerException",
                "java.lang.NullPointerException",
                "java.lang.NullPointerException",
                "java.lang.NullPointerException",
                "java.lang.NullPointerException"
            ],
            "failing_lines": [
                [
                    "org.jfree.chart.plot.CategoryPlot_ESTest.test060(CategoryPlot_ESTest.java:2165)"
                ],
                [
                    "org.jfree.chart.plot.CategoryPlot_ESTest.test066(CategoryPlot_ESTest.java:2312)"
                ],
                [
                    "org.jfree.chart.plot.CategoryPlot_ESTest.test074(CategoryPlot_ESTest.java:2542)"
                ],
                [
                    "org.jfree.chart.plot.CategoryPlot_ESTest.test195(CategoryPlot_ESTest.java)"
                ],
                [
                    "org.jfree.chart.plot.CategoryPlot_ESTest.test073(CategoryPlot_ESTest.java:2502)"
                ],
                [
                    "org.jfree.chart.plot.CategoryPlot_ESTest.test071(CategoryPlot_ESTest.java:2441)"
                ],
                [
                    "org.jfree.chart.plot.CategoryPlot_ESTest.test078(CategoryPlot_ESTest.java:2661)"
                ],
                [
                    "org.jfree.chart.plot.CategoryPlot_ESTest.test076(CategoryPlot_ESTest.java:2580)"
                ],
                [
                    "org.jfree.chart.plot.CategoryPlot_ESTest.test075(CategoryPlot_ESTest.java:2553)"
                ],
                [
                    "org.jfree.chart.plot.CategoryPlot_ESTest.test070(CategoryPlot_ESTest.java:2425)"
                ],
                [
                    "org.jfree.chart.plot.CategoryPlot_ESTest.test084(CategoryPlot_ESTest.java:4663)"
                ],
                [
                    "org.jfree.chart.plot.CategoryPlot_ESTest.test083(CategoryPlot_ESTest.java:3154)"
                ],
                [
                    "org.jfree.chart.plot.CategoryPlot_ESTest.test082(CategoryPlot_ESTest.java:2786)"
                ],
                [
                    "org.jfree.chart.plot.CategoryPlot_ESTest.test089(CategoryPlot_ESTest.java:6973)"
                ],
                [
                    "org.jfree.chart.plot.CategoryPlot_ESTest.test087(CategoryPlot_ESTest.java:6493)"
                ],
                [
                    "org.jfree.chart.plot.CategoryPlot_ESTest.test086(CategoryPlot_ESTest.java:5958)"
                ],
                [
                    "org.jfree.chart.plot.CategoryPlot_ESTest.test095(CategoryPlot_ESTest.java:11475)"
                ],
                [
                    "org.jfree.chart.plot.CategoryPlot_ESTest.test099(CategoryPlot_ESTest.java:13691)"
                ],
                [
                    "org.jfree.chart.plot.CategoryPlot_ESTest.test098(CategoryPlot_ESTest.java:13225)"
                ],
                [
                    "org.jfree.chart.plot.CategoryPlot_ESTest.test097(CategoryPlot_ESTest.java:12666)"
                ],
                [
                    "org.jfree.chart.plot.CategoryPlot_ESTest.test092(CategoryPlot_ESTest.java:9558)"
                ],
                [
                    "org.jfree.chart.plot.CategoryPlot_ESTest.test136(CategoryPlot_ESTest.java:34973)"
                ],
                [
                    "org.jfree.chart.plot.CategoryPlot_ESTest.test139(CategoryPlot_ESTest.java:36016)"
                ],
                [
                    "org.jfree.chart.plot.CategoryPlot_ESTest.test023(CategoryPlot_ESTest.java:1119)"
                ],
                [
                    "org.jfree.chart.plot.CategoryPlot_ESTest.test143(CategoryPlot_ESTest.java:39874)"
                ],
                [
                    "org.jfree.chart.plot.CategoryPlot_ESTest.test264(CategoryPlot_ESTest.java)"
                ],
                [
                    "org.jfree.chart.plot.CategoryPlot_ESTest.test141(CategoryPlot_ESTest.java:38112)"
                ],
                [
                    "org.jfree.chart.plot.CategoryPlot_ESTest.test148(CategoryPlot_ESTest.java:42849)"
                ],
                [
                    "org.jfree.chart.plot.CategoryPlot_ESTest.test272(CategoryPlot_ESTest.java)"
                ],
                [
                    "org.jfree.chart.plot.CategoryPlot_ESTest.test271(CategoryPlot_ESTest.java)"
                ],
                [
                    "org.jfree.chart.plot.CategoryPlot_ESTest.test270(CategoryPlot_ESTest.java)"
                ],
                [
                    "org.jfree.chart.plot.CategoryPlot_ESTest.test034(CategoryPlot_ESTest.java:1382)"
                ],
                [
                    "org.jfree.chart.plot.CategoryPlot_ESTest.test155(CategoryPlot_ESTest.java:46606)"
                ],
                [
                    "org.jfree.chart.plot.CategoryPlot_ESTest.test033(CategoryPlot_ESTest.java:1356)"
                ],
                [
                    "org.jfree.chart.plot.CategoryPlot_ESTest.test036(CategoryPlot_ESTest.java:1418)"
                ],
                [
                    "org.jfree.chart.plot.CategoryPlot_ESTest.test162(CategoryPlot_ESTest.java:50052)"
                ],
                [
                    "org.jfree.chart.plot.CategoryPlot_ESTest.test166(CategoryPlot_ESTest.java:51593)"
                ],
                [
                    "org.jfree.chart.plot.CategoryPlot_ESTest.test044(CategoryPlot_ESTest.java:1626)"
                ],
                [
                    "org.jfree.chart.plot.CategoryPlot_ESTest.test164(CategoryPlot_ESTest.java:51209)"
                ],
                [
                    "org.jfree.chart.plot.CategoryPlot_ESTest.test048(CategoryPlot_ESTest.java:1736)"
                ],
                [
                    "org.jfree.chart.plot.CategoryPlot_ESTest.test046(CategoryPlot_ESTest.java:1682)"
                ],
                [
                    "org.jfree.chart.plot.CategoryPlot_ESTest.test173(CategoryPlot_ESTest.java:55883)"
                ],
                [
                    "org.jfree.chart.plot.CategoryPlot_ESTest.test051(CategoryPlot_ESTest.java:1840)"
                ],
                [
                    "org.jfree.chart.plot.CategoryPlot_ESTest.test100(CategoryPlot_ESTest.java:14518)"
                ],
                [
                    "org.jfree.chart.plot.CategoryPlot_ESTest.test221(CategoryPlot_ESTest.java)"
                ],
                [
                    "org.jfree.chart.plot.CategoryPlot_ESTest.test103(CategoryPlot_ESTest.java:16531)"
                ],
                [
                    "org.jfree.chart.plot.CategoryPlot_ESTest.test101(CategoryPlot_ESTest.java:15105)"
                ],
                [
                    "org.jfree.chart.plot.CategoryPlot_ESTest.test108(CategoryPlot_ESTest.java:19731)"
                ],
                [
                    "org.jfree.chart.plot.CategoryPlot_ESTest.test228(CategoryPlot_ESTest.java)"
                ],
                [
                    "org.jfree.chart.plot.CategoryPlot_ESTest.test230(CategoryPlot_ESTest.java)"
                ],
                [
                    "org.jfree.chart.plot.CategoryPlot_ESTest.test236(CategoryPlot_ESTest.java)"
                ],
                [
                    "org.jfree.chart.plot.CategoryPlot_ESTest.test113(CategoryPlot_ESTest.java:21540)"
                ],
                [
                    "org.jfree.chart.plot.CategoryPlot_ESTest.test234(CategoryPlot_ESTest.java)"
                ],
                [
                    "org.jfree.chart.plot.CategoryPlot_ESTest.test112(CategoryPlot_ESTest.java:21128)"
                ],
                [
                    "org.jfree.chart.plot.CategoryPlot_ESTest.test119(CategoryPlot_ESTest.java:24778)"
                ],
                [
                    "org.jfree.chart.plot.CategoryPlot_ESTest.test239(CategoryPlot_ESTest.java)"
                ],
                [
                    "org.jfree.chart.plot.CategoryPlot_ESTest.test117(CategoryPlot_ESTest.java:23616)"
                ],
                [
                    "org.jfree.chart.plot.CategoryPlot_ESTest.test237(CategoryPlot_ESTest.java)"
                ],
                [
                    "org.jfree.chart.plot.CategoryPlot_ESTest.test126(CategoryPlot_ESTest.java:28425)"
                ],
                [
                    "org.jfree.chart.plot.CategoryPlot_ESTest.test125(CategoryPlot_ESTest.java:28174)"
                ],
                [
                    "org.jfree.chart.plot.CategoryPlot_ESTest.test246(CategoryPlot_ESTest.java)"
                ],
                [
                    "org.jfree.chart.plot.CategoryPlot_ESTest.test012(CategoryPlot_ESTest.java:862)"
                ],
                [
                    "org.jfree.chart.plot.CategoryPlot_ESTest.test011(CategoryPlot_ESTest.java:831)"
                ],
                [
                    "org.jfree.chart.plot.CategoryPlot_ESTest.test253(CategoryPlot_ESTest.java)"
                ],
                [
                    "org.jfree.chart.plot.CategoryPlot_ESTest.test131(CategoryPlot_ESTest.java:31734)"
                ]
            ]
        }
    ],
    "duration": 68.29
}