{
    "patch": "/home/mmartinez/xTestCluster/Patches/Patches_Wang902/Patches_ICSE/Ddifferent/SimFix/Lang/patch1-Lang-60-SimFix.patch",
    "project": "Lang",
    "bugid": "60",
    "dataset": "Patches_ICSE",
    "date": "2022-12-16T06:49:43.221032",
    "project_checked": "ok",
    "compiledProjectModified": "ok",
    "patchApplied": "ok",
    "arrive_end": "ok",
    "patched_project_pass_all_test": "no",
    "test_execution": [
        {
            "patch": "/home/mmartinez/xTestCluster/Patches/Patches_Wang902/Patches_ICSE/Ddifferent/SimFix/Lang/patch1-Lang-60-SimFix.patch",
            "test": "test_from_WangICSE_patch1-Lang-60-SimFix",
            "failing": 0,
            "testrun": 342,
            "failings": [],
            "status": "ok",
            "test_executed": [
                "org.apache.commons.lang.text.StrBuilder_ESTest"
            ],
            "failing_assertions": [],
            "failing_lines": []
        },
        {
            "patch": "/home/mmartinez/xTestCluster/Patches/Patches_Wang902/Patches_ICSE/Ddifferent/SimFix/Lang/patch1-Lang-60-SimFix.patch",
            "test": "test_from_WangICSE_patch1-Lang-60-TBar-plausible",
            "failing": 0,
            "testrun": 345,
            "failings": [],
            "status": "ok",
            "test_executed": [
                "org.apache.commons.lang.text.StrBuilder_ESTest"
            ],
            "failing_assertions": [],
            "failing_lines": []
        }
    ],
    "duration": 21.26
}