{
    "patch": "/home/mmartinez/xTestCluster/Patches/Patches_Wang902/Patches_ICSE/Doverfitting/FixMiner/Chart/patch1-Chart-17-FixMiner-plausible.patch",
    "project": "Chart",
    "bugid": "17",
    "dataset": "Patches_ICSE",
    "date": "2022-12-16T05:53:41.413569",
    "project_checked": "ok",
    "compiledProjectModified": "ok",
    "patchApplied": "ok",
    "arrive_end": "ok",
    "patched_project_pass_all_test": "no",
    "test_execution": [
        {
            "patch": "/home/mmartinez/xTestCluster/Patches/Patches_Wang902/Patches_ICSE/Doverfitting/FixMiner/Chart/patch1-Chart-17-FixMiner-plausible.patch",
            "test": "test_from_WangICSE_patch1-Chart-17-Nopol-plausible",
            "failing": 1,
            "testrun": 135,
            "failings": [
                "test005(org.jfree.data.time.TimeSeries_ESTest)"
            ],
            "status": "ok",
            "test_executed": [
                "org.jfree.data.time.TimeSeries_ESTest"
            ],
            "failing_assertions": [
                "org.evosuite.runtime.mock.java.lang.MockIllegalArgumentException: Requires start <= end."
            ],
            "failing_lines": [
                [
                    "org.jfree.data.time.TimeSeries_ESTest.test005(TimeSeries_ESTest.java:110)"
                ]
            ]
        },
        {
            "patch": "/home/mmartinez/xTestCluster/Patches/Patches_Wang902/Patches_ICSE/Doverfitting/FixMiner/Chart/patch1-Chart-17-FixMiner-plausible.patch",
            "test": "test_from_WangICSE_patch1-Chart-17-FixMiner-plausible",
            "failing": 0,
            "testrun": 125,
            "failings": [],
            "status": "ok",
            "test_executed": [
                "org.jfree.data.time.TimeSeries_ESTest"
            ],
            "failing_assertions": [],
            "failing_lines": []
        }
    ],
    "duration": 31.96
}