{
    "patch": "/Users/matias/develop/git-xTestCluster/Patches/Patches_Wang902/Patches_ICSE/Doverfitting/TBar/Closure/patch1-Closure-126-TBar-plausible.patch",
    "project": "Closure",
    "bugid": "126",
    "dataset": "Patches_ICSE",
    "date": "2022-12-22T12:49:06.708232",
    "project_checked": "ok",
    "compiledProjectModified": "ok",
    "patchApplied": "ok",
    "arrive_end": "ok",
    "patched_project_pass_all_test": "no",
    "test_execution": [
        {
            "patch": "/Users/matias/develop/git-xTestCluster/Patches/Patches_Wang902/Patches_ICSE/Doverfitting/TBar/Closure/patch1-Closure-126-TBar-plausible.patch",
            "test": "test_from_WangICSE_patch1-Closure-126-TBar-plausible",
            "failing": 5,
            "testrun": 8,
            "failings": [
                "test0(com.google.javascript.jscomp.MinimizeExitPoints_ESTest)",
                "test1(com.google.javascript.jscomp.MinimizeExitPoints_ESTest)",
                "test3(com.google.javascript.jscomp.MinimizeExitPoints_ESTest)",
                "test4(com.google.javascript.jscomp.MinimizeExitPoints_ESTest)",
                "test7(com.google.javascript.jscomp.MinimizeExitPoints_ESTest)"
            ],
            "status": "ok",
            "test_executed": [
                "com.google.javascript.jscomp.MinimizeExitPoints_ESTest"
            ],
            "failing_assertions": [
                "java.lang.NoClassDefFoundError: Could not initialize class java.util.logging.LogManager",
                "java.lang.NoClassDefFoundError: Could not initialize class com.google.javascript.jscomp.Compiler",
                "java.lang.NoClassDefFoundError: Could not initialize class com.google.javascript.jscomp.Compiler",
                "java.lang.NoClassDefFoundError: Could not initialize class com.google.javascript.jscomp.Compiler",
                "java.lang.NoClassDefFoundError: Could not initialize class com.google.javascript.jscomp.Compiler"
            ],
            "failing_lines": [
                [
                    "com.google.javascript.jscomp.MinimizeExitPoints_ESTest.test0(MinimizeExitPoints_ESTest.java:55)"
                ],
                [
                    "com.google.javascript.jscomp.MinimizeExitPoints_ESTest.test1(MinimizeExitPoints_ESTest.java:77)"
                ],
                [
                    "com.google.javascript.jscomp.MinimizeExitPoints_ESTest.test3(MinimizeExitPoints_ESTest.java:131)"
                ],
                [
                    "com.google.javascript.jscomp.MinimizeExitPoints_ESTest.test4(MinimizeExitPoints_ESTest.java:165)"
                ],
                [
                    "com.google.javascript.jscomp.MinimizeExitPoints_ESTest.test7(MinimizeExitPoints_ESTest.java:253)"
                ]
            ]
        }
    ],
    "duration": 42.47
}