{
    "patch": "/home/mmartinez/xTestCluster/Patches/Patches_Wang902/Patches_ICSE/Dsame/jGenProg/Math/patch1-Math-70-jGenProg.patch",
    "project": "Math",
    "bugid": "70",
    "dataset": "Patches_ICSE",
    "date": "2023-02-04T17:24:02.571101",
    "project_checked": "ok",
    "compiledProjectModified": "ok",
    "patchApplied": "ok",
    "arrive_end": "ok",
    "patched_project_pass_all_test": "no",
    "test_execution": [
        {
            "patch": "/home/mmartinez/xTestCluster/Patches/Patches_Wang902/Patches_ICSE/Dsame/jGenProg/Math/patch1-Math-70-jGenProg.patch",
            "test": "test_from_WangDRR_patch1-Math-70-SketchFix-plausible",
            "failing": 0,
            "testrun": 29,
            "failings": [],
            "status": "ok",
            "test_executed": [
                "org.apache.commons.math.analysis.solvers.BisectionSolver_ESTest"
            ],
            "failing_assertions": [],
            "failing_lines": []
        },
        {
            "patch": "/home/mmartinez/xTestCluster/Patches/Patches_Wang902/Patches_ICSE/Dsame/jGenProg/Math/patch1-Math-70-jGenProg.patch",
            "test": "test_from_WangDRR_patch1-Math-70-SOFix",
            "failing": 0,
            "testrun": 28,
            "failings": [],
            "status": "ok",
            "test_executed": [
                "org.apache.commons.math.analysis.solvers.BisectionSolver_ESTest"
            ],
            "failing_assertions": [],
            "failing_lines": []
        },
        {
            "patch": "/home/mmartinez/xTestCluster/Patches/Patches_Wang902/Patches_ICSE/Dsame/jGenProg/Math/patch1-Math-70-jGenProg.patch",
            "test": "test_from_WangICSE_patch1-Math-70-Cardumen",
            "failing": 0,
            "testrun": 28,
            "failings": [],
            "status": "ok",
            "test_executed": [
                "org.apache.commons.math.analysis.solvers.BisectionSolver_ESTest"
            ],
            "failing_assertions": [],
            "failing_lines": []
        },
        {
            "patch": "/home/mmartinez/xTestCluster/Patches/Patches_Wang902/Patches_ICSE/Dsame/jGenProg/Math/patch1-Math-70-jGenProg.patch",
            "test": "test_from_WangDRR_patch1-Math-70-CapGen",
            "failing": 0,
            "testrun": 29,
            "failings": [],
            "status": "ok",
            "test_executed": [
                "org.apache.commons.math.analysis.solvers.BisectionSolver_ESTest"
            ],
            "failing_assertions": [],
            "failing_lines": []
        },
        {
            "patch": "/home/mmartinez/xTestCluster/Patches/Patches_Wang902/Patches_ICSE/Dsame/jGenProg/Math/patch1-Math-70-jGenProg.patch",
            "test": "test_from_WangDRR_patch2-Math-70-SketchFix-plausible",
            "failing": 6,
            "testrun": 30,
            "failings": [
                "test10(org.apache.commons.math.analysis.solvers.BisectionSolver_ESTest)",
                "test27(org.apache.commons.math.analysis.solvers.BisectionSolver_ESTest)",
                "test04(org.apache.commons.math.analysis.solvers.BisectionSolver_ESTest)",
                "test03(org.apache.commons.math.analysis.solvers.BisectionSolver_ESTest)",
                "test00(org.apache.commons.math.analysis.solvers.BisectionSolver_ESTest)",
                "test06(org.apache.commons.math.analysis.solvers.BisectionSolver_ESTest)"
            ],
            "status": "ok",
            "test_executed": [
                "org.apache.commons.math.analysis.solvers.BisectionSolver_ESTest"
            ],
            "failing_assertions": [
                "java.lang.AssertionError: Expecting exception: Exception",
                "java.lang.AssertionError: expected:<-3.826547051155183E-7> but was:<-51.35904474646014>",
                "java.lang.AssertionError: expected:<20.13990502200607> but was:<-1186.5571921976612>",
                "java.lang.AssertionError: expected:<0.9999996098947143> but was:<-51.35904473900956>",
                "17:24:22.297 [main] INFO org.evosuite.runtime.instrumentation.EvoClassLoader - Seeing class for first time: org.apache.commons.math.MessagesResources",
                "java.lang.AssertionError: expected:<0.9999995231628418> but was:<4.76837158203125E-7>"
            ],
            "failing_lines": [
                [
                    "org.apache.commons.math.analysis.solvers.BisectionSolver_ESTest.test10(BisectionSolver_ESTest.java:165)"
                ],
                [
                    "org.apache.commons.math.analysis.solvers.BisectionSolver_ESTest.test27(BisectionSolver_ESTest.java:443)"
                ],
                [
                    "org.apache.commons.math.analysis.solvers.BisectionSolver_ESTest.test04(BisectionSolver_ESTest.java:80)"
                ],
                [
                    "org.apache.commons.math.analysis.solvers.BisectionSolver_ESTest.test03(BisectionSolver_ESTest.java:70)"
                ],
                [
                    "org.apache.commons.math.analysis.solvers.BisectionSolver_ESTest.test00(BisectionSolver_ESTest.java:29)"
                ],
                [
                    "org.apache.commons.math.analysis.solvers.BisectionSolver_ESTest.test06(BisectionSolver_ESTest.java:101)"
                ]
            ]
        },
        {
            "patch": "/home/mmartinez/xTestCluster/Patches/Patches_Wang902/Patches_ICSE/Dsame/jGenProg/Math/patch1-Math-70-jGenProg.patch",
            "test": "test_from_WangICSE_patch1-Math-70-TBar",
            "failing": 0,
            "testrun": 28,
            "failings": [],
            "status": "ok",
            "test_executed": [
                "org.apache.commons.math.analysis.solvers.BisectionSolver_ESTest"
            ],
            "failing_assertions": [],
            "failing_lines": []
        },
        {
            "patch": "/home/mmartinez/xTestCluster/Patches/Patches_Wang902/Patches_ICSE/Dsame/jGenProg/Math/patch1-Math-70-jGenProg.patch",
            "test": "test_from_WangDRR_patch1-Math-70-SketchFix",
            "failing": 0,
            "testrun": 29,
            "failings": [],
            "status": "ok",
            "test_executed": [
                "org.apache.commons.math.analysis.solvers.BisectionSolver_ESTest"
            ],
            "failing_assertions": [],
            "failing_lines": []
        },
        {
            "patch": "/home/mmartinez/xTestCluster/Patches/Patches_Wang902/Patches_ICSE/Dsame/jGenProg/Math/patch1-Math-70-jGenProg.patch",
            "test": "test_from_WangICSE_patch1-Math-70-jGenProg",
            "failing": 0,
            "testrun": 32,
            "failings": [],
            "status": "ok",
            "test_executed": [
                "org.apache.commons.math.analysis.solvers.BisectionSolver_ESTest"
            ],
            "failing_assertions": [],
            "failing_lines": []
        },
        {
            "patch": "/home/mmartinez/xTestCluster/Patches/Patches_Wang902/Patches_ICSE/Dsame/jGenProg/Math/patch1-Math-70-jGenProg.patch",
            "test": "test_from_WangICSE_patch1-Math-70-FixMiner",
            "failing": 0,
            "testrun": 29,
            "failings": [],
            "status": "ok",
            "test_executed": [
                "org.apache.commons.math.analysis.solvers.BisectionSolver_ESTest"
            ],
            "failing_assertions": [],
            "failing_lines": []
        },
        {
            "patch": "/home/mmartinez/xTestCluster/Patches/Patches_Wang902/Patches_ICSE/Dsame/jGenProg/Math/patch1-Math-70-jGenProg.patch",
            "test": "test_from_WangICSE_patch1-Math-70-SimFix",
            "failing": 0,
            "testrun": 29,
            "failings": [],
            "status": "ok",
            "test_executed": [
                "org.apache.commons.math.analysis.solvers.BisectionSolver_ESTest"
            ],
            "failing_assertions": [],
            "failing_lines": []
        },
        {
            "patch": "/home/mmartinez/xTestCluster/Patches/Patches_Wang902/Patches_ICSE/Dsame/jGenProg/Math/patch1-Math-70-jGenProg.patch",
            "test": "test_from_WangICSE_patch1-Math-70-kPAR",
            "failing": 0,
            "testrun": 28,
            "failings": [],
            "status": "ok",
            "test_executed": [
                "org.apache.commons.math.analysis.solvers.BisectionSolver_ESTest"
            ],
            "failing_assertions": [],
            "failing_lines": []
        }
    ],
    "duration": 27.74
}