{
    "patch": "/home/mmartinez/xTestCluster/Patches/Patches_Wang902/Patches_others/Dcorrect/SketchFix/Lang/patch1-Lang-6-SketchFix.patch",
    "project": "Lang",
    "bugid": "6",
    "dataset": "Patches_others",
    "date": "2023-02-17T01:28:37.956896",
    "project_checked": "ok",
    "compiledProjectModified": "ok",
    "patchApplied": "ok",
    "arrive_end": "ok",
    "patched_project_pass_all_test": "no",
    "test_execution": [
        {
            "patch": "/home/mmartinez/xTestCluster/Patches/Patches_Wang902/Patches_others/Dcorrect/SketchFix/Lang/patch1-Lang-6-SketchFix.patch",
            "test": "test_from_WangDRR_patch2-Lang-6-SequenceR",
            "failing": 0,
            "testrun": 20,
            "failings": [],
            "status": "ok",
            "test_executed": [
                "RegressionTest0"
            ],
            "failing_assertions": [],
            "failing_lines": []
        },
        {
            "patch": "/home/mmartinez/xTestCluster/Patches/Patches_Wang902/Patches_others/Dcorrect/SketchFix/Lang/patch1-Lang-6-SketchFix.patch",
            "test": "test_from_WangDRR_patch1-Lang-6-SketchFix",
            "failing": 0,
            "testrun": 20,
            "failings": [],
            "status": "ok",
            "test_executed": [
                "RegressionTest0"
            ],
            "failing_assertions": [],
            "failing_lines": []
        },
        {
            "patch": "/home/mmartinez/xTestCluster/Patches/Patches_Wang902/Patches_others/Dcorrect/SketchFix/Lang/patch1-Lang-6-SketchFix.patch",
            "test": "test_from_WangICSE_patch1-Lang-6-AVATAR",
            "failing": 0,
            "testrun": 20,
            "failings": [],
            "status": "ok",
            "test_executed": [
                "RegressionTest0"
            ],
            "failing_assertions": [],
            "failing_lines": []
        },
        {
            "patch": "/home/mmartinez/xTestCluster/Patches/Patches_Wang902/Patches_others/Dcorrect/SketchFix/Lang/patch1-Lang-6-SketchFix.patch",
            "test": "test_from_WangDRR_patch1-Lang-6-SOFix",
            "failing": 0,
            "testrun": 20,
            "failings": [],
            "status": "ok",
            "test_executed": [
                "RegressionTest0"
            ],
            "failing_assertions": [],
            "failing_lines": []
        },
        {
            "patch": "/home/mmartinez/xTestCluster/Patches/Patches_Wang902/Patches_others/Dcorrect/SketchFix/Lang/patch1-Lang-6-SketchFix.patch",
            "test": "test_from_WangDRR_patch1-Lang-6-CapGen",
            "failing": 0,
            "testrun": 20,
            "failings": [],
            "status": "ok",
            "test_executed": [
                "RegressionTest0"
            ],
            "failing_assertions": [],
            "failing_lines": []
        },
        {
            "patch": "/home/mmartinez/xTestCluster/Patches/Patches_Wang902/Patches_others/Dcorrect/SketchFix/Lang/patch1-Lang-6-SketchFix.patch",
            "test": "test_from_WangDRR_patch1-Lang-6-SequenceR",
            "failing": 0,
            "testrun": 20,
            "failings": [],
            "status": "ok",
            "test_executed": [
                "RegressionTest0"
            ],
            "failing_assertions": [],
            "failing_lines": []
        }
    ],
    "duration": 15.38
}