{
    "patch": "/home/mmartinez/xTestCluster/Patches/Patches_Wang902/Patches_ICSE/Doverfitting/Kali/Closure/patch1-Closure-31-Kali-plausible.patch",
    "project": "Closure",
    "bugid": "31",
    "dataset": "Patches_ICSE",
    "date": "2023-02-16T22:41:03.215509",
    "project_checked": "ok",
    "compiledProjectModified": "ok",
    "patchApplied": "ok",
    "arrive_end": "ok",
    "patched_project_pass_all_test": "no",
    "test_execution": [
        {
            "patch": "/home/mmartinez/xTestCluster/Patches/Patches_Wang902/Patches_ICSE/Doverfitting/Kali/Closure/patch1-Closure-31-Kali-plausible.patch",
            "test": "test_from_WangICSE_patch1-Closure-31-Kali-plausible",
            "failing": 30,
            "testrun": 2065,
            "failings": [
                "test01(ErrorTest0)",
                "test02(ErrorTest0)",
                "test03(ErrorTest0)",
                "test04(ErrorTest0)",
                "test05(ErrorTest0)",
                "test06(ErrorTest0)",
                "test07(ErrorTest0)",
                "test08(ErrorTest0)",
                "test09(ErrorTest0)",
                "test10(ErrorTest0)",
                "test11(ErrorTest0)",
                "test12(ErrorTest0)",
                "test13(ErrorTest0)",
                "test14(ErrorTest0)",
                "test15(ErrorTest0)",
                "test16(ErrorTest0)",
                "test17(ErrorTest0)",
                "test18(ErrorTest0)",
                "test19(ErrorTest0)",
                "test20(ErrorTest0)",
                "test21(ErrorTest0)",
                "test22(ErrorTest0)",
                "test23(ErrorTest0)",
                "test24(ErrorTest0)",
                "test25(ErrorTest0)",
                "test26(ErrorTest0)",
                "test27(ErrorTest0)",
                "test28(ErrorTest0)",
                "test29(ErrorTest0)",
                "test30(ErrorTest0)"
            ],
            "status": "ok",
            "test_executed": [
                "ErrorTest0",
                "RegressionTest1",
                "RegressionTest3",
                "RegressionTest4",
                "RegressionTest2",
                "RegressionTest0"
            ],
            "failing_assertions": [
                "java.lang.NullPointerException",
                "java.lang.NullPointerException",
                "java.lang.NullPointerException",
                "java.lang.NullPointerException",
                "java.lang.NullPointerException",
                "java.lang.NullPointerException",
                "java.lang.NullPointerException",
                "java.lang.NullPointerException",
                "java.lang.NullPointerException",
                "java.lang.NullPointerException",
                "java.lang.NullPointerException",
                "java.lang.NullPointerException",
                "java.lang.NullPointerException",
                "java.lang.NullPointerException",
                "java.lang.NullPointerException",
                "java.lang.NullPointerException",
                "java.lang.NullPointerException",
                "java.lang.NullPointerException",
                "java.lang.NullPointerException",
                "java.lang.NullPointerException",
                "java.lang.NullPointerException",
                "java.lang.NullPointerException",
                "java.lang.NullPointerException",
                "java.lang.NullPointerException",
                "java.lang.NullPointerException",
                "java.lang.NullPointerException",
                "java.lang.NullPointerException",
                "java.lang.NullPointerException",
                "java.lang.NullPointerException",
                "java.lang.NullPointerException"
            ],
            "failing_lines": [
                [
                    "ErrorTest0.test01(ErrorTest0.java:30)"
                ],
                [
                    "ErrorTest0.test02(ErrorTest0.java:91)"
                ],
                [
                    "ErrorTest0.test03(ErrorTest0.java:128)"
                ],
                [
                    "ErrorTest0.test04(ErrorTest0.java:140)"
                ],
                [
                    "ErrorTest0.test05(ErrorTest0.java:164)"
                ],
                [
                    "ErrorTest0.test06(ErrorTest0.java:174)"
                ],
                [
                    "ErrorTest0.test07(ErrorTest0.java:198)"
                ],
                [
                    "ErrorTest0.test08(ErrorTest0.java:240)"
                ],
                [
                    "ErrorTest0.test09(ErrorTest0.java:275)"
                ],
                [
                    "ErrorTest0.test10(ErrorTest0.java:298)"
                ],
                [
                    "ErrorTest0.test11(ErrorTest0.java:334)"
                ],
                [
                    "ErrorTest0.test12(ErrorTest0.java:380)"
                ],
                [
                    "ErrorTest0.test13(ErrorTest0.java:458)"
                ],
                [
                    "ErrorTest0.test14(ErrorTest0.java:517)"
                ],
                [
                    "ErrorTest0.test15(ErrorTest0.java:556)"
                ],
                [
                    "ErrorTest0.test16(ErrorTest0.java:566)"
                ],
                [
                    "ErrorTest0.test17(ErrorTest0.java:628)"
                ],
                [
                    "ErrorTest0.test18(ErrorTest0.java:637)"
                ],
                [
                    "ErrorTest0.test19(ErrorTest0.java:661)"
                ],
                [
                    "ErrorTest0.test20(ErrorTest0.java:699)"
                ],
                [
                    "ErrorTest0.test21(ErrorTest0.java:711)"
                ],
                [
                    "ErrorTest0.test22(ErrorTest0.java:784)"
                ],
                [
                    "ErrorTest0.test23(ErrorTest0.java:813)"
                ],
                [
                    "ErrorTest0.test24(ErrorTest0.java:842)"
                ],
                [
                    "ErrorTest0.test25(ErrorTest0.java:916)"
                ],
                [
                    "ErrorTest0.test26(ErrorTest0.java:941)"
                ],
                [
                    "ErrorTest0.test27(ErrorTest0.java:1006)"
                ],
                [
                    "ErrorTest0.test28(ErrorTest0.java:1075)"
                ],
                [
                    "ErrorTest0.test29(ErrorTest0.java:1140)"
                ],
                [
                    "ErrorTest0.test30(ErrorTest0.java:1167)"
                ]
            ]
        },
        {
            "patch": "/home/mmartinez/xTestCluster/Patches/Patches_Wang902/Patches_ICSE/Doverfitting/Kali/Closure/patch1-Closure-31-Kali-plausible.patch",
            "test": "test_from_WangDRR_patch1-Closure-31-Jaid",
            "failing": 17,
            "testrun": 1635,
            "failings": [
                "test01(ErrorTest0)",
                "test02(ErrorTest0)",
                "test03(ErrorTest0)",
                "test04(ErrorTest0)",
                "test05(ErrorTest0)",
                "test06(ErrorTest0)",
                "test07(ErrorTest0)",
                "test08(ErrorTest0)",
                "test09(ErrorTest0)",
                "test10(ErrorTest0)",
                "test11(ErrorTest0)",
                "test12(ErrorTest0)",
                "test13(ErrorTest0)",
                "test14(ErrorTest0)",
                "test15(ErrorTest0)",
                "test16(ErrorTest0)",
                "test17(ErrorTest0)"
            ],
            "status": "ok",
            "test_executed": [
                "ErrorTest0",
                "RegressionTest1",
                "RegressionTest3",
                "RegressionTest2",
                "RegressionTest0"
            ],
            "failing_assertions": [
                "java.lang.NullPointerException",
                "java.lang.NullPointerException",
                "java.lang.NullPointerException",
                "java.lang.NullPointerException",
                "java.lang.NullPointerException",
                "java.lang.NullPointerException",
                "java.lang.NullPointerException",
                "java.lang.NullPointerException",
                "java.lang.NullPointerException",
                "java.lang.NullPointerException",
                "java.lang.NullPointerException",
                "java.lang.NullPointerException",
                "java.lang.NullPointerException",
                "java.lang.NullPointerException",
                "java.lang.NullPointerException",
                "java.lang.NullPointerException",
                "java.lang.NullPointerException"
            ],
            "failing_lines": [
                [
                    "ErrorTest0.test01(ErrorTest0.java:17)"
                ],
                [
                    "ErrorTest0.test02(ErrorTest0.java:27)"
                ],
                [
                    "ErrorTest0.test03(ErrorTest0.java:37)"
                ],
                [
                    "ErrorTest0.test04(ErrorTest0.java:46)"
                ],
                [
                    "ErrorTest0.test05(ErrorTest0.java:56)"
                ],
                [
                    "ErrorTest0.test06(ErrorTest0.java:65)"
                ],
                [
                    "ErrorTest0.test07(ErrorTest0.java:74)"
                ],
                [
                    "ErrorTest0.test08(ErrorTest0.java:84)"
                ],
                [
                    "ErrorTest0.test09(ErrorTest0.java:94)"
                ],
                [
                    "ErrorTest0.test10(ErrorTest0.java:104)"
                ],
                [
                    "ErrorTest0.test11(ErrorTest0.java:114)"
                ],
                [
                    "ErrorTest0.test12(ErrorTest0.java:124)"
                ],
                [
                    "ErrorTest0.test13(ErrorTest0.java:134)"
                ],
                [
                    "ErrorTest0.test14(ErrorTest0.java:144)"
                ],
                [
                    "ErrorTest0.test15(ErrorTest0.java:153)"
                ],
                [
                    "ErrorTest0.test16(ErrorTest0.java:164)"
                ],
                [
                    "ErrorTest0.test17(ErrorTest0.java:174)"
                ]
            ]
        },
        {
            "patch": "/home/mmartinez/xTestCluster/Patches/Patches_Wang902/Patches_ICSE/Doverfitting/Kali/Closure/patch1-Closure-31-Kali-plausible.patch",
            "test": "test_from_WangICSE_patch1-Closure-31-RSRepair-plausible",
            "failing": 30,
            "testrun": 2091,
            "failings": [
                "test01(ErrorTest0)",
                "test02(ErrorTest0)",
                "test03(ErrorTest0)",
                "test04(ErrorTest0)",
                "test05(ErrorTest0)",
                "test06(ErrorTest0)",
                "test07(ErrorTest0)",
                "test08(ErrorTest0)",
                "test09(ErrorTest0)",
                "test10(ErrorTest0)",
                "test11(ErrorTest0)",
                "test12(ErrorTest0)",
                "test13(ErrorTest0)",
                "test14(ErrorTest0)",
                "test15(ErrorTest0)",
                "test16(ErrorTest0)",
                "test17(ErrorTest0)",
                "test18(ErrorTest0)",
                "test19(ErrorTest0)",
                "test20(ErrorTest0)",
                "test21(ErrorTest0)",
                "test22(ErrorTest0)",
                "test23(ErrorTest0)",
                "test24(ErrorTest0)",
                "test25(ErrorTest0)",
                "test26(ErrorTest0)",
                "test27(ErrorTest0)",
                "test28(ErrorTest0)",
                "test29(ErrorTest0)",
                "test30(ErrorTest0)"
            ],
            "status": "ok",
            "test_executed": [
                "ErrorTest0",
                "RegressionTest1",
                "RegressionTest3",
                "RegressionTest4",
                "RegressionTest2",
                "RegressionTest0"
            ],
            "failing_assertions": [
                "java.lang.NullPointerException",
                "java.lang.NullPointerException",
                "java.lang.NullPointerException",
                "java.lang.NullPointerException",
                "java.lang.NullPointerException",
                "java.lang.NullPointerException",
                "java.lang.NullPointerException",
                "java.lang.NullPointerException",
                "java.lang.NullPointerException",
                "java.lang.NullPointerException",
                "java.lang.NullPointerException",
                "java.lang.NullPointerException",
                "java.lang.NullPointerException",
                "java.lang.NullPointerException",
                "java.lang.NullPointerException",
                "java.lang.NullPointerException",
                "java.lang.NullPointerException",
                "java.lang.NullPointerException",
                "java.lang.NullPointerException",
                "java.lang.NullPointerException",
                "java.lang.NullPointerException",
                "java.lang.NullPointerException",
                "java.lang.NullPointerException",
                "java.lang.NullPointerException",
                "java.lang.NullPointerException",
                "java.lang.NullPointerException",
                "java.lang.NullPointerException",
                "java.lang.NullPointerException",
                "java.lang.NullPointerException",
                "java.lang.NullPointerException"
            ],
            "failing_lines": [
                [
                    "ErrorTest0.test01(ErrorTest0.java:30)"
                ],
                [
                    "ErrorTest0.test02(ErrorTest0.java:91)"
                ],
                [
                    "ErrorTest0.test03(ErrorTest0.java:128)"
                ],
                [
                    "ErrorTest0.test04(ErrorTest0.java:140)"
                ],
                [
                    "ErrorTest0.test05(ErrorTest0.java:164)"
                ],
                [
                    "ErrorTest0.test06(ErrorTest0.java:174)"
                ],
                [
                    "ErrorTest0.test07(ErrorTest0.java:198)"
                ],
                [
                    "ErrorTest0.test08(ErrorTest0.java:240)"
                ],
                [
                    "ErrorTest0.test09(ErrorTest0.java:275)"
                ],
                [
                    "ErrorTest0.test10(ErrorTest0.java:298)"
                ],
                [
                    "ErrorTest0.test11(ErrorTest0.java:334)"
                ],
                [
                    "ErrorTest0.test12(ErrorTest0.java:380)"
                ],
                [
                    "ErrorTest0.test13(ErrorTest0.java:458)"
                ],
                [
                    "ErrorTest0.test14(ErrorTest0.java:517)"
                ],
                [
                    "ErrorTest0.test15(ErrorTest0.java:556)"
                ],
                [
                    "ErrorTest0.test16(ErrorTest0.java:566)"
                ],
                [
                    "ErrorTest0.test17(ErrorTest0.java:628)"
                ],
                [
                    "ErrorTest0.test18(ErrorTest0.java:637)"
                ],
                [
                    "ErrorTest0.test19(ErrorTest0.java:661)"
                ],
                [
                    "ErrorTest0.test20(ErrorTest0.java:699)"
                ],
                [
                    "ErrorTest0.test21(ErrorTest0.java:711)"
                ],
                [
                    "ErrorTest0.test22(ErrorTest0.java:784)"
                ],
                [
                    "ErrorTest0.test23(ErrorTest0.java:813)"
                ],
                [
                    "ErrorTest0.test24(ErrorTest0.java:842)"
                ],
                [
                    "ErrorTest0.test25(ErrorTest0.java:916)"
                ],
                [
                    "ErrorTest0.test26(ErrorTest0.java:941)"
                ],
                [
                    "ErrorTest0.test27(ErrorTest0.java:1006)"
                ],
                [
                    "ErrorTest0.test28(ErrorTest0.java:1075)"
                ],
                [
                    "ErrorTest0.test29(ErrorTest0.java:1140)"
                ],
                [
                    "ErrorTest0.test30(ErrorTest0.java:1167)"
                ]
            ]
        }
    ],
    "duration": 39.78
}