{
    "patch": "/home/mmartinez/xTestCluster/Patches/Patches_Wang902/Patches_ICSE/Doverfitting/SimFix/Chart/patch1-Chart-3-SimFix-plausible.patch",
    "project": "Chart",
    "bugid": "3",
    "dataset": "Patches_ICSE",
    "date": "2022-12-16T03:25:04.529300",
    "project_checked": "ok",
    "compiledProjectModified": "ok",
    "patchApplied": "ok",
    "arrive_end": "ok",
    "patched_project_pass_all_test": "no",
    "test_execution": [
        {
            "patch": "/home/mmartinez/xTestCluster/Patches/Patches_Wang902/Patches_ICSE/Doverfitting/SimFix/Chart/patch1-Chart-3-SimFix-plausible.patch",
            "test": "test_from_WangICSE_patch1-Chart-3-GenProg-plausible",
            "failing": 5,
            "testrun": 156,
            "failings": [
                "test067(org.jfree.data.time.TimeSeries_ESTest)",
                "test002(org.jfree.data.time.TimeSeries_ESTest)",
                "test093(org.jfree.data.time.TimeSeries_ESTest)",
                "test000(org.jfree.data.time.TimeSeries_ESTest)",
                "test040(org.jfree.data.time.TimeSeries_ESTest)"
            ],
            "status": "ok",
            "test_executed": [
                "org.jfree.data.time.TimeSeries_ESTest"
            ],
            "failing_assertions": [
                "org.evosuite.runtime.mock.java.lang.MockIllegalArgumentException: Null \\'item\\' argument.",
                "java.lang.AssertionError: expected:<NaN> but was:<1.0>",
                "org.evosuite.runtime.mock.java.lang.MockIllegalArgumentException: Null \\'item\\' argument.",
                "java.lang.AssertionError: expected:<53.0> but was:<1.0>",
                "java.lang.AssertionError: expected:<NaN> but was:<1.0>"
            ],
            "failing_lines": [
                [
                    "org.jfree.data.time.TimeSeries_ESTest.test067(TimeSeries_ESTest.java:910)"
                ],
                [
                    "org.jfree.data.time.TimeSeries_ESTest.test002(TimeSeries_ESTest.java:63)"
                ],
                [
                    "org.jfree.data.time.TimeSeries_ESTest.test093(TimeSeries_ESTest.java:1317)"
                ],
                [
                    "org.jfree.data.time.TimeSeries_ESTest.test000(TimeSeries_ESTest.java:41)"
                ],
                [
                    "org.jfree.data.time.TimeSeries_ESTest.test040(TimeSeries_ESTest.java:473)"
                ]
            ]
        },
        {
            "patch": "/home/mmartinez/xTestCluster/Patches/Patches_Wang902/Patches_ICSE/Doverfitting/SimFix/Chart/patch1-Chart-3-SimFix-plausible.patch",
            "test": "test_from_WangICSE_patch1-Chart-3-SimFix-plausible",
            "failing": 0,
            "testrun": 157,
            "failings": [],
            "status": "ok",
            "test_executed": [
                "org.jfree.data.time.TimeSeries_ESTest"
            ],
            "failing_assertions": [],
            "failing_lines": []
        },
        {
            "patch": "/home/mmartinez/xTestCluster/Patches/Patches_Wang902/Patches_ICSE/Doverfitting/SimFix/Chart/patch1-Chart-3-SimFix-plausible.patch",
            "test": "test_from_WangICSE_patch1-Chart-3-kPAR-plausible",
            "failing": 2,
            "testrun": 165,
            "failings": [
                "test037(org.jfree.data.time.TimeSeries_ESTest)",
                "test035(org.jfree.data.time.TimeSeries_ESTest)"
            ],
            "status": "ok",
            "test_executed": [
                "org.jfree.data.time.TimeSeries_ESTest"
            ],
            "failing_assertions": [
                "java.lang.AssertionError: expected:<NaN> but was:<1.0>",
                "java.lang.AssertionError: expected:<0.0> but was:<1.0>"
            ],
            "failing_lines": [
                [
                    "org.jfree.data.time.TimeSeries_ESTest.test037(TimeSeries_ESTest.java:472)"
                ],
                [
                    "org.jfree.data.time.TimeSeries_ESTest.test035(TimeSeries_ESTest.java:449)"
                ]
            ]
        },
        {
            "patch": "/home/mmartinez/xTestCluster/Patches/Patches_Wang902/Patches_ICSE/Doverfitting/SimFix/Chart/patch1-Chart-3-SimFix-plausible.patch",
            "test": "test_from_WangICSE_patch1-Chart-3-TBar-plausible",
            "failing": 3,
            "testrun": 163,
            "failings": [
                "test071(org.jfree.data.time.TimeSeries_ESTest)",
                "test002(org.jfree.data.time.TimeSeries_ESTest)",
                "test040(org.jfree.data.time.TimeSeries_ESTest)"
            ],
            "status": "ok",
            "test_executed": [
                "org.jfree.data.time.TimeSeries_ESTest"
            ],
            "failing_assertions": [
                "org.evosuite.runtime.mock.java.lang.MockIllegalArgumentException: Null \\'item\\' argument.",
                "java.lang.AssertionError: expected:<2958465.0> but was:<1.0>",
                "java.lang.AssertionError: expected:<0.0> but was:<1.0>"
            ],
            "failing_lines": [
                [
                    "org.jfree.data.time.TimeSeries_ESTest.test071(TimeSeries_ESTest.java:1032)"
                ],
                [
                    "org.jfree.data.time.TimeSeries_ESTest.test002(TimeSeries_ESTest.java:80)"
                ],
                [
                    "org.jfree.data.time.TimeSeries_ESTest.test040(TimeSeries_ESTest.java:533)"
                ]
            ]
        },
        {
            "patch": "/home/mmartinez/xTestCluster/Patches/Patches_Wang902/Patches_ICSE/Doverfitting/SimFix/Chart/patch1-Chart-3-SimFix-plausible.patch",
            "test": "test_from_WangICSE_patch1-Chart-3-Arja-plusible",
            "failing": 1,
            "testrun": 159,
            "failings": [
                "test111(org.jfree.data.time.TimeSeries_ESTest)"
            ],
            "status": "ok",
            "test_executed": [
                "org.jfree.data.time.TimeSeries_ESTest"
            ],
            "failing_assertions": [
                "java.lang.AssertionError: expected:<NaN> but was:<1.0>"
            ],
            "failing_lines": [
                [
                    "org.jfree.data.time.TimeSeries_ESTest.test111(TimeSeries_ESTest.java:1511)"
                ]
            ]
        },
        {
            "patch": "/home/mmartinez/xTestCluster/Patches/Patches_Wang902/Patches_ICSE/Doverfitting/SimFix/Chart/patch1-Chart-3-SimFix-plausible.patch",
            "test": "test_from_WangICSE_patch1-Chart-3-jGenProg-plausible",
            "failing": 3,
            "testrun": 164,
            "failings": [
                "test101(org.jfree.data.time.TimeSeries_ESTest)",
                "test004(org.jfree.data.time.TimeSeries_ESTest)",
                "test007(org.jfree.data.time.TimeSeries_ESTest)"
            ],
            "status": "ok",
            "test_executed": [
                "org.jfree.data.time.TimeSeries_ESTest"
            ],
            "failing_assertions": [
                "org.evosuite.runtime.mock.java.lang.MockIllegalArgumentException: Null \\'item\\' argument.",
                "java.lang.AssertionError: expected:<2958465.0> but was:<1.0>",
                "java.lang.AssertionError: expected:<NaN> but was:<1.0>"
            ],
            "failing_lines": [
                [
                    "org.jfree.data.time.TimeSeries_ESTest.test101(TimeSeries_ESTest.java:1464)"
                ],
                [
                    "org.jfree.data.time.TimeSeries_ESTest.test004(TimeSeries_ESTest.java:106)"
                ],
                [
                    "org.jfree.data.time.TimeSeries_ESTest.test007(TimeSeries_ESTest.java:154)"
                ]
            ]
        },
        {
            "patch": "/home/mmartinez/xTestCluster/Patches/Patches_Wang902/Patches_ICSE/Doverfitting/SimFix/Chart/patch1-Chart-3-SimFix-plausible.patch",
            "test": "test_from_WangICSE_patch1-Chart-3-FixMiner-plausible",
            "failing": 1,
            "testrun": 160,
            "failings": [
                "test004(org.jfree.data.time.TimeSeries_ESTest)"
            ],
            "status": "ok",
            "test_executed": [
                "org.jfree.data.time.TimeSeries_ESTest"
            ],
            "failing_assertions": [
                "java.lang.AssertionError: expected:<NaN> but was:<1.0>"
            ],
            "failing_lines": [
                [
                    "org.jfree.data.time.TimeSeries_ESTest.test004(TimeSeries_ESTest.java:101)"
                ]
            ]
        }
    ],
    "duration": 51.38
}