{
    "patch": "/home/mmartinez/xTestCluster/Patches/Patches_Wang902/Patches_ICSE/Doverfitting/TBar/Math/patch1-Math-8-TBar-plausible.patch",
    "project": "Math",
    "bugid": "8",
    "dataset": "Patches_ICSE",
    "date": "2022-12-16T02:03:08.320169",
    "project_checked": "ok",
    "compiledProjectModified": "ok",
    "patchApplied": "ok",
    "arrive_end": "ok",
    "patched_project_pass_all_test": "no",
    "test_execution": [
        {
            "patch": "/home/mmartinez/xTestCluster/Patches/Patches_Wang902/Patches_ICSE/Doverfitting/TBar/Math/patch1-Math-8-TBar-plausible.patch",
            "test": "test_from_WangICSE_patch1-Math-8-jGenProg-plausible",
            "failing": 0,
            "testrun": 20,
            "failings": [],
            "status": "ok",
            "test_executed": [
                "org.apache.commons.math3.distribution.DiscreteDistribution_ESTest"
            ],
            "failing_assertions": [],
            "failing_lines": []
        },
        {
            "patch": "/home/mmartinez/xTestCluster/Patches/Patches_Wang902/Patches_ICSE/Doverfitting/TBar/Math/patch1-Math-8-TBar-plausible.patch",
            "test": "test_from_WangICSE_patch1-Math-8-DynaMoth-plausible",
            "failing": 0,
            "testrun": 21,
            "failings": [],
            "status": "ok",
            "test_executed": [
                "org.apache.commons.math3.distribution.DiscreteDistribution_ESTest"
            ],
            "failing_assertions": [],
            "failing_lines": []
        },
        {
            "patch": "/home/mmartinez/xTestCluster/Patches/Patches_Wang902/Patches_ICSE/Doverfitting/TBar/Math/patch1-Math-8-TBar-plausible.patch",
            "test": "test_from_WangICSE_patch1-Math-8-TBar-plausible",
            "failing": 0,
            "testrun": 19,
            "failings": [],
            "status": "ok",
            "test_executed": [
                "org.apache.commons.math3.distribution.DiscreteDistribution_ESTest"
            ],
            "failing_assertions": [],
            "failing_lines": []
        },
        {
            "patch": "/home/mmartinez/xTestCluster/Patches/Patches_Wang902/Patches_ICSE/Doverfitting/TBar/Math/patch1-Math-8-TBar-plausible.patch",
            "test": "test_from_WangICSE_patch1-Math-8-jKali-plausible",
            "failing": 0,
            "testrun": 21,
            "failings": [],
            "status": "ok",
            "test_executed": [
                "org.apache.commons.math3.distribution.DiscreteDistribution_ESTest"
            ],
            "failing_assertions": [],
            "failing_lines": []
        },
        {
            "patch": "/home/mmartinez/xTestCluster/Patches/Patches_Wang902/Patches_ICSE/Doverfitting/TBar/Math/patch1-Math-8-TBar-plausible.patch",
            "test": "test_from_WangICSE_patch1-Math-8-SimFix-plausible",
            "failing": 0,
            "testrun": 20,
            "failings": [],
            "status": "ok",
            "test_executed": [
                "org.apache.commons.math3.distribution.DiscreteDistribution_ESTest"
            ],
            "failing_assertions": [],
            "failing_lines": []
        },
        {
            "patch": "/home/mmartinez/xTestCluster/Patches/Patches_Wang902/Patches_ICSE/Doverfitting/TBar/Math/patch1-Math-8-TBar-plausible.patch",
            "test": "test_from_WangICSE_patch1-Math-8-kPAR-plausible",
            "failing": 3,
            "testrun": 22,
            "failings": [
                "test14(org.apache.commons.math3.distribution.DiscreteDistribution_ESTest)",
                "test05(org.apache.commons.math3.distribution.DiscreteDistribution_ESTest)",
                "test04(org.apache.commons.math3.distribution.DiscreteDistribution_ESTest)"
            ],
            "status": "ok",
            "test_executed": [
                "org.apache.commons.math3.distribution.DiscreteDistribution_ESTest"
            ],
            "failing_assertions": [
                "java.lang.AssertionError: Expecting exception: IndexOutOfBoundsException",
                "java.lang.AssertionError: Expecting exception: ArrayStoreException",
                "java.lang.AssertionError: Expecting exception: NullPointerException"
            ],
            "failing_lines": [
                [
                    "org.apache.commons.math3.distribution.DiscreteDistribution_ESTest.test14(DiscreteDistribution_ESTest.java:285)"
                ],
                [
                    "org.apache.commons.math3.distribution.DiscreteDistribution_ESTest.test05(DiscreteDistribution_ESTest.java:124)"
                ],
                [
                    "org.apache.commons.math3.distribution.DiscreteDistribution_ESTest.test04(DiscreteDistribution_ESTest.java:102)"
                ]
            ]
        }
    ],
    "duration": 32.92
}