{
    "patch": "/home/mmartinez/xTestCluster/Patches/Patches_Wang902/Patches_others/Dcorrect/SequenceR/Math/patch1-Math-82-SequenceR.patch",
    "project": "Math",
    "bugid": "82",
    "dataset": "Patches_others",
    "date": "2022-12-16T01:52:24.174458",
    "project_checked": "ok",
    "compiledProjectModified": "ok",
    "patchApplied": "ok",
    "arrive_end": "ok",
    "patched_project_pass_all_test": "no",
    "test_execution": [
        {
            "patch": "/home/mmartinez/xTestCluster/Patches/Patches_Wang902/Patches_others/Dcorrect/SequenceR/Math/patch1-Math-82-SequenceR.patch",
            "test": "test_from_WangDRR_patch2-Math-82-Jaid-plausible",
            "failing": 0,
            "testrun": 19,
            "failings": [],
            "status": "ok",
            "test_executed": [
                "org.apache.commons.math.optimization.linear.SimplexSolver_ESTest"
            ],
            "failing_assertions": [],
            "failing_lines": []
        },
        {
            "patch": "/home/mmartinez/xTestCluster/Patches/Patches_Wang902/Patches_others/Dcorrect/SequenceR/Math/patch1-Math-82-SequenceR.patch",
            "test": "test_from_WangICSE_patch1-Math-82-kPAR-plausible",
            "failing": 0,
            "testrun": 19,
            "failings": [],
            "status": "ok",
            "test_executed": [
                "org.apache.commons.math.optimization.linear.SimplexSolver_ESTest"
            ],
            "failing_assertions": [],
            "failing_lines": []
        },
        {
            "patch": "/home/mmartinez/xTestCluster/Patches/Patches_Wang902/Patches_others/Dcorrect/SequenceR/Math/patch1-Math-82-SequenceR.patch",
            "test": "test_from_WangDRR_patch2-Math-82-SequenceR",
            "failing": 0,
            "testrun": 18,
            "failings": [],
            "status": "ok",
            "test_executed": [
                "org.apache.commons.math.optimization.linear.SimplexSolver_ESTest"
            ],
            "failing_assertions": [],
            "failing_lines": []
        },
        {
            "patch": "/home/mmartinez/xTestCluster/Patches/Patches_Wang902/Patches_others/Dcorrect/SequenceR/Math/patch1-Math-82-SequenceR.patch",
            "test": "test_from_WangDRR_patch1-Math-82-Jaid",
            "failing": 0,
            "testrun": 16,
            "failings": [],
            "status": "ok",
            "test_executed": [
                "org.apache.commons.math.optimization.linear.SimplexSolver_ESTest"
            ],
            "failing_assertions": [],
            "failing_lines": []
        },
        {
            "patch": "/home/mmartinez/xTestCluster/Patches/Patches_Wang902/Patches_others/Dcorrect/SequenceR/Math/patch1-Math-82-SequenceR.patch",
            "test": "test_from_WangDRR_patch3-Math-82-SequenceR",
            "failing": 0,
            "testrun": 18,
            "failings": [],
            "status": "ok",
            "test_executed": [
                "org.apache.commons.math.optimization.linear.SimplexSolver_ESTest"
            ],
            "failing_assertions": [],
            "failing_lines": []
        },
        {
            "patch": "/home/mmartinez/xTestCluster/Patches/Patches_Wang902/Patches_others/Dcorrect/SequenceR/Math/patch1-Math-82-SequenceR.patch",
            "test": "test_from_WangICSE_patch1-Math-82-Nopol-plausible",
            "failing": 0,
            "testrun": 19,
            "failings": [],
            "status": "ok",
            "test_executed": [
                "org.apache.commons.math.optimization.linear.SimplexSolver_ESTest"
            ],
            "failing_assertions": [],
            "failing_lines": []
        },
        {
            "patch": "/home/mmartinez/xTestCluster/Patches/Patches_Wang902/Patches_others/Dcorrect/SequenceR/Math/patch1-Math-82-SequenceR.patch",
            "test": "test_from_WangICSE_patch1-Math-82-TBar-plausible",
            "failing": 0,
            "testrun": 20,
            "failings": [],
            "status": "ok",
            "test_executed": [
                "org.apache.commons.math.optimization.linear.SimplexSolver_ESTest"
            ],
            "failing_assertions": [],
            "failing_lines": []
        },
        {
            "patch": "/home/mmartinez/xTestCluster/Patches/Patches_Wang902/Patches_others/Dcorrect/SequenceR/Math/patch1-Math-82-SequenceR.patch",
            "test": "test_from_WangICSE_patch1-Math-82-ACS",
            "failing": 0,
            "testrun": 19,
            "failings": [],
            "status": "ok",
            "test_executed": [
                "org.apache.commons.math.optimization.linear.SimplexSolver_ESTest"
            ],
            "failing_assertions": [],
            "failing_lines": []
        },
        {
            "patch": "/home/mmartinez/xTestCluster/Patches/Patches_Wang902/Patches_others/Dcorrect/SequenceR/Math/patch1-Math-82-SequenceR.patch",
            "test": "test_from_WangDRR_patch1-Math-82-SequenceR",
            "failing": 0,
            "testrun": 19,
            "failings": [],
            "status": "ok",
            "test_executed": [
                "org.apache.commons.math.optimization.linear.SimplexSolver_ESTest"
            ],
            "failing_assertions": [],
            "failing_lines": []
        },
        {
            "patch": "/home/mmartinez/xTestCluster/Patches/Patches_Wang902/Patches_others/Dcorrect/SequenceR/Math/patch1-Math-82-SequenceR.patch",
            "test": "test_from_WangDRR_patch4-Math-82-Jaid-plausible",
            "failing": 0,
            "testrun": 23,
            "failings": [],
            "status": "ok",
            "test_executed": [
                "org.apache.commons.math.optimization.linear.SimplexSolver_ESTest"
            ],
            "failing_assertions": [],
            "failing_lines": []
        },
        {
            "patch": "/home/mmartinez/xTestCluster/Patches/Patches_Wang902/Patches_others/Dcorrect/SequenceR/Math/patch1-Math-82-SequenceR.patch",
            "test": "test_from_WangDRR_patch1-Math-82-SOFix",
            "failing": 0,
            "testrun": 18,
            "failings": [],
            "status": "ok",
            "test_executed": [
                "org.apache.commons.math.optimization.linear.SimplexSolver_ESTest"
            ],
            "failing_assertions": [],
            "failing_lines": []
        },
        {
            "patch": "/home/mmartinez/xTestCluster/Patches/Patches_Wang902/Patches_others/Dcorrect/SequenceR/Math/patch1-Math-82-SequenceR.patch",
            "test": "test_from_WangDRR_patch2-Math-82-SketchFix-plausible",
            "failing": 0,
            "testrun": 14,
            "failings": [],
            "status": "ok",
            "test_executed": [
                "org.apache.commons.math.optimization.linear.SimplexSolver_ESTest"
            ],
            "failing_assertions": [],
            "failing_lines": []
        },
        {
            "patch": "/home/mmartinez/xTestCluster/Patches/Patches_Wang902/Patches_others/Dcorrect/SequenceR/Math/patch1-Math-82-SequenceR.patch",
            "test": "test_from_WangICSE_patch1-Math-82-AVATAR-plausible",
            "failing": 0,
            "testrun": 20,
            "failings": [],
            "status": "ok",
            "test_executed": [
                "org.apache.commons.math.optimization.linear.SimplexSolver_ESTest"
            ],
            "failing_assertions": [],
            "failing_lines": []
        },
        {
            "patch": "/home/mmartinez/xTestCluster/Patches/Patches_Wang902/Patches_others/Dcorrect/SequenceR/Math/patch1-Math-82-SequenceR.patch",
            "test": "test_from_WangDRR_patch1-Math-82-SketchFix-plausible",
            "failing": 0,
            "testrun": 18,
            "failings": [],
            "status": "ok",
            "test_executed": [
                "org.apache.commons.math.optimization.linear.SimplexSolver_ESTest"
            ],
            "failing_assertions": [],
            "failing_lines": []
        },
        {
            "patch": "/home/mmartinez/xTestCluster/Patches/Patches_Wang902/Patches_others/Dcorrect/SequenceR/Math/patch1-Math-82-SequenceR.patch",
            "test": "test_from_WangICSE_patch1-Math-82-jMutRepair",
            "failing": 0,
            "testrun": 20,
            "failings": [],
            "status": "ok",
            "test_executed": [
                "org.apache.commons.math.optimization.linear.SimplexSolver_ESTest"
            ],
            "failing_assertions": [],
            "failing_lines": []
        },
        {
            "patch": "/home/mmartinez/xTestCluster/Patches/Patches_Wang902/Patches_others/Dcorrect/SequenceR/Math/patch1-Math-82-SequenceR.patch",
            "test": "test_from_WangICSE_patch1-Math-82-GenProg-plausible",
            "failing": 0,
            "testrun": 19,
            "failings": [],
            "status": "ok",
            "test_executed": [
                "org.apache.commons.math.optimization.linear.SimplexSolver_ESTest"
            ],
            "failing_assertions": [],
            "failing_lines": []
        },
        {
            "patch": "/home/mmartinez/xTestCluster/Patches/Patches_Wang902/Patches_others/Dcorrect/SequenceR/Math/patch1-Math-82-SequenceR.patch",
            "test": "test_from_WangDRR_patch3-Math-82-Jaid-plausible",
            "failing": 0,
            "testrun": 18,
            "failings": [],
            "status": "ok",
            "test_executed": [
                "org.apache.commons.math.optimization.linear.SimplexSolver_ESTest"
            ],
            "failing_assertions": [],
            "failing_lines": []
        },
        {
            "patch": "/home/mmartinez/xTestCluster/Patches/Patches_Wang902/Patches_others/Dcorrect/SequenceR/Math/patch1-Math-82-SequenceR.patch",
            "test": "test_from_WangICSE_patch1-Math-82-DynaMoth-plausible",
            "failing": 0,
            "testrun": 18,
            "failings": [],
            "status": "ok",
            "test_executed": [
                "org.apache.commons.math.optimization.linear.SimplexSolver_ESTest"
            ],
            "failing_assertions": [],
            "failing_lines": []
        },
        {
            "patch": "/home/mmartinez/xTestCluster/Patches/Patches_Wang902/Patches_others/Dcorrect/SequenceR/Math/patch1-Math-82-SequenceR.patch",
            "test": "test_from_WangDRR_patch1-Math-82-Jaid-plausible",
            "failing": 0,
            "testrun": 17,
            "failings": [],
            "status": "ok",
            "test_executed": [
                "org.apache.commons.math.optimization.linear.SimplexSolver_ESTest"
            ],
            "failing_assertions": [],
            "failing_lines": []
        },
        {
            "patch": "/home/mmartinez/xTestCluster/Patches/Patches_Wang902/Patches_others/Dcorrect/SequenceR/Math/patch1-Math-82-SequenceR.patch",
            "test": "test_from_WangICSE_patch1-Math-82-SimFix-plausible",
            "failing": 0,
            "testrun": 20,
            "failings": [],
            "status": "ok",
            "test_executed": [
                "org.apache.commons.math.optimization.linear.SimplexSolver_ESTest"
            ],
            "failing_assertions": [],
            "failing_lines": []
        },
        {
            "patch": "/home/mmartinez/xTestCluster/Patches/Patches_Wang902/Patches_others/Dcorrect/SequenceR/Math/patch1-Math-82-SequenceR.patch",
            "test": "test_from_WangICSE_patch1-Math-82-Arja-plausible",
            "failing": 1,
            "testrun": 95,
            "failings": [
                "test37(org.apache.commons.math.optimization.linear.SimplexTableau_ESTest)"
            ],
            "status": "ok",
            "test_executed": [
                "org.apache.commons.math.optimization.linear.SimplexSolver_ESTest",
                "org.apache.commons.math.optimization.linear.SimplexTableau_ESTest"
            ],
            "failing_assertions": [
                "java.lang.AssertionError: Expecting exception: NullPointerException"
            ],
            "failing_lines": [
                [
                    "org.apache.commons.math.optimization.linear.SimplexTableau_ESTest.test37(SimplexTableau_ESTest.java:529)"
                ]
            ]
        }
    ],
    "duration": 59.8
}