{
    "patch": "/home/mmartinez/xTestCluster/Patches/Patches_Wang902/Patches_ICSE/Doverfitting/TBar/Chart/patch1-Chart-7-TBar-plausible.patch",
    "project": "Chart",
    "bugid": "7",
    "dataset": "Patches_ICSE",
    "date": "2022-12-24T10:37:04.894331",
    "project_checked": "ok",
    "compiledProjectModified": "ok",
    "patchApplied": "ok",
    "arrive_end": "ok",
    "patched_project_pass_all_test": "no",
    "test_execution": [
        {
            "patch": "/home/mmartinez/xTestCluster/Patches/Patches_Wang902/Patches_ICSE/Doverfitting/TBar/Chart/patch1-Chart-7-TBar-plausible.patch",
            "test": "test_from_WangICSE_patch1-Chart-7-jMutRepair-plausible",
            "failing": 0,
            "testrun": 63,
            "failings": [],
            "status": "ok",
            "test_executed": [
                "org.jfree.data.time.TimePeriodValues_ESTest"
            ],
            "failing_assertions": [],
            "failing_lines": []
        },
        {
            "patch": "/home/mmartinez/xTestCluster/Patches/Patches_Wang902/Patches_ICSE/Doverfitting/TBar/Chart/patch1-Chart-7-TBar-plausible.patch",
            "test": "test_from_WangICSE_patch1-Chart-7-kPAR-plausible",
            "failing": 0,
            "testrun": 61,
            "failings": [],
            "status": "ok",
            "test_executed": [
                "org.jfree.data.time.TimePeriodValues_ESTest"
            ],
            "failing_assertions": [],
            "failing_lines": []
        },
        {
            "patch": "/home/mmartinez/xTestCluster/Patches/Patches_Wang902/Patches_ICSE/Doverfitting/TBar/Chart/patch1-Chart-7-TBar-plausible.patch",
            "test": "test_from_WangICSE_patch1-Chart-7-SimFix",
            "failing": 0,
            "testrun": 63,
            "failings": [],
            "status": "ok",
            "test_executed": [
                "org.jfree.data.time.TimePeriodValues_ESTest"
            ],
            "failing_assertions": [],
            "failing_lines": []
        },
        {
            "patch": "/home/mmartinez/xTestCluster/Patches/Patches_Wang902/Patches_ICSE/Doverfitting/TBar/Chart/patch1-Chart-7-TBar-plausible.patch",
            "test": "test_from_WangICSE_patch1-Chart-7-Arja-plusible",
            "failing": 0,
            "testrun": 62,
            "failings": [],
            "status": "ok",
            "test_executed": [
                "org.jfree.data.time.TimePeriodValues_ESTest"
            ],
            "failing_assertions": [],
            "failing_lines": []
        },
        {
            "patch": "/home/mmartinez/xTestCluster/Patches/Patches_Wang902/Patches_ICSE/Doverfitting/TBar/Chart/patch1-Chart-7-TBar-plausible.patch",
            "test": "test_from_WangICSE_patch1-Chart-7-jGenProg-plausible",
            "failing": 0,
            "testrun": 65,
            "failings": [],
            "status": "ok",
            "test_executed": [
                "org.jfree.data.time.TimePeriodValues_ESTest"
            ],
            "failing_assertions": [],
            "failing_lines": []
        },
        {
            "patch": "/home/mmartinez/xTestCluster/Patches/Patches_Wang902/Patches_ICSE/Doverfitting/TBar/Chart/patch1-Chart-7-TBar-plausible.patch",
            "test": "test_from_WangICSE_patch1-Chart-7-AVATAR-plausible",
            "failing": 0,
            "testrun": 66,
            "failings": [],
            "status": "ok",
            "test_executed": [
                "org.jfree.data.time.TimePeriodValues_ESTest"
            ],
            "failing_assertions": [],
            "failing_lines": []
        },
        {
            "patch": "/home/mmartinez/xTestCluster/Patches/Patches_Wang902/Patches_ICSE/Doverfitting/TBar/Chart/patch1-Chart-7-TBar-plausible.patch",
            "test": "test_from_WangICSE_patch1-Chart-7-FixMiner-plausible",
            "failing": 1,
            "testrun": 65,
            "failings": [
                "test16(org.jfree.data.time.TimePeriodValues_ESTest)"
            ],
            "status": "ok",
            "test_executed": [
                "org.jfree.data.time.TimePeriodValues_ESTest"
            ],
            "failing_assertions": [
                "java.lang.AssertionError: expected:<1> but was:<0>"
            ],
            "failing_lines": [
                [
                    "org.jfree.data.time.TimePeriodValues_ESTest.test16(TimePeriodValues_ESTest.java:252)"
                ]
            ]
        },
        {
            "patch": "/home/mmartinez/xTestCluster/Patches/Patches_Wang902/Patches_ICSE/Doverfitting/TBar/Chart/patch1-Chart-7-TBar-plausible.patch",
            "test": "test_from_WangICSE_patch1-Chart-7-TBar-plausible",
            "failing": 0,
            "testrun": 62,
            "failings": [],
            "status": "ok",
            "test_executed": [
                "org.jfree.data.time.TimePeriodValues_ESTest"
            ],
            "failing_assertions": [],
            "failing_lines": []
        }
    ],
    "duration": 46.6
}