{
    "patch": "/home/mmartinez/xTestCluster/Patches/Patches_Wang902/Patches_ICSE/Doverfitting/SimFix/Math/patch1-Math-6-SimFix-plausible.patch",
    "project": "Math",
    "bugid": "6",
    "dataset": "Patches_ICSE",
    "date": "2022-12-16T04:09:55.715718",
    "project_checked": "ok",
    "compiledProjectModified": "ok",
    "patchApplied": "ok",
    "arrive_end": "ok",
    "patched_project_pass_all_test": "no",
    "test_execution": [
        {
            "patch": "/home/mmartinez/xTestCluster/Patches/Patches_Wang902/Patches_ICSE/Doverfitting/SimFix/Math/patch1-Math-6-SimFix-plausible.patch",
            "test": "test_from_WangICSE_patch1-Math-6-AVATAR-plausible",
            "failing": 0,
            "testrun": 9,
            "failings": [],
            "status": "ok",
            "test_executed": [
                "org.apache.commons.math3.optim.BaseOptimizer_ESTest"
            ],
            "failing_assertions": [],
            "failing_lines": []
        },
        {
            "patch": "/home/mmartinez/xTestCluster/Patches/Patches_Wang902/Patches_ICSE/Doverfitting/SimFix/Math/patch1-Math-6-SimFix-plausible.patch",
            "test": "test_from_WangICSE_patch1-Math-6-SimFix-plausible",
            "failing": 0,
            "testrun": 9,
            "failings": [],
            "status": "ok",
            "test_executed": [
                "org.apache.commons.math3.optim.BaseOptimizer_ESTest"
            ],
            "failing_assertions": [],
            "failing_lines": []
        }
    ],
    "duration": 24.47
}