{
    "patch": "/home/mmartinez/xTestCluster/Patches/Patches_Wang902/Patches_ICSE/Doverfitting/GenProg/Chart/patch1-Chart-12-GenProg-plausible.patch",
    "project": "Chart",
    "bugid": "12",
    "dataset": "Patches_ICSE",
    "date": "2023-02-06T06:38:00.434074",
    "project_checked": "ok",
    "compiledProjectModified": "ok",
    "patchApplied": "ok",
    "arrive_end": "ok",
    "patched_project_pass_all_test": "no",
    "test_execution": [
        {
            "patch": "/home/mmartinez/xTestCluster/Patches/Patches_Wang902/Patches_ICSE/Doverfitting/GenProg/Chart/patch1-Chart-12-GenProg-plausible.patch",
            "test": "test_from_WangICSE_patch1-Chart-12-RSRepair-plausible",
            "failing": 7,
            "testrun": 38,
            "failings": [
                "test21(org.jfree.chart.plot.MultiplePiePlot_ESTest)",
                "test20(org.jfree.chart.plot.MultiplePiePlot_ESTest)",
                "test23(org.jfree.chart.plot.MultiplePiePlot_ESTest)",
                "test22(org.jfree.chart.plot.MultiplePiePlot_ESTest)",
                "test11(org.jfree.chart.plot.MultiplePiePlot_ESTest)",
                "test36(org.jfree.chart.plot.MultiplePiePlot_ESTest)",
                "test35(org.jfree.chart.plot.MultiplePiePlot_ESTest)"
            ],
            "status": "ok",
            "test_executed": [
                "org.jfree.chart.plot.MultiplePiePlot_ESTest"
            ],
            "failing_assertions": [
                "java.lang.NullPointerException",
                "java.lang.NullPointerException",
                "java.lang.NullPointerException",
                "java.lang.NullPointerException",
                "java.lang.NullPointerException",
                "java.lang.NullPointerException",
                "org.evosuite.runtime.mock.java.lang.MockIllegalArgumentException: Null \\'fillPaint\\' argument."
            ],
            "failing_lines": [
                [
                    "org.jfree.chart.plot.MultiplePiePlot_ESTest.test21(MultiplePiePlot_ESTest.java:301)"
                ],
                [
                    "org.jfree.chart.plot.MultiplePiePlot_ESTest.test20(MultiplePiePlot_ESTest.java:286)"
                ],
                [
                    "org.jfree.chart.plot.MultiplePiePlot_ESTest.test23(MultiplePiePlot_ESTest.java:332)"
                ],
                [
                    "org.jfree.chart.plot.MultiplePiePlot_ESTest.test22(MultiplePiePlot_ESTest.java:317)"
                ],
                [
                    "org.jfree.chart.plot.MultiplePiePlot_ESTest.test11(MultiplePiePlot_ESTest.java:187)"
                ],
                [
                    "org.jfree.chart.plot.MultiplePiePlot_ESTest.test36(MultiplePiePlot_ESTest.java:484)"
                ],
                [
                    "org.jfree.chart.plot.MultiplePiePlot_ESTest.test35(MultiplePiePlot_ESTest.java:471)"
                ]
            ]
        },
        {
            "patch": "/home/mmartinez/xTestCluster/Patches/Patches_Wang902/Patches_ICSE/Doverfitting/GenProg/Chart/patch1-Chart-12-GenProg-plausible.patch",
            "test": "test_from_WangICSE_patch1-Chart-12-SimFix-plausible",
            "failing": 13,
            "testrun": 43,
            "failings": [
                "test29(org.jfree.chart.plot.MultiplePiePlot_ESTest)",
                "test28(org.jfree.chart.plot.MultiplePiePlot_ESTest)",
                "test09(org.jfree.chart.plot.MultiplePiePlot_ESTest)",
                "test23(org.jfree.chart.plot.MultiplePiePlot_ESTest)",
                "test25(org.jfree.chart.plot.MultiplePiePlot_ESTest)",
                "test24(org.jfree.chart.plot.MultiplePiePlot_ESTest)",
                "test27(org.jfree.chart.plot.MultiplePiePlot_ESTest)",
                "test26(org.jfree.chart.plot.MultiplePiePlot_ESTest)",
                "test30(org.jfree.chart.plot.MultiplePiePlot_ESTest)",
                "test17(org.jfree.chart.plot.MultiplePiePlot_ESTest)",
                "test12(org.jfree.chart.plot.MultiplePiePlot_ESTest)",
                "test14(org.jfree.chart.plot.MultiplePiePlot_ESTest)",
                "test13(org.jfree.chart.plot.MultiplePiePlot_ESTest)"
            ],
            "status": "ok",
            "test_executed": [
                "org.jfree.chart.plot.MultiplePiePlot_ESTest"
            ],
            "failing_assertions": [
                "java.lang.NullPointerException",
                "java.lang.NullPointerException",
                "java.lang.NullPointerException",
                "java.lang.NullPointerException",
                "java.lang.NullPointerException",
                "java.lang.NullPointerException",
                "java.lang.NullPointerException",
                "java.lang.NullPointerException",
                "java.lang.NullPointerException",
                "java.lang.NullPointerException",
                "java.lang.NullPointerException",
                "java.lang.NullPointerException",
                "java.lang.NullPointerException"
            ],
            "failing_lines": [
                [
                    "org.jfree.chart.plot.MultiplePiePlot_ESTest.test29(MultiplePiePlot_ESTest.java:414)"
                ],
                [
                    "org.jfree.chart.plot.MultiplePiePlot_ESTest.test28(MultiplePiePlot_ESTest.java:403)"
                ],
                [
                    "org.jfree.chart.plot.MultiplePiePlot_ESTest.test09(MultiplePiePlot_ESTest.java:156)"
                ],
                [
                    "org.jfree.chart.plot.MultiplePiePlot_ESTest.test23(MultiplePiePlot_ESTest.java:337)"
                ],
                [
                    "org.jfree.chart.plot.MultiplePiePlot_ESTest.test25(MultiplePiePlot_ESTest.java:363)"
                ],
                [
                    "org.jfree.chart.plot.MultiplePiePlot_ESTest.test24(MultiplePiePlot_ESTest.java:353)"
                ],
                [
                    "org.jfree.chart.plot.MultiplePiePlot_ESTest.test27(MultiplePiePlot_ESTest.java:392)"
                ],
                [
                    "org.jfree.chart.plot.MultiplePiePlot_ESTest.test26(MultiplePiePlot_ESTest.java:381)"
                ],
                [
                    "org.jfree.chart.plot.MultiplePiePlot_ESTest.test30(MultiplePiePlot_ESTest.java:426)"
                ],
                [
                    "org.jfree.chart.plot.MultiplePiePlot_ESTest.test17(MultiplePiePlot_ESTest.java:270)"
                ],
                [
                    "org.jfree.chart.plot.MultiplePiePlot_ESTest.test12(MultiplePiePlot_ESTest.java:213)"
                ],
                [
                    "org.jfree.chart.plot.MultiplePiePlot_ESTest.test14(MultiplePiePlot_ESTest.java:238)"
                ],
                [
                    "org.jfree.chart.plot.MultiplePiePlot_ESTest.test13(MultiplePiePlot_ESTest.java:225)"
                ]
            ]
        },
        {
            "patch": "/home/mmartinez/xTestCluster/Patches/Patches_Wang902/Patches_ICSE/Doverfitting/GenProg/Chart/patch1-Chart-12-GenProg-plausible.patch",
            "test": "test_from_WangICSE_patch1-Chart-12-GenProg-plausible",
            "failing": 0,
            "testrun": 150,
            "failings": [],
            "status": "ok",
            "test_executed": [
                "org.jfree.chart.plot.MultiplePiePlot_ESTest",
                "org.jfree.chart.JFreeChart_ESTest"
            ],
            "failing_assertions": [],
            "failing_lines": []
        },
        {
            "patch": "/home/mmartinez/xTestCluster/Patches/Patches_Wang902/Patches_ICSE/Doverfitting/GenProg/Chart/patch1-Chart-12-GenProg-plausible.patch",
            "test": "test_from_WangICSE_patch1-Chart-12-Kali-plausible",
            "failing": 1,
            "testrun": 11,
            "failings": [
                "test09(org.jfree.data.general.AbstractDataset_ESTest)"
            ],
            "status": "ok",
            "test_executed": [
                "org.jfree.data.general.AbstractDataset_ESTest"
            ],
            "failing_assertions": [
                "java.lang.AssertionError"
            ],
            "failing_lines": [
                [
                    "org.jfree.data.general.AbstractDataset_ESTest.test09(AbstractDataset_ESTest.java:129)"
                ]
            ]
        },
        {
            "patch": "/home/mmartinez/xTestCluster/Patches/Patches_Wang902/Patches_ICSE/Doverfitting/GenProg/Chart/patch1-Chart-12-GenProg-plausible.patch",
            "test": "test_from_WangICSE_patch1-Chart-12-TBar-plausible",
            "failing": 1,
            "testrun": 13,
            "failings": [
                "test08(org.jfree.data.general.AbstractDataset_ESTest)"
            ],
            "status": "ok",
            "test_executed": [
                "org.jfree.data.general.AbstractDataset_ESTest"
            ],
            "failing_assertions": [
                "java.lang.AssertionError"
            ],
            "failing_lines": [
                [
                    "org.jfree.data.general.AbstractDataset_ESTest.test08(AbstractDataset_ESTest.java:126)"
                ]
            ]
        },
        {
            "patch": "/home/mmartinez/xTestCluster/Patches/Patches_Wang902/Patches_ICSE/Doverfitting/GenProg/Chart/patch1-Chart-12-GenProg-plausible.patch",
            "test": "test_from_WangICSE_patch1-Chart-12-Arja",
            "failing": 7,
            "testrun": 35,
            "failings": [
                "test06(org.jfree.chart.plot.MultiplePiePlot_ESTest)",
                "test28(org.jfree.chart.plot.MultiplePiePlot_ESTest)",
                "test20(org.jfree.chart.plot.MultiplePiePlot_ESTest)",
                "test18(org.jfree.chart.plot.MultiplePiePlot_ESTest)",
                "test17(org.jfree.chart.plot.MultiplePiePlot_ESTest)",
                "test19(org.jfree.chart.plot.MultiplePiePlot_ESTest)",
                "test34(org.jfree.chart.plot.MultiplePiePlot_ESTest)"
            ],
            "status": "ok",
            "test_executed": [
                "org.jfree.chart.plot.MultiplePiePlot_ESTest"
            ],
            "failing_assertions": [
                "java.lang.NullPointerException",
                "org.evosuite.runtime.mock.java.lang.MockIllegalArgumentException: Null \\'paint\\' argument.",
                "java.lang.NullPointerException",
                "java.lang.NullPointerException",
                "java.lang.NullPointerException",
                "java.lang.NullPointerException",
                "java.lang.NullPointerException"
            ],
            "failing_lines": [
                [
                    "org.jfree.chart.plot.MultiplePiePlot_ESTest.test06(MultiplePiePlot_ESTest.java:124)"
                ],
                [
                    "org.jfree.chart.plot.MultiplePiePlot_ESTest.test28(MultiplePiePlot_ESTest.java:370)"
                ],
                [
                    "org.jfree.chart.plot.MultiplePiePlot_ESTest.test20(MultiplePiePlot_ESTest.java:265)"
                ],
                [
                    "org.jfree.chart.plot.MultiplePiePlot_ESTest.test18(MultiplePiePlot_ESTest.java:244)"
                ],
                [
                    "org.jfree.chart.plot.MultiplePiePlot_ESTest.test17(MultiplePiePlot_ESTest.java:230)"
                ],
                [
                    "org.jfree.chart.plot.MultiplePiePlot_ESTest.test19(MultiplePiePlot_ESTest.java:255)"
                ],
                [
                    "org.jfree.chart.plot.MultiplePiePlot_ESTest.test34(MultiplePiePlot_ESTest.java:423)"
                ]
            ]
        }
    ],
    "duration": 35.13
}