{
    "patch": "/home/mmartinez/xTestCluster/Patches/Patches_Wang902/Patches_others/Doverfitting/CapGen/Math/patch5-Math-63-CapGen-plausible.patch",
    "project": "Math",
    "bugid": "63",
    "dataset": "Patches_others",
    "date": "2022-12-27T20:53:21.917421",
    "project_checked": "ok",
    "compiledProjectModified": "ok",
    "patchApplied": "ok",
    "arrive_end": "ok",
    "patched_project_pass_all_test": "no",
    "test_execution": [
        {
            "patch": "/home/mmartinez/xTestCluster/Patches/Patches_Wang902/Patches_others/Doverfitting/CapGen/Math/patch5-Math-63-CapGen-plausible.patch",
            "test": "test_from_WangDRR_patch4-Math-63-CapGen-plausible",
            "failing": 0,
            "testrun": 267,
            "failings": [],
            "status": "ok",
            "test_executed": [
                "org.apache.commons.math.util.MathUtils_ESTest"
            ],
            "failing_assertions": [],
            "failing_lines": []
        },
        {
            "patch": "/home/mmartinez/xTestCluster/Patches/Patches_Wang902/Patches_others/Doverfitting/CapGen/Math/patch5-Math-63-CapGen-plausible.patch",
            "test": "test_from_WangDRR_patch5-Math-63-CapGen-plausible",
            "failing": 0,
            "testrun": 288,
            "failings": [],
            "status": "ok",
            "test_executed": [
                "org.apache.commons.math.util.MathUtils_ESTest"
            ],
            "failing_assertions": [],
            "failing_lines": []
        },
        {
            "patch": "/home/mmartinez/xTestCluster/Patches/Patches_Wang902/Patches_others/Doverfitting/CapGen/Math/patch5-Math-63-CapGen-plausible.patch",
            "test": "test_from_WangICSE_patch1-Math-63-TBar-plausible",
            "failing": 0,
            "testrun": 253,
            "failings": [],
            "status": "ok",
            "test_executed": [
                "org.apache.commons.math.util.MathUtils_ESTest"
            ],
            "failing_assertions": [],
            "failing_lines": []
        },
        {
            "patch": "/home/mmartinez/xTestCluster/Patches/Patches_Wang902/Patches_others/Doverfitting/CapGen/Math/patch5-Math-63-CapGen-plausible.patch",
            "test": "test_from_WangDRR_patch1-Math-63-CapGen-plausible",
            "failing": 0,
            "testrun": 278,
            "failings": [],
            "status": "ok",
            "test_executed": [
                "org.apache.commons.math.util.MathUtils_ESTest"
            ],
            "failing_assertions": [],
            "failing_lines": []
        },
        {
            "patch": "/home/mmartinez/xTestCluster/Patches/Patches_Wang902/Patches_others/Doverfitting/CapGen/Math/patch5-Math-63-CapGen-plausible.patch",
            "test": "test_from_WangDRR_patch6-Math-63-CapGen-plausible",
            "failing": 0,
            "testrun": 287,
            "failings": [],
            "status": "ok",
            "test_executed": [
                "org.apache.commons.math.util.MathUtils_ESTest"
            ],
            "failing_assertions": [],
            "failing_lines": []
        },
        {
            "patch": "/home/mmartinez/xTestCluster/Patches/Patches_Wang902/Patches_others/Doverfitting/CapGen/Math/patch5-Math-63-CapGen-plausible.patch",
            "test": "test_from_WangDRR_patch1-Math-63-SequenceR",
            "failing": 0,
            "testrun": 0,
            "failings": [],
            "status": "ERROR",
            "test_executed": [],
            "failing_assertions": null,
            "failing_lines": null,
            "errorLog": "no test generated"
        },
        {
            "patch": "/home/mmartinez/xTestCluster/Patches/Patches_Wang902/Patches_others/Doverfitting/CapGen/Math/patch5-Math-63-CapGen-plausible.patch",
            "test": "test_from_WangICSE_patch1-Math-63-FixMiner-plausible",
            "failing": 0,
            "testrun": 0,
            "failings": [],
            "status": "ERROR",
            "test_executed": [],
            "failing_assertions": null,
            "failing_lines": null,
            "errorLog": "no test generated"
        },
        {
            "patch": "/home/mmartinez/xTestCluster/Patches/Patches_Wang902/Patches_others/Doverfitting/CapGen/Math/patch5-Math-63-CapGen-plausible.patch",
            "test": "test_from_WangDRR_patch7-Math-63-CapGen-plausible",
            "failing": 0,
            "testrun": 244,
            "failings": [],
            "status": "ok",
            "test_executed": [
                "org.apache.commons.math.util.MathUtils_ESTest"
            ],
            "failing_assertions": [],
            "failing_lines": []
        },
        {
            "patch": "/home/mmartinez/xTestCluster/Patches/Patches_Wang902/Patches_others/Doverfitting/CapGen/Math/patch5-Math-63-CapGen-plausible.patch",
            "test": "test_from_WangDRR_patch8-Math-63-CapGen-plausible",
            "failing": 0,
            "testrun": 260,
            "failings": [],
            "status": "ok",
            "test_executed": [
                "org.apache.commons.math.util.MathUtils_ESTest"
            ],
            "failing_assertions": [],
            "failing_lines": []
        },
        {
            "patch": "/home/mmartinez/xTestCluster/Patches/Patches_Wang902/Patches_others/Doverfitting/CapGen/Math/patch5-Math-63-CapGen-plausible.patch",
            "test": "test_from_WangICSE_patch1-Math-63-SimFix-plausible",
            "failing": 0,
            "testrun": 249,
            "failings": [],
            "status": "ok",
            "test_executed": [
                "org.apache.commons.math.util.MathUtils_ESTest"
            ],
            "failing_assertions": [],
            "failing_lines": []
        },
        {
            "patch": "/home/mmartinez/xTestCluster/Patches/Patches_Wang902/Patches_others/Doverfitting/CapGen/Math/patch5-Math-63-CapGen-plausible.patch",
            "test": "test_from_WangDRR_patch3-Math-63-CapGen-plausible",
            "failing": 1,
            "testrun": 270,
            "failings": [
                "test239(org.apache.commons.math.util.MathUtils_ESTest)"
            ],
            "status": "ok",
            "test_executed": [
                "org.apache.commons.math.util.MathUtils_ESTest"
            ],
            "failing_assertions": [
                "java.lang.AssertionError"
            ],
            "failing_lines": [
                [
                    "org.apache.commons.math.util.MathUtils_ESTest.test239(MathUtils_ESTest.java:2354)"
                ]
            ]
        },
        {
            "patch": "/home/mmartinez/xTestCluster/Patches/Patches_Wang902/Patches_others/Doverfitting/CapGen/Math/patch5-Math-63-CapGen-plausible.patch",
            "test": "test_from_WangICSE_patch1-Math-63-Cardumen-plausible",
            "failing": 3,
            "testrun": 268,
            "failings": [
                "test018(org.apache.commons.math.util.MathUtils_ESTest)",
                "test119(org.apache.commons.math.util.MathUtils_ESTest)",
                "test219(org.apache.commons.math.util.MathUtils_ESTest)"
            ],
            "status": "ok",
            "test_executed": [
                "org.apache.commons.math.util.MathUtils_ESTest"
            ],
            "failing_assertions": [
                "java.lang.AssertionError: expected:<3856> but was:<482>",
                "java.lang.AssertionError: expected:<4> but was:<6>",
                "java.lang.AssertionError: Exception was not thrown in org.apache.commons.math.MathRuntimeException but in org.apache.commons.math.util.MathUtils.mulAndCheck(MathUtils.java:1082): org.evosuite.runtime.mock.java.lang.MockThrowable: overflow: multiply"
            ],
            "failing_lines": [
                [
                    "org.apache.commons.math.util.MathUtils_ESTest.test018(MathUtils_ESTest.java:204)"
                ],
                [
                    "org.apache.commons.math.util.MathUtils_ESTest.test119(MathUtils_ESTest.java:1290)"
                ],
                [
                    "org.apache.commons.math.util.MathUtils_ESTest.test219(MathUtils_ESTest.java:2199)"
                ]
            ]
        },
        {
            "patch": "/home/mmartinez/xTestCluster/Patches/Patches_Wang902/Patches_others/Doverfitting/CapGen/Math/patch5-Math-63-CapGen-plausible.patch",
            "test": "test_from_WangICSE_patch1-Math-63-kPAR-plausible",
            "failing": 0,
            "testrun": 262,
            "failings": [],
            "status": "ok",
            "test_executed": [
                "org.apache.commons.math.util.MathUtils_ESTest"
            ],
            "failing_assertions": [],
            "failing_lines": []
        },
        {
            "patch": "/home/mmartinez/xTestCluster/Patches/Patches_Wang902/Patches_others/Doverfitting/CapGen/Math/patch5-Math-63-CapGen-plausible.patch",
            "test": "test_from_WangDRR_patch1-Math-63-CapGen",
            "failing": 0,
            "testrun": 263,
            "failings": [],
            "status": "ok",
            "test_executed": [
                "org.apache.commons.math.util.MathUtils_ESTest"
            ],
            "failing_assertions": [],
            "failing_lines": []
        },
        {
            "patch": "/home/mmartinez/xTestCluster/Patches/Patches_Wang902/Patches_others/Doverfitting/CapGen/Math/patch5-Math-63-CapGen-plausible.patch",
            "test": "test_from_WangDRR_patch2-Math-63-CapGen-plausible",
            "failing": 0,
            "testrun": 258,
            "failings": [],
            "status": "ok",
            "test_executed": [
                "org.apache.commons.math.util.MathUtils_ESTest"
            ],
            "failing_assertions": [],
            "failing_lines": []
        }
    ],
    "duration": 54.58
}