{
    "patch": "/Users/matias/develop/git-xTestCluster/Patches/Patches_Wang902/Patches_ICSE/Ddifferent/GenProg/Closure/patch1-Closure-126-GenProg.patch",
    "project": "Closure",
    "bugid": "126",
    "dataset": "Patches_ICSE",
    "date": "2023-02-17T17:00:01.738466",
    "project_checked": "ok",
    "compiledProjectModified": "ok",
    "patchApplied": "ok",
    "arrive_end": "ok",
    "patched_project_pass_all_test": "no",
    "test_execution": [
        {
            "patch": "/Users/matias/develop/git-xTestCluster/Patches/Patches_Wang902/Patches_ICSE/Ddifferent/GenProg/Closure/patch1-Closure-126-GenProg.patch",
            "test": "test_from_WangICSE_patch1-Closure-126-GenProg",
            "failing": 11,
            "testrun": 12,
            "failings": [
                "test00(com.google.javascript.jscomp.MinimizeExitPoints_ESTest)",
                "test01(com.google.javascript.jscomp.MinimizeExitPoints_ESTest)",
                "test03(com.google.javascript.jscomp.MinimizeExitPoints_ESTest)",
                "test04(com.google.javascript.jscomp.MinimizeExitPoints_ESTest)",
                "test05(com.google.javascript.jscomp.MinimizeExitPoints_ESTest)",
                "test06(com.google.javascript.jscomp.MinimizeExitPoints_ESTest)",
                "test07(com.google.javascript.jscomp.MinimizeExitPoints_ESTest)",
                "test08(com.google.javascript.jscomp.MinimizeExitPoints_ESTest)",
                "test09(com.google.javascript.jscomp.MinimizeExitPoints_ESTest)",
                "test10(com.google.javascript.jscomp.MinimizeExitPoints_ESTest)",
                "test11(com.google.javascript.jscomp.MinimizeExitPoints_ESTest)"
            ],
            "status": "ok",
            "test_executed": [
                "com.google.javascript.jscomp.MinimizeExitPoints_ESTest"
            ],
            "failing_assertions": [
                "java.lang.NoClassDefFoundError: Could not initialize class com.google.javascript.jscomp.Compiler",
                "java.lang.NoClassDefFoundError: Could not initialize class com.google.javascript.jscomp.Compiler",
                "java.lang.NoClassDefFoundError: Could not initialize class com.google.javascript.jscomp.Compiler",
                "java.lang.NoClassDefFoundError: Could not initialize class com.google.javascript.jscomp.Compiler",
                "java.lang.NoClassDefFoundError: Could not initialize class com.google.javascript.jscomp.Compiler",
                "java.lang.NoClassDefFoundError: Could not initialize class com.google.javascript.jscomp.Compiler",
                "java.lang.NoClassDefFoundError: Could not initialize class com.google.javascript.jscomp.Compiler",
                "java.lang.NoClassDefFoundError: Could not initialize class com.google.javascript.jscomp.Compiler",
                "java.lang.NoClassDefFoundError: Could not initialize class com.google.javascript.jscomp.Compiler",
                "java.lang.NoClassDefFoundError: Could not initialize class com.google.javascript.jscomp.Compiler",
                "java.lang.NoClassDefFoundError: Could not initialize class com.google.javascript.jscomp.Compiler"
            ],
            "failing_lines": [
                [
                    "com.google.javascript.jscomp.MinimizeExitPoints_ESTest.test00(MinimizeExitPoints_ESTest.java:61)"
                ],
                [
                    "com.google.javascript.jscomp.MinimizeExitPoints_ESTest.test01(MinimizeExitPoints_ESTest.java:89)"
                ],
                [
                    "com.google.javascript.jscomp.MinimizeExitPoints_ESTest.test03(MinimizeExitPoints_ESTest.java:147)"
                ],
                [
                    "com.google.javascript.jscomp.MinimizeExitPoints_ESTest.test04(MinimizeExitPoints_ESTest.java:185)"
                ],
                [
                    "com.google.javascript.jscomp.MinimizeExitPoints_ESTest.test05(MinimizeExitPoints_ESTest.java:203)"
                ],
                [
                    "com.google.javascript.jscomp.MinimizeExitPoints_ESTest.test06(MinimizeExitPoints_ESTest.java:239)"
                ],
                [
                    "com.google.javascript.jscomp.MinimizeExitPoints_ESTest.test07(MinimizeExitPoints_ESTest.java:257)"
                ],
                [
                    "com.google.javascript.jscomp.MinimizeExitPoints_ESTest.test08(MinimizeExitPoints_ESTest.java:279)"
                ],
                [
                    "com.google.javascript.jscomp.MinimizeExitPoints_ESTest.test09(MinimizeExitPoints_ESTest.java:307)"
                ],
                [
                    "com.google.javascript.jscomp.MinimizeExitPoints_ESTest.test10(MinimizeExitPoints_ESTest.java:345)"
                ],
                [
                    "com.google.javascript.jscomp.MinimizeExitPoints_ESTest.test11(MinimizeExitPoints_ESTest.java:383)"
                ]
            ]
        }
    ],
    "duration": 32.09
}