{
    "patch": "/home/mmartinez/xTestCluster/Patches/Patches_Wang902/Patches_ICSE/Dsame/SimFix/Chart/patch1-Chart-7-SimFix.patch",
    "project": "Chart",
    "bugid": "7",
    "dataset": "Patches_ICSE",
    "date": "2023-02-16T23:24:10.617004",
    "project_checked": "ok",
    "compiledProjectModified": "ok",
    "patchApplied": "ok",
    "arrive_end": "ok",
    "patched_project_pass_all_test": "no",
    "test_execution": [
        {
            "patch": "/home/mmartinez/xTestCluster/Patches/Patches_Wang902/Patches_ICSE/Dsame/SimFix/Chart/patch1-Chart-7-SimFix.patch",
            "test": "test_from_WangICSE_patch1-Chart-7-jMutRepair-plausible",
            "failing": 0,
            "testrun": 2821,
            "failings": [],
            "status": "ok",
            "test_executed": [
                "RegressionTest1",
                "RegressionTest3",
                "RegressionTest5",
                "RegressionTest4",
                "RegressionTest2",
                "RegressionTest0"
            ],
            "failing_assertions": [],
            "failing_lines": []
        },
        {
            "patch": "/home/mmartinez/xTestCluster/Patches/Patches_Wang902/Patches_ICSE/Dsame/SimFix/Chart/patch1-Chart-7-SimFix.patch",
            "test": "test_from_WangICSE_patch1-Chart-7-kPAR-plausible",
            "failing": 0,
            "testrun": 2790,
            "failings": [],
            "status": "ok",
            "test_executed": [
                "RegressionTest1",
                "RegressionTest3",
                "RegressionTest5",
                "RegressionTest4",
                "RegressionTest2",
                "RegressionTest0"
            ],
            "failing_assertions": [],
            "failing_lines": []
        },
        {
            "patch": "/home/mmartinez/xTestCluster/Patches/Patches_Wang902/Patches_ICSE/Dsame/SimFix/Chart/patch1-Chart-7-SimFix.patch",
            "test": "test_from_WangICSE_patch1-Chart-7-SimFix",
            "failing": 0,
            "testrun": 2805,
            "failings": [],
            "status": "ok",
            "test_executed": [
                "RegressionTest1",
                "RegressionTest3",
                "RegressionTest5",
                "RegressionTest4",
                "RegressionTest2",
                "RegressionTest0"
            ],
            "failing_assertions": [],
            "failing_lines": []
        },
        {
            "patch": "/home/mmartinez/xTestCluster/Patches/Patches_Wang902/Patches_ICSE/Dsame/SimFix/Chart/patch1-Chart-7-SimFix.patch",
            "test": "test_from_WangICSE_patch1-Chart-7-Arja-plusible",
            "failing": 0,
            "testrun": 2790,
            "failings": [],
            "status": "ok",
            "test_executed": [
                "RegressionTest1",
                "RegressionTest3",
                "RegressionTest5",
                "RegressionTest4",
                "RegressionTest2",
                "RegressionTest0"
            ],
            "failing_assertions": [],
            "failing_lines": []
        },
        {
            "patch": "/home/mmartinez/xTestCluster/Patches/Patches_Wang902/Patches_ICSE/Dsame/SimFix/Chart/patch1-Chart-7-SimFix.patch",
            "test": "test_from_WangICSE_patch1-Chart-7-jGenProg-plausible",
            "failing": 0,
            "testrun": 2807,
            "failings": [],
            "status": "ok",
            "test_executed": [
                "RegressionTest1",
                "RegressionTest3",
                "RegressionTest5",
                "RegressionTest4",
                "RegressionTest2",
                "RegressionTest0"
            ],
            "failing_assertions": [],
            "failing_lines": []
        },
        {
            "patch": "/home/mmartinez/xTestCluster/Patches/Patches_Wang902/Patches_ICSE/Dsame/SimFix/Chart/patch1-Chart-7-SimFix.patch",
            "test": "test_from_WangICSE_patch1-Chart-7-AVATAR-plausible",
            "failing": 0,
            "testrun": 2786,
            "failings": [],
            "status": "ok",
            "test_executed": [
                "RegressionTest1",
                "RegressionTest3",
                "RegressionTest5",
                "RegressionTest4",
                "RegressionTest2",
                "RegressionTest0"
            ],
            "failing_assertions": [],
            "failing_lines": []
        },
        {
            "patch": "/home/mmartinez/xTestCluster/Patches/Patches_Wang902/Patches_ICSE/Dsame/SimFix/Chart/patch1-Chart-7-SimFix.patch",
            "test": "test_from_WangICSE_patch1-Chart-7-FixMiner-plausible",
            "failing": 0,
            "testrun": 2804,
            "failings": [],
            "status": "ok",
            "test_executed": [
                "RegressionTest1",
                "RegressionTest3",
                "RegressionTest5",
                "RegressionTest4",
                "RegressionTest2",
                "RegressionTest0"
            ],
            "failing_assertions": [],
            "failing_lines": []
        },
        {
            "patch": "/home/mmartinez/xTestCluster/Patches/Patches_Wang902/Patches_ICSE/Dsame/SimFix/Chart/patch1-Chart-7-SimFix.patch",
            "test": "test_from_WangICSE_patch1-Chart-7-TBar-plausible",
            "failing": 0,
            "testrun": 2791,
            "failings": [],
            "status": "ok",
            "test_executed": [
                "RegressionTest1",
                "RegressionTest3",
                "RegressionTest5",
                "RegressionTest4",
                "RegressionTest2",
                "RegressionTest0"
            ],
            "failing_assertions": [],
            "failing_lines": []
        }
    ],
    "duration": 53.34
}