{
    "patch": "/home/mmartinez/xTestCluster/Patches/Patches_Wang902/Patches_ICSE/Ddifferent/GenProg/Closure/patch1-Closure-115-GenProg.patch",
    "project": "Closure",
    "bugid": "115",
    "dataset": "Patches_ICSE",
    "date": "2023-02-04T20:28:05.017951",
    "project_checked": "ok",
    "compiledProjectModified": "ok",
    "patchApplied": "ok",
    "arrive_end": "ok",
    "patched_project_pass_all_test": "no",
    "test_execution": [
        {
            "patch": "/home/mmartinez/xTestCluster/Patches/Patches_Wang902/Patches_ICSE/Ddifferent/GenProg/Closure/patch1-Closure-115-GenProg.patch",
            "test": "test_from_WangICSE_patch1-Closure-115-Arja",
            "failing": 0,
            "testrun": 19,
            "failings": [
                "Error",
                "Error"
            ],
            "status": "ok",
            "test_executed": [
                "com.google.javascript.jscomp.FunctionInjector_ESTest"
            ],
            "failing_assertions": [
                "20:28:27.834 [main] INFO org.evosuite.runtime.instrumentation.EvoClassLoader - Seeing class for first time: com.google.javascript.rhino.head.VMBridge_custom",
                "20:28:27.856 [main] INFO org.evosuite.runtime.instrumentation.EvoClassLoader - Seeing class for first time: com.google.javascript.rhino.head.VMBridge_custom"
            ],
            "failing_lines": []
        },
        {
            "patch": "/home/mmartinez/xTestCluster/Patches/Patches_Wang902/Patches_ICSE/Ddifferent/GenProg/Closure/patch1-Closure-115-GenProg.patch",
            "test": "test_from_WangICSE_patch1-Closure-115-kPAR-plausible",
            "failing": 0,
            "testrun": 12,
            "failings": [],
            "status": "ok",
            "test_executed": [
                "com.google.javascript.jscomp.FunctionInjector_ESTest"
            ],
            "failing_assertions": [],
            "failing_lines": []
        },
        {
            "patch": "/home/mmartinez/xTestCluster/Patches/Patches_Wang902/Patches_ICSE/Ddifferent/GenProg/Closure/patch1-Closure-115-GenProg.patch",
            "test": "test_from_WangICSE_patch1-Closure-115-GenProg",
            "failing": 0,
            "testrun": 19,
            "failings": [],
            "status": "ok",
            "test_executed": [
                "com.google.javascript.jscomp.FunctionInjector_ESTest"
            ],
            "failing_assertions": [],
            "failing_lines": []
        },
        {
            "patch": "/home/mmartinez/xTestCluster/Patches/Patches_Wang902/Patches_ICSE/Ddifferent/GenProg/Closure/patch1-Closure-115-GenProg.patch",
            "test": "test_from_WangICSE_patch1-Closure-115-AVATAR",
            "failing": 0,
            "testrun": 20,
            "failings": [],
            "status": "ok",
            "test_executed": [
                "com.google.javascript.jscomp.FunctionInjector_ESTest"
            ],
            "failing_assertions": [],
            "failing_lines": []
        },
        {
            "patch": "/home/mmartinez/xTestCluster/Patches/Patches_Wang902/Patches_ICSE/Ddifferent/GenProg/Closure/patch1-Closure-115-GenProg.patch",
            "test": "test_from_WangICSE_patch1-Closure-115-RSRepair",
            "failing": 0,
            "testrun": 19,
            "failings": [],
            "status": "ok",
            "test_executed": [
                "com.google.javascript.jscomp.FunctionInjector_ESTest"
            ],
            "failing_assertions": [],
            "failing_lines": []
        },
        {
            "patch": "/home/mmartinez/xTestCluster/Patches/Patches_Wang902/Patches_ICSE/Ddifferent/GenProg/Closure/patch1-Closure-115-GenProg.patch",
            "test": "test_from_WangICSE_patch1-Closure-115-TBar-plausible",
            "failing": 0,
            "testrun": 22,
            "failings": [],
            "status": "ok",
            "test_executed": [
                "com.google.javascript.jscomp.FunctionInjector_ESTest"
            ],
            "failing_assertions": [],
            "failing_lines": []
        },
        {
            "patch": "/home/mmartinez/xTestCluster/Patches/Patches_Wang902/Patches_ICSE/Ddifferent/GenProg/Closure/patch1-Closure-115-GenProg.patch",
            "test": "test_from_WangICSE_patch1-Closure-115-SimFix",
            "failing": 0,
            "testrun": 20,
            "failings": [],
            "status": "ok",
            "test_executed": [
                "com.google.javascript.jscomp.FunctionInjector_ESTest"
            ],
            "failing_assertions": [],
            "failing_lines": []
        },
        {
            "patch": "/home/mmartinez/xTestCluster/Patches/Patches_Wang902/Patches_ICSE/Ddifferent/GenProg/Closure/patch1-Closure-115-GenProg.patch",
            "test": "test_from_WangICSE_patch1-Closure-115-Kali",
            "failing": 0,
            "testrun": 19,
            "failings": [],
            "status": "ok",
            "test_executed": [
                "com.google.javascript.jscomp.FunctionInjector_ESTest"
            ],
            "failing_assertions": [],
            "failing_lines": []
        }
    ],
    "duration": 46.41
}