{
    "patch": "/home/mmartinez/xTestCluster/Patches/Patches_Wang902/Patches_ICSE/Doverfitting/Kali/Chart/patch1-Chart-26-Kali-plausible.patch",
    "project": "Chart",
    "bugid": "26",
    "dataset": "Patches_ICSE",
    "date": "2022-12-21T23:54:26.964768",
    "project_checked": "ok",
    "compiledProjectModified": "ok",
    "patchApplied": "ok",
    "arrive_end": "ok",
    "patched_project_pass_all_test": "no",
    "test_execution": [
        {
            "patch": "/home/mmartinez/xTestCluster/Patches/Patches_Wang902/Patches_ICSE/Doverfitting/Kali/Chart/patch1-Chart-26-Kali-plausible.patch",
            "test": "test_from_WangICSE_patch1-Chart-26-TBar-plausible",
            "failing": 0,
            "testrun": 221,
            "failings": [],
            "status": "ok",
            "test_executed": [
                "org.jfree.chart.plot.CategoryPlot_ESTest"
            ],
            "failing_assertions": [],
            "failing_lines": []
        },
        {
            "patch": "/home/mmartinez/xTestCluster/Patches/Patches_Wang902/Patches_ICSE/Doverfitting/Kali/Chart/patch1-Chart-26-Kali-plausible.patch",
            "test": "test_from_WangDRR_patch1-Chart-26-Jaid-plausible",
            "failing": 0,
            "testrun": 103,
            "failings": [],
            "status": "ok",
            "test_executed": [
                "org.jfree.chart.axis.Axis_ESTest"
            ],
            "failing_assertions": [],
            "failing_lines": []
        },
        {
            "patch": "/home/mmartinez/xTestCluster/Patches/Patches_Wang902/Patches_ICSE/Doverfitting/Kali/Chart/patch1-Chart-26-Kali-plausible.patch",
            "test": "test_from_WangDRR_patch2-Chart-26-Jaid-plausible",
            "failing": 0,
            "testrun": 87,
            "failings": [],
            "status": "ok",
            "test_executed": [
                "org.jfree.chart.axis.Axis_ESTest"
            ],
            "failing_assertions": [],
            "failing_lines": []
        },
        {
            "patch": "/home/mmartinez/xTestCluster/Patches/Patches_Wang902/Patches_ICSE/Doverfitting/Kali/Chart/patch1-Chart-26-Kali-plausible.patch",
            "test": "test_from_WangICSE_patch1-Chart-26-AVATAR-plausible",
            "failing": 0,
            "testrun": 219,
            "failings": [],
            "status": "ok",
            "test_executed": [
                "org.jfree.chart.plot.CategoryPlot_ESTest"
            ],
            "failing_assertions": [],
            "failing_lines": []
        },
        {
            "patch": "/home/mmartinez/xTestCluster/Patches/Patches_Wang902/Patches_ICSE/Doverfitting/Kali/Chart/patch1-Chart-26-Kali-plausible.patch",
            "test": "test_from_WangICSE_patch1-Chart-26-Kali-plausible",
            "failing": 0,
            "testrun": 223,
            "failings": [],
            "status": "ok",
            "test_executed": [
                "org.jfree.chart.plot.CategoryPlot_ESTest"
            ],
            "failing_assertions": [],
            "failing_lines": []
        },
        {
            "patch": "/home/mmartinez/xTestCluster/Patches/Patches_Wang902/Patches_ICSE/Doverfitting/Kali/Chart/patch1-Chart-26-Kali-plausible.patch",
            "test": "test_from_WangDRR_patch1-Chart-26-Jaid",
            "failing": 3,
            "testrun": 98,
            "failings": [
                "test04(org.jfree.chart.axis.Axis_ESTest)",
                "test00(org.jfree.chart.axis.Axis_ESTest)",
                "test37(org.jfree.chart.axis.Axis_ESTest)"
            ],
            "status": "ok",
            "test_executed": [
                "org.jfree.chart.axis.Axis_ESTest"
            ],
            "failing_assertions": [
                "java.lang.NullPointerException",
                "java.lang.NullPointerException",
                "java.lang.NullPointerException"
            ],
            "failing_lines": [
                [
                    "org.jfree.chart.axis.Axis_ESTest.test04(Axis_ESTest.java:144)"
                ],
                [
                    "org.jfree.chart.axis.Axis_ESTest.test00(Axis_ESTest.java:87)"
                ],
                [
                    "org.jfree.chart.axis.Axis_ESTest.test37(Axis_ESTest.java:632)"
                ]
            ]
        },
        {
            "patch": "/home/mmartinez/xTestCluster/Patches/Patches_Wang902/Patches_ICSE/Doverfitting/Kali/Chart/patch1-Chart-26-Kali-plausible.patch",
            "test": "test_from_WangDRR_patch2-Chart-26-Jaid",
            "failing": 0,
            "testrun": 87,
            "failings": [],
            "status": "ok",
            "test_executed": [
                "org.jfree.chart.axis.Axis_ESTest"
            ],
            "failing_assertions": [],
            "failing_lines": []
        },
        {
            "patch": "/home/mmartinez/xTestCluster/Patches/Patches_Wang902/Patches_ICSE/Doverfitting/Kali/Chart/patch1-Chart-26-Kali-plausible.patch",
            "test": "test_from_WangDRR_patch1-Chart-26-SOFix",
            "failing": 2,
            "testrun": 81,
            "failings": [
                "test40(org.jfree.chart.axis.Axis_ESTest)",
                "test26(org.jfree.chart.axis.Axis_ESTest)"
            ],
            "status": "ok",
            "test_executed": [
                "org.jfree.chart.axis.Axis_ESTest"
            ],
            "failing_assertions": [
                "java.lang.AssertionError: expected:<11.43359375> but was:<11.515625>",
                "java.lang.AssertionError: expected:<-1.56640625> but was:<-1.984375>"
            ],
            "failing_lines": [
                [
                    "org.jfree.chart.axis.Axis_ESTest.test40(Axis_ESTest.java:662)"
                ],
                [
                    "org.jfree.chart.axis.Axis_ESTest.test26(Axis_ESTest.java:434)"
                ]
            ]
        },
        {
            "patch": "/home/mmartinez/xTestCluster/Patches/Patches_Wang902/Patches_ICSE/Doverfitting/Kali/Chart/patch1-Chart-26-Kali-plausible.patch",
            "test": "test_from_WangDRR_patch3-Chart-26-Jaid",
            "failing": 0,
            "testrun": 84,
            "failings": [],
            "status": "ok",
            "test_executed": [
                "org.jfree.chart.axis.Axis_ESTest"
            ],
            "failing_assertions": [],
            "failing_lines": []
        },
        {
            "patch": "/home/mmartinez/xTestCluster/Patches/Patches_Wang902/Patches_ICSE/Doverfitting/Kali/Chart/patch1-Chart-26-Kali-plausible.patch",
            "test": "test_from_WangICSE_patch1-Chart-26-jMutRepair-plausible",
            "failing": 0,
            "testrun": 243,
            "failings": [],
            "status": "ok",
            "test_executed": [
                "org.jfree.chart.plot.CategoryPlot_ESTest"
            ],
            "failing_assertions": [],
            "failing_lines": []
        },
        {
            "patch": "/home/mmartinez/xTestCluster/Patches/Patches_Wang902/Patches_ICSE/Doverfitting/Kali/Chart/patch1-Chart-26-Kali-plausible.patch",
            "test": "test_from_WangICSE_patch1-Chart-26-FixMiner-plausible",
            "failing": 0,
            "testrun": 372,
            "failings": [],
            "status": "ok",
            "test_executed": [
                "org.jfree.chart.plot.CategoryPlot_ESTest"
            ],
            "failing_assertions": [],
            "failing_lines": []
        }
    ],
    "duration": 82.37
}