{
    "patch": "/home/mmartinez/xTestCluster/Patches/Patches_Wang902/Patches_ICSE/Dsame/FixMiner/Math/patch1-Math-75-FixMiner.patch",
    "project": "Math",
    "bugid": "75",
    "dataset": "Patches_ICSE",
    "date": "2022-12-16T06:52:47.690115",
    "project_checked": "ok",
    "compiledProjectModified": "ok",
    "patchApplied": "ok",
    "arrive_end": "ok",
    "patched_project_pass_all_test": "no",
    "test_execution": [
        {
            "patch": "/home/mmartinez/xTestCluster/Patches/Patches_Wang902/Patches_ICSE/Dsame/FixMiner/Math/patch1-Math-75-FixMiner.patch",
            "test": "test_from_WangICSE_patch1-Math-75-FixMiner",
            "failing": 0,
            "testrun": 81,
            "failings": [],
            "status": "ok",
            "test_executed": [
                "org.apache.commons.math.stat.Frequency_ESTest"
            ],
            "failing_assertions": [],
            "failing_lines": []
        },
        {
            "patch": "/home/mmartinez/xTestCluster/Patches/Patches_Wang902/Patches_ICSE/Dsame/FixMiner/Math/patch1-Math-75-FixMiner.patch",
            "test": "test_from_WangDRR_patch1-Math-75-SequenceR",
            "failing": 0,
            "testrun": 80,
            "failings": [],
            "status": "ok",
            "test_executed": [
                "org.apache.commons.math.stat.Frequency_ESTest"
            ],
            "failing_assertions": [],
            "failing_lines": []
        },
        {
            "patch": "/home/mmartinez/xTestCluster/Patches/Patches_Wang902/Patches_ICSE/Dsame/FixMiner/Math/patch1-Math-75-FixMiner.patch",
            "test": "test_from_WangDRR_patch1-Math-75-CapGen",
            "failing": 0,
            "testrun": 81,
            "failings": [],
            "status": "ok",
            "test_executed": [
                "org.apache.commons.math.stat.Frequency_ESTest"
            ],
            "failing_assertions": [],
            "failing_lines": []
        }
    ],
    "duration": 23.07
}