{
    "patch": "/home/mmartinez/xTestCluster/Patches/Patches_Wang902/Patches_ICSE/Doverfitting/Nopol/Lang/patch1-Lang-58-Nopol-plausible.patch",
    "project": "Lang",
    "bugid": "58",
    "dataset": "Patches_ICSE",
    "date": "2022-12-16T06:10:48.778410",
    "project_checked": "ok",
    "compiledProjectModified": "ok",
    "patchApplied": "ok",
    "arrive_end": "ok",
    "patched_project_pass_all_test": "no",
    "test_execution": [
        {
            "patch": "/home/mmartinez/xTestCluster/Patches/Patches_Wang902/Patches_ICSE/Doverfitting/Nopol/Lang/patch1-Lang-58-Nopol-plausible.patch",
            "test": "test_from_WangICSE_patch1-Lang-58-Nopol-plausible",
            "failing": 0,
            "testrun": 261,
            "failings": [],
            "status": "ok",
            "test_executed": [
                "org.apache.commons.lang.math.NumberUtils_ESTest"
            ],
            "failing_assertions": [],
            "failing_lines": []
        },
        {
            "patch": "/home/mmartinez/xTestCluster/Patches/Patches_Wang902/Patches_ICSE/Doverfitting/Nopol/Lang/patch1-Lang-58-Nopol-plausible.patch",
            "test": "test_from_WangICSE_patch1-Lang-58-kPAR-plausible",
            "failing": 1,
            "testrun": 261,
            "failings": [
                "test235(org.apache.commons.lang.math.NumberUtils_ESTest)"
            ],
            "status": "ok",
            "test_executed": [
                "org.apache.commons.lang.math.NumberUtils_ESTest"
            ],
            "failing_assertions": [
                "java.lang.AssertionError: Exception was not thrown in java.lang.NumberFormatException but in org.apache.commons.lang.math.NumberUtils.createNumber(NumberUtils.java:465): java.lang.NumberFormatException: h&L is not a valid number."
            ],
            "failing_lines": [
                [
                    "org.apache.commons.lang.math.NumberUtils_ESTest.test235(NumberUtils_ESTest.java:1950)"
                ]
            ]
        },
        {
            "patch": "/home/mmartinez/xTestCluster/Patches/Patches_Wang902/Patches_ICSE/Doverfitting/Nopol/Lang/patch1-Lang-58-Nopol-plausible.patch",
            "test": "test_from_WangICSE_patch1-Lang-58-AVATAR-plausible",
            "failing": 2,
            "testrun": 260,
            "failings": [
                "test229(org.apache.commons.lang.math.NumberUtils_ESTest)",
                "test230(org.apache.commons.lang.math.NumberUtils_ESTest)"
            ],
            "status": "ok",
            "test_executed": [
                "org.apache.commons.lang.math.NumberUtils_ESTest"
            ],
            "failing_assertions": [
                "java.lang.AssertionError: Exception was not thrown in java.lang.NumberFormatException but in org.apache.commons.lang.math.NumberUtils.createNumber(NumberUtils.java:465): java.lang.NumberFormatException: 8R\\'8%QO5/VL is not a valid number.",
                "java.lang.AssertionError: Exception was not thrown in java.math.BigInteger but in org.apache.commons.lang.math.NumberUtils.createNumber(NumberUtils.java:465): java.lang.NumberFormatException: -x^-^bGfd]NV/Y]<OL is not a valid number."
            ],
            "failing_lines": [
                [
                    "org.apache.commons.lang.math.NumberUtils_ESTest.test229(NumberUtils_ESTest.java:1892)"
                ],
                [
                    "org.apache.commons.lang.math.NumberUtils_ESTest.test230(NumberUtils_ESTest.java:1906)"
                ]
            ]
        },
        {
            "patch": "/home/mmartinez/xTestCluster/Patches/Patches_Wang902/Patches_ICSE/Doverfitting/Nopol/Lang/patch1-Lang-58-Nopol-plausible.patch",
            "test": "test_from_WangICSE_patch1-Lang-58-SimFix",
            "failing": 0,
            "testrun": 258,
            "failings": [],
            "status": "ok",
            "test_executed": [
                "org.apache.commons.lang.math.NumberUtils_ESTest"
            ],
            "failing_assertions": [],
            "failing_lines": []
        },
        {
            "patch": "/home/mmartinez/xTestCluster/Patches/Patches_Wang902/Patches_ICSE/Doverfitting/Nopol/Lang/patch1-Lang-58-Nopol-plausible.patch",
            "test": "test_from_WangICSE_patch1-Lang-58-TBar-plausible",
            "failing": 2,
            "testrun": 253,
            "failings": [
                "test227(org.apache.commons.lang.math.NumberUtils_ESTest)",
                "test232(org.apache.commons.lang.math.NumberUtils_ESTest)"
            ],
            "status": "ok",
            "test_executed": [
                "org.apache.commons.lang.math.NumberUtils_ESTest"
            ],
            "failing_assertions": [
                "java.lang.AssertionError: expected:<9> but was:<9.0>",
                "java.lang.AssertionError: Exception was not thrown in java.lang.NumberFormatException but in org.apache.commons.lang.math.NumberUtils.createNumber(NumberUtils.java:465): java.lang.NumberFormatException: The Array must not be null is not a valid number."
            ],
            "failing_lines": [
                [
                    "org.apache.commons.lang.math.NumberUtils_ESTest.test227(NumberUtils_ESTest.java:1894)"
                ],
                [
                    "org.apache.commons.lang.math.NumberUtils_ESTest.test232(NumberUtils_ESTest.java:1955)"
                ]
            ]
        }
    ],
    "duration": 25.22
}