{
    "patch": "/home/mmartinez/xTestCluster/Patches/Patches_Wang902/Patches_ICSE/Doverfitting/RSRepair/Math/patch1-Math-33-RSRepair-plausible.patch",
    "project": "Math",
    "bugid": "33",
    "dataset": "Patches_ICSE",
    "date": "2023-02-04T13:27:46.393820",
    "project_checked": "ok",
    "compiledProjectModified": "ok",
    "patchApplied": "ok",
    "arrive_end": "ok",
    "patched_project_pass_all_test": "no",
    "test_execution": [
        {
            "patch": "/home/mmartinez/xTestCluster/Patches/Patches_Wang902/Patches_ICSE/Doverfitting/RSRepair/Math/patch1-Math-33-RSRepair-plausible.patch",
            "test": "test_from_WangICSE_patch1-Math-33-Nopol-plausible",
            "failing": 0,
            "testrun": 80,
            "failings": [],
            "status": "ok",
            "test_executed": [
                "org.apache.commons.math3.optimization.linear.SimplexTableau_ESTest"
            ],
            "failing_assertions": [],
            "failing_lines": []
        },
        {
            "patch": "/home/mmartinez/xTestCluster/Patches/Patches_Wang902/Patches_ICSE/Doverfitting/RSRepair/Math/patch1-Math-33-RSRepair-plausible.patch",
            "test": "test_from_WangICSE_patch1-Math-33-RSRepair-plausible",
            "failing": 0,
            "testrun": 76,
            "failings": [],
            "status": "ok",
            "test_executed": [
                "org.apache.commons.math3.optimization.linear.SimplexTableau_ESTest"
            ],
            "failing_assertions": [],
            "failing_lines": []
        },
        {
            "patch": "/home/mmartinez/xTestCluster/Patches/Patches_Wang902/Patches_ICSE/Doverfitting/RSRepair/Math/patch1-Math-33-RSRepair-plausible.patch",
            "test": "test_from_WangDRR_patch1-Math-33-CapGen",
            "failing": 0,
            "testrun": 78,
            "failings": [],
            "status": "ok",
            "test_executed": [
                "org.apache.commons.math3.optimization.linear.SimplexTableau_ESTest"
            ],
            "failing_assertions": [],
            "failing_lines": []
        },
        {
            "patch": "/home/mmartinez/xTestCluster/Patches/Patches_Wang902/Patches_ICSE/Doverfitting/RSRepair/Math/patch1-Math-33-RSRepair-plausible.patch",
            "test": "test_from_WangDRR_patch1-Math-33-SOFix",
            "failing": 1,
            "testrun": 78,
            "failings": [
                "test70(org.apache.commons.math3.optimization.linear.SimplexTableau_ESTest)"
            ],
            "status": "ok",
            "test_executed": [
                "org.apache.commons.math3.optimization.linear.SimplexTableau_ESTest"
            ],
            "failing_assertions": [
                "java.lang.AssertionError: Expecting exception: IllegalArgumentException"
            ],
            "failing_lines": [
                [
                    "org.apache.commons.math3.optimization.linear.SimplexTableau_ESTest.test70(SimplexTableau_ESTest.java:1031)"
                ]
            ]
        },
        {
            "patch": "/home/mmartinez/xTestCluster/Patches/Patches_Wang902/Patches_ICSE/Doverfitting/RSRepair/Math/patch1-Math-33-RSRepair-plausible.patch",
            "test": "test_from_WangDRR_patch1-Math-33-SketchFix-plausible",
            "failing": 0,
            "testrun": 9,
            "failings": [],
            "status": "ok",
            "test_executed": [
                "org.apache.commons.math3.optimization.linear.SimplexSolver_ESTest"
            ],
            "failing_assertions": [],
            "failing_lines": []
        },
        {
            "patch": "/home/mmartinez/xTestCluster/Patches/Patches_Wang902/Patches_ICSE/Doverfitting/RSRepair/Math/patch1-Math-33-RSRepair-plausible.patch",
            "test": "test_from_WangDRR_patch1-Math-33-SketchFix",
            "failing": 1,
            "testrun": 78,
            "failings": [
                "test70(org.apache.commons.math3.optimization.linear.SimplexTableau_ESTest)"
            ],
            "status": "ok",
            "test_executed": [
                "org.apache.commons.math3.optimization.linear.SimplexTableau_ESTest"
            ],
            "failing_assertions": [
                "java.lang.AssertionError: Expecting exception: IllegalArgumentException"
            ],
            "failing_lines": [
                [
                    "org.apache.commons.math3.optimization.linear.SimplexTableau_ESTest.test70(SimplexTableau_ESTest.java:1032)"
                ]
            ]
        }
    ],
    "duration": 25.43
}