{
    "patch": "/home/mmartinez/xTestCluster/Patches/Patches_Wang902/Patches_others/Dcorrect/CapGen/Math/patch1-Math-33-CapGen.patch",
    "project": "Math",
    "bugid": "33",
    "dataset": "Patches_others",
    "date": "2022-12-16T05:59:33.403529",
    "project_checked": "ok",
    "compiledProjectModified": "ok",
    "patchApplied": "ok",
    "arrive_end": "ok",
    "patched_project_pass_all_test": "no",
    "test_execution": [
        {
            "patch": "/home/mmartinez/xTestCluster/Patches/Patches_Wang902/Patches_others/Dcorrect/CapGen/Math/patch1-Math-33-CapGen.patch",
            "test": "test_from_WangICSE_patch1-Math-33-Nopol-plausible",
            "failing": 1,
            "testrun": 83,
            "failings": [
                "test34(org.apache.commons.math3.optimization.linear.SimplexTableau_ESTest)"
            ],
            "status": "ok",
            "test_executed": [
                "org.apache.commons.math3.optimization.linear.SimplexTableau_ESTest"
            ],
            "failing_assertions": [
                "java.lang.NullPointerException"
            ],
            "failing_lines": [
                [
                    "org.apache.commons.math3.optimization.linear.SimplexTableau_ESTest.test34(SimplexTableau_ESTest.java:458)"
                ]
            ]
        },
        {
            "patch": "/home/mmartinez/xTestCluster/Patches/Patches_Wang902/Patches_others/Dcorrect/CapGen/Math/patch1-Math-33-CapGen.patch",
            "test": "test_from_WangICSE_patch1-Math-33-RSRepair-plausible",
            "failing": 0,
            "testrun": 62,
            "failings": [],
            "status": "ok",
            "test_executed": [
                "org.apache.commons.math3.optimization.linear.SimplexTableau_ESTest"
            ],
            "failing_assertions": [],
            "failing_lines": []
        },
        {
            "patch": "/home/mmartinez/xTestCluster/Patches/Patches_Wang902/Patches_others/Dcorrect/CapGen/Math/patch1-Math-33-CapGen.patch",
            "test": "test_from_WangDRR_patch1-Math-33-CapGen",
            "failing": 0,
            "testrun": 79,
            "failings": [],
            "status": "ok",
            "test_executed": [
                "org.apache.commons.math3.optimization.linear.SimplexTableau_ESTest"
            ],
            "failing_assertions": [],
            "failing_lines": []
        },
        {
            "patch": "/home/mmartinez/xTestCluster/Patches/Patches_Wang902/Patches_others/Dcorrect/CapGen/Math/patch1-Math-33-CapGen.patch",
            "test": "test_from_WangDRR_patch1-Math-33-SketchFix-plausible",
            "failing": 0,
            "testrun": 8,
            "failings": [],
            "status": "ok",
            "test_executed": [
                "org.apache.commons.math3.optimization.linear.SimplexSolver_ESTest"
            ],
            "failing_assertions": [],
            "failing_lines": []
        }
    ],
    "duration": 27.48
}