{
    "patch": "/home/mmartinez/xTestCluster/Patches/Patches_Wang902/Patches_others/Doverfitting/SketchFix/Math/patch2-Math-70-SketchFix-plausible.patch",
    "project": "Math",
    "bugid": "70",
    "dataset": "Patches_others",
    "date": "2022-12-16T06:51:55.477201",
    "project_checked": "ok",
    "compiledProjectModified": "ok",
    "patchApplied": "ok",
    "arrive_end": "ok",
    "patched_project_pass_all_test": "no",
    "test_execution": [
        {
            "patch": "/home/mmartinez/xTestCluster/Patches/Patches_Wang902/Patches_others/Doverfitting/SketchFix/Math/patch2-Math-70-SketchFix-plausible.patch",
            "test": "test_from_WangDRR_patch1-Math-70-SketchFix-plausible",
            "failing": 5,
            "testrun": 27,
            "failings": [
                "test05(org.apache.commons.math.analysis.solvers.BisectionSolver_ESTest)",
                "test02(org.apache.commons.math.analysis.solvers.BisectionSolver_ESTest)",
                "test01(org.apache.commons.math.analysis.solvers.BisectionSolver_ESTest)",
                "test23(org.apache.commons.math.analysis.solvers.BisectionSolver_ESTest)",
                "test00(org.apache.commons.math.analysis.solvers.BisectionSolver_ESTest)"
            ],
            "status": "ok",
            "test_executed": [
                "org.apache.commons.math.analysis.solvers.BisectionSolver_ESTest"
            ],
            "failing_assertions": [
                "java.lang.AssertionError: expected:<-365.93739959852553> but was:<3082.7024055985257>",
                "java.lang.AssertionError: expected:<-570.268558421079> but was:<-2.6555199114914563E-7>",
                "java.lang.AssertionError: expected:<4.768371682031202E-7> but was:<0.9999995231628418>",
                "java.lang.AssertionError: expected:<-0.999999046325911> but was:<-4.7683692082945434E-7>",
                "06:52:14.364 [main] INFO org.evosuite.runtime.instrumentation.EvoClassLoader - Seeing class for first time: org.apache.commons.math.MessagesResources"
            ],
            "failing_lines": [
                [
                    "org.apache.commons.math.analysis.solvers.BisectionSolver_ESTest.test05(BisectionSolver_ESTest.java:85)"
                ],
                [
                    "org.apache.commons.math.analysis.solvers.BisectionSolver_ESTest.test02(BisectionSolver_ESTest.java:51)"
                ],
                [
                    "org.apache.commons.math.analysis.solvers.BisectionSolver_ESTest.test01(BisectionSolver_ESTest.java:41)"
                ],
                [
                    "org.apache.commons.math.analysis.solvers.BisectionSolver_ESTest.test23(BisectionSolver_ESTest.java:380)"
                ],
                [
                    "org.apache.commons.math.analysis.solvers.BisectionSolver_ESTest.test00(BisectionSolver_ESTest.java:29)"
                ]
            ]
        },
        {
            "patch": "/home/mmartinez/xTestCluster/Patches/Patches_Wang902/Patches_others/Doverfitting/SketchFix/Math/patch2-Math-70-SketchFix-plausible.patch",
            "test": "test_from_WangICSE_patch1-Math-70-Cardumen",
            "failing": 3,
            "testrun": 26,
            "failings": [
                "test01(org.apache.commons.math.analysis.solvers.BisectionSolver_ESTest)",
                "test21(org.apache.commons.math.analysis.solvers.BisectionSolver_ESTest)",
                "test06(org.apache.commons.math.analysis.solvers.BisectionSolver_ESTest)"
            ],
            "status": "ok",
            "test_executed": [
                "org.apache.commons.math.analysis.solvers.BisectionSolver_ESTest"
            ],
            "failing_assertions": [
                "java.lang.AssertionError: expected:<-570.268558421079> but was:<-2.6555199114914563E-7>",
                "java.lang.AssertionError: Expecting exception: Exception",
                "java.lang.AssertionError: expected:<-0.999999517486315> but was:<1035.1902478915063>"
            ],
            "failing_lines": [
                [
                    "org.apache.commons.math.analysis.solvers.BisectionSolver_ESTest.test01(BisectionSolver_ESTest.java:42)"
                ],
                [
                    "org.apache.commons.math.analysis.solvers.BisectionSolver_ESTest.test21(BisectionSolver_ESTest.java:337)"
                ],
                [
                    "org.apache.commons.math.analysis.solvers.BisectionSolver_ESTest.test06(BisectionSolver_ESTest.java:105)"
                ]
            ]
        },
        {
            "patch": "/home/mmartinez/xTestCluster/Patches/Patches_Wang902/Patches_others/Doverfitting/SketchFix/Math/patch2-Math-70-SketchFix-plausible.patch",
            "test": "test_from_WangDRR_patch1-Math-70-CapGen",
            "failing": 2,
            "testrun": 27,
            "failings": [
                "test01(org.apache.commons.math.analysis.solvers.BisectionSolver_ESTest)",
                "test06(org.apache.commons.math.analysis.solvers.BisectionSolver_ESTest)"
            ],
            "status": "ok",
            "test_executed": [
                "org.apache.commons.math.analysis.solvers.BisectionSolver_ESTest"
            ],
            "failing_assertions": [
                "java.lang.AssertionError: expected:<-570.268558421079> but was:<-2.6555199114914563E-7>",
                "java.lang.AssertionError: expected:<-0.999999517486315> but was:<1035.1902478915063>"
            ],
            "failing_lines": [
                [
                    "org.apache.commons.math.analysis.solvers.BisectionSolver_ESTest.test01(BisectionSolver_ESTest.java:43)"
                ],
                [
                    "org.apache.commons.math.analysis.solvers.BisectionSolver_ESTest.test06(BisectionSolver_ESTest.java:105)"
                ]
            ]
        },
        {
            "patch": "/home/mmartinez/xTestCluster/Patches/Patches_Wang902/Patches_others/Doverfitting/SketchFix/Math/patch2-Math-70-SketchFix-plausible.patch",
            "test": "test_from_WangDRR_patch2-Math-70-SketchFix-plausible",
            "failing": 0,
            "testrun": 27,
            "failings": [],
            "status": "ok",
            "test_executed": [
                "org.apache.commons.math.analysis.solvers.BisectionSolver_ESTest"
            ],
            "failing_assertions": [],
            "failing_lines": []
        },
        {
            "patch": "/home/mmartinez/xTestCluster/Patches/Patches_Wang902/Patches_others/Doverfitting/SketchFix/Math/patch2-Math-70-SketchFix-plausible.patch",
            "test": "test_from_WangDRR_patch1-Math-70-SketchFix",
            "failing": 2,
            "testrun": 26,
            "failings": [
                "test01(org.apache.commons.math.analysis.solvers.BisectionSolver_ESTest)",
                "test06(org.apache.commons.math.analysis.solvers.BisectionSolver_ESTest)"
            ],
            "status": "ok",
            "test_executed": [
                "org.apache.commons.math.analysis.solvers.BisectionSolver_ESTest"
            ],
            "failing_assertions": [
                "java.lang.AssertionError: expected:<-570.268558421079> but was:<-2.6555199114914563E-7>",
                "java.lang.AssertionError: expected:<-0.999999517486315> but was:<1035.1902478915063>"
            ],
            "failing_lines": [
                [
                    "org.apache.commons.math.analysis.solvers.BisectionSolver_ESTest.test01(BisectionSolver_ESTest.java:42)"
                ],
                [
                    "org.apache.commons.math.analysis.solvers.BisectionSolver_ESTest.test06(BisectionSolver_ESTest.java:104)"
                ]
            ]
        }
    ],
    "duration": 26.04
}