{
    "patch": "/home/mmartinez/xTestCluster/Patches/Patches_Wang902/Patches_ICSE/Doverfitting/RSRepair/Lang/patch1-Lang-13-RSRepair-plausible.patch",
    "project": "Lang",
    "bugid": "13",
    "dataset": "Patches_ICSE",
    "date": "2022-12-16T06:39:06.764348",
    "project_checked": "ok",
    "compiledProjectModified": "ok",
    "patchApplied": "ok",
    "arrive_end": "ok",
    "patched_project_pass_all_test": "no",
    "test_execution": [
        {
            "patch": "/home/mmartinez/xTestCluster/Patches/Patches_Wang902/Patches_ICSE/Doverfitting/RSRepair/Lang/patch1-Lang-13-RSRepair-plausible.patch",
            "test": "test_from_WangICSE_patch1-Lang-13-AVATAR-plausible",
            "failing": 0,
            "testrun": 17,
            "failings": [],
            "status": "ok",
            "test_executed": [
                "org.apache.commons.lang3.SerializationUtils_ESTest"
            ],
            "failing_assertions": [],
            "failing_lines": []
        },
        {
            "patch": "/home/mmartinez/xTestCluster/Patches/Patches_Wang902/Patches_ICSE/Doverfitting/RSRepair/Lang/patch1-Lang-13-RSRepair-plausible.patch",
            "test": "test_from_WangICSE_patch1-Lang-13-RSRepair-plausible",
            "failing": 0,
            "testrun": 15,
            "failings": [],
            "status": "ok",
            "test_executed": [
                "org.apache.commons.lang3.SerializationUtils_ESTest"
            ],
            "failing_assertions": [],
            "failing_lines": []
        }
    ],
    "duration": 18.3
}