{
    "patch": "/Users/matias/develop/git-xTestCluster/Patches/Patches_Wang902/Patches_ICSE/Doverfitting/RSRepair/Chart/patch1-Chart-25-RSRepair-plausible.patch",
    "project": "Chart",
    "bugid": "25",
    "dataset": "Patches_ICSE",
    "date": "2023-02-17T17:19:29.331375",
    "project_checked": "ok",
    "compiledProjectModified": "ok",
    "patchApplied": "ok",
    "arrive_end": "ok",
    "patched_project_pass_all_test": "no",
    "test_execution": [
        {
            "patch": "/Users/matias/develop/git-xTestCluster/Patches/Patches_Wang902/Patches_ICSE/Doverfitting/RSRepair/Chart/patch1-Chart-25-RSRepair-plausible.patch",
            "test": "test_from_WangICSE_patch1-Chart-25-RSRepair-plausible",
            "failing": 1,
            "testrun": 79,
            "failings": [
                "test44(org.jfree.data.statistics.DefaultStatisticalCategoryDataset_ESTest)"
            ],
            "status": "ok",
            "test_executed": [
                "org.jfree.chart.renderer.category.StatisticalBarRenderer_ESTest",
                "org.jfree.data.statistics.DefaultStatisticalCategoryDataset_ESTest"
            ],
            "failing_assertions": [
                "java.lang.AssertionError: expected:<1392409281320> but was:<1704063599999>"
            ],
            "failing_lines": [
                [
                    "org.jfree.data.statistics.DefaultStatisticalCategoryDataset_ESTest.test44(DefaultStatisticalCategoryDataset_ESTest.java:1037)"
                ]
            ]
        }
    ],
    "duration": 29.4
}