{
    "patch": "/home/mmartinez/xTestCluster/Patches/Patches_Wang902/Patches_ICSE/Doverfitting/RSRepair/Closure/patch1-Closure-61-RSRepair-plausible.patch",
    "project": "Closure",
    "bugid": "61",
    "dataset": "Patches_ICSE",
    "date": "2022-12-16T05:01:17.425059",
    "project_checked": "ok",
    "compiledProjectModified": "ok",
    "patchApplied": "ok",
    "arrive_end": "ok",
    "patched_project_pass_all_test": "no",
    "test_execution": [
        {
            "patch": "/home/mmartinez/xTestCluster/Patches/Patches_Wang902/Patches_ICSE/Doverfitting/RSRepair/Closure/patch1-Closure-61-RSRepair-plausible.patch",
            "test": "test_from_WangICSE_patch1-Closure-61-RSRepair-plausible",
            "failing": 0,
            "testrun": 355,
            "failings": [],
            "status": "ok",
            "test_executed": [
                "com.google.javascript.rhino.Node_ESTest"
            ],
            "failing_assertions": [],
            "failing_lines": []
        },
        {
            "patch": "/home/mmartinez/xTestCluster/Patches/Patches_Wang902/Patches_ICSE/Doverfitting/RSRepair/Closure/patch1-Closure-61-RSRepair-plausible.patch",
            "test": "test_from_WangICSE_patch1-Closure-61-Kali-plausible",
            "failing": 0,
            "testrun": 296,
            "failings": [],
            "status": "ok",
            "test_executed": [
                "com.google.javascript.rhino.Node_ESTest"
            ],
            "failing_assertions": [],
            "failing_lines": []
        }
    ],
    "duration": 41.93
}