{
    "patch": "/home/mmartinez/xTestCluster/Patches/Patches_Wang902/Patches_ICSE/Doverfitting/AVATAR/Math/patch1-Math-50-AVATAR-plausible.patch",
    "project": "Math",
    "bugid": "50",
    "dataset": "Patches_ICSE",
    "date": "2022-12-15T22:23:16.168270",
    "project_checked": "ok",
    "compiledProjectModified": "ok",
    "patchApplied": "ok",
    "arrive_end": "ok",
    "patched_project_pass_all_test": "no",
    "test_execution": [
        {
            "patch": "/home/mmartinez/xTestCluster/Patches/Patches_Wang902/Patches_ICSE/Doverfitting/AVATAR/Math/patch1-Math-50-AVATAR-plausible.patch",
            "test": "test_from_WangICSE_patch1-Math-50-FixMiner-plausible",
            "failing": 2,
            "testrun": 38,
            "failings": [
                "test30(org.apache.commons.math.analysis.solvers.BaseSecantSolver_ESTest)",
                "test12(org.apache.commons.math.analysis.solvers.BaseSecantSolver_ESTest)"
            ],
            "status": "ok",
            "test_executed": [
                "org.apache.commons.math.analysis.solvers.BaseSecantSolver_ESTest"
            ],
            "failing_assertions": [
                "java.lang.AssertionError: expected:<2.1469829705678813E9> but was:<2.0032130658732607E9>",
                "java.lang.AssertionError: Expecting exception: IllegalStateException"
            ],
            "failing_lines": [
                [
                    "org.apache.commons.math.analysis.solvers.BaseSecantSolver_ESTest.test30(BaseSecantSolver_ESTest.java:754)"
                ],
                [
                    "org.apache.commons.math.analysis.solvers.BaseSecantSolver_ESTest.test12(BaseSecantSolver_ESTest.java:385)"
                ]
            ]
        },
        {
            "patch": "/home/mmartinez/xTestCluster/Patches/Patches_Wang902/Patches_ICSE/Doverfitting/AVATAR/Math/patch1-Math-50-AVATAR-plausible.patch",
            "test": "test_from_WangDRR_patch1-Math-50-SketchFix",
            "failing": 0,
            "testrun": 36,
            "failings": [],
            "status": "ok",
            "test_executed": [
                "org.apache.commons.math.analysis.solvers.BaseSecantSolver_ESTest"
            ],
            "failing_assertions": [],
            "failing_lines": []
        },
        {
            "patch": "/home/mmartinez/xTestCluster/Patches/Patches_Wang902/Patches_ICSE/Doverfitting/AVATAR/Math/patch1-Math-50-AVATAR-plausible.patch",
            "test": "test_from_WangICSE_patch1-Math-50-jGenProg-plausible",
            "failing": 0,
            "testrun": 36,
            "failings": [],
            "status": "ok",
            "test_executed": [
                "org.apache.commons.math.analysis.solvers.BaseSecantSolver_ESTest"
            ],
            "failing_assertions": [],
            "failing_lines": []
        },
        {
            "patch": "/home/mmartinez/xTestCluster/Patches/Patches_Wang902/Patches_ICSE/Doverfitting/AVATAR/Math/patch1-Math-50-AVATAR-plausible.patch",
            "test": "test_from_WangICSE_patch1-Math-50-TBar-plausible",
            "failing": 0,
            "testrun": 36,
            "failings": [],
            "status": "ok",
            "test_executed": [
                "org.apache.commons.math.analysis.solvers.BaseSecantSolver_ESTest"
            ],
            "failing_assertions": [],
            "failing_lines": []
        },
        {
            "patch": "/home/mmartinez/xTestCluster/Patches/Patches_Wang902/Patches_ICSE/Doverfitting/AVATAR/Math/patch1-Math-50-AVATAR-plausible.patch",
            "test": "test_from_WangICSE_patch1-Math-50-jKali",
            "failing": 0,
            "testrun": 37,
            "failings": [],
            "status": "ok",
            "test_executed": [
                "org.apache.commons.math.analysis.solvers.BaseSecantSolver_ESTest"
            ],
            "failing_assertions": [],
            "failing_lines": []
        },
        {
            "patch": "/home/mmartinez/xTestCluster/Patches/Patches_Wang902/Patches_ICSE/Doverfitting/AVATAR/Math/patch1-Math-50-AVATAR-plausible.patch",
            "test": "test_from_WangICSE_patch1-Math-50-jMutRepair-plausible",
            "failing": 1,
            "testrun": 35,
            "failings": [
                "test29(org.apache.commons.math.analysis.solvers.BaseSecantSolver_ESTest)"
            ],
            "status": "ok",
            "test_executed": [
                "org.apache.commons.math.analysis.solvers.BaseSecantSolver_ESTest"
            ],
            "failing_assertions": [
                "java.lang.AssertionError: Expecting exception: IllegalStateException"
            ],
            "failing_lines": [
                [
                    "org.apache.commons.math.analysis.solvers.BaseSecantSolver_ESTest.test29(BaseSecantSolver_ESTest.java:411)"
                ]
            ]
        },
        {
            "patch": "/home/mmartinez/xTestCluster/Patches/Patches_Wang902/Patches_ICSE/Doverfitting/AVATAR/Math/patch1-Math-50-AVATAR-plausible.patch",
            "test": "test_from_WangDRR_patch1-Math-50-Jaid",
            "failing": 0,
            "testrun": 36,
            "failings": [],
            "status": "ok",
            "test_executed": [
                "org.apache.commons.math.analysis.solvers.BaseSecantSolver_ESTest"
            ],
            "failing_assertions": [],
            "failing_lines": []
        },
        {
            "patch": "/home/mmartinez/xTestCluster/Patches/Patches_Wang902/Patches_ICSE/Doverfitting/AVATAR/Math/patch1-Math-50-AVATAR-plausible.patch",
            "test": "test_from_WangDRR_patch3-Math-50-Jaid-plausible",
            "failing": 2,
            "testrun": 36,
            "failings": [
                "test30(org.apache.commons.math.analysis.solvers.BaseSecantSolver_ESTest)",
                "test35(org.apache.commons.math.analysis.solvers.BaseSecantSolver_ESTest)"
            ],
            "status": "ok",
            "test_executed": [
                "org.apache.commons.math.analysis.solvers.BaseSecantSolver_ESTest"
            ],
            "failing_assertions": [
                "22:23:55.423 [main] INFO org.evosuite.runtime.instrumentation.EvoClassLoader - Seeing class for first time: META-INF/localization/LocalizedFormats",
                "java.lang.AssertionError: Expecting exception: IllegalStateException"
            ],
            "failing_lines": [
                [
                    "org.apache.commons.math.analysis.solvers.BaseSecantSolver_ESTest.test30(BaseSecantSolver_ESTest.java:427)"
                ],
                [
                    "org.apache.commons.math.analysis.solvers.BaseSecantSolver_ESTest.test35(BaseSecantSolver_ESTest.java:478)"
                ]
            ]
        },
        {
            "patch": "/home/mmartinez/xTestCluster/Patches/Patches_Wang902/Patches_ICSE/Doverfitting/AVATAR/Math/patch1-Math-50-AVATAR-plausible.patch",
            "test": "test_from_WangICSE_patch1-Math-50-DynaMoth",
            "failing": 0,
            "testrun": 36,
            "failings": [],
            "status": "ok",
            "test_executed": [
                "org.apache.commons.math.analysis.solvers.BaseSecantSolver_ESTest"
            ],
            "failing_assertions": [],
            "failing_lines": []
        },
        {
            "patch": "/home/mmartinez/xTestCluster/Patches/Patches_Wang902/Patches_ICSE/Doverfitting/AVATAR/Math/patch1-Math-50-AVATAR-plausible.patch",
            "test": "test_from_WangICSE_patch1-Math-50-AVATAR-plausible",
            "failing": 0,
            "testrun": 36,
            "failings": [],
            "status": "ok",
            "test_executed": [
                "org.apache.commons.math.analysis.solvers.BaseSecantSolver_ESTest"
            ],
            "failing_assertions": [],
            "failing_lines": []
        },
        {
            "patch": "/home/mmartinez/xTestCluster/Patches/Patches_Wang902/Patches_ICSE/Doverfitting/AVATAR/Math/patch1-Math-50-AVATAR-plausible.patch",
            "test": "test_from_WangICSE_patch1-Math-50-SimFix-plausible",
            "failing": 2,
            "testrun": 36,
            "failings": [
                "test11(org.apache.commons.math.analysis.solvers.BaseSecantSolver_ESTest)",
                "test07(org.apache.commons.math.analysis.solvers.BaseSecantSolver_ESTest)"
            ],
            "status": "ok",
            "test_executed": [
                "org.apache.commons.math.analysis.solvers.BaseSecantSolver_ESTest"
            ],
            "failing_assertions": [
                "java.lang.AssertionError: Expecting exception: IllegalStateException",
                "java.lang.AssertionError: Expecting exception: IllegalStateException"
            ],
            "failing_lines": [
                [
                    "org.apache.commons.math.analysis.solvers.BaseSecantSolver_ESTest.test11(BaseSecantSolver_ESTest.java:187)"
                ],
                [
                    "org.apache.commons.math.analysis.solvers.BaseSecantSolver_ESTest.test07(BaseSecantSolver_ESTest.java:114)"
                ]
            ]
        },
        {
            "patch": "/home/mmartinez/xTestCluster/Patches/Patches_Wang902/Patches_ICSE/Doverfitting/AVATAR/Math/patch1-Math-50-AVATAR-plausible.patch",
            "test": "test_from_WangDRR_patch1-Math-50-Jaid-plausible",
            "failing": 0,
            "testrun": 37,
            "failings": [],
            "status": "ok",
            "test_executed": [
                "org.apache.commons.math.analysis.solvers.BaseSecantSolver_ESTest"
            ],
            "failing_assertions": [],
            "failing_lines": []
        },
        {
            "patch": "/home/mmartinez/xTestCluster/Patches/Patches_Wang902/Patches_ICSE/Doverfitting/AVATAR/Math/patch1-Math-50-AVATAR-plausible.patch",
            "test": "test_from_WangICSE_patch1-Math-50-Kali",
            "failing": 0,
            "testrun": 35,
            "failings": [],
            "status": "ok",
            "test_executed": [
                "org.apache.commons.math.analysis.solvers.BaseSecantSolver_ESTest"
            ],
            "failing_assertions": [],
            "failing_lines": []
        },
        {
            "patch": "/home/mmartinez/xTestCluster/Patches/Patches_Wang902/Patches_ICSE/Doverfitting/AVATAR/Math/patch1-Math-50-AVATAR-plausible.patch",
            "test": "test_from_WangICSE_patch1-Math-50-Arja",
            "failing": 0,
            "testrun": 89,
            "failings": [],
            "status": "ok",
            "test_executed": [
                "org.apache.commons.math.analysis.solvers.BaseSecantSolver_ESTest",
                "org.apache.commons.math.analysis.solvers.UnivariateRealSolverUtils_ESTest"
            ],
            "failing_assertions": [],
            "failing_lines": []
        },
        {
            "patch": "/home/mmartinez/xTestCluster/Patches/Patches_Wang902/Patches_ICSE/Doverfitting/AVATAR/Math/patch1-Math-50-AVATAR-plausible.patch",
            "test": "test_from_WangDRR_patch1-Math-50-SOFix",
            "failing": 0,
            "testrun": 37,
            "failings": [],
            "status": "ok",
            "test_executed": [
                "org.apache.commons.math.analysis.solvers.BaseSecantSolver_ESTest"
            ],
            "failing_assertions": [],
            "failing_lines": []
        }
    ],
    "duration": 57.95
}