{
    "patch": "/home/mmartinez/xTestCluster/Patches/Patches_Wang902/Patches_others/Dcorrect/SketchFix/Math/patch1-Math-33-SketchFix.patch",
    "project": "Math",
    "bugid": "33",
    "dataset": "Patches_others",
    "date": "2023-02-05T15:05:46.407500",
    "project_checked": "ok",
    "compiledProjectModified": "ok",
    "patchApplied": "ok",
    "arrive_end": "ok",
    "patched_project_pass_all_test": "no",
    "test_execution": [
        {
            "patch": "/home/mmartinez/xTestCluster/Patches/Patches_Wang902/Patches_others/Dcorrect/SketchFix/Math/patch1-Math-33-SketchFix.patch",
            "test": "test_from_WangICSE_patch1-Math-33-Nopol-plausible",
            "failing": 0,
            "testrun": 85,
            "failings": [],
            "status": "ok",
            "test_executed": [
                "org.apache.commons.math3.optimization.linear.SimplexTableau_ESTest"
            ],
            "failing_assertions": [],
            "failing_lines": []
        },
        {
            "patch": "/home/mmartinez/xTestCluster/Patches/Patches_Wang902/Patches_others/Dcorrect/SketchFix/Math/patch1-Math-33-SketchFix.patch",
            "test": "test_from_WangICSE_patch1-Math-33-RSRepair-plausible",
            "failing": 0,
            "testrun": 81,
            "failings": [],
            "status": "ok",
            "test_executed": [
                "org.apache.commons.math3.optimization.linear.SimplexTableau_ESTest"
            ],
            "failing_assertions": [],
            "failing_lines": []
        },
        {
            "patch": "/home/mmartinez/xTestCluster/Patches/Patches_Wang902/Patches_others/Dcorrect/SketchFix/Math/patch1-Math-33-SketchFix.patch",
            "test": "test_from_WangDRR_patch1-Math-33-CapGen",
            "failing": 0,
            "testrun": 76,
            "failings": [],
            "status": "ok",
            "test_executed": [
                "org.apache.commons.math3.optimization.linear.SimplexTableau_ESTest"
            ],
            "failing_assertions": [],
            "failing_lines": []
        },
        {
            "patch": "/home/mmartinez/xTestCluster/Patches/Patches_Wang902/Patches_others/Dcorrect/SketchFix/Math/patch1-Math-33-SketchFix.patch",
            "test": "test_from_WangDRR_patch1-Math-33-SOFix",
            "failing": 0,
            "testrun": 77,
            "failings": [],
            "status": "ok",
            "test_executed": [
                "org.apache.commons.math3.optimization.linear.SimplexTableau_ESTest"
            ],
            "failing_assertions": [],
            "failing_lines": []
        },
        {
            "patch": "/home/mmartinez/xTestCluster/Patches/Patches_Wang902/Patches_others/Dcorrect/SketchFix/Math/patch1-Math-33-SketchFix.patch",
            "test": "test_from_WangDRR_patch1-Math-33-SketchFix-plausible",
            "failing": 1,
            "testrun": 14,
            "failings": [
                "test12(org.apache.commons.math3.optimization.linear.SimplexSolver_ESTest)"
            ],
            "status": "ok",
            "test_executed": [
                "org.apache.commons.math3.optimization.linear.SimplexSolver_ESTest"
            ],
            "failing_assertions": [
                "java.lang.AssertionError: Expecting exception: IllegalStateException"
            ],
            "failing_lines": [
                [
                    "org.apache.commons.math3.optimization.linear.SimplexSolver_ESTest.test12(SimplexSolver_ESTest.java:254)"
                ]
            ]
        },
        {
            "patch": "/home/mmartinez/xTestCluster/Patches/Patches_Wang902/Patches_others/Dcorrect/SketchFix/Math/patch1-Math-33-SketchFix.patch",
            "test": "test_from_WangDRR_patch1-Math-33-SketchFix",
            "failing": 0,
            "testrun": 76,
            "failings": [],
            "status": "ok",
            "test_executed": [
                "org.apache.commons.math3.optimization.linear.SimplexTableau_ESTest"
            ],
            "failing_assertions": [],
            "failing_lines": []
        }
    ],
    "duration": 27.65
}