{
    "patch": "/home/mmartinez/xTestCluster/Patches/Patches_Wang902/Patches_ICSE/Doverfitting/Arja/Closure/patch1-Closure-8-Arja-plausible.patch",
    "project": "Closure",
    "bugid": "8",
    "dataset": "Patches_ICSE",
    "date": "2022-12-16T05:06:06.260162",
    "project_checked": "ok",
    "compiledProjectModified": "ok",
    "patchApplied": "ok",
    "arrive_end": "ok",
    "patched_project_pass_all_test": "no",
    "test_execution": [
        {
            "patch": "/home/mmartinez/xTestCluster/Patches/Patches_Wang902/Patches_ICSE/Doverfitting/Arja/Closure/patch1-Closure-8-Arja-plausible.patch",
            "test": "test_from_WangICSE_patch1-Closure-8-Arja-plausible",
            "failing": 0,
            "testrun": 5,
            "failings": [
                "Error"
            ],
            "status": "ok",
            "test_executed": [
                "com.google.javascript.jscomp.CollapseVariableDeclarations_ESTest"
            ],
            "failing_assertions": [
                "05:06:37.562 [main] INFO org.evosuite.runtime.instrumentation.EvoClassLoader - Seeing class for first time: com.google.javascript.rhino.head.VMBridge_custom"
            ],
            "failing_lines": []
        },
        {
            "patch": "/home/mmartinez/xTestCluster/Patches/Patches_Wang902/Patches_ICSE/Doverfitting/Arja/Closure/patch1-Closure-8-Arja-plausible.patch",
            "test": "test_from_WangICSE_patch1-Closure-8-Kali-plausible",
            "failing": 0,
            "testrun": 280,
            "failings": [],
            "status": "ok",
            "test_executed": [
                "com.google.javascript.rhino.Node_ESTest"
            ],
            "failing_assertions": [],
            "failing_lines": []
        }
    ],
    "duration": 40.38
}