{
    "patch": "/home/mmartinez/xTestCluster/Patches/Patches_Wang902/Patches_ICSE/Doverfitting/TBar/Chart/patch1-Chart-12-TBar-plausible.patch",
    "project": "Chart",
    "bugid": "12",
    "dataset": "Patches_ICSE",
    "date": "2023-02-05T17:58:01.771733",
    "project_checked": "ok",
    "compiledProjectModified": "ok",
    "patchApplied": "ok",
    "arrive_end": "ok",
    "patched_project_pass_all_test": "no",
    "test_execution": [
        {
            "patch": "/home/mmartinez/xTestCluster/Patches/Patches_Wang902/Patches_ICSE/Doverfitting/TBar/Chart/patch1-Chart-12-TBar-plausible.patch",
            "test": "test_from_WangICSE_patch1-Chart-12-RSRepair-plausible",
            "failing": 0,
            "testrun": 38,
            "failings": [],
            "status": "ok",
            "test_executed": [
                "org.jfree.chart.plot.MultiplePiePlot_ESTest"
            ],
            "failing_assertions": [],
            "failing_lines": []
        },
        {
            "patch": "/home/mmartinez/xTestCluster/Patches/Patches_Wang902/Patches_ICSE/Doverfitting/TBar/Chart/patch1-Chart-12-TBar-plausible.patch",
            "test": "test_from_WangICSE_patch1-Chart-12-SimFix-plausible",
            "failing": 0,
            "testrun": 38,
            "failings": [],
            "status": "ok",
            "test_executed": [
                "org.jfree.chart.plot.MultiplePiePlot_ESTest"
            ],
            "failing_assertions": [],
            "failing_lines": []
        },
        {
            "patch": "/home/mmartinez/xTestCluster/Patches/Patches_Wang902/Patches_ICSE/Doverfitting/TBar/Chart/patch1-Chart-12-TBar-plausible.patch",
            "test": "test_from_WangICSE_patch1-Chart-12-GenProg-plausible",
            "failing": 20,
            "testrun": 92,
            "failings": [
                "test01(org.jfree.chart.plot.MultiplePiePlot_ESTest)",
                "test05(org.jfree.chart.plot.MultiplePiePlot_ESTest)",
                "test30(org.jfree.chart.plot.MultiplePiePlot_ESTest)",
                "test19(org.jfree.chart.plot.MultiplePiePlot_ESTest)",
                "test10(org.jfree.chart.plot.MultiplePiePlot_ESTest)",
                "test33(org.jfree.chart.plot.MultiplePiePlot_ESTest)",
                "test37(org.jfree.chart.plot.MultiplePiePlot_ESTest)",
                "test19(org.jfree.chart.JFreeChart_ESTest)",
                "test16(org.jfree.chart.JFreeChart_ESTest)",
                "test14(org.jfree.chart.JFreeChart_ESTest)",
                "test08(org.jfree.chart.JFreeChart_ESTest)",
                "test47(org.jfree.chart.JFreeChart_ESTest)",
                "test45(org.jfree.chart.JFreeChart_ESTest)",
                "test44(org.jfree.chart.JFreeChart_ESTest)",
                "test36(org.jfree.chart.JFreeChart_ESTest)",
                "test34(org.jfree.chart.JFreeChart_ESTest)",
                "test33(org.jfree.chart.JFreeChart_ESTest)",
                "test29(org.jfree.chart.JFreeChart_ESTest)",
                "test24(org.jfree.chart.JFreeChart_ESTest)",
                "test23(org.jfree.chart.JFreeChart_ESTest)"
            ],
            "status": "ok",
            "test_executed": [
                "org.jfree.chart.plot.MultiplePiePlot_ESTest",
                "org.jfree.chart.JFreeChart_ESTest"
            ],
            "failing_assertions": [
                "java.lang.AssertionError: Expecting exception: NullPointerException",
                "java.lang.AssertionError: Expecting exception: NullPointerException",
                "java.lang.AssertionError: expected null, but was:<java.awt.Color[r=192,g=192,b=192]>",
                "java.lang.AssertionError: Expecting exception: NullPointerException",
                "java.lang.AssertionError",
                "java.lang.AssertionError: Expecting exception: IllegalArgumentException",
                "java.lang.AssertionError: Expecting exception: NullPointerException",
                "java.lang.AssertionError: expected:<1> but was:<0>",
                "java.lang.AssertionError: expected:<1> but was:<0>",
                "java.lang.AssertionError: expected:<1> but was:<0>",
                "java.lang.AssertionError: expected:<1> but was:<0>",
                "java.lang.AssertionError: expected:<1> but was:<0>",
                "java.lang.AssertionError: expected:<1> but was:<0>",
                "java.lang.AssertionError: expected:<1> but was:<0>",
                "java.lang.AssertionError: expected:<1> but was:<0>",
                "java.lang.AssertionError: expected:<1> but was:<0>",
                "java.lang.AssertionError: expected:<1> but was:<0>",
                "java.lang.AssertionError: expected:<1> but was:<0>",
                "java.lang.AssertionError: expected:<1> but was:<0>",
                "java.lang.AssertionError: expected:<1> but was:<0>"
            ],
            "failing_lines": [
                [
                    "org.jfree.chart.plot.MultiplePiePlot_ESTest.test01(MultiplePiePlot_ESTest.java:66)"
                ],
                [
                    "org.jfree.chart.plot.MultiplePiePlot_ESTest.test05(MultiplePiePlot_ESTest.java:109)"
                ],
                [
                    "org.jfree.chart.plot.MultiplePiePlot_ESTest.test30(MultiplePiePlot_ESTest.java:425)"
                ],
                [
                    "org.jfree.chart.plot.MultiplePiePlot_ESTest.test19(MultiplePiePlot_ESTest.java:277)"
                ],
                [
                    "org.jfree.chart.plot.MultiplePiePlot_ESTest.test10(MultiplePiePlot_ESTest.java:185)"
                ],
                [
                    "org.jfree.chart.plot.MultiplePiePlot_ESTest.test33(MultiplePiePlot_ESTest.java:450)"
                ],
                [
                    "org.jfree.chart.plot.MultiplePiePlot_ESTest.test37(MultiplePiePlot_ESTest.java:493)"
                ],
                [
                    "org.jfree.chart.JFreeChart_ESTest.test19(JFreeChart_ESTest.java:372)"
                ],
                [
                    "org.jfree.chart.JFreeChart_ESTest.test16(JFreeChart_ESTest.java:325)"
                ],
                [
                    "org.jfree.chart.JFreeChart_ESTest.test14(JFreeChart_ESTest.java:303)"
                ],
                [
                    "org.jfree.chart.JFreeChart_ESTest.test08(JFreeChart_ESTest.java:227)"
                ],
                [
                    "org.jfree.chart.JFreeChart_ESTest.test47(JFreeChart_ESTest.java:740)"
                ],
                [
                    "org.jfree.chart.JFreeChart_ESTest.test45(JFreeChart_ESTest.java:705)"
                ],
                [
                    "org.jfree.chart.JFreeChart_ESTest.test44(JFreeChart_ESTest.java:695)"
                ],
                [
                    "org.jfree.chart.JFreeChart_ESTest.test36(JFreeChart_ESTest.java:593)"
                ],
                [
                    "org.jfree.chart.JFreeChart_ESTest.test34(JFreeChart_ESTest.java:572)"
                ],
                [
                    "org.jfree.chart.JFreeChart_ESTest.test33(JFreeChart_ESTest.java:560)"
                ],
                [
                    "org.jfree.chart.JFreeChart_ESTest.test29(JFreeChart_ESTest.java:509)"
                ],
                [
                    "org.jfree.chart.JFreeChart_ESTest.test24(JFreeChart_ESTest.java:425)"
                ],
                [
                    "org.jfree.chart.JFreeChart_ESTest.test23(JFreeChart_ESTest.java:416)"
                ]
            ]
        },
        {
            "patch": "/home/mmartinez/xTestCluster/Patches/Patches_Wang902/Patches_ICSE/Doverfitting/TBar/Chart/patch1-Chart-12-TBar-plausible.patch",
            "test": "test_from_WangICSE_patch1-Chart-12-Kali-plausible",
            "failing": 0,
            "testrun": 12,
            "failings": [],
            "status": "ok",
            "test_executed": [
                "org.jfree.data.general.AbstractDataset_ESTest"
            ],
            "failing_assertions": [],
            "failing_lines": []
        },
        {
            "patch": "/home/mmartinez/xTestCluster/Patches/Patches_Wang902/Patches_ICSE/Doverfitting/TBar/Chart/patch1-Chart-12-TBar-plausible.patch",
            "test": "test_from_WangICSE_patch1-Chart-12-TBar-plausible",
            "failing": 0,
            "testrun": 17,
            "failings": [],
            "status": "ok",
            "test_executed": [
                "org.jfree.data.general.AbstractDataset_ESTest"
            ],
            "failing_assertions": [],
            "failing_lines": []
        },
        {
            "patch": "/home/mmartinez/xTestCluster/Patches/Patches_Wang902/Patches_ICSE/Doverfitting/TBar/Chart/patch1-Chart-12-TBar-plausible.patch",
            "test": "test_from_WangICSE_patch1-Chart-12-Arja",
            "failing": 0,
            "testrun": 40,
            "failings": [],
            "status": "ok",
            "test_executed": [
                "org.jfree.chart.plot.MultiplePiePlot_ESTest"
            ],
            "failing_assertions": [],
            "failing_lines": []
        }
    ],
    "duration": 34.82
}