{
    "patch": "/home/mmartinez/xTestCluster/Patches/Patches_Wang902/Patches_ICSE/Doverfitting/TBar/Lang/patch1-Lang-58-TBar-plausible.patch",
    "project": "Lang",
    "bugid": "58",
    "dataset": "Patches_ICSE",
    "date": "2022-12-16T06:12:06.013733",
    "project_checked": "ok",
    "compiledProjectModified": "ok",
    "patchApplied": "ok",
    "arrive_end": "ok",
    "patched_project_pass_all_test": "no",
    "test_execution": [
        {
            "patch": "/home/mmartinez/xTestCluster/Patches/Patches_Wang902/Patches_ICSE/Doverfitting/TBar/Lang/patch1-Lang-58-TBar-plausible.patch",
            "test": "test_from_WangICSE_patch1-Lang-58-Nopol-plausible",
            "failing": 4,
            "testrun": 261,
            "failings": [
                "test231(org.apache.commons.lang.math.NumberUtils_ESTest)",
                "test234(org.apache.commons.lang.math.NumberUtils_ESTest)",
                "test238(org.apache.commons.lang.math.NumberUtils_ESTest)",
                "test241(org.apache.commons.lang.math.NumberUtils_ESTest)"
            ],
            "status": "ok",
            "test_executed": [
                "org.apache.commons.lang.math.NumberUtils_ESTest"
            ],
            "failing_assertions": [
                "java.lang.AssertionError: expected:<1.0> but was:<1>",
                "java.lang.AssertionError: Exception was not thrown in org.apache.commons.lang.math.NumberUtils but in java.lang.NumberFormatException.forInputString(NumberFormatException.java:65): java.lang.NumberFormatException: For input string: \"&@|)`U7^\"",
                "java.lang.AssertionError: Exception was not thrown in org.apache.commons.lang.math.NumberUtils but in java.lang.NumberFormatException.forInputString(NumberFormatException.java:65): java.lang.NumberFormatException: For input string: \"e3T7<\"",
                "java.lang.AssertionError: Exception was not thrown in org.apache.commons.lang.math.NumberUtils but in java.lang.NumberFormatException.forInputString(NumberFormatException.java:65): java.lang.NumberFormatException: For input string: \"t7\""
            ],
            "failing_lines": [
                [
                    "org.apache.commons.lang.math.NumberUtils_ESTest.test231(NumberUtils_ESTest.java:1900)"
                ],
                [
                    "org.apache.commons.lang.math.NumberUtils_ESTest.test234(NumberUtils_ESTest.java:1942)"
                ],
                [
                    "org.apache.commons.lang.math.NumberUtils_ESTest.test238(NumberUtils_ESTest.java:1990)"
                ],
                [
                    "org.apache.commons.lang.math.NumberUtils_ESTest.test241(NumberUtils_ESTest.java:2032)"
                ]
            ]
        },
        {
            "patch": "/home/mmartinez/xTestCluster/Patches/Patches_Wang902/Patches_ICSE/Doverfitting/TBar/Lang/patch1-Lang-58-TBar-plausible.patch",
            "test": "test_from_WangICSE_patch1-Lang-58-kPAR-plausible",
            "failing": 1,
            "testrun": 261,
            "failings": [
                "test232(org.apache.commons.lang.math.NumberUtils_ESTest)"
            ],
            "status": "ok",
            "test_executed": [
                "org.apache.commons.lang.math.NumberUtils_ESTest"
            ],
            "failing_assertions": [
                "java.lang.AssertionError: Exception was not thrown in org.apache.commons.lang.math.NumberUtils but in java.lang.NumberFormatException.forInputString(NumberFormatException.java:65): java.lang.NumberFormatException: For input string: \"4B4,|@C:8\""
            ],
            "failing_lines": [
                [
                    "org.apache.commons.lang.math.NumberUtils_ESTest.test232(NumberUtils_ESTest.java:1916)"
                ]
            ]
        },
        {
            "patch": "/home/mmartinez/xTestCluster/Patches/Patches_Wang902/Patches_ICSE/Doverfitting/TBar/Lang/patch1-Lang-58-TBar-plausible.patch",
            "test": "test_from_WangICSE_patch1-Lang-58-AVATAR-plausible",
            "failing": 4,
            "testrun": 260,
            "failings": [
                "test084(org.apache.commons.lang.math.NumberUtils_ESTest)",
                "test231(org.apache.commons.lang.math.NumberUtils_ESTest)",
                "test246(org.apache.commons.lang.math.NumberUtils_ESTest)",
                "test237(org.apache.commons.lang.math.NumberUtils_ESTest)"
            ],
            "status": "ok",
            "test_executed": [
                "org.apache.commons.lang.math.NumberUtils_ESTest"
            ],
            "failing_assertions": [
                "java.lang.NumberFormatException: Zero length BigInteger",
                "java.lang.AssertionError: Exception was not thrown in org.apache.commons.lang.math.NumberUtils but in java.math.BigInteger.<init>(BigInteger.java:428): java.lang.NumberFormatException: Illegal embedded sign character",
                "java.lang.AssertionError: Exception was not thrown in org.apache.commons.lang.math.NumberUtils but in java.lang.NumberFormatException.forInputString(NumberFormatException.java:65): java.lang.NumberFormatException: For input string: \"X\"",
                "java.lang.AssertionError: Exception was not thrown in org.apache.commons.lang.math.NumberUtils but in java.lang.NumberFormatException.forInputString(NumberFormatException.java:65): java.lang.NumberFormatException: For input string: \"Strin\""
            ],
            "failing_lines": [
                [
                    "org.apache.commons.lang.math.NumberUtils_ESTest.test084(NumberUtils_ESTest.java:621)"
                ],
                [
                    "org.apache.commons.lang.math.NumberUtils_ESTest.test231(NumberUtils_ESTest.java:1920)"
                ],
                [
                    "org.apache.commons.lang.math.NumberUtils_ESTest.test246(NumberUtils_ESTest.java:2106)"
                ],
                [
                    "org.apache.commons.lang.math.NumberUtils_ESTest.test237(NumberUtils_ESTest.java:2004)"
                ]
            ]
        },
        {
            "patch": "/home/mmartinez/xTestCluster/Patches/Patches_Wang902/Patches_ICSE/Doverfitting/TBar/Lang/patch1-Lang-58-TBar-plausible.patch",
            "test": "test_from_WangICSE_patch1-Lang-58-SimFix",
            "failing": 4,
            "testrun": 258,
            "failings": [
                "test229(org.apache.commons.lang.math.NumberUtils_ESTest)",
                "test231(org.apache.commons.lang.math.NumberUtils_ESTest)",
                "test230(org.apache.commons.lang.math.NumberUtils_ESTest)",
                "test233(org.apache.commons.lang.math.NumberUtils_ESTest)"
            ],
            "status": "ok",
            "test_executed": [
                "org.apache.commons.lang.math.NumberUtils_ESTest"
            ],
            "failing_assertions": [
                "java.lang.AssertionError: Exception was not thrown in org.apache.commons.lang.math.NumberUtils but in java.math.BigInteger.<init>(BigInteger.java:428): java.lang.NumberFormatException: Illegal embedded sign character",
                "java.lang.NumberFormatException: Zero length BigInteger",
                "java.lang.AssertionError: Exception was not thrown in org.apache.commons.lang.math.NumberUtils but in java.lang.NumberFormatException.forInputString(NumberFormatException.java:65): java.lang.NumberFormatException: For input string: \"Strin\"",
                "java.lang.AssertionError: Exception was not thrown in org.apache.commons.lang.math.NumberUtils but in java.lang.NumberFormatException.forInputString(NumberFormatException.java:65): java.lang.NumberFormatException: For input string: \"4H.=\"}Z\""
            ],
            "failing_lines": [
                [
                    "org.apache.commons.lang.math.NumberUtils_ESTest.test229(NumberUtils_ESTest.java:1896)"
                ],
                [
                    "org.apache.commons.lang.math.NumberUtils_ESTest.test231(NumberUtils_ESTest.java:1918)"
                ],
                [
                    "org.apache.commons.lang.math.NumberUtils_ESTest.test230(NumberUtils_ESTest.java:1910)"
                ],
                [
                    "org.apache.commons.lang.math.NumberUtils_ESTest.test233(NumberUtils_ESTest.java:1949)"
                ]
            ]
        },
        {
            "patch": "/home/mmartinez/xTestCluster/Patches/Patches_Wang902/Patches_ICSE/Doverfitting/TBar/Lang/patch1-Lang-58-TBar-plausible.patch",
            "test": "test_from_WangICSE_patch1-Lang-58-TBar-plausible",
            "failing": 0,
            "testrun": 253,
            "failings": [],
            "status": "ok",
            "test_executed": [
                "org.apache.commons.lang.math.NumberUtils_ESTest"
            ],
            "failing_assertions": [],
            "failing_lines": []
        }
    ],
    "duration": 25.93
}