{
    "patch": "/home/mmartinez/xTestCluster/Patches/Patches_Wang902/Patches_others/Dcorrect/SOFix/Math/patch1-Math-5-SOFix.patch",
    "project": "Math",
    "bugid": "5",
    "dataset": "Patches_others",
    "date": "2022-12-16T05:34:48.953435",
    "project_checked": "ok",
    "compiledProjectModified": "ok",
    "patchApplied": "ok",
    "arrive_end": "ok",
    "patched_project_pass_all_test": "no",
    "test_execution": [
        {
            "patch": "/home/mmartinez/xTestCluster/Patches/Patches_Wang902/Patches_others/Dcorrect/SOFix/Math/patch1-Math-5-SOFix.patch",
            "test": "test_from_WangICSE_patch1-Math-5-Cardumen-plausible",
            "failing": 83,
            "testrun": 161,
            "failings": [
                "test034(org.apache.commons.math3.complex.Complex_ESTest)",
                "test033(org.apache.commons.math3.complex.Complex_ESTest)",
                "test032(org.apache.commons.math3.complex.Complex_ESTest)",
                "test031(org.apache.commons.math3.complex.Complex_ESTest)",
                "test029(org.apache.commons.math3.complex.Complex_ESTest)",
                "test148(org.apache.commons.math3.complex.Complex_ESTest)",
                "test026(org.apache.commons.math3.complex.Complex_ESTest)",
                "test146(org.apache.commons.math3.complex.Complex_ESTest)",
                "test145(org.apache.commons.math3.complex.Complex_ESTest)",
                "test023(org.apache.commons.math3.complex.Complex_ESTest)",
                "test022(org.apache.commons.math3.complex.Complex_ESTest)",
                "test143(org.apache.commons.math3.complex.Complex_ESTest)",
                "test021(org.apache.commons.math3.complex.Complex_ESTest)",
                "test142(org.apache.commons.math3.complex.Complex_ESTest)",
                "test139(org.apache.commons.math3.complex.Complex_ESTest)",
                "test017(org.apache.commons.math3.complex.Complex_ESTest)",
                "test016(org.apache.commons.math3.complex.Complex_ESTest)",
                "test055(org.apache.commons.math3.complex.Complex_ESTest)",
                "test054(org.apache.commons.math3.complex.Complex_ESTest)",
                "test053(org.apache.commons.math3.complex.Complex_ESTest)",
                "test052(org.apache.commons.math3.complex.Complex_ESTest)",
                "test049(org.apache.commons.math3.complex.Complex_ESTest)",
                "test047(org.apache.commons.math3.complex.Complex_ESTest)",
                "test046(org.apache.commons.math3.complex.Complex_ESTest)",
                "test045(org.apache.commons.math3.complex.Complex_ESTest)",
                "test044(org.apache.commons.math3.complex.Complex_ESTest)",
                "test043(org.apache.commons.math3.complex.Complex_ESTest)",
                "test041(org.apache.commons.math3.complex.Complex_ESTest)",
                "test040(org.apache.commons.math3.complex.Complex_ESTest)",
                "test039(org.apache.commons.math3.complex.Complex_ESTest)",
                "test037(org.apache.commons.math3.complex.Complex_ESTest)",
                "test036(org.apache.commons.math3.complex.Complex_ESTest)",
                "test035(org.apache.commons.math3.complex.Complex_ESTest)",
                "test078(org.apache.commons.math3.complex.Complex_ESTest)",
                "test074(org.apache.commons.math3.complex.Complex_ESTest)",
                "test073(org.apache.commons.math3.complex.Complex_ESTest)",
                "test106(org.apache.commons.math3.complex.Complex_ESTest)",
                "test105(org.apache.commons.math3.complex.Complex_ESTest)",
                "test104(org.apache.commons.math3.complex.Complex_ESTest)",
                "test069(org.apache.commons.math3.complex.Complex_ESTest)",
                "test068(org.apache.commons.math3.complex.Complex_ESTest)",
                "test101(org.apache.commons.math3.complex.Complex_ESTest)",
                "test067(org.apache.commons.math3.complex.Complex_ESTest)",
                "test100(org.apache.commons.math3.complex.Complex_ESTest)",
                "test066(org.apache.commons.math3.complex.Complex_ESTest)",
                "test064(org.apache.commons.math3.complex.Complex_ESTest)",
                "test063(org.apache.commons.math3.complex.Complex_ESTest)",
                "test060(org.apache.commons.math3.complex.Complex_ESTest)",
                "test059(org.apache.commons.math3.complex.Complex_ESTest)",
                "test057(org.apache.commons.math3.complex.Complex_ESTest)",
                "test012(org.apache.commons.math3.complex.Complex_ESTest)",
                "test011(org.apache.commons.math3.complex.Complex_ESTest)",
                "test132(org.apache.commons.math3.complex.Complex_ESTest)",
                "test010(org.apache.commons.math3.complex.Complex_ESTest)",
                "test131(org.apache.commons.math3.complex.Complex_ESTest)",
                "test097(org.apache.commons.math3.complex.Complex_ESTest)",
                "test130(org.apache.commons.math3.complex.Complex_ESTest)",
                "test095(org.apache.commons.math3.complex.Complex_ESTest)",
                "test094(org.apache.commons.math3.complex.Complex_ESTest)",
                "test092(org.apache.commons.math3.complex.Complex_ESTest)",
                "test008(org.apache.commons.math3.complex.Complex_ESTest)",
                "test007(org.apache.commons.math3.complex.Complex_ESTest)",
                "test128(org.apache.commons.math3.complex.Complex_ESTest)",
                "test006(org.apache.commons.math3.complex.Complex_ESTest)",
                "test127(org.apache.commons.math3.complex.Complex_ESTest)",
                "test126(org.apache.commons.math3.complex.Complex_ESTest)",
                "test125(org.apache.commons.math3.complex.Complex_ESTest)",
                "test003(org.apache.commons.math3.complex.Complex_ESTest)",
                "test124(org.apache.commons.math3.complex.Complex_ESTest)",
                "test002(org.apache.commons.math3.complex.Complex_ESTest)",
                "test123(org.apache.commons.math3.complex.Complex_ESTest)",
                "test001(org.apache.commons.math3.complex.Complex_ESTest)",
                "test000(org.apache.commons.math3.complex.Complex_ESTest)",
                "test121(org.apache.commons.math3.complex.Complex_ESTest)",
                "test086(org.apache.commons.math3.complex.Complex_ESTest)",
                "test084(org.apache.commons.math3.complex.Complex_ESTest)",
                "test082(org.apache.commons.math3.complex.Complex_ESTest)",
                "test080(org.apache.commons.math3.complex.Complex_ESTest)",
                "test119(org.apache.commons.math3.complex.Complex_ESTest)",
                "test118(org.apache.commons.math3.complex.Complex_ESTest)",
                "test115(org.apache.commons.math3.complex.Complex_ESTest)",
                "test114(org.apache.commons.math3.complex.Complex_ESTest)",
                "test113(org.apache.commons.math3.complex.Complex_ESTest)"
            ],
            "status": "ok",
            "test_executed": [
                "org.apache.commons.math3.complex.Complex_ESTest"
            ],
            "failing_assertions": [
                "java.lang.AssertionError",
                "java.lang.AssertionError",
                "java.lang.AssertionError",
                "java.lang.AssertionError",
                "java.lang.AssertionError",
                "java.lang.AssertionError",
                "java.lang.AssertionError",
                "java.lang.AssertionError",
                "java.lang.AssertionError",
                "java.lang.AssertionError",
                "java.lang.AssertionError",
                "java.lang.AssertionError",
                "java.lang.AssertionError",
                "java.lang.AssertionError",
                "java.lang.AssertionError",
                "java.lang.AssertionError",
                "java.lang.AssertionError",
                "java.lang.AssertionError",
                "java.lang.AssertionError",
                "java.lang.AssertionError",
                "java.lang.AssertionError",
                "java.lang.AssertionError",
                "java.lang.AssertionError",
                "java.lang.AssertionError",
                "java.lang.AssertionError",
                "java.lang.AssertionError",
                "java.lang.AssertionError",
                "java.lang.AssertionError",
                "java.lang.AssertionError",
                "java.lang.AssertionError",
                "java.lang.AssertionError",
                "java.lang.AssertionError",
                "java.lang.AssertionError",
                "java.lang.AssertionError",
                "java.lang.AssertionError",
                "java.lang.AssertionError",
                "java.lang.AssertionError",
                "java.lang.AssertionError",
                "java.lang.AssertionError",
                "java.lang.AssertionError",
                "java.lang.AssertionError",
                "java.lang.AssertionError",
                "java.lang.AssertionError",
                "java.lang.AssertionError",
                "java.lang.AssertionError",
                "java.lang.AssertionError",
                "java.lang.AssertionError",
                "java.lang.AssertionError",
                "java.lang.AssertionError",
                "java.lang.AssertionError",
                "java.lang.AssertionError",
                "java.lang.AssertionError",
                "java.lang.AssertionError",
                "java.lang.AssertionError",
                "java.lang.AssertionError",
                "java.lang.AssertionError",
                "java.lang.AssertionError",
                "java.lang.AssertionError",
                "java.lang.AssertionError",
                "java.lang.AssertionError",
                "java.lang.AssertionError",
                "java.lang.AssertionError",
                "java.lang.AssertionError",
                "java.lang.AssertionError",
                "java.lang.AssertionError",
                "java.lang.AssertionError",
                "java.lang.AssertionError",
                "java.lang.AssertionError",
                "java.lang.AssertionError",
                "java.lang.AssertionError",
                "java.lang.AssertionError",
                "java.lang.AssertionError",
                "java.lang.AssertionError",
                "java.lang.AssertionError",
                "java.lang.AssertionError",
                "java.lang.AssertionError",
                "java.lang.AssertionError",
                "java.lang.AssertionError",
                "java.lang.AssertionError",
                "java.lang.AssertionError",
                "java.lang.AssertionError",
                "java.lang.AssertionError",
                "java.lang.AssertionError"
            ],
            "failing_lines": [
                [
                    "org.apache.commons.math3.complex.Complex_ESTest.test034(Complex_ESTest.java:25429)"
                ],
                [
                    "org.apache.commons.math3.complex.Complex_ESTest.test033(Complex_ESTest.java:24834)"
                ],
                [
                    "org.apache.commons.math3.complex.Complex_ESTest.test032(Complex_ESTest.java:23143)"
                ],
                [
                    "org.apache.commons.math3.complex.Complex_ESTest.test031(Complex_ESTest.java:23087)"
                ],
                [
                    "org.apache.commons.math3.complex.Complex_ESTest.test029(Complex_ESTest.java:21527)"
                ],
                [
                    "org.apache.commons.math3.complex.Complex_ESTest.test148(Complex_ESTest.java)"
                ],
                [
                    "org.apache.commons.math3.complex.Complex_ESTest.test026(Complex_ESTest.java:18587)"
                ],
                [
                    "org.apache.commons.math3.complex.Complex_ESTest.test146(Complex_ESTest.java)"
                ],
                [
                    "org.apache.commons.math3.complex.Complex_ESTest.test145(Complex_ESTest.java)"
                ],
                [
                    "org.apache.commons.math3.complex.Complex_ESTest.test023(Complex_ESTest.java:17859)"
                ],
                [
                    "org.apache.commons.math3.complex.Complex_ESTest.test022(Complex_ESTest.java:17588)"
                ],
                [
                    "org.apache.commons.math3.complex.Complex_ESTest.test143(Complex_ESTest.java)"
                ],
                [
                    "org.apache.commons.math3.complex.Complex_ESTest.test021(Complex_ESTest.java:16682)"
                ],
                [
                    "org.apache.commons.math3.complex.Complex_ESTest.test142(Complex_ESTest.java)"
                ],
                [
                    "org.apache.commons.math3.complex.Complex_ESTest.test139(Complex_ESTest.java)"
                ],
                [
                    "org.apache.commons.math3.complex.Complex_ESTest.test017(Complex_ESTest.java:12983)"
                ],
                [
                    "org.apache.commons.math3.complex.Complex_ESTest.test016(Complex_ESTest.java:12542)"
                ],
                [
                    "org.apache.commons.math3.complex.Complex_ESTest.test055(Complex_ESTest.java:44336)"
                ],
                [
                    "org.apache.commons.math3.complex.Complex_ESTest.test054(Complex_ESTest.java:43278)"
                ],
                [
                    "org.apache.commons.math3.complex.Complex_ESTest.test053(Complex_ESTest.java:42903)"
                ],
                [
                    "org.apache.commons.math3.complex.Complex_ESTest.test052(Complex_ESTest.java:40660)"
                ],
                [
                    "org.apache.commons.math3.complex.Complex_ESTest.test049(Complex_ESTest.java:38762)"
                ],
                [
                    "org.apache.commons.math3.complex.Complex_ESTest.test047(Complex_ESTest.java:36457)"
                ],
                [
                    "org.apache.commons.math3.complex.Complex_ESTest.test046(Complex_ESTest.java:36145)"
                ],
                [
                    "org.apache.commons.math3.complex.Complex_ESTest.test045(Complex_ESTest.java:36005)"
                ],
                [
                    "org.apache.commons.math3.complex.Complex_ESTest.test044(Complex_ESTest.java:33447)"
                ],
                [
                    "org.apache.commons.math3.complex.Complex_ESTest.test043(Complex_ESTest.java:33203)"
                ],
                [
                    "org.apache.commons.math3.complex.Complex_ESTest.test041(Complex_ESTest.java:32600)"
                ],
                [
                    "org.apache.commons.math3.complex.Complex_ESTest.test040(Complex_ESTest.java:31316)"
                ],
                [
                    "org.apache.commons.math3.complex.Complex_ESTest.test039(Complex_ESTest.java:29737)"
                ],
                [
                    "org.apache.commons.math3.complex.Complex_ESTest.test037(Complex_ESTest.java:27733)"
                ],
                [
                    "org.apache.commons.math3.complex.Complex_ESTest.test036(Complex_ESTest.java:26689)"
                ],
                [
                    "org.apache.commons.math3.complex.Complex_ESTest.test035(Complex_ESTest.java:25673)"
                ],
                [
                    "org.apache.commons.math3.complex.Complex_ESTest.test078(Complex_ESTest.java:52539)"
                ],
                [
                    "org.apache.commons.math3.complex.Complex_ESTest.test074(Complex_ESTest.java:52371)"
                ],
                [
                    "org.apache.commons.math3.complex.Complex_ESTest.test073(Complex_ESTest.java:52262)"
                ],
                [
                    "org.apache.commons.math3.complex.Complex_ESTest.test106(Complex_ESTest.java:61212)"
                ],
                [
                    "org.apache.commons.math3.complex.Complex_ESTest.test105(Complex_ESTest.java:60012)"
                ],
                [
                    "org.apache.commons.math3.complex.Complex_ESTest.test104(Complex_ESTest.java:58293)"
                ],
                [
                    "org.apache.commons.math3.complex.Complex_ESTest.test069(Complex_ESTest.java:51804)"
                ],
                [
                    "org.apache.commons.math3.complex.Complex_ESTest.test068(Complex_ESTest.java:51475)"
                ],
                [
                    "org.apache.commons.math3.complex.Complex_ESTest.test101(Complex_ESTest.java:58042)"
                ],
                [
                    "org.apache.commons.math3.complex.Complex_ESTest.test067(Complex_ESTest.java:51401)"
                ],
                [
                    "org.apache.commons.math3.complex.Complex_ESTest.test100(Complex_ESTest.java:57434)"
                ],
                [
                    "org.apache.commons.math3.complex.Complex_ESTest.test066(Complex_ESTest.java:51167)"
                ],
                [
                    "org.apache.commons.math3.complex.Complex_ESTest.test064(Complex_ESTest.java:50359)"
                ],
                [
                    "org.apache.commons.math3.complex.Complex_ESTest.test063(Complex_ESTest.java:47228)"
                ],
                [
                    "org.apache.commons.math3.complex.Complex_ESTest.test060(Complex_ESTest.java:44565)"
                ],
                [
                    "org.apache.commons.math3.complex.Complex_ESTest.test059(Complex_ESTest.java:44528)"
                ],
                [
                    "org.apache.commons.math3.complex.Complex_ESTest.test057(Complex_ESTest.java:44394)"
                ],
                [
                    "org.apache.commons.math3.complex.Complex_ESTest.test012(Complex_ESTest.java:11377)"
                ],
                [
                    "org.apache.commons.math3.complex.Complex_ESTest.test011(Complex_ESTest.java:9460)"
                ],
                [
                    "org.apache.commons.math3.complex.Complex_ESTest.test132(Complex_ESTest.java)"
                ],
                [
                    "org.apache.commons.math3.complex.Complex_ESTest.test010(Complex_ESTest.java:9033)"
                ],
                [
                    "org.apache.commons.math3.complex.Complex_ESTest.test131(Complex_ESTest.java)"
                ],
                [
                    "org.apache.commons.math3.complex.Complex_ESTest.test097(Complex_ESTest.java:57216)"
                ],
                [
                    "org.apache.commons.math3.complex.Complex_ESTest.test130(Complex_ESTest.java)"
                ],
                [
                    "org.apache.commons.math3.complex.Complex_ESTest.test095(Complex_ESTest.java:57132)"
                ],
                [
                    "org.apache.commons.math3.complex.Complex_ESTest.test094(Complex_ESTest.java:57049)"
                ],
                [
                    "org.apache.commons.math3.complex.Complex_ESTest.test092(Complex_ESTest.java:56986)"
                ],
                [
                    "org.apache.commons.math3.complex.Complex_ESTest.test008(Complex_ESTest.java:8967)"
                ],
                [
                    "org.apache.commons.math3.complex.Complex_ESTest.test007(Complex_ESTest.java:8881)"
                ],
                [
                    "org.apache.commons.math3.complex.Complex_ESTest.test128(Complex_ESTest.java)"
                ],
                [
                    "org.apache.commons.math3.complex.Complex_ESTest.test006(Complex_ESTest.java:8112)"
                ],
                [
                    "org.apache.commons.math3.complex.Complex_ESTest.test127(Complex_ESTest.java:63874)"
                ],
                [
                    "org.apache.commons.math3.complex.Complex_ESTest.test126(Complex_ESTest.java:63809)"
                ],
                [
                    "org.apache.commons.math3.complex.Complex_ESTest.test125(Complex_ESTest.java:63295)"
                ],
                [
                    "org.apache.commons.math3.complex.Complex_ESTest.test003(Complex_ESTest.java:7640)"
                ],
                [
                    "org.apache.commons.math3.complex.Complex_ESTest.test124(Complex_ESTest.java:63229)"
                ],
                [
                    "org.apache.commons.math3.complex.Complex_ESTest.test002(Complex_ESTest.java:5135)"
                ],
                [
                    "org.apache.commons.math3.complex.Complex_ESTest.test123(Complex_ESTest.java:63143)"
                ],
                [
                    "org.apache.commons.math3.complex.Complex_ESTest.test001(Complex_ESTest.java:2580)"
                ],
                [
                    "org.apache.commons.math3.complex.Complex_ESTest.test000(Complex_ESTest.java:98)"
                ],
                [
                    "org.apache.commons.math3.complex.Complex_ESTest.test121(Complex_ESTest.java:62932)"
                ],
                [
                    "org.apache.commons.math3.complex.Complex_ESTest.test086(Complex_ESTest.java:56602)"
                ],
                [
                    "org.apache.commons.math3.complex.Complex_ESTest.test084(Complex_ESTest.java:55526)"
                ],
                [
                    "org.apache.commons.math3.complex.Complex_ESTest.test082(Complex_ESTest.java:55223)"
                ],
                [
                    "org.apache.commons.math3.complex.Complex_ESTest.test080(Complex_ESTest.java:52843)"
                ],
                [
                    "org.apache.commons.math3.complex.Complex_ESTest.test119(Complex_ESTest.java:62853)"
                ],
                [
                    "org.apache.commons.math3.complex.Complex_ESTest.test118(Complex_ESTest.java:62813)"
                ],
                [
                    "org.apache.commons.math3.complex.Complex_ESTest.test115(Complex_ESTest.java:62712)"
                ],
                [
                    "org.apache.commons.math3.complex.Complex_ESTest.test114(Complex_ESTest.java:62604)"
                ],
                [
                    "org.apache.commons.math3.complex.Complex_ESTest.test113(Complex_ESTest.java:62580)"
                ]
            ]
        },
        {
            "patch": "/home/mmartinez/xTestCluster/Patches/Patches_Wang902/Patches_others/Dcorrect/SOFix/Math/patch1-Math-5-SOFix.patch",
            "test": "test_from_WangDRR_patch1-Math-5-SequenceR",
            "failing": 0,
            "testrun": 174,
            "failings": [],
            "status": "ok",
            "test_executed": [
                "org.apache.commons.math3.complex.Complex_ESTest"
            ],
            "failing_assertions": [],
            "failing_lines": []
        },
        {
            "patch": "/home/mmartinez/xTestCluster/Patches/Patches_Wang902/Patches_others/Dcorrect/SOFix/Math/patch1-Math-5-SOFix.patch",
            "test": "test_from_WangICSE_patch1-Math-5-jGenProg",
            "failing": 0,
            "testrun": 155,
            "failings": [],
            "status": "ok",
            "test_executed": [
                "org.apache.commons.math3.complex.Complex_ESTest"
            ],
            "failing_assertions": [],
            "failing_lines": []
        },
        {
            "patch": "/home/mmartinez/xTestCluster/Patches/Patches_Wang902/Patches_others/Dcorrect/SOFix/Math/patch1-Math-5-SOFix.patch",
            "test": "test_from_WangDRR_patch3-Math-5-CapGen-plausible",
            "failing": 0,
            "testrun": 175,
            "failings": [],
            "status": "ok",
            "test_executed": [
                "org.apache.commons.math3.complex.Complex_ESTest"
            ],
            "failing_assertions": [],
            "failing_lines": []
        },
        {
            "patch": "/home/mmartinez/xTestCluster/Patches/Patches_Wang902/Patches_others/Dcorrect/SOFix/Math/patch1-Math-5-SOFix.patch",
            "test": "test_from_WangDRR_patch1-Math-5-CapGen",
            "failing": 0,
            "testrun": 174,
            "failings": [],
            "status": "ok",
            "test_executed": [
                "org.apache.commons.math3.complex.Complex_ESTest"
            ],
            "failing_assertions": [],
            "failing_lines": []
        },
        {
            "patch": "/home/mmartinez/xTestCluster/Patches/Patches_Wang902/Patches_others/Dcorrect/SOFix/Math/patch1-Math-5-SOFix.patch",
            "test": "test_from_WangDRR_patch1-Math-5-SOFix",
            "failing": 0,
            "testrun": 175,
            "failings": [],
            "status": "ok",
            "test_executed": [
                "org.apache.commons.math3.complex.Complex_ESTest"
            ],
            "failing_assertions": [],
            "failing_lines": []
        },
        {
            "patch": "/home/mmartinez/xTestCluster/Patches/Patches_Wang902/Patches_others/Dcorrect/SOFix/Math/patch1-Math-5-SOFix.patch",
            "test": "test_from_WangICSE_patch1-Math-5-SimFix",
            "failing": 0,
            "testrun": 154,
            "failings": [],
            "status": "ok",
            "test_executed": [
                "org.apache.commons.math3.complex.Complex_ESTest"
            ],
            "failing_assertions": [],
            "failing_lines": []
        },
        {
            "patch": "/home/mmartinez/xTestCluster/Patches/Patches_Wang902/Patches_others/Dcorrect/SOFix/Math/patch1-Math-5-SOFix.patch",
            "test": "test_from_WangDRR_patch2-Math-5-CapGen-plausible",
            "failing": 2,
            "testrun": 173,
            "failings": [
                "test146(org.apache.commons.math3.complex.Complex_ESTest)",
                "test142(org.apache.commons.math3.complex.Complex_ESTest)"
            ],
            "status": "ok",
            "test_executed": [
                "org.apache.commons.math3.complex.Complex_ESTest"
            ],
            "failing_assertions": [
                "java.lang.AssertionError: expected:<NaN> but was:<Infinity>",
                "java.lang.AssertionError"
            ],
            "failing_lines": [
                [
                    "org.apache.commons.math3.complex.Complex_ESTest.test146(Complex_ESTest.java:1091)"
                ],
                [
                    "org.apache.commons.math3.complex.Complex_ESTest.test142(Complex_ESTest.java:1055)"
                ]
            ]
        },
        {
            "patch": "/home/mmartinez/xTestCluster/Patches/Patches_Wang902/Patches_others/Dcorrect/SOFix/Math/patch1-Math-5-SOFix.patch",
            "test": "test_from_WangDRR_patch1-Math-5-Jaid",
            "failing": 0,
            "testrun": 155,
            "failings": [],
            "status": "ok",
            "test_executed": [
                "org.apache.commons.math3.complex.Complex_ESTest"
            ],
            "failing_assertions": [],
            "failing_lines": []
        },
        {
            "patch": "/home/mmartinez/xTestCluster/Patches/Patches_Wang902/Patches_others/Dcorrect/SOFix/Math/patch1-Math-5-SOFix.patch",
            "test": "test_from_WangDRR_patch1-Math-5-CapGen-plausible",
            "failing": 0,
            "testrun": 174,
            "failings": [],
            "status": "ok",
            "test_executed": [
                "org.apache.commons.math3.complex.Complex_ESTest"
            ],
            "failing_assertions": [],
            "failing_lines": []
        },
        {
            "patch": "/home/mmartinez/xTestCluster/Patches/Patches_Wang902/Patches_others/Dcorrect/SOFix/Math/patch1-Math-5-SOFix.patch",
            "test": "test_from_WangDRR_patch3-Math-5-Jaid",
            "failing": 0,
            "testrun": 157,
            "failings": [],
            "status": "ok",
            "test_executed": [
                "org.apache.commons.math3.complex.Complex_ESTest"
            ],
            "failing_assertions": [],
            "failing_lines": []
        },
        {
            "patch": "/home/mmartinez/xTestCluster/Patches/Patches_Wang902/Patches_others/Dcorrect/SOFix/Math/patch1-Math-5-SOFix.patch",
            "test": "test_from_WangDRR_patch2-Math-5-Jaid",
            "failing": 0,
            "testrun": 167,
            "failings": [],
            "status": "ok",
            "test_executed": [
                "org.apache.commons.math3.complex.Complex_ESTest"
            ],
            "failing_assertions": [],
            "failing_lines": []
        },
        {
            "patch": "/home/mmartinez/xTestCluster/Patches/Patches_Wang902/Patches_others/Dcorrect/SOFix/Math/patch1-Math-5-SOFix.patch",
            "test": "test_from_WangICSE_patch1-Math-5-ACS",
            "failing": 0,
            "testrun": 167,
            "failings": [],
            "status": "ok",
            "test_executed": [
                "org.apache.commons.math3.complex.Complex_ESTest"
            ],
            "failing_assertions": [],
            "failing_lines": []
        }
    ],
    "duration": 58.39
}