{
    "patch": "/home/mmartinez/xTestCluster/Patches/Patches_Wang902/Patches_others/Doverfitting/Jaid/Math/patch2-Math-53-Jaid-plausible.patch",
    "project": "Math",
    "bugid": "53",
    "dataset": "Patches_others",
    "date": "2022-12-22T00:43:27.520676",
    "project_checked": "ok",
    "compiledProjectModified": "ok",
    "patchApplied": "ok",
    "arrive_end": "ok",
    "patched_project_pass_all_test": "no",
    "test_execution": [
        {
            "patch": "/home/mmartinez/xTestCluster/Patches/Patches_Wang902/Patches_others/Doverfitting/Jaid/Math/patch2-Math-53-Jaid-plausible.patch",
            "test": "test_from_WangDRR_patch1-Math-53-Jaid-plausible",
            "failing": 1,
            "testrun": 130,
            "failings": [
                "test056(org.apache.commons.math.complex.Complex_ESTest)"
            ],
            "status": "ok",
            "test_executed": [
                "org.apache.commons.math.complex.Complex_ESTest"
            ],
            "failing_assertions": [
                "00:43:47.872 [main] INFO org.evosuite.runtime.instrumentation.EvoClassLoader - Seeing class for first time: META-INF/localization/LocalizedFormats"
            ],
            "failing_lines": [
                [
                    "org.apache.commons.math.complex.Complex_ESTest.test056(Complex_ESTest.java:416)"
                ]
            ]
        },
        {
            "patch": "/home/mmartinez/xTestCluster/Patches/Patches_Wang902/Patches_others/Doverfitting/Jaid/Math/patch2-Math-53-Jaid-plausible.patch",
            "test": "test_from_WangICSE_patch1-Math-53-SimFix",
            "failing": 1,
            "testrun": 126,
            "failings": [
                "test066(org.apache.commons.math.complex.Complex_ESTest)"
            ],
            "status": "ok",
            "test_executed": [
                "org.apache.commons.math.complex.Complex_ESTest"
            ],
            "failing_assertions": [
                "java.lang.AssertionError: expected:<Infinity> but was:<NaN>"
            ],
            "failing_lines": [
                [
                    "org.apache.commons.math.complex.Complex_ESTest.test066(Complex_ESTest.java:528)"
                ]
            ]
        },
        {
            "patch": "/home/mmartinez/xTestCluster/Patches/Patches_Wang902/Patches_others/Doverfitting/Jaid/Math/patch2-Math-53-Jaid-plausible.patch",
            "test": "test_from_WangDRR_patch2-Math-53-Jaid-plausible",
            "failing": 0,
            "testrun": 122,
            "failings": [],
            "status": "ok",
            "test_executed": [
                "org.apache.commons.math.complex.Complex_ESTest"
            ],
            "failing_assertions": [],
            "failing_lines": []
        },
        {
            "patch": "/home/mmartinez/xTestCluster/Patches/Patches_Wang902/Patches_others/Doverfitting/Jaid/Math/patch2-Math-53-Jaid-plausible.patch",
            "test": "test_from_WangDRR_patch1-Math-53-CapGen",
            "failing": 0,
            "testrun": 124,
            "failings": [],
            "status": "ok",
            "test_executed": [
                "org.apache.commons.math.complex.Complex_ESTest"
            ],
            "failing_assertions": [],
            "failing_lines": []
        },
        {
            "patch": "/home/mmartinez/xTestCluster/Patches/Patches_Wang902/Patches_others/Doverfitting/Jaid/Math/patch2-Math-53-Jaid-plausible.patch",
            "test": "test_from_WangICSE_patch1-Math-53-jGenProg",
            "failing": 1,
            "testrun": 126,
            "failings": [
                "test066(org.apache.commons.math.complex.Complex_ESTest)"
            ],
            "status": "ok",
            "test_executed": [
                "org.apache.commons.math.complex.Complex_ESTest"
            ],
            "failing_assertions": [
                "java.lang.AssertionError: expected:<Infinity> but was:<NaN>"
            ],
            "failing_lines": [
                [
                    "org.apache.commons.math.complex.Complex_ESTest.test066(Complex_ESTest.java:527)"
                ]
            ]
        },
        {
            "patch": "/home/mmartinez/xTestCluster/Patches/Patches_Wang902/Patches_others/Doverfitting/Jaid/Math/patch2-Math-53-Jaid-plausible.patch",
            "test": "test_from_WangDRR_patch2-Math-53-Jaid",
            "failing": 2,
            "testrun": 122,
            "failings": [
                "test058(org.apache.commons.math.complex.Complex_ESTest)",
                "test065(org.apache.commons.math.complex.Complex_ESTest)"
            ],
            "status": "ok",
            "test_executed": [
                "org.apache.commons.math.complex.Complex_ESTest"
            ],
            "failing_assertions": [
                "00:44:03.170 [main] INFO org.evosuite.runtime.instrumentation.EvoClassLoader - Seeing class for first time: META-INF/localization/LocalizedFormats",
                "java.lang.AssertionError: expected:<Infinity> but was:<NaN>"
            ],
            "failing_lines": [
                [
                    "org.apache.commons.math.complex.Complex_ESTest.test058(Complex_ESTest.java:449)"
                ],
                [
                    "org.apache.commons.math.complex.Complex_ESTest.test065(Complex_ESTest.java:522)"
                ]
            ]
        },
        {
            "patch": "/home/mmartinez/xTestCluster/Patches/Patches_Wang902/Patches_others/Doverfitting/Jaid/Math/patch2-Math-53-Jaid-plausible.patch",
            "test": "test_from_WangDRR_patch1-Math-53-Jaid",
            "failing": 1,
            "testrun": 121,
            "failings": [
                "test065(org.apache.commons.math.complex.Complex_ESTest)"
            ],
            "status": "ok",
            "test_executed": [
                "org.apache.commons.math.complex.Complex_ESTest"
            ],
            "failing_assertions": [
                "java.lang.AssertionError: expected:<Infinity> but was:<NaN>"
            ],
            "failing_lines": [
                [
                    "org.apache.commons.math.complex.Complex_ESTest.test065(Complex_ESTest.java:518)"
                ]
            ]
        },
        {
            "patch": "/home/mmartinez/xTestCluster/Patches/Patches_Wang902/Patches_others/Doverfitting/Jaid/Math/patch2-Math-53-Jaid-plausible.patch",
            "test": "test_from_WangDRR_patch3-Math-53-Jaid-plausible",
            "failing": 0,
            "testrun": 125,
            "failings": [],
            "status": "ok",
            "test_executed": [
                "org.apache.commons.math.complex.Complex_ESTest"
            ],
            "failing_assertions": [],
            "failing_lines": []
        },
        {
            "patch": "/home/mmartinez/xTestCluster/Patches/Patches_Wang902/Patches_others/Doverfitting/Jaid/Math/patch2-Math-53-Jaid-plausible.patch",
            "test": "test_from_WangDRR_patch2-Math-53-CapGen",
            "failing": 2,
            "testrun": 128,
            "failings": [
                "test057(org.apache.commons.math.complex.Complex_ESTest)",
                "test065(org.apache.commons.math.complex.Complex_ESTest)"
            ],
            "status": "ok",
            "test_executed": [
                "org.apache.commons.math.complex.Complex_ESTest"
            ],
            "failing_assertions": [
                "00:44:12.292 [main] INFO org.evosuite.runtime.instrumentation.EvoClassLoader - Seeing class for first time: META-INF/localization/LocalizedFormats",
                "java.lang.AssertionError: expected:<Infinity> but was:<NaN>"
            ],
            "failing_lines": [
                [
                    "org.apache.commons.math.complex.Complex_ESTest.test057(Complex_ESTest.java:431)"
                ],
                [
                    "org.apache.commons.math.complex.Complex_ESTest.test065(Complex_ESTest.java:512)"
                ]
            ]
        }
    ],
    "duration": 44.81
}