{
    "patch": "/home/mmartinez/xTestCluster/Patches/Patches_Wang902/Patches_ICSE/Dsame/AVATAR/Math/patch1-Math-4-AVATAR.patch",
    "project": "Math",
    "bugid": "4",
    "dataset": "Patches_ICSE",
    "date": "2022-12-16T05:58:10.469950",
    "project_checked": "ok",
    "compiledProjectModified": "ok",
    "patchApplied": "ok",
    "arrive_end": "ok",
    "patched_project_pass_all_test": "no",
    "test_execution": [
        {
            "patch": "/home/mmartinez/xTestCluster/Patches/Patches_Wang902/Patches_ICSE/Dsame/AVATAR/Math/patch1-Math-4-AVATAR.patch",
            "test": "test_from_WangICSE_patch1-Math-4-AVATAR",
            "failing": 0,
            "testrun": 48,
            "failings": [],
            "status": "ok",
            "test_executed": [
                "org.apache.commons.math3.geometry.euclidean.twod.SubLine_ESTest",
                "org.apache.commons.math3.geometry.euclidean.threed.SubLine_ESTest"
            ],
            "failing_assertions": [],
            "failing_lines": []
        },
        {
            "patch": "/home/mmartinez/xTestCluster/Patches/Patches_Wang902/Patches_ICSE/Dsame/AVATAR/Math/patch1-Math-4-AVATAR.patch",
            "test": "test_from_WangICSE_patch1-Math-4-ACS-plausible",
            "failing": 0,
            "testrun": 47,
            "failings": [],
            "status": "ok",
            "test_executed": [
                "org.apache.commons.math3.geometry.euclidean.twod.SubLine_ESTest",
                "org.apache.commons.math3.geometry.euclidean.threed.SubLine_ESTest"
            ],
            "failing_assertions": [],
            "failing_lines": []
        },
        {
            "patch": "/home/mmartinez/xTestCluster/Patches/Patches_Wang902/Patches_ICSE/Dsame/AVATAR/Math/patch1-Math-4-AVATAR.patch",
            "test": "test_from_WangICSE_patch1-Math-4-Nopol-plausible",
            "failing": 0,
            "testrun": 72,
            "failings": [],
            "status": "ok",
            "test_executed": [
                "org.apache.commons.math3.geometry.euclidean.twod.Line_ESTest"
            ],
            "failing_assertions": [],
            "failing_lines": []
        }
    ],
    "duration": 27.21
}