{
    "patch": "/home/mmartinez/xTestCluster/Patches/Patches_Wang902/Patches_ICSE/Doverfitting/jMutRepair/Closure/patch1-Closure-21-jMutRepair-plausible.patch",
    "project": "Closure",
    "bugid": "21",
    "dataset": "Patches_ICSE",
    "date": "2022-12-16T00:31:20.647225",
    "project_checked": "ok",
    "compiledProjectModified": "ok",
    "patchApplied": "ok",
    "arrive_end": "ok",
    "patched_project_pass_all_test": "no",
    "test_execution": [
        {
            "patch": "/home/mmartinez/xTestCluster/Patches/Patches_Wang902/Patches_ICSE/Doverfitting/jMutRepair/Closure/patch1-Closure-21-jMutRepair-plausible.patch",
            "test": "test_from_WangICSE_patch1-Closure-21-jGenProg-plausible",
            "failing": 0,
            "testrun": 20,
            "failings": [
                "Error"
            ],
            "status": "ok",
            "test_executed": [
                "com.google.javascript.jscomp.CheckSideEffects_ESTest"
            ],
            "failing_assertions": [
                "00:31:50.672 [main] INFO org.evosuite.runtime.instrumentation.EvoClassLoader - Seeing class for first time: com.google.javascript.rhino.head.VMBridge_custom"
            ],
            "failing_lines": []
        },
        {
            "patch": "/home/mmartinez/xTestCluster/Patches/Patches_Wang902/Patches_ICSE/Doverfitting/jMutRepair/Closure/patch1-Closure-21-jMutRepair-plausible.patch",
            "test": "test_from_WangICSE_patch1-Closure-21-SimFix-plausible",
            "failing": 0,
            "testrun": 18,
            "failings": [],
            "status": "ok",
            "test_executed": [
                "com.google.javascript.jscomp.CheckSideEffects_ESTest"
            ],
            "failing_assertions": [],
            "failing_lines": []
        },
        {
            "patch": "/home/mmartinez/xTestCluster/Patches/Patches_Wang902/Patches_ICSE/Doverfitting/jMutRepair/Closure/patch1-Closure-21-jMutRepair-plausible.patch",
            "test": "test_from_WangICSE_patch1-Closure-21-AVATAR-plausible",
            "failing": 0,
            "testrun": 22,
            "failings": [],
            "status": "ok",
            "test_executed": [
                "com.google.javascript.jscomp.CheckSideEffects_ESTest"
            ],
            "failing_assertions": [],
            "failing_lines": []
        },
        {
            "patch": "/home/mmartinez/xTestCluster/Patches/Patches_Wang902/Patches_ICSE/Doverfitting/jMutRepair/Closure/patch1-Closure-21-jMutRepair-plausible.patch",
            "test": "test_from_WangICSE_patch1-Closure-21-Arja-plausible",
            "failing": 0,
            "testrun": 18,
            "failings": [],
            "status": "ok",
            "test_executed": [
                "com.google.javascript.jscomp.CheckSideEffects_ESTest"
            ],
            "failing_assertions": [],
            "failing_lines": []
        },
        {
            "patch": "/home/mmartinez/xTestCluster/Patches/Patches_Wang902/Patches_ICSE/Doverfitting/jMutRepair/Closure/patch1-Closure-21-jMutRepair-plausible.patch",
            "test": "test_from_WangICSE_patch1-Closure-21-RSRepair-plausible",
            "failing": 0,
            "testrun": 18,
            "failings": [
                "Error",
                "Error",
                "Error",
                "Error",
                "Error"
            ],
            "status": "ok",
            "test_executed": [
                "com.google.javascript.jscomp.CheckSideEffects_ESTest"
            ],
            "failing_assertions": [
                "00:32:07.635 [main] INFO org.evosuite.runtime.instrumentation.EvoClassLoader - Seeing class for first time: com.google.javascript.rhino.head.VMBridge_custom",
                "00:32:07.693 [main] INFO org.evosuite.runtime.instrumentation.EvoClassLoader - Seeing class for first time: com.google.javascript.rhino.head.VMBridge_custom",
                "00:32:07.727 [main] INFO org.evosuite.runtime.instrumentation.EvoClassLoader - Seeing class for first time: com.google.javascript.rhino.head.VMBridge_custom",
                "00:32:07.809 [main] INFO org.evosuite.runtime.instrumentation.EvoClassLoader - Seeing class for first time: com.google.javascript.rhino.head.VMBridge_custom",
                "00:32:07.874 [main] INFO org.evosuite.runtime.instrumentation.EvoClassLoader - Seeing class for first time: com.google.javascript.rhino.head.VMBridge_custom"
            ],
            "failing_lines": []
        },
        {
            "patch": "/home/mmartinez/xTestCluster/Patches/Patches_Wang902/Patches_ICSE/Doverfitting/jMutRepair/Closure/patch1-Closure-21-jMutRepair-plausible.patch",
            "test": "test_from_WangICSE_patch1-Closure-21-Kali-plausible",
            "failing": 0,
            "testrun": 17,
            "failings": [],
            "status": "ok",
            "test_executed": [
                "com.google.javascript.jscomp.CheckSideEffects_ESTest"
            ],
            "failing_assertions": [],
            "failing_lines": []
        },
        {
            "patch": "/home/mmartinez/xTestCluster/Patches/Patches_Wang902/Patches_ICSE/Doverfitting/jMutRepair/Closure/patch1-Closure-21-jMutRepair-plausible.patch",
            "test": "test_from_WangICSE_patch1-Closure-21-jMutRepair-plausible",
            "failing": 0,
            "testrun": 16,
            "failings": [],
            "status": "ok",
            "test_executed": [
                "com.google.javascript.jscomp.CheckSideEffects_ESTest"
            ],
            "failing_assertions": [],
            "failing_lines": []
        },
        {
            "patch": "/home/mmartinez/xTestCluster/Patches/Patches_Wang902/Patches_ICSE/Doverfitting/jMutRepair/Closure/patch1-Closure-21-jMutRepair-plausible.patch",
            "test": "test_from_WangICSE_patch1-Closure-21-jKali-plausible",
            "failing": 0,
            "testrun": 23,
            "failings": [
                "Error",
                "Error"
            ],
            "status": "ok",
            "test_executed": [
                "com.google.javascript.jscomp.CheckSideEffects_ESTest"
            ],
            "failing_assertions": [
                "00:32:20.377 [main] INFO org.evosuite.runtime.instrumentation.EvoClassLoader - Seeing class for first time: com.google.javascript.rhino.head.VMBridge_custom",
                "00:32:20.423 [main] INFO org.evosuite.runtime.instrumentation.EvoClassLoader - Seeing class for first time: com.google.javascript.rhino.head.VMBridge_custom"
            ],
            "failing_lines": []
        },
        {
            "patch": "/home/mmartinez/xTestCluster/Patches/Patches_Wang902/Patches_ICSE/Doverfitting/jMutRepair/Closure/patch1-Closure-21-jMutRepair-plausible.patch",
            "test": "test_from_WangICSE_patch1-Closure-21-TBar-plausible",
            "failing": 0,
            "testrun": 22,
            "failings": [],
            "status": "ok",
            "test_executed": [
                "com.google.javascript.jscomp.CheckSideEffects_ESTest"
            ],
            "failing_assertions": [],
            "failing_lines": []
        },
        {
            "patch": "/home/mmartinez/xTestCluster/Patches/Patches_Wang902/Patches_ICSE/Doverfitting/jMutRepair/Closure/patch1-Closure-21-jMutRepair-plausible.patch",
            "test": "test_from_WangICSE_patch1-Closure-21-GenProg-plausible",
            "failing": 0,
            "testrun": 17,
            "failings": [
                "Error"
            ],
            "status": "ok",
            "test_executed": [
                "com.google.javascript.jscomp.CheckSideEffects_ESTest"
            ],
            "failing_assertions": [
                "00:32:28.528 [main] INFO org.evosuite.runtime.instrumentation.EvoClassLoader - Seeing class for first time: com.google.javascript.rhino.head.VMBridge_custom"
            ],
            "failing_lines": []
        }
    ],
    "duration": 68.17
}