{
    "patch": "/home/mmartinez/xTestCluster/Patches/Patches_Wang902/Patches_ICSE/Doverfitting/kPAR/Closure/patch1-Closure-46-kPAR-plausible.patch",
    "project": "Closure",
    "bugid": "46",
    "dataset": "Patches_ICSE",
    "date": "2022-12-27T21:04:33.212452",
    "project_checked": "ok",
    "compiledProjectModified": "ok",
    "patchApplied": "ok",
    "arrive_end": "ok",
    "patched_project_pass_all_test": "no",
    "test_execution": [
        {
            "patch": "/home/mmartinez/xTestCluster/Patches/Patches_Wang902/Patches_ICSE/Doverfitting/kPAR/Closure/patch1-Closure-46-kPAR-plausible.patch",
            "test": "test_from_WangICSE_patch1-Closure-46-Kali-plausible",
            "failing": 1,
            "testrun": 43,
            "failings": [
                "test16(com.google.javascript.rhino.jstype.RecordType_ESTest)"
            ],
            "status": "ok",
            "test_executed": [
                "com.google.javascript.rhino.jstype.RecordType_ESTest"
            ],
            "failing_assertions": [
                "java.lang.AssertionError: Exception was not thrown in com.google.javascript.rhino.jstype.JSType but in com.google.javascript.rhino.jstype.RecordType.getLeastSupertype(RecordType.java:142): java.lang.NullPointerException"
            ],
            "failing_lines": [
                [
                    "com.google.javascript.rhino.jstype.RecordType_ESTest.test16(RecordType_ESTest.java:280)"
                ]
            ]
        },
        {
            "patch": "/home/mmartinez/xTestCluster/Patches/Patches_Wang902/Patches_ICSE/Doverfitting/kPAR/Closure/patch1-Closure-46-kPAR-plausible.patch",
            "test": "test_from_WangICSE_patch1-Closure-46-Arja-plausible",
            "failing": 2,
            "testrun": 142,
            "failings": [
                "test23(com.google.javascript.rhino.jstype.RecordType_ESTest)",
                "test37(com.google.javascript.rhino.jstype.RecordType_ESTest)"
            ],
            "status": "ok",
            "test_executed": [
                "com.google.javascript.rhino.jstype.PrototypeObjectType_ESTest",
                "com.google.javascript.rhino.jstype.RecordTypeBuilder_ESTest",
                "com.google.javascript.rhino.jstype.RecordType_ESTest"
            ],
            "failing_assertions": [
                "java.lang.AssertionError",
                "java.lang.AssertionError"
            ],
            "failing_lines": [
                [
                    "com.google.javascript.rhino.jstype.RecordType_ESTest.test23(RecordType_ESTest.java:384)"
                ],
                [
                    "com.google.javascript.rhino.jstype.RecordType_ESTest.test37(RecordType_ESTest.java:580)"
                ]
            ]
        },
        {
            "patch": "/home/mmartinez/xTestCluster/Patches/Patches_Wang902/Patches_ICSE/Doverfitting/kPAR/Closure/patch1-Closure-46-kPAR-plausible.patch",
            "test": "test_from_WangICSE_patch1-Closure-46-AVATAR",
            "failing": 0,
            "testrun": 42,
            "failings": [],
            "status": "ok",
            "test_executed": [
                "com.google.javascript.rhino.jstype.RecordType_ESTest"
            ],
            "failing_assertions": [],
            "failing_lines": []
        },
        {
            "patch": "/home/mmartinez/xTestCluster/Patches/Patches_Wang902/Patches_ICSE/Doverfitting/kPAR/Closure/patch1-Closure-46-kPAR-plausible.patch",
            "test": "test_from_WangICSE_patch1-Closure-46-kPAR-plausible",
            "failing": 0,
            "testrun": 46,
            "failings": [],
            "status": "ok",
            "test_executed": [
                "com.google.javascript.rhino.jstype.RecordType_ESTest"
            ],
            "failing_assertions": [],
            "failing_lines": []
        },
        {
            "patch": "/home/mmartinez/xTestCluster/Patches/Patches_Wang902/Patches_ICSE/Doverfitting/kPAR/Closure/patch1-Closure-46-kPAR-plausible.patch",
            "test": "test_from_WangICSE_patch1-Closure-46-SimFix-plausible",
            "failing": 1,
            "testrun": 46,
            "failings": [
                "test41(com.google.javascript.rhino.jstype.RecordType_ESTest)"
            ],
            "status": "ok",
            "test_executed": [
                "com.google.javascript.rhino.jstype.RecordType_ESTest"
            ],
            "failing_assertions": [
                "java.lang.AssertionError"
            ],
            "failing_lines": [
                [
                    "com.google.javascript.rhino.jstype.RecordType_ESTest.test41(RecordType_ESTest.java:623)"
                ]
            ]
        },
        {
            "patch": "/home/mmartinez/xTestCluster/Patches/Patches_Wang902/Patches_ICSE/Doverfitting/kPAR/Closure/patch1-Closure-46-kPAR-plausible.patch",
            "test": "test_from_WangICSE_patch1-Closure-46-jKali-plausible",
            "failing": 1,
            "testrun": 47,
            "failings": [
                "test17(com.google.javascript.rhino.jstype.RecordType_ESTest)"
            ],
            "status": "ok",
            "test_executed": [
                "com.google.javascript.rhino.jstype.RecordType_ESTest"
            ],
            "failing_assertions": [
                "java.lang.AssertionError: Exception was not thrown in com.google.javascript.rhino.jstype.JSType but in com.google.javascript.rhino.jstype.RecordType.getLeastSupertype(RecordType.java:142): java.lang.NullPointerException"
            ],
            "failing_lines": [
                [
                    "com.google.javascript.rhino.jstype.RecordType_ESTest.test17(RecordType_ESTest.java:307)"
                ]
            ]
        }
    ],
    "duration": 33.28
}