{
    "patch": "/home/mmartinez/xTestCluster/Patches/Patches_Wang902/Patches_ICSE/Doverfitting/ACS/Math/patch1-Math-73-ACS-plausible.patch",
    "project": "Math",
    "bugid": "73",
    "dataset": "Patches_ICSE",
    "date": "2022-12-16T04:31:27.568015",
    "project_checked": "ok",
    "compiledProjectModified": "ok",
    "patchApplied": "ok",
    "arrive_end": "ok",
    "patched_project_pass_all_test": "no",
    "test_execution": [
        {
            "patch": "/home/mmartinez/xTestCluster/Patches/Patches_Wang902/Patches_ICSE/Doverfitting/ACS/Math/patch1-Math-73-ACS-plausible.patch",
            "test": "test_from_WangICSE_patch1-Math-73-ACS-plausible",
            "failing": 0,
            "testrun": 42,
            "failings": [],
            "status": "ok",
            "test_executed": [
                "org.apache.commons.math.analysis.solvers.BrentSolver_ESTest"
            ],
            "failing_assertions": [],
            "failing_lines": []
        },
        {
            "patch": "/home/mmartinez/xTestCluster/Patches/Patches_Wang902/Patches_ICSE/Doverfitting/ACS/Math/patch1-Math-73-ACS-plausible.patch",
            "test": "test_from_WangICSE_patch1-Math-73-Nopol-plausible",
            "failing": 2,
            "testrun": 39,
            "failings": [
                "test01(org.apache.commons.math.analysis.solvers.UnivariateRealSolverImpl_ESTest)",
                "test00(org.apache.commons.math.analysis.solvers.UnivariateRealSolverImpl_ESTest)"
            ],
            "status": "ok",
            "test_executed": [
                "org.apache.commons.math.analysis.solvers.UnivariateRealSolverImpl_ESTest"
            ],
            "failing_assertions": [
                "04:31:47.708 [main] INFO org.evosuite.runtime.instrumentation.EvoClassLoader - Seeing class for first time: org.apache.commons.math.MessagesResources",
                "org.apache.commons.math.MathRuntimeException$4: invalid interval, initial value parameters:  lower=2,011, initial=2,575.993, upper=2,575.993"
            ],
            "failing_lines": [
                [
                    "org.apache.commons.math.analysis.solvers.UnivariateRealSolverImpl_ESTest.test01(UnivariateRealSolverImpl_ESTest.java:39)"
                ],
                [
                    "org.apache.commons.math.analysis.solvers.UnivariateRealSolverImpl_ESTest.test00(UnivariateRealSolverImpl_ESTest.java:32)"
                ]
            ]
        },
        {
            "patch": "/home/mmartinez/xTestCluster/Patches/Patches_Wang902/Patches_ICSE/Doverfitting/ACS/Math/patch1-Math-73-ACS-plausible.patch",
            "test": "test_from_WangICSE_patch1-Math-73-jGenProg-plausible",
            "failing": 1,
            "testrun": 37,
            "failings": [
                "test03(org.apache.commons.math.analysis.solvers.BrentSolver_ESTest)"
            ],
            "status": "ok",
            "test_executed": [
                "org.apache.commons.math.analysis.solvers.BrentSolver_ESTest"
            ],
            "failing_assertions": [
                "java.lang.AssertionError: Expecting exception: IllegalArgumentException"
            ],
            "failing_lines": [
                [
                    "org.apache.commons.math.analysis.solvers.BrentSolver_ESTest.test03(BrentSolver_ESTest.java:78)"
                ]
            ]
        },
        {
            "patch": "/home/mmartinez/xTestCluster/Patches/Patches_Wang902/Patches_ICSE/Doverfitting/ACS/Math/patch1-Math-73-ACS-plausible.patch",
            "test": "test_from_WangICSE_patch1-Math-73-Cardumen-plausible",
            "failing": 2,
            "testrun": 43,
            "failings": [
                "test39(org.apache.commons.math.analysis.solvers.BrentSolver_ESTest)",
                "test12(org.apache.commons.math.analysis.solvers.BrentSolver_ESTest)"
            ],
            "status": "ok",
            "test_executed": [
                "org.apache.commons.math.analysis.solvers.BrentSolver_ESTest"
            ],
            "failing_assertions": [
                "java.lang.AssertionError: Exception was not thrown in org.apache.commons.math.MathRuntimeException but in org.apache.commons.math.analysis.solvers.BrentSolver.solve(BrentSolver.java:137): org.evosuite.runtime.mock.java.lang.MockThrowable",
                "java.lang.AssertionError: Exception was not thrown in org.apache.commons.math.MathRuntimeException but in org.apache.commons.math.analysis.solvers.BrentSolver.solve(BrentSolver.java:137): org.evosuite.runtime.mock.java.lang.MockThrowable"
            ],
            "failing_lines": [
                [
                    "org.apache.commons.math.analysis.solvers.BrentSolver_ESTest.test39(BrentSolver_ESTest.java:1029)"
                ],
                [
                    "org.apache.commons.math.analysis.solvers.BrentSolver_ESTest.test12(BrentSolver_ESTest.java:490)"
                ]
            ]
        },
        {
            "patch": "/home/mmartinez/xTestCluster/Patches/Patches_Wang902/Patches_ICSE/Doverfitting/ACS/Math/patch1-Math-73-ACS-plausible.patch",
            "test": "test_from_WangICSE_patch1-Math-73-SimFix-plausible",
            "failing": 1,
            "testrun": 38,
            "failings": [
                "test04(org.apache.commons.math.analysis.solvers.BrentSolver_ESTest)"
            ],
            "status": "ok",
            "test_executed": [
                "org.apache.commons.math.analysis.solvers.BrentSolver_ESTest"
            ],
            "failing_assertions": [
                "java.lang.AssertionError: Exception was not thrown in org.apache.commons.math.MathRuntimeException but in org.apache.commons.math.analysis.solvers.BrentSolver.solve(BrentSolver.java:137): org.evosuite.runtime.mock.java.lang.MockThrowable"
            ],
            "failing_lines": [
                [
                    "org.apache.commons.math.analysis.solvers.BrentSolver_ESTest.test04(BrentSolver_ESTest.java:100)"
                ]
            ]
        }
    ],
    "duration": 25.96
}