{
    "patch": "/home/mmartinez/xTestCluster/Patches/Patches_Wang902/Patches_ICSE/Doverfitting/jKali/Closure/patch1-Closure-62-jKali-plausible.patch",
    "project": "Closure",
    "bugid": "62",
    "dataset": "Patches_ICSE",
    "date": "2023-02-04T01:44:13.104663",
    "project_checked": "ok",
    "compiledProjectModified": "ok",
    "patchApplied": "ok",
    "arrive_end": "ok",
    "patched_project_pass_all_test": "no",
    "test_execution": [
        {
            "patch": "/home/mmartinez/xTestCluster/Patches/Patches_Wang902/Patches_ICSE/Doverfitting/jKali/Closure/patch1-Closure-62-jKali-plausible.patch",
            "test": "test_from_WangICSE_patch1-Closure-62-AVATAR",
            "failing": 0,
            "testrun": 15,
            "failings": [],
            "status": "ok",
            "test_executed": [
                "com.google.javascript.jscomp.LightweightMessageFormatter_ESTest"
            ],
            "failing_assertions": [],
            "failing_lines": []
        },
        {
            "patch": "/home/mmartinez/xTestCluster/Patches/Patches_Wang902/Patches_ICSE/Doverfitting/jKali/Closure/patch1-Closure-62-jKali-plausible.patch",
            "test": "test_from_WangDRR_patch1-Closure-62-Jaid",
            "failing": 1,
            "testrun": 17,
            "failings": [
                "Error",
                "Error",
                "Error",
                "test13(com.google.javascript.jscomp.LightweightMessageFormatter_ESTest)"
            ],
            "status": "ok",
            "test_executed": [
                "com.google.javascript.jscomp.LightweightMessageFormatter_ESTest"
            ],
            "failing_assertions": [
                "Feb 04, 2023 12:44:39 AM com.google.javascript.jscomp.parsing.ParserRunner parse",
                "Feb 04, 2023 12:44:39 AM com.google.javascript.jscomp.LoggerErrorManager println",
                "01:44:39.224 [main] INFO org.evosuite.runtime.instrumentation.EvoClassLoader - Seeing class for first time: com.google.javascript.jscomp.mozilla.rhino.VMBridge_custom",
                "java.lang.StringIndexOutOfBoundsException: String index out of range: 1"
            ],
            "failing_lines": [
                [
                    "com.google.javascript.jscomp.LightweightMessageFormatter_ESTest.test13(LightweightMessageFormatter_ESTest.java:184)"
                ]
            ]
        },
        {
            "patch": "/home/mmartinez/xTestCluster/Patches/Patches_Wang902/Patches_ICSE/Doverfitting/jKali/Closure/patch1-Closure-62-jKali-plausible.patch",
            "test": "test_from_WangICSE_patch1-Closure-62-SimFix",
            "failing": 0,
            "testrun": 16,
            "failings": [],
            "status": "ok",
            "test_executed": [
                "com.google.javascript.jscomp.LightweightMessageFormatter_ESTest"
            ],
            "failing_assertions": [],
            "failing_lines": []
        },
        {
            "patch": "/home/mmartinez/xTestCluster/Patches/Patches_Wang902/Patches_ICSE/Doverfitting/jKali/Closure/patch1-Closure-62-jKali-plausible.patch",
            "test": "test_from_WangDRR_patch1-Closure-62-Jaid-plausible",
            "failing": 0,
            "testrun": 15,
            "failings": [],
            "status": "ok",
            "test_executed": [
                "com.google.javascript.jscomp.LightweightMessageFormatter_ESTest"
            ],
            "failing_assertions": [],
            "failing_lines": []
        },
        {
            "patch": "/home/mmartinez/xTestCluster/Patches/Patches_Wang902/Patches_ICSE/Doverfitting/jKali/Closure/patch1-Closure-62-jKali-plausible.patch",
            "test": "test_from_WangICSE_patch1-Closure-62-Cardumen-plausible",
            "failing": 0,
            "testrun": 15,
            "failings": [],
            "status": "ok",
            "test_executed": [
                "com.google.javascript.jscomp.LightweightMessageFormatter_ESTest"
            ],
            "failing_assertions": [],
            "failing_lines": []
        },
        {
            "patch": "/home/mmartinez/xTestCluster/Patches/Patches_Wang902/Patches_ICSE/Doverfitting/jKali/Closure/patch1-Closure-62-jKali-plausible.patch",
            "test": "test_from_WangICSE_patch1-Closure-62-jKali-plausible",
            "failing": 0,
            "testrun": 16,
            "failings": [],
            "status": "ok",
            "test_executed": [
                "com.google.javascript.jscomp.LightweightMessageFormatter_ESTest"
            ],
            "failing_assertions": [],
            "failing_lines": []
        },
        {
            "patch": "/home/mmartinez/xTestCluster/Patches/Patches_Wang902/Patches_ICSE/Doverfitting/jKali/Closure/patch1-Closure-62-jKali-plausible.patch",
            "test": "test_from_WangICSE_patch1-Closure-62-kPAR-plausible",
            "failing": 0,
            "testrun": 14,
            "failings": [],
            "status": "ok",
            "test_executed": [
                "com.google.javascript.jscomp.LightweightMessageFormatter_ESTest"
            ],
            "failing_assertions": [],
            "failing_lines": []
        },
        {
            "patch": "/home/mmartinez/xTestCluster/Patches/Patches_Wang902/Patches_ICSE/Doverfitting/jKali/Closure/patch1-Closure-62-jKali-plausible.patch",
            "test": "test_from_WangICSE_patch1-Closure-62-TBar",
            "failing": 0,
            "testrun": 16,
            "failings": [],
            "status": "ok",
            "test_executed": [
                "com.google.javascript.jscomp.LightweightMessageFormatter_ESTest"
            ],
            "failing_assertions": [],
            "failing_lines": []
        },
        {
            "patch": "/home/mmartinez/xTestCluster/Patches/Patches_Wang902/Patches_ICSE/Doverfitting/jKali/Closure/patch1-Closure-62-jKali-plausible.patch",
            "test": "test_from_WangICSE_patch1-Closure-62-jMutRepair",
            "failing": 0,
            "testrun": 15,
            "failings": [],
            "status": "ok",
            "test_executed": [
                "com.google.javascript.jscomp.LightweightMessageFormatter_ESTest"
            ],
            "failing_assertions": [],
            "failing_lines": []
        }
    ],
    "duration": 47.64
}