{
    "patch": "/home/mmartinez/xTestCluster/Patches/Patches_Wang902/Patches_others/Dcorrect/SketchFix/Closure/patch1-Closure-14-SketchFix.patch",
    "project": "Closure",
    "bugid": "14",
    "dataset": "Patches_others",
    "date": "2023-02-05T14:14:16.287367",
    "project_checked": "ok",
    "compiledProjectModified": "ok",
    "patchApplied": "ok",
    "arrive_end": "ok",
    "patched_project_pass_all_test": "no",
    "test_execution": [
        {
            "patch": "/home/mmartinez/xTestCluster/Patches/Patches_Wang902/Patches_others/Dcorrect/SketchFix/Closure/patch1-Closure-14-SketchFix.patch",
            "test": "test_from_WangICSE_patch1-Closure-14-SimFix-plausible",
            "failing": 0,
            "testrun": 114,
            "failings": [],
            "status": "ok",
            "test_executed": [
                "com.google.javascript.jscomp.ControlFlowAnalysis_ESTest"
            ],
            "failing_assertions": [],
            "failing_lines": []
        },
        {
            "patch": "/home/mmartinez/xTestCluster/Patches/Patches_Wang902/Patches_others/Dcorrect/SketchFix/Closure/patch1-Closure-14-SketchFix.patch",
            "test": "test_from_WangDRR_patch1-Closure-14-SketchFix",
            "failing": 0,
            "testrun": 149,
            "failings": [],
            "status": "ok",
            "test_executed": [
                "com.google.javascript.jscomp.ControlFlowAnalysis_ESTest"
            ],
            "failing_assertions": [],
            "failing_lines": []
        }
    ],
    "duration": 27.76
}