{
    "patch": "/home/mmartinez/xTestCluster/Patches/Patches_Wang902/Patches_ICSE/Doverfitting/kPAR/Lang/patch1-Lang-59-kPAR-plausible.patch",
    "project": "Lang",
    "bugid": "59",
    "dataset": "Patches_ICSE",
    "date": "2022-12-16T06:18:04.852729",
    "project_checked": "ok",
    "compiledProjectModified": "ok",
    "patchApplied": "ok",
    "arrive_end": "ok",
    "patched_project_pass_all_test": "no",
    "test_execution": [
        {
            "patch": "/home/mmartinez/xTestCluster/Patches/Patches_Wang902/Patches_ICSE/Doverfitting/kPAR/Lang/patch1-Lang-59-kPAR-plausible.patch",
            "test": "test_from_WangICSE_patch1-Lang-59-TBar",
            "failing": 6,
            "testrun": 339,
            "failings": [
                "test002(org.apache.commons.lang.text.StrBuilder_ESTest)",
                "test106(org.apache.commons.lang.text.StrBuilder_ESTest)",
                "test294(org.apache.commons.lang.text.StrBuilder_ESTest)",
                "test162(org.apache.commons.lang.text.StrBuilder_ESTest)",
                "test091(org.apache.commons.lang.text.StrBuilder_ESTest)",
                "test069(org.apache.commons.lang.text.StrBuilder_ESTest)"
            ],
            "status": "ok",
            "test_executed": [
                "org.apache.commons.lang.text.StrBuilder_ESTest"
            ],
            "failing_assertions": [
                "java.lang.AssertionError: expected:<32> but was:<57>",
                "java.lang.AssertionError: expected:<32> but was:<57>",
                "java.lang.ArrayIndexOutOfBoundsException",
                "java.lang.ArrayIndexOutOfBoundsException",
                "java.lang.ArrayIndexOutOfBoundsException",
                "java.lang.AssertionError: expected:<32> but was:<57>"
            ],
            "failing_lines": [
                [
                    "org.apache.commons.lang.text.StrBuilder_ESTest.test002(StrBuilder_ESTest.java:147)"
                ],
                [
                    "org.apache.commons.lang.text.StrBuilder_ESTest.test106(StrBuilder_ESTest.java:3862)"
                ],
                [
                    "org.apache.commons.lang.text.StrBuilder_ESTest.test294(StrBuilder_ESTest.java:8363)"
                ],
                [
                    "org.apache.commons.lang.text.StrBuilder_ESTest.test162(StrBuilder_ESTest.java:5713)"
                ],
                [
                    "org.apache.commons.lang.text.StrBuilder_ESTest.test091(StrBuilder_ESTest.java:3346)"
                ],
                [
                    "org.apache.commons.lang.text.StrBuilder_ESTest.test069(StrBuilder_ESTest.java:2464)"
                ]
            ]
        },
        {
            "patch": "/home/mmartinez/xTestCluster/Patches/Patches_Wang902/Patches_ICSE/Doverfitting/kPAR/Lang/patch1-Lang-59-kPAR-plausible.patch",
            "test": "test_from_WangDRR_patch11-Lang-59-CapGen-plausible",
            "failing": 11,
            "testrun": 365,
            "failings": [
                "test011(org.apache.commons.lang.text.StrBuilder_ESTest)",
                "test123(org.apache.commons.lang.text.StrBuilder_ESTest)",
                "test244(org.apache.commons.lang.text.StrBuilder_ESTest)",
                "test112(org.apache.commons.lang.text.StrBuilder_ESTest)",
                "test232(org.apache.commons.lang.text.StrBuilder_ESTest)",
                "test102(org.apache.commons.lang.text.StrBuilder_ESTest)",
                "test031(org.apache.commons.lang.text.StrBuilder_ESTest)",
                "test147(org.apache.commons.lang.text.StrBuilder_ESTest)",
                "test019(org.apache.commons.lang.text.StrBuilder_ESTest)",
                "test016(org.apache.commons.lang.text.StrBuilder_ESTest)",
                "test075(org.apache.commons.lang.text.StrBuilder_ESTest)"
            ],
            "status": "ok",
            "test_executed": [
                "org.apache.commons.lang.text.StrBuilder_ESTest"
            ],
            "failing_assertions": [
                "java.lang.AssertionError: expected:<57> but was:<93>",
                "java.lang.AssertionError: expected:<32> but was:<57>",
                "java.lang.ArrayIndexOutOfBoundsException: 91",
                "java.lang.AssertionError: expected:<59> but was:<86>",
                "java.lang.AssertionError: expected:<61> but was:<86>",
                "java.lang.AssertionError: expected:<59> but was:<86>",
                "java.lang.AssertionError: expected:<32> but was:<69>",
                "java.lang.AssertionError: Expecting exception: ArrayIndexOutOfBoundsException",
                "java.lang.ArrayIndexOutOfBoundsException: 104",
                "java.lang.AssertionError: expected:<32> but was:<37>",
                "java.lang.AssertionError: expected:<32> but was:<57>"
            ],
            "failing_lines": [
                [
                    "org.apache.commons.lang.text.StrBuilder_ESTest.test011(StrBuilder_ESTest.java:412)"
                ],
                [
                    "org.apache.commons.lang.text.StrBuilder_ESTest.test123(StrBuilder_ESTest.java:4468)"
                ],
                [
                    "org.apache.commons.lang.text.StrBuilder_ESTest.test244(StrBuilder_ESTest.java:7980)"
                ],
                [
                    "org.apache.commons.lang.text.StrBuilder_ESTest.test112(StrBuilder_ESTest.java:4121)"
                ],
                [
                    "org.apache.commons.lang.text.StrBuilder_ESTest.test232(StrBuilder_ESTest.java:7618)"
                ],
                [
                    "org.apache.commons.lang.text.StrBuilder_ESTest.test102(StrBuilder_ESTest.java:3824)"
                ],
                [
                    "org.apache.commons.lang.text.StrBuilder_ESTest.test031(StrBuilder_ESTest.java:1173)"
                ],
                [
                    "org.apache.commons.lang.text.StrBuilder_ESTest.test147(StrBuilder_ESTest.java:5125)"
                ],
                [
                    "org.apache.commons.lang.text.StrBuilder_ESTest.test019(StrBuilder_ESTest.java:700)"
                ],
                [
                    "org.apache.commons.lang.text.StrBuilder_ESTest.test016(StrBuilder_ESTest.java:596)"
                ],
                [
                    "org.apache.commons.lang.text.StrBuilder_ESTest.test075(StrBuilder_ESTest.java:2802)"
                ]
            ]
        },
        {
            "patch": "/home/mmartinez/xTestCluster/Patches/Patches_Wang902/Patches_ICSE/Doverfitting/kPAR/Lang/patch1-Lang-59-kPAR-plausible.patch",
            "test": "test_from_WangDRR_patch13-Lang-59-CapGen-plausible",
            "failing": 18,
            "testrun": 354,
            "failings": [
                "test130(org.apache.commons.lang.text.StrBuilder_ESTest)",
                "test132(org.apache.commons.lang.text.StrBuilder_ESTest)",
                "test008(org.apache.commons.lang.text.StrBuilder_ESTest)",
                "test122(org.apache.commons.lang.text.StrBuilder_ESTest)",
                "test235(org.apache.commons.lang.text.StrBuilder_ESTest)",
                "test044(org.apache.commons.lang.text.StrBuilder_ESTest)",
                "test038(org.apache.commons.lang.text.StrBuilder_ESTest)",
                "test032(org.apache.commons.lang.text.StrBuilder_ESTest)",
                "test031(org.apache.commons.lang.text.StrBuilder_ESTest)",
                "test033(org.apache.commons.lang.text.StrBuilder_ESTest)",
                "test272(org.apache.commons.lang.text.StrBuilder_ESTest)",
                "test134(org.apache.commons.lang.text.StrBuilder_ESTest)",
                "test097(org.apache.commons.lang.text.StrBuilder_ESTest)",
                "test068(org.apache.commons.lang.text.StrBuilder_ESTest)",
                "test067(org.apache.commons.lang.text.StrBuilder_ESTest)",
                "test061(org.apache.commons.lang.text.StrBuilder_ESTest)",
                "test313(org.apache.commons.lang.text.StrBuilder_ESTest)",
                "test319(org.apache.commons.lang.text.StrBuilder_ESTest)"
            ],
            "status": "ok",
            "test_executed": [
                "org.apache.commons.lang.text.StrBuilder_ESTest"
            ],
            "failing_assertions": [
                "java.lang.ArrayIndexOutOfBoundsException: 69",
                "java.lang.ArrayIndexOutOfBoundsException: 70",
                "java.lang.ArrayIndexOutOfBoundsException: 70",
                "java.lang.AssertionError: expected:<32> but was:<38>",
                "java.lang.ArrayIndexOutOfBoundsException: 116",
                "java.lang.AssertionError: expected:<32> but was:<56>",
                "java.lang.ArrayIndexOutOfBoundsException: 56",
                "java.lang.AssertionError: expected:<32> but was:<57>",
                "java.lang.ArrayIndexOutOfBoundsException: 70",
                "java.lang.AssertionError: expected:<32> but was:<56>",
                "java.lang.ArrayIndexOutOfBoundsException: 116",
                "java.lang.AssertionError: Expecting exception: ArrayIndexOutOfBoundsException",
                "java.lang.ArrayIndexOutOfBoundsException: 70",
                "java.lang.AssertionError: expected:<32> but was:<57>",
                "java.lang.AssertionError: expected:<32> but was:<57>",
                "java.lang.AssertionError: expected:<32> but was:<57>",
                "java.lang.ArrayIndexOutOfBoundsException: 116",
                "java.lang.ArrayIndexOutOfBoundsException: 94"
            ],
            "failing_lines": [
                [
                    "org.apache.commons.lang.text.StrBuilder_ESTest.test130(StrBuilder_ESTest.java:5085)"
                ],
                [
                    "org.apache.commons.lang.text.StrBuilder_ESTest.test132(StrBuilder_ESTest.java:5160)"
                ],
                [
                    "org.apache.commons.lang.text.StrBuilder_ESTest.test008(StrBuilder_ESTest.java:330)"
                ],
                [
                    "org.apache.commons.lang.text.StrBuilder_ESTest.test122(StrBuilder_ESTest.java:4851)"
                ],
                [
                    "org.apache.commons.lang.text.StrBuilder_ESTest.test235(StrBuilder_ESTest.java:8203)"
                ],
                [
                    "org.apache.commons.lang.text.StrBuilder_ESTest.test044(StrBuilder_ESTest.java:1715)"
                ],
                [
                    "org.apache.commons.lang.text.StrBuilder_ESTest.test038(StrBuilder_ESTest.java:1532)"
                ],
                [
                    "org.apache.commons.lang.text.StrBuilder_ESTest.test032(StrBuilder_ESTest.java:1323)"
                ],
                [
                    "org.apache.commons.lang.text.StrBuilder_ESTest.test031(StrBuilder_ESTest.java:1208)"
                ],
                [
                    "org.apache.commons.lang.text.StrBuilder_ESTest.test033(StrBuilder_ESTest.java:1361)"
                ],
                [
                    "org.apache.commons.lang.text.StrBuilder_ESTest.test272(StrBuilder_ESTest.java:9176)"
                ],
                [
                    "org.apache.commons.lang.text.StrBuilder_ESTest.test134(StrBuilder_ESTest.java:5240)"
                ],
                [
                    "org.apache.commons.lang.text.StrBuilder_ESTest.test097(StrBuilder_ESTest.java:4019)"
                ],
                [
                    "org.apache.commons.lang.text.StrBuilder_ESTest.test068(StrBuilder_ESTest.java:2732)"
                ],
                [
                    "org.apache.commons.lang.text.StrBuilder_ESTest.test067(StrBuilder_ESTest.java:2688)"
                ],
                [
                    "org.apache.commons.lang.text.StrBuilder_ESTest.test061(StrBuilder_ESTest.java:2494)"
                ],
                [
                    "org.apache.commons.lang.text.StrBuilder_ESTest.test313(StrBuilder_ESTest.java:9657)"
                ],
                [
                    "org.apache.commons.lang.text.StrBuilder_ESTest.test319(StrBuilder_ESTest.java:9726)"
                ]
            ]
        },
        {
            "patch": "/home/mmartinez/xTestCluster/Patches/Patches_Wang902/Patches_ICSE/Doverfitting/kPAR/Lang/patch1-Lang-59-kPAR-plausible.patch",
            "test": "test_from_WangDRR_patch1-Lang-59-SequenceR",
            "failing": 11,
            "testrun": 362,
            "failings": [
                "test123(org.apache.commons.lang.text.StrBuilder_ESTest)",
                "test122(org.apache.commons.lang.text.StrBuilder_ESTest)",
                "test115(org.apache.commons.lang.text.StrBuilder_ESTest)",
                "test235(org.apache.commons.lang.text.StrBuilder_ESTest)",
                "test050(org.apache.commons.lang.text.StrBuilder_ESTest)",
                "test029(org.apache.commons.lang.text.StrBuilder_ESTest)",
                "test015(org.apache.commons.lang.text.StrBuilder_ESTest)",
                "test096(org.apache.commons.lang.text.StrBuilder_ESTest)",
                "test193(org.apache.commons.lang.text.StrBuilder_ESTest)",
                "test065(org.apache.commons.lang.text.StrBuilder_ESTest)",
                "test066(org.apache.commons.lang.text.StrBuilder_ESTest)"
            ],
            "status": "ok",
            "test_executed": [
                "org.apache.commons.lang.text.StrBuilder_ESTest"
            ],
            "failing_assertions": [
                "java.lang.ArrayIndexOutOfBoundsException",
                "java.lang.ArrayIndexOutOfBoundsException: 74",
                "java.lang.AssertionError: expected:<32> but was:<57>",
                "java.lang.ArrayIndexOutOfBoundsException: 74",
                "java.lang.ArrayIndexOutOfBoundsException: 69",
                "java.lang.ArrayIndexOutOfBoundsException: 36",
                "java.lang.ArrayIndexOutOfBoundsException: 100",
                "java.lang.ArrayIndexOutOfBoundsException",
                "java.lang.ArrayIndexOutOfBoundsException: 56",
                "java.lang.AssertionError: expected:<32> but was:<57>",
                "java.lang.ArrayIndexOutOfBoundsException: 100"
            ],
            "failing_lines": [
                [
                    "org.apache.commons.lang.text.StrBuilder_ESTest.test123(StrBuilder_ESTest.java:4804)"
                ],
                [
                    "org.apache.commons.lang.text.StrBuilder_ESTest.test122(StrBuilder_ESTest.java:4735)"
                ],
                [
                    "org.apache.commons.lang.text.StrBuilder_ESTest.test115(StrBuilder_ESTest.java:4476)"
                ],
                [
                    "org.apache.commons.lang.text.StrBuilder_ESTest.test235(StrBuilder_ESTest.java:8257)"
                ],
                [
                    "org.apache.commons.lang.text.StrBuilder_ESTest.test050(StrBuilder_ESTest.java:1885)"
                ],
                [
                    "org.apache.commons.lang.text.StrBuilder_ESTest.test029(StrBuilder_ESTest.java:1141)"
                ],
                [
                    "org.apache.commons.lang.text.StrBuilder_ESTest.test015(StrBuilder_ESTest.java:649)"
                ],
                [
                    "org.apache.commons.lang.text.StrBuilder_ESTest.test096(StrBuilder_ESTest.java:3810)"
                ],
                [
                    "org.apache.commons.lang.text.StrBuilder_ESTest.test193(StrBuilder_ESTest.java:7014)"
                ],
                [
                    "org.apache.commons.lang.text.StrBuilder_ESTest.test065(StrBuilder_ESTest.java:2496)"
                ],
                [
                    "org.apache.commons.lang.text.StrBuilder_ESTest.test066(StrBuilder_ESTest.java:2539)"
                ]
            ]
        },
        {
            "patch": "/home/mmartinez/xTestCluster/Patches/Patches_Wang902/Patches_ICSE/Doverfitting/kPAR/Lang/patch1-Lang-59-kPAR-plausible.patch",
            "test": "test_from_WangDRR_patch8-Lang-59-CapGen-plausible",
            "failing": 5,
            "testrun": 340,
            "failings": [
                "test227(org.apache.commons.lang.text.StrBuilder_ESTest)",
                "test038(org.apache.commons.lang.text.StrBuilder_ESTest)",
                "test034(org.apache.commons.lang.text.StrBuilder_ESTest)",
                "test014(org.apache.commons.lang.text.StrBuilder_ESTest)",
                "test069(org.apache.commons.lang.text.StrBuilder_ESTest)"
            ],
            "status": "ok",
            "test_executed": [
                "org.apache.commons.lang.text.StrBuilder_ESTest"
            ],
            "failing_assertions": [
                "java.lang.AssertionError: expected:<35> but was:<122>",
                "java.lang.AssertionError: expected:<48> but was:<122>",
                "java.lang.AssertionError: expected:<48> but was:<122>",
                "java.lang.AssertionError: expected:<46> but was:<92>",
                "java.lang.AssertionError: expected:<32> but was:<57>"
            ],
            "failing_lines": [
                [
                    "org.apache.commons.lang.text.StrBuilder_ESTest.test227(StrBuilder_ESTest.java:7523)"
                ],
                [
                    "org.apache.commons.lang.text.StrBuilder_ESTest.test038(StrBuilder_ESTest.java:1443)"
                ],
                [
                    "org.apache.commons.lang.text.StrBuilder_ESTest.test034(StrBuilder_ESTest.java:1321)"
                ],
                [
                    "org.apache.commons.lang.text.StrBuilder_ESTest.test014(StrBuilder_ESTest.java:549)"
                ],
                [
                    "org.apache.commons.lang.text.StrBuilder_ESTest.test069(StrBuilder_ESTest.java:2524)"
                ]
            ]
        },
        {
            "patch": "/home/mmartinez/xTestCluster/Patches/Patches_Wang902/Patches_ICSE/Doverfitting/kPAR/Lang/patch1-Lang-59-kPAR-plausible.patch",
            "test": "test_from_WangDRR_patch5-Lang-59-CapGen-plausible",
            "failing": 15,
            "testrun": 357,
            "failings": [
                "test010(org.apache.commons.lang.text.StrBuilder_ESTest)",
                "test012(org.apache.commons.lang.text.StrBuilder_ESTest)",
                "test002(org.apache.commons.lang.text.StrBuilder_ESTest)",
                "test123(org.apache.commons.lang.text.StrBuilder_ESTest)",
                "test247(org.apache.commons.lang.text.StrBuilder_ESTest)",
                "test125(org.apache.commons.lang.text.StrBuilder_ESTest)",
                "test122(org.apache.commons.lang.text.StrBuilder_ESTest)",
                "test119(org.apache.commons.lang.text.StrBuilder_ESTest)",
                "test232(org.apache.commons.lang.text.StrBuilder_ESTest)",
                "test109(org.apache.commons.lang.text.StrBuilder_ESTest)",
                "test175(org.apache.commons.lang.text.StrBuilder_ESTest)",
                "test034(org.apache.commons.lang.text.StrBuilder_ESTest)",
                "test014(org.apache.commons.lang.text.StrBuilder_ESTest)",
                "test068(org.apache.commons.lang.text.StrBuilder_ESTest)",
                "test065(org.apache.commons.lang.text.StrBuilder_ESTest)"
            ],
            "status": "ok",
            "test_executed": [
                "org.apache.commons.lang.text.StrBuilder_ESTest"
            ],
            "failing_assertions": [
                "java.lang.ArrayIndexOutOfBoundsException: 69",
                "java.lang.ArrayIndexOutOfBoundsException: 34",
                "java.lang.ArrayIndexOutOfBoundsException: 69",
                "java.lang.ArrayIndexOutOfBoundsException: 69",
                "java.lang.AssertionError: expected:<32> but was:<37>",
                "java.lang.ArrayIndexOutOfBoundsException: 89",
                "java.lang.ArrayIndexOutOfBoundsException: 69",
                "java.lang.ArrayIndexOutOfBoundsException: 69",
                "java.lang.ArrayIndexOutOfBoundsException: 69",
                "java.lang.AssertionError: expected:<32> but was:<57>",
                "java.lang.ArrayIndexOutOfBoundsException: 69",
                "java.lang.ArrayIndexOutOfBoundsException: 69",
                "java.lang.ArrayIndexOutOfBoundsException: 69",
                "java.lang.AssertionError: expected:<32> but was:<57>",
                "java.lang.AssertionError: expected:<32> but was:<57>"
            ],
            "failing_lines": [
                [
                    "org.apache.commons.lang.text.StrBuilder_ESTest.test010(StrBuilder_ESTest.java:473)"
                ],
                [
                    "org.apache.commons.lang.text.StrBuilder_ESTest.test012(StrBuilder_ESTest.java:534)"
                ],
                [
                    "org.apache.commons.lang.text.StrBuilder_ESTest.test002(StrBuilder_ESTest.java:171)"
                ],
                [
                    "org.apache.commons.lang.text.StrBuilder_ESTest.test123(StrBuilder_ESTest.java:4413)"
                ],
                [
                    "org.apache.commons.lang.text.StrBuilder_ESTest.test247(StrBuilder_ESTest.java:8151)"
                ],
                [
                    "org.apache.commons.lang.text.StrBuilder_ESTest.test125(StrBuilder_ESTest.java:4498)"
                ],
                [
                    "org.apache.commons.lang.text.StrBuilder_ESTest.test122(StrBuilder_ESTest.java:4365)"
                ],
                [
                    "org.apache.commons.lang.text.StrBuilder_ESTest.test119(StrBuilder_ESTest.java:4259)"
                ],
                [
                    "org.apache.commons.lang.text.StrBuilder_ESTest.test232(StrBuilder_ESTest.java:7705)"
                ],
                [
                    "org.apache.commons.lang.text.StrBuilder_ESTest.test109(StrBuilder_ESTest.java:3918)"
                ],
                [
                    "org.apache.commons.lang.text.StrBuilder_ESTest.test175(StrBuilder_ESTest.java:6107)"
                ],
                [
                    "org.apache.commons.lang.text.StrBuilder_ESTest.test034(StrBuilder_ESTest.java:1237)"
                ],
                [
                    "org.apache.commons.lang.text.StrBuilder_ESTest.test014(StrBuilder_ESTest.java:595)"
                ],
                [
                    "org.apache.commons.lang.text.StrBuilder_ESTest.test068(StrBuilder_ESTest.java:2497)"
                ],
                [
                    "org.apache.commons.lang.text.StrBuilder_ESTest.test065(StrBuilder_ESTest.java:2353)"
                ]
            ]
        },
        {
            "patch": "/home/mmartinez/xTestCluster/Patches/Patches_Wang902/Patches_ICSE/Doverfitting/kPAR/Lang/patch1-Lang-59-kPAR-plausible.patch",
            "test": "test_from_WangDRR_patch9-Lang-59-CapGen-plausible",
            "failing": 4,
            "testrun": 345,
            "failings": [
                "test011(org.apache.commons.lang.text.StrBuilder_ESTest)",
                "test003(org.apache.commons.lang.text.StrBuilder_ESTest)",
                "test115(org.apache.commons.lang.text.StrBuilder_ESTest)",
                "test098(org.apache.commons.lang.text.StrBuilder_ESTest)"
            ],
            "status": "ok",
            "test_executed": [
                "org.apache.commons.lang.text.StrBuilder_ESTest"
            ],
            "failing_assertions": [
                "java.lang.AssertionError: expected:<46> but was:<92>",
                "java.lang.AssertionError: expected:<48> but was:<122>",
                "java.lang.ArrayIndexOutOfBoundsException",
                "java.lang.AssertionError: Expecting exception: ArrayIndexOutOfBoundsException"
            ],
            "failing_lines": [
                [
                    "org.apache.commons.lang.text.StrBuilder_ESTest.test011(StrBuilder_ESTest.java:675)"
                ],
                [
                    "org.apache.commons.lang.text.StrBuilder_ESTest.test003(StrBuilder_ESTest.java:218)"
                ],
                [
                    "org.apache.commons.lang.text.StrBuilder_ESTest.test115(StrBuilder_ESTest.java:4656)"
                ],
                [
                    "org.apache.commons.lang.text.StrBuilder_ESTest.test098(StrBuilder_ESTest.java:3973)"
                ]
            ]
        },
        {
            "patch": "/home/mmartinez/xTestCluster/Patches/Patches_Wang902/Patches_ICSE/Doverfitting/kPAR/Lang/patch1-Lang-59-kPAR-plausible.patch",
            "test": "test_from_WangDRR_patch1-Lang-59-CapGen-plausible",
            "failing": 5,
            "testrun": 359,
            "failings": [
                "test131(org.apache.commons.lang.text.StrBuilder_ESTest)",
                "test132(org.apache.commons.lang.text.StrBuilder_ESTest)",
                "test176(org.apache.commons.lang.text.StrBuilder_ESTest)",
                "test016(org.apache.commons.lang.text.StrBuilder_ESTest)",
                "test064(org.apache.commons.lang.text.StrBuilder_ESTest)"
            ],
            "status": "ok",
            "test_executed": [
                "org.apache.commons.lang.text.StrBuilder_ESTest"
            ],
            "failing_assertions": [
                "java.lang.AssertionError: expected:<88> but was:<121>",
                "java.lang.AssertionError: expected:<35> but was:<42>",
                "java.lang.AssertionError: expected:<32> but was:<66>",
                "java.lang.AssertionError: expected:<32> but was:<35>",
                "java.lang.AssertionError: expected:<32> but was:<57>"
            ],
            "failing_lines": [
                [
                    "org.apache.commons.lang.text.StrBuilder_ESTest.test131(StrBuilder_ESTest.java:4299)"
                ],
                [
                    "org.apache.commons.lang.text.StrBuilder_ESTest.test132(StrBuilder_ESTest.java:4330)"
                ],
                [
                    "org.apache.commons.lang.text.StrBuilder_ESTest.test176(StrBuilder_ESTest.java:5829)"
                ],
                [
                    "org.apache.commons.lang.text.StrBuilder_ESTest.test016(StrBuilder_ESTest.java:600)"
                ],
                [
                    "org.apache.commons.lang.text.StrBuilder_ESTest.test064(StrBuilder_ESTest.java:2230)"
                ]
            ]
        },
        {
            "patch": "/home/mmartinez/xTestCluster/Patches/Patches_Wang902/Patches_ICSE/Doverfitting/kPAR/Lang/patch1-Lang-59-kPAR-plausible.patch",
            "test": "test_from_WangDRR_patch2-Lang-59-CapGen-plausible",
            "failing": 4,
            "testrun": 356,
            "failings": [
                "test037(org.apache.commons.lang.text.StrBuilder_ESTest)",
                "test135(org.apache.commons.lang.text.StrBuilder_ESTest)",
                "test136(org.apache.commons.lang.text.StrBuilder_ESTest)",
                "test070(org.apache.commons.lang.text.StrBuilder_ESTest)"
            ],
            "status": "ok",
            "test_executed": [
                "org.apache.commons.lang.text.StrBuilder_ESTest"
            ],
            "failing_assertions": [
                "java.lang.AssertionError: expected:<32> but was:<127>",
                "java.lang.AssertionError: expected:<88> but was:<121>",
                "java.lang.AssertionError: expected:<36> but was:<89>",
                "java.lang.AssertionError: expected:<32> but was:<57>"
            ],
            "failing_lines": [
                [
                    "org.apache.commons.lang.text.StrBuilder_ESTest.test037(StrBuilder_ESTest.java:1421)"
                ],
                [
                    "org.apache.commons.lang.text.StrBuilder_ESTest.test135(StrBuilder_ESTest.java:4554)"
                ],
                [
                    "org.apache.commons.lang.text.StrBuilder_ESTest.test136(StrBuilder_ESTest.java:4583)"
                ],
                [
                    "org.apache.commons.lang.text.StrBuilder_ESTest.test070(StrBuilder_ESTest.java:2594)"
                ]
            ]
        },
        {
            "patch": "/home/mmartinez/xTestCluster/Patches/Patches_Wang902/Patches_ICSE/Doverfitting/kPAR/Lang/patch1-Lang-59-kPAR-plausible.patch",
            "test": "test_from_WangDRR_patch1-Lang-59-CapGen",
            "failing": 9,
            "testrun": 357,
            "failings": [
                "test133(org.apache.commons.lang.text.StrBuilder_ESTest)",
                "test117(org.apache.commons.lang.text.StrBuilder_ESTest)",
                "test119(org.apache.commons.lang.text.StrBuilder_ESTest)",
                "test103(org.apache.commons.lang.text.StrBuilder_ESTest)",
                "test033(org.apache.commons.lang.text.StrBuilder_ESTest)",
                "test138(org.apache.commons.lang.text.StrBuilder_ESTest)",
                "test256(org.apache.commons.lang.text.StrBuilder_ESTest)",
                "test070(org.apache.commons.lang.text.StrBuilder_ESTest)",
                "test199(org.apache.commons.lang.text.StrBuilder_ESTest)"
            ],
            "status": "ok",
            "test_executed": [
                "org.apache.commons.lang.text.StrBuilder_ESTest"
            ],
            "failing_assertions": [
                "java.lang.ArrayIndexOutOfBoundsException: 69",
                "java.lang.AssertionError: expected:<32> but was:<36>",
                "java.lang.AssertionError: expected:<32> but was:<57>",
                "java.lang.ArrayIndexOutOfBoundsException",
                "java.lang.ArrayIndexOutOfBoundsException: 113",
                "java.lang.ArrayIndexOutOfBoundsException: 113",
                "java.lang.ArrayIndexOutOfBoundsException: 101",
                "java.lang.AssertionError: expected:<32> but was:<57>",
                "java.lang.ArrayIndexOutOfBoundsException: 69"
            ],
            "failing_lines": [
                [
                    "org.apache.commons.lang.text.StrBuilder_ESTest.test133(StrBuilder_ESTest.java:5243)"
                ],
                [
                    "org.apache.commons.lang.text.StrBuilder_ESTest.test117(StrBuilder_ESTest.java:4676)"
                ],
                [
                    "org.apache.commons.lang.text.StrBuilder_ESTest.test119(StrBuilder_ESTest.java:4756)"
                ],
                [
                    "org.apache.commons.lang.text.StrBuilder_ESTest.test103(StrBuilder_ESTest.java:4143)"
                ],
                [
                    "org.apache.commons.lang.text.StrBuilder_ESTest.test033(StrBuilder_ESTest.java:1272)"
                ],
                [
                    "org.apache.commons.lang.text.StrBuilder_ESTest.test138(StrBuilder_ESTest.java:5407)"
                ],
                [
                    "org.apache.commons.lang.text.StrBuilder_ESTest.test256(StrBuilder_ESTest.java:8124)"
                ],
                [
                    "org.apache.commons.lang.text.StrBuilder_ESTest.test070(StrBuilder_ESTest.java:2722)"
                ],
                [
                    "org.apache.commons.lang.text.StrBuilder_ESTest.test199(StrBuilder_ESTest.java:7241)"
                ]
            ]
        },
        {
            "patch": "/home/mmartinez/xTestCluster/Patches/Patches_Wang902/Patches_ICSE/Doverfitting/kPAR/Lang/patch1-Lang-59-kPAR-plausible.patch",
            "test": "test_from_WangICSE_patch1-Lang-59-kPAR-plausible",
            "failing": 0,
            "testrun": 360,
            "failings": [],
            "status": "ok",
            "test_executed": [
                "org.apache.commons.lang.text.StrBuilder_ESTest"
            ],
            "failing_assertions": [],
            "failing_lines": []
        },
        {
            "patch": "/home/mmartinez/xTestCluster/Patches/Patches_Wang902/Patches_ICSE/Doverfitting/kPAR/Lang/patch1-Lang-59-kPAR-plausible.patch",
            "test": "test_from_WangDRR_patch7-Lang-59-CapGen-plausible",
            "failing": 10,
            "testrun": 369,
            "failings": [
                "test127(org.apache.commons.lang.text.StrBuilder_ESTest)",
                "test004(org.apache.commons.lang.text.StrBuilder_ESTest)",
                "test119(org.apache.commons.lang.text.StrBuilder_ESTest)",
                "test229(org.apache.commons.lang.text.StrBuilder_ESTest)",
                "test049(org.apache.commons.lang.text.StrBuilder_ESTest)",
                "test045(org.apache.commons.lang.text.StrBuilder_ESTest)",
                "test027(org.apache.commons.lang.text.StrBuilder_ESTest)",
                "test143(org.apache.commons.lang.text.StrBuilder_ESTest)",
                "test013(org.apache.commons.lang.text.StrBuilder_ESTest)",
                "test182(org.apache.commons.lang.text.StrBuilder_ESTest)"
            ],
            "status": "ok",
            "test_executed": [
                "org.apache.commons.lang.text.StrBuilder_ESTest"
            ],
            "failing_assertions": [
                "java.lang.AssertionError: Expecting exception: ArrayIndexOutOfBoundsException",
                "java.lang.AssertionError: expected:<32> but was:<79>",
                "java.lang.ArrayIndexOutOfBoundsException: 69",
                "java.lang.ArrayIndexOutOfBoundsException: 124",
                "java.lang.ArrayIndexOutOfBoundsException: 114",
                "java.lang.ArrayIndexOutOfBoundsException: 127",
                "java.lang.AssertionError: expected:<32> but was:<56>",
                "java.lang.ArrayIndexOutOfBoundsException: 91",
                "java.lang.ArrayIndexOutOfBoundsException: 57",
                "java.lang.AssertionError: expected:<46> but was:<78>"
            ],
            "failing_lines": [
                [
                    "org.apache.commons.lang.text.StrBuilder_ESTest.test127(StrBuilder_ESTest.java:4930)"
                ],
                [
                    "org.apache.commons.lang.text.StrBuilder_ESTest.test004(StrBuilder_ESTest.java:219)"
                ],
                [
                    "org.apache.commons.lang.text.StrBuilder_ESTest.test119(StrBuilder_ESTest.java:4688)"
                ],
                [
                    "org.apache.commons.lang.text.StrBuilder_ESTest.test229(StrBuilder_ESTest.java:7510)"
                ],
                [
                    "org.apache.commons.lang.text.StrBuilder_ESTest.test049(StrBuilder_ESTest.java:1951)"
                ],
                [
                    "org.apache.commons.lang.text.StrBuilder_ESTest.test045(StrBuilder_ESTest.java:1821)"
                ],
                [
                    "org.apache.commons.lang.text.StrBuilder_ESTest.test027(StrBuilder_ESTest.java:1225)"
                ],
                [
                    "org.apache.commons.lang.text.StrBuilder_ESTest.test143(StrBuilder_ESTest.java:5450)"
                ],
                [
                    "org.apache.commons.lang.text.StrBuilder_ESTest.test013(StrBuilder_ESTest.java:561)"
                ],
                [
                    "org.apache.commons.lang.text.StrBuilder_ESTest.test182(StrBuilder_ESTest.java:6727)"
                ]
            ]
        },
        {
            "patch": "/home/mmartinez/xTestCluster/Patches/Patches_Wang902/Patches_ICSE/Doverfitting/kPAR/Lang/patch1-Lang-59-kPAR-plausible.patch",
            "test": "test_from_WangDRR_patch10-Lang-59-CapGen-plausible",
            "failing": 4,
            "testrun": 360,
            "failings": [
                "test248(org.apache.commons.lang.text.StrBuilder_ESTest)",
                "test115(org.apache.commons.lang.text.StrBuilder_ESTest)",
                "test140(org.apache.commons.lang.text.StrBuilder_ESTest)",
                "test139(org.apache.commons.lang.text.StrBuilder_ESTest)"
            ],
            "status": "ok",
            "test_executed": [
                "org.apache.commons.lang.text.StrBuilder_ESTest"
            ],
            "failing_assertions": [
                "java.lang.ArrayIndexOutOfBoundsException: 62",
                "java.lang.AssertionError: Expecting exception: ArrayIndexOutOfBoundsException",
                "java.lang.ArrayIndexOutOfBoundsException: 89",
                "java.lang.AssertionError: Expecting exception: ArrayIndexOutOfBoundsException"
            ],
            "failing_lines": [
                [
                    "org.apache.commons.lang.text.StrBuilder_ESTest.test248(StrBuilder_ESTest.java:8449)"
                ],
                [
                    "org.apache.commons.lang.text.StrBuilder_ESTest.test115(StrBuilder_ESTest.java:4300)"
                ],
                [
                    "org.apache.commons.lang.text.StrBuilder_ESTest.test140(StrBuilder_ESTest.java:5232)"
                ],
                [
                    "org.apache.commons.lang.text.StrBuilder_ESTest.test139(StrBuilder_ESTest.java:5215)"
                ]
            ]
        },
        {
            "patch": "/home/mmartinez/xTestCluster/Patches/Patches_Wang902/Patches_ICSE/Doverfitting/kPAR/Lang/patch1-Lang-59-kPAR-plausible.patch",
            "test": "test_from_WangDRR_patch12-Lang-59-CapGen-plausible",
            "failing": 6,
            "testrun": 362,
            "failings": [
                "test242(org.apache.commons.lang.text.StrBuilder_ESTest)",
                "test236(org.apache.commons.lang.text.StrBuilder_ESTest)",
                "test048(org.apache.commons.lang.text.StrBuilder_ESTest)",
                "test042(org.apache.commons.lang.text.StrBuilder_ESTest)",
                "test028(org.apache.commons.lang.text.StrBuilder_ESTest)",
                "test019(org.apache.commons.lang.text.StrBuilder_ESTest)"
            ],
            "status": "ok",
            "test_executed": [
                "org.apache.commons.lang.text.StrBuilder_ESTest"
            ],
            "failing_assertions": [
                "java.lang.ArrayIndexOutOfBoundsException: 76",
                "java.lang.ArrayIndexOutOfBoundsException: 76",
                "java.lang.ArrayIndexOutOfBoundsException: 56",
                "java.lang.AssertionError: expected:<32> but was:<57>",
                "java.lang.AssertionError: expected:<32> but was:<45>",
                "java.lang.ArrayIndexOutOfBoundsException: 76"
            ],
            "failing_lines": [
                [
                    "org.apache.commons.lang.text.StrBuilder_ESTest.test242(StrBuilder_ESTest.java:7605)"
                ],
                [
                    "org.apache.commons.lang.text.StrBuilder_ESTest.test236(StrBuilder_ESTest.java:7561)"
                ],
                [
                    "org.apache.commons.lang.text.StrBuilder_ESTest.test048(StrBuilder_ESTest.java:1786)"
                ],
                [
                    "org.apache.commons.lang.text.StrBuilder_ESTest.test042(StrBuilder_ESTest.java:1598)"
                ],
                [
                    "org.apache.commons.lang.text.StrBuilder_ESTest.test028(StrBuilder_ESTest.java:1087)"
                ],
                [
                    "org.apache.commons.lang.text.StrBuilder_ESTest.test019(StrBuilder_ESTest.java:666)"
                ]
            ]
        },
        {
            "patch": "/home/mmartinez/xTestCluster/Patches/Patches_Wang902/Patches_ICSE/Doverfitting/kPAR/Lang/patch1-Lang-59-kPAR-plausible.patch",
            "test": "test_from_WangDRR_patch6-Lang-59-CapGen-plausible",
            "failing": 9,
            "testrun": 367,
            "failings": [
                "test008(org.apache.commons.lang.text.StrBuilder_ESTest)",
                "test129(org.apache.commons.lang.text.StrBuilder_ESTest)",
                "test003(org.apache.commons.lang.text.StrBuilder_ESTest)",
                "test029(org.apache.commons.lang.text.StrBuilder_ESTest)",
                "test265(org.apache.commons.lang.text.StrBuilder_ESTest)",
                "test019(org.apache.commons.lang.text.StrBuilder_ESTest)",
                "test016(org.apache.commons.lang.text.StrBuilder_ESTest)",
                "test136(org.apache.commons.lang.text.StrBuilder_ESTest)",
                "test076(org.apache.commons.lang.text.StrBuilder_ESTest)"
            ],
            "status": "ok",
            "test_executed": [
                "org.apache.commons.lang.text.StrBuilder_ESTest"
            ],
            "failing_assertions": [
                "java.lang.AssertionError: expected:<46> but was:<96>",
                "java.lang.AssertionError: expected:<32> but was:<57>",
                "java.lang.ArrayIndexOutOfBoundsException: 104",
                "java.lang.AssertionError: expected:<32> but was:<69>",
                "java.lang.AssertionError: Expecting exception: ArrayIndexOutOfBoundsException",
                "java.lang.ArrayIndexOutOfBoundsException: 104",
                "java.lang.AssertionError: expected:<32> but was:<37>",
                "java.lang.AssertionError: expected:<32> but was:<57>",
                "java.lang.AssertionError: expected:<32> but was:<57>"
            ],
            "failing_lines": [
                [
                    "org.apache.commons.lang.text.StrBuilder_ESTest.test008(StrBuilder_ESTest.java:337)"
                ],
                [
                    "org.apache.commons.lang.text.StrBuilder_ESTest.test129(StrBuilder_ESTest.java:4967)"
                ],
                [
                    "org.apache.commons.lang.text.StrBuilder_ESTest.test003(StrBuilder_ESTest.java:165)"
                ],
                [
                    "org.apache.commons.lang.text.StrBuilder_ESTest.test029(StrBuilder_ESTest.java:1058)"
                ],
                [
                    "org.apache.commons.lang.text.StrBuilder_ESTest.test265(StrBuilder_ESTest.java:8429)"
                ],
                [
                    "org.apache.commons.lang.text.StrBuilder_ESTest.test019(StrBuilder_ESTest.java:660)"
                ],
                [
                    "org.apache.commons.lang.text.StrBuilder_ESTest.test016(StrBuilder_ESTest.java:581)"
                ],
                [
                    "org.apache.commons.lang.text.StrBuilder_ESTest.test136(StrBuilder_ESTest.java:5174)"
                ],
                [
                    "org.apache.commons.lang.text.StrBuilder_ESTest.test076(StrBuilder_ESTest.java:2968)"
                ]
            ]
        },
        {
            "patch": "/home/mmartinez/xTestCluster/Patches/Patches_Wang902/Patches_ICSE/Doverfitting/kPAR/Lang/patch1-Lang-59-kPAR-plausible.patch",
            "test": "test_from_WangDRR_patch4-Lang-59-CapGen-plausible",
            "failing": 13,
            "testrun": 348,
            "failings": [
                "test111(org.apache.commons.lang.text.StrBuilder_ESTest)",
                "test108(org.apache.commons.lang.text.StrBuilder_ESTest)",
                "test102(org.apache.commons.lang.text.StrBuilder_ESTest)",
                "test217(org.apache.commons.lang.text.StrBuilder_ESTest)",
                "test056(org.apache.commons.lang.text.StrBuilder_ESTest)",
                "test049(org.apache.commons.lang.text.StrBuilder_ESTest)",
                "test021(org.apache.commons.lang.text.StrBuilder_ESTest)",
                "test020(org.apache.commons.lang.text.StrBuilder_ESTest)",
                "test014(org.apache.commons.lang.text.StrBuilder_ESTest)",
                "test099(org.apache.commons.lang.text.StrBuilder_ESTest)",
                "test059(org.apache.commons.lang.text.StrBuilder_ESTest)",
                "test201(org.apache.commons.lang.text.StrBuilder_ESTest)",
                "test308(org.apache.commons.lang.text.StrBuilder_ESTest)"
            ],
            "status": "ok",
            "test_executed": [
                "org.apache.commons.lang.text.StrBuilder_ESTest"
            ],
            "failing_assertions": [
                "java.lang.ArrayIndexOutOfBoundsException: 89",
                "java.lang.ArrayIndexOutOfBoundsException: 69",
                "java.lang.AssertionError: expected:<32> but was:<57>",
                "java.lang.ArrayIndexOutOfBoundsException: 69",
                "java.lang.AssertionError: expected:<32> but was:<57>",
                "java.lang.AssertionError: expected:<32> but was:<57>",
                "java.lang.AssertionError: expected:<45> but was:<89>",
                "java.lang.ArrayIndexOutOfBoundsException: 69",
                "java.lang.AssertionError: expected:<32> but was:<57>",
                "java.lang.AssertionError: expected:<32> but was:<57>",
                "java.lang.AssertionError: expected:<32> but was:<57>",
                "java.lang.ArrayIndexOutOfBoundsException: 69",
                "java.lang.ArrayIndexOutOfBoundsException: 69"
            ],
            "failing_lines": [
                [
                    "org.apache.commons.lang.text.StrBuilder_ESTest.test111(StrBuilder_ESTest.java:3680)"
                ],
                [
                    "org.apache.commons.lang.text.StrBuilder_ESTest.test108(StrBuilder_ESTest.java:3574)"
                ],
                [
                    "org.apache.commons.lang.text.StrBuilder_ESTest.test102(StrBuilder_ESTest.java:3429)"
                ],
                [
                    "org.apache.commons.lang.text.StrBuilder_ESTest.test217(StrBuilder_ESTest.java:6935)"
                ],
                [
                    "org.apache.commons.lang.text.StrBuilder_ESTest.test056(StrBuilder_ESTest.java:1896)"
                ],
                [
                    "org.apache.commons.lang.text.StrBuilder_ESTest.test049(StrBuilder_ESTest.java:1647)"
                ],
                [
                    "org.apache.commons.lang.text.StrBuilder_ESTest.test021(StrBuilder_ESTest.java:807)"
                ],
                [
                    "org.apache.commons.lang.text.StrBuilder_ESTest.test020(StrBuilder_ESTest.java:743)"
                ],
                [
                    "org.apache.commons.lang.text.StrBuilder_ESTest.test014(StrBuilder_ESTest.java:492)"
                ],
                [
                    "org.apache.commons.lang.text.StrBuilder_ESTest.test099(StrBuilder_ESTest.java:3319)"
                ],
                [
                    "org.apache.commons.lang.text.StrBuilder_ESTest.test059(StrBuilder_ESTest.java:1989)"
                ],
                [
                    "org.apache.commons.lang.text.StrBuilder_ESTest.test201(StrBuilder_ESTest.java:6351)"
                ],
                [
                    "org.apache.commons.lang.text.StrBuilder_ESTest.test308(StrBuilder_ESTest.java:8400)"
                ]
            ]
        },
        {
            "patch": "/home/mmartinez/xTestCluster/Patches/Patches_Wang902/Patches_ICSE/Doverfitting/kPAR/Lang/patch1-Lang-59-kPAR-plausible.patch",
            "test": "test_from_WangICSE_patch1-Lang-59-AVATAR-plausible",
            "failing": 8,
            "testrun": 353,
            "failings": [
                "test006(org.apache.commons.lang.text.StrBuilder_ESTest)",
                "test117(org.apache.commons.lang.text.StrBuilder_ESTest)",
                "test224(org.apache.commons.lang.text.StrBuilder_ESTest)",
                "test149(org.apache.commons.lang.text.StrBuilder_ESTest)",
                "test143(org.apache.commons.lang.text.StrBuilder_ESTest)",
                "test199(org.apache.commons.lang.text.StrBuilder_ESTest)",
                "test069(org.apache.commons.lang.text.StrBuilder_ESTest)",
                "test063(org.apache.commons.lang.text.StrBuilder_ESTest)"
            ],
            "status": "ok",
            "test_executed": [
                "org.apache.commons.lang.text.StrBuilder_ESTest"
            ],
            "failing_assertions": [
                "java.lang.ArrayIndexOutOfBoundsException: 78",
                "java.lang.ArrayIndexOutOfBoundsException: 54",
                "java.lang.ArrayIndexOutOfBoundsException: 54",
                "java.lang.ArrayIndexOutOfBoundsException: 112",
                "java.lang.ArrayIndexOutOfBoundsException: 78",
                "java.lang.ArrayIndexOutOfBoundsException: 80",
                "java.lang.ArrayIndexOutOfBoundsException: 78",
                "java.lang.AssertionError: expected:<61> but was:<57>"
            ],
            "failing_lines": [
                [
                    "org.apache.commons.lang.text.StrBuilder_ESTest.test006(StrBuilder_ESTest.java:446)"
                ],
                [
                    "org.apache.commons.lang.text.StrBuilder_ESTest.test117(StrBuilder_ESTest.java:4781)"
                ],
                [
                    "org.apache.commons.lang.text.StrBuilder_ESTest.test224(StrBuilder_ESTest.java:8080)"
                ],
                [
                    "org.apache.commons.lang.text.StrBuilder_ESTest.test149(StrBuilder_ESTest.java:5807)"
                ],
                [
                    "org.apache.commons.lang.text.StrBuilder_ESTest.test143(StrBuilder_ESTest.java:5593)"
                ],
                [
                    "org.apache.commons.lang.text.StrBuilder_ESTest.test199(StrBuilder_ESTest.java:7495)"
                ],
                [
                    "org.apache.commons.lang.text.StrBuilder_ESTest.test069(StrBuilder_ESTest.java:2947)"
                ],
                [
                    "org.apache.commons.lang.text.StrBuilder_ESTest.test063(StrBuilder_ESTest.java:2728)"
                ]
            ]
        },
        {
            "patch": "/home/mmartinez/xTestCluster/Patches/Patches_Wang902/Patches_ICSE/Doverfitting/kPAR/Lang/patch1-Lang-59-kPAR-plausible.patch",
            "test": "test_from_WangDRR_patch3-Lang-59-CapGen-plausible",
            "failing": 16,
            "testrun": 338,
            "failings": [
                "test133(org.apache.commons.lang.text.StrBuilder_ESTest)",
                "test007(org.apache.commons.lang.text.StrBuilder_ESTest)",
                "test120(org.apache.commons.lang.text.StrBuilder_ESTest)",
                "test119(org.apache.commons.lang.text.StrBuilder_ESTest)",
                "test105(org.apache.commons.lang.text.StrBuilder_ESTest)",
                "test223(org.apache.commons.lang.text.StrBuilder_ESTest)",
                "test026(org.apache.commons.lang.text.StrBuilder_ESTest)",
                "test017(org.apache.commons.lang.text.StrBuilder_ESTest)",
                "test015(org.apache.commons.lang.text.StrBuilder_ESTest)",
                "test099(org.apache.commons.lang.text.StrBuilder_ESTest)",
                "test094(org.apache.commons.lang.text.StrBuilder_ESTest)",
                "test070(org.apache.commons.lang.text.StrBuilder_ESTest)",
                "test075(org.apache.commons.lang.text.StrBuilder_ESTest)",
                "test069(org.apache.commons.lang.text.StrBuilder_ESTest)",
                "test183(org.apache.commons.lang.text.StrBuilder_ESTest)",
                "test316(org.apache.commons.lang.text.StrBuilder_ESTest)"
            ],
            "status": "ok",
            "test_executed": [
                "org.apache.commons.lang.text.StrBuilder_ESTest"
            ],
            "failing_assertions": [
                "java.lang.ArrayIndexOutOfBoundsException: 69",
                "java.lang.ArrayIndexOutOfBoundsException: 100",
                "java.lang.AssertionError: expected:<32> but was:<57>",
                "java.lang.ArrayIndexOutOfBoundsException: 69",
                "java.lang.ArrayIndexOutOfBoundsException: 60",
                "java.lang.AssertionError: expected:<32> but was:<118>",
                "java.lang.AssertionError: expected:<32> but was:<118>",
                "java.lang.ArrayIndexOutOfBoundsException: 69",
                "java.lang.ArrayIndexOutOfBoundsException: 69",
                "java.lang.AssertionError: expected:<32> but was:<57>",
                "java.lang.ArrayIndexOutOfBoundsException: 69",
                "java.lang.AssertionError: expected:<32> but was:<57>",
                "java.lang.ArrayIndexOutOfBoundsException: 61",
                "java.lang.ArrayIndexOutOfBoundsException: 100",
                "java.lang.ArrayIndexOutOfBoundsException: 69",
                "java.lang.ArrayIndexOutOfBoundsException: 69"
            ],
            "failing_lines": [
                [
                    "org.apache.commons.lang.text.StrBuilder_ESTest.test133(StrBuilder_ESTest.java:4939)"
                ],
                [
                    "org.apache.commons.lang.text.StrBuilder_ESTest.test007(StrBuilder_ESTest.java:347)"
                ],
                [
                    "org.apache.commons.lang.text.StrBuilder_ESTest.test120(StrBuilder_ESTest.java:4500)"
                ],
                [
                    "org.apache.commons.lang.text.StrBuilder_ESTest.test119(StrBuilder_ESTest.java:4446)"
                ],
                [
                    "org.apache.commons.lang.text.StrBuilder_ESTest.test105(StrBuilder_ESTest.java:4056)"
                ],
                [
                    "org.apache.commons.lang.text.StrBuilder_ESTest.test223(StrBuilder_ESTest.java:6648)"
                ],
                [
                    "org.apache.commons.lang.text.StrBuilder_ESTest.test026(StrBuilder_ESTest.java:1190)"
                ],
                [
                    "org.apache.commons.lang.text.StrBuilder_ESTest.test017(StrBuilder_ESTest.java:736)"
                ],
                [
                    "org.apache.commons.lang.text.StrBuilder_ESTest.test015(StrBuilder_ESTest.java:631)"
                ],
                [
                    "org.apache.commons.lang.text.StrBuilder_ESTest.test099(StrBuilder_ESTest.java:3881)"
                ],
                [
                    "org.apache.commons.lang.text.StrBuilder_ESTest.test094(StrBuilder_ESTest.java:3671)"
                ],
                [
                    "org.apache.commons.lang.text.StrBuilder_ESTest.test070(StrBuilder_ESTest.java:2792)"
                ],
                [
                    "org.apache.commons.lang.text.StrBuilder_ESTest.test075(StrBuilder_ESTest.java:3025)"
                ],
                [
                    "org.apache.commons.lang.text.StrBuilder_ESTest.test069(StrBuilder_ESTest.java:2739)"
                ],
                [
                    "org.apache.commons.lang.text.StrBuilder_ESTest.test183(StrBuilder_ESTest.java:6326)"
                ],
                [
                    "org.apache.commons.lang.text.StrBuilder_ESTest.test316(StrBuilder_ESTest.java:7673)"
                ]
            ]
        }
    ],
    "duration": 82.87
}