{
    "patch": "/home/mmartinez/xTestCluster/Patches/Patches_Wang902/Patches_ICSE/Doverfitting/kPAR/Lang/patch1-Lang-16-kPAR-plausible.patch",
    "project": "Lang",
    "bugid": "16",
    "dataset": "Patches_ICSE",
    "date": "2022-12-16T04:47:53.756868",
    "project_checked": "ok",
    "compiledProjectModified": "ok",
    "patchApplied": "ok",
    "arrive_end": "ok",
    "patched_project_pass_all_test": "no",
    "test_execution": [
        {
            "patch": "/home/mmartinez/xTestCluster/Patches/Patches_Wang902/Patches_ICSE/Doverfitting/kPAR/Lang/patch1-Lang-16-kPAR-plausible.patch",
            "test": "test_from_WangICSE_patch1-Lang-16-Arja-plausible",
            "failing": 5,
            "testrun": 212,
            "failings": [
                "test190(org.apache.commons.lang3.math.NumberUtils_ESTest)",
                "test193(org.apache.commons.lang3.math.NumberUtils_ESTest)",
                "test184(org.apache.commons.lang3.math.NumberUtils_ESTest)",
                "test187(org.apache.commons.lang3.math.NumberUtils_ESTest)",
                "test185(org.apache.commons.lang3.math.NumberUtils_ESTest)"
            ],
            "status": "ok",
            "test_executed": [
                "org.apache.commons.lang3.math.NumberUtils_ESTest"
            ],
            "failing_assertions": [
                "java.lang.AssertionError: Exception was not thrown in java.lang.NumberFormatException but in org.apache.commons.lang3.math.NumberUtils.createNumber(NumberUtils.java:545): java.lang.NumberFormatException: ;Eyn7<${}J3~bD is not a valid number.",
                "java.lang.AssertionError: Exception was not thrown in java.lang.NumberFormatException but in org.apache.commons.lang3.math.NumberUtils.createNumber(NumberUtils.java:545): java.lang.NumberFormatException: V70.|$eqR{VP is not a valid number.",
                "java.lang.AssertionError: Exception was not thrown in java.lang.NumberFormatException but in org.apache.commons.lang3.math.NumberUtils.createNumber(NumberUtils.java:545): java.lang.NumberFormatException: f is not a valid number.",
                "java.lang.AssertionError: Exception was not thrown in java.lang.NumberFormatException but in org.apache.commons.lang3.math.NumberUtils.createNumber(NumberUtils.java:545): java.lang.NumberFormatException: :Ycs^eKLF is not a valid number.",
                "java.lang.AssertionError: Exception was not thrown in java.lang.NumberFormatException but in org.apache.commons.lang3.math.NumberUtils.createNumber(NumberUtils.java:545): java.lang.NumberFormatException: InvocationTargetException occurred is not a valid number."
            ],
            "failing_lines": [
                [
                    "org.apache.commons.lang3.math.NumberUtils_ESTest.test190(NumberUtils_ESTest.java:1631)"
                ],
                [
                    "org.apache.commons.lang3.math.NumberUtils_ESTest.test193(NumberUtils_ESTest.java:1673)"
                ],
                [
                    "org.apache.commons.lang3.math.NumberUtils_ESTest.test184(NumberUtils_ESTest.java:1555)"
                ],
                [
                    "org.apache.commons.lang3.math.NumberUtils_ESTest.test187(NumberUtils_ESTest.java:1597)"
                ],
                [
                    "org.apache.commons.lang3.math.NumberUtils_ESTest.test185(NumberUtils_ESTest.java:1569)"
                ]
            ]
        },
        {
            "patch": "/home/mmartinez/xTestCluster/Patches/Patches_Wang902/Patches_ICSE/Doverfitting/kPAR/Lang/patch1-Lang-16-kPAR-plausible.patch",
            "test": "test_from_WangICSE_patch1-Lang-16-kPAR-plausible",
            "failing": 0,
            "testrun": 223,
            "failings": [],
            "status": "ok",
            "test_executed": [
                "org.apache.commons.lang3.math.NumberUtils_ESTest"
            ],
            "failing_assertions": [],
            "failing_lines": []
        },
        {
            "patch": "/home/mmartinez/xTestCluster/Patches/Patches_Wang902/Patches_ICSE/Doverfitting/kPAR/Lang/patch1-Lang-16-kPAR-plausible.patch",
            "test": "test_from_WangICSE_patch1-Lang-16-SimFix-plausible",
            "failing": 2,
            "testrun": 211,
            "failings": [
                "test187(org.apache.commons.lang3.math.NumberUtils_ESTest)",
                "test186(org.apache.commons.lang3.math.NumberUtils_ESTest)"
            ],
            "status": "ok",
            "test_executed": [
                "org.apache.commons.lang3.math.NumberUtils_ESTest"
            ],
            "failing_assertions": [
                "java.lang.AssertionError: Exception was not thrown in org.apache.commons.lang3.math.NumberUtils but in java.lang.NumberFormatException.forInputString(NumberFormatException.java:65): java.lang.NumberFormatException: For input string: \"W4L*rccF:\"",
                "java.lang.AssertionError: Exception was not thrown in org.apache.commons.lang3.math.NumberUtils but in java.lang.NumberFormatException.forInputString(NumberFormatException.java:65): java.lang.NumberFormatException: For input string: \"E\""
            ],
            "failing_lines": [
                [
                    "org.apache.commons.lang3.math.NumberUtils_ESTest.test187(NumberUtils_ESTest.java:1602)"
                ],
                [
                    "org.apache.commons.lang3.math.NumberUtils_ESTest.test186(NumberUtils_ESTest.java:1588)"
                ]
            ]
        }
    ],
    "duration": 21.69
}