{
    "patch": "/home/mmartinez/xTestCluster/Patches/Patches_Wang902/Patches_ICSE/Doverfitting/Nopol/Chart/patch1-Chart-9-Nopol-plausible.patch",
    "project": "Chart",
    "bugid": "9",
    "dataset": "Patches_ICSE",
    "date": "2022-12-16T06:02:51.667073",
    "project_checked": "ok",
    "compiledProjectModified": "ok",
    "patchApplied": "ok",
    "arrive_end": "ok",
    "patched_project_pass_all_test": "no",
    "test_execution": [
        {
            "patch": "/home/mmartinez/xTestCluster/Patches/Patches_Wang902/Patches_ICSE/Doverfitting/Nopol/Chart/patch1-Chart-9-Nopol-plausible.patch",
            "test": "test_from_WangDRR_patch1-Chart-9-Jaid-plausible",
            "failing": 1,
            "testrun": 121,
            "failings": [
                "test084(org.jfree.data.time.TimeSeries_ESTest)"
            ],
            "status": "ok",
            "test_executed": [
                "org.jfree.data.time.TimeSeries_ESTest"
            ],
            "failing_assertions": [
                "java.lang.AssertionError: Expecting exception: IllegalArgumentException"
            ],
            "failing_lines": [
                [
                    "org.jfree.data.time.TimeSeries_ESTest.test084(TimeSeries_ESTest.java:1252)"
                ]
            ]
        },
        {
            "patch": "/home/mmartinez/xTestCluster/Patches/Patches_Wang902/Patches_ICSE/Doverfitting/Nopol/Chart/patch1-Chart-9-Nopol-plausible.patch",
            "test": "test_from_WangDRR_patch3-Chart-9-Jaid-plausible",
            "failing": 1,
            "testrun": 139,
            "failings": [
                "test100(org.jfree.data.time.TimeSeries_ESTest)"
            ],
            "status": "ok",
            "test_executed": [
                "org.jfree.data.time.TimeSeries_ESTest"
            ],
            "failing_assertions": [
                "java.lang.AssertionError: Expecting exception: IllegalArgumentException"
            ],
            "failing_lines": [
                [
                    "org.jfree.data.time.TimeSeries_ESTest.test100(TimeSeries_ESTest.java:1429)"
                ]
            ]
        },
        {
            "patch": "/home/mmartinez/xTestCluster/Patches/Patches_Wang902/Patches_ICSE/Doverfitting/Nopol/Chart/patch1-Chart-9-Nopol-plausible.patch",
            "test": "test_from_WangDRR_patch1-Chart-9-SketchFix",
            "failing": 1,
            "testrun": 136,
            "failings": [
                "test100(org.jfree.data.time.TimeSeries_ESTest)"
            ],
            "status": "ok",
            "test_executed": [
                "org.jfree.data.time.TimeSeries_ESTest"
            ],
            "failing_assertions": [
                "java.lang.AssertionError: Expecting exception: IllegalArgumentException"
            ],
            "failing_lines": [
                [
                    "org.jfree.data.time.TimeSeries_ESTest.test100(TimeSeries_ESTest.java:1451)"
                ]
            ]
        },
        {
            "patch": "/home/mmartinez/xTestCluster/Patches/Patches_Wang902/Patches_ICSE/Doverfitting/Nopol/Chart/patch1-Chart-9-Nopol-plausible.patch",
            "test": "test_from_WangDRR_patch2-Chart-9-Jaid",
            "failing": 1,
            "testrun": 132,
            "failings": [
                "test093(org.jfree.data.time.TimeSeries_ESTest)"
            ],
            "status": "ok",
            "test_executed": [
                "org.jfree.data.time.TimeSeries_ESTest"
            ],
            "failing_assertions": [
                "java.lang.AssertionError: Expecting exception: IllegalArgumentException"
            ],
            "failing_lines": [
                [
                    "org.jfree.data.time.TimeSeries_ESTest.test093(TimeSeries_ESTest.java:1362)"
                ]
            ]
        },
        {
            "patch": "/home/mmartinez/xTestCluster/Patches/Patches_Wang902/Patches_ICSE/Doverfitting/Nopol/Chart/patch1-Chart-9-Nopol-plausible.patch",
            "test": "test_from_WangDRR_patch1-Chart-9-Jaid",
            "failing": 1,
            "testrun": 133,
            "failings": [
                "test094(org.jfree.data.time.TimeSeries_ESTest)"
            ],
            "status": "ok",
            "test_executed": [
                "org.jfree.data.time.TimeSeries_ESTest"
            ],
            "failing_assertions": [
                "java.lang.AssertionError: Expecting exception: IllegalArgumentException"
            ],
            "failing_lines": [
                [
                    "org.jfree.data.time.TimeSeries_ESTest.test094(TimeSeries_ESTest.java:1401)"
                ]
            ]
        },
        {
            "patch": "/home/mmartinez/xTestCluster/Patches/Patches_Wang902/Patches_ICSE/Doverfitting/Nopol/Chart/patch1-Chart-9-Nopol-plausible.patch",
            "test": "test_from_WangICSE_patch1-Chart-9-Nopol-plausible",
            "failing": 0,
            "testrun": 127,
            "failings": [],
            "status": "ok",
            "test_executed": [
                "org.jfree.data.time.TimeSeries_ESTest"
            ],
            "failing_assertions": [],
            "failing_lines": []
        },
        {
            "patch": "/home/mmartinez/xTestCluster/Patches/Patches_Wang902/Patches_ICSE/Doverfitting/Nopol/Chart/patch1-Chart-9-Nopol-plausible.patch",
            "test": "test_from_WangDRR_patch1-Chart-9-SequenceR",
            "failing": 1,
            "testrun": 127,
            "failings": [
                "test092(org.jfree.data.time.TimeSeries_ESTest)"
            ],
            "status": "ok",
            "test_executed": [
                "org.jfree.data.time.TimeSeries_ESTest"
            ],
            "failing_assertions": [
                "java.lang.AssertionError: Expecting exception: IllegalArgumentException"
            ],
            "failing_lines": [
                [
                    "org.jfree.data.time.TimeSeries_ESTest.test092(TimeSeries_ESTest.java:1361)"
                ]
            ]
        },
        {
            "patch": "/home/mmartinez/xTestCluster/Patches/Patches_Wang902/Patches_ICSE/Doverfitting/Nopol/Chart/patch1-Chart-9-Nopol-plausible.patch",
            "test": "test_from_WangDRR_patch2-Chart-9-Jaid-plausible",
            "failing": 2,
            "testrun": 126,
            "failings": [
                "test081(org.jfree.data.time.TimeSeries_ESTest)",
                "test085(org.jfree.data.time.TimeSeries_ESTest)"
            ],
            "status": "ok",
            "test_executed": [
                "org.jfree.data.time.TimeSeries_ESTest"
            ],
            "failing_assertions": [
                "java.lang.AssertionError: expected same:<org.jfree.data.time.TimeSeries@f1fc5ca7> was not:<org.jfree.data.time.TimeSeries@6997059b>",
                "java.lang.AssertionError: Expecting exception: IllegalArgumentException"
            ],
            "failing_lines": [
                [
                    "org.jfree.data.time.TimeSeries_ESTest.test081(TimeSeries_ESTest.java:1223)"
                ],
                [
                    "org.jfree.data.time.TimeSeries_ESTest.test085(TimeSeries_ESTest.java:1288)"
                ]
            ]
        },
        {
            "patch": "/home/mmartinez/xTestCluster/Patches/Patches_Wang902/Patches_ICSE/Doverfitting/Nopol/Chart/patch1-Chart-9-Nopol-plausible.patch",
            "test": "test_from_WangICSE_patch1-Chart-9-TBar",
            "failing": 1,
            "testrun": 123,
            "failings": [
                "test084(org.jfree.data.time.TimeSeries_ESTest)"
            ],
            "status": "ok",
            "test_executed": [
                "org.jfree.data.time.TimeSeries_ESTest"
            ],
            "failing_assertions": [
                "java.lang.AssertionError: Expecting exception: IllegalArgumentException"
            ],
            "failing_lines": [
                [
                    "org.jfree.data.time.TimeSeries_ESTest.test084(TimeSeries_ESTest.java:1258)"
                ]
            ]
        }
    ],
    "duration": 51.93
}