{
    "patch": "/home/mmartinez/xTestCluster/Patches/Patches_Wang902/Patches_ICSE/Doverfitting/Kali/Closure/patch1-Closure-68-Kali-plausible.patch",
    "project": "Closure",
    "bugid": "68",
    "dataset": "Patches_ICSE",
    "date": "2022-12-16T05:06:46.645306",
    "project_checked": "ok",
    "compiledProjectModified": "ok",
    "patchApplied": "ok",
    "arrive_end": "ok",
    "patched_project_pass_all_test": "no",
    "test_execution": [
        {
            "patch": "/home/mmartinez/xTestCluster/Patches/Patches_Wang902/Patches_ICSE/Doverfitting/Kali/Closure/patch1-Closure-68-Kali-plausible.patch",
            "test": "test_from_WangICSE_patch1-Closure-68-SimFix",
            "failing": 11,
            "testrun": 41,
            "failings": [
                "test28(com.google.javascript.jscomp.parsing.JsDocInfoParser_ESTest)",
                "test29(com.google.javascript.jscomp.parsing.JsDocInfoParser_ESTest)",
                "test20(com.google.javascript.jscomp.parsing.JsDocInfoParser_ESTest)",
                "test21(com.google.javascript.jscomp.parsing.JsDocInfoParser_ESTest)",
                "test22(com.google.javascript.jscomp.parsing.JsDocInfoParser_ESTest)",
                "test25(com.google.javascript.jscomp.parsing.JsDocInfoParser_ESTest)",
                "test26(com.google.javascript.jscomp.parsing.JsDocInfoParser_ESTest)",
                "test27(com.google.javascript.jscomp.parsing.JsDocInfoParser_ESTest)",
                "test18(com.google.javascript.jscomp.parsing.JsDocInfoParser_ESTest)",
                "test31(com.google.javascript.jscomp.parsing.JsDocInfoParser_ESTest)",
                "test32(com.google.javascript.jscomp.parsing.JsDocInfoParser_ESTest)"
            ],
            "status": "ok",
            "test_executed": [
                "com.google.javascript.jscomp.parsing.JsDocInfoParser_ESTest"
            ],
            "failing_assertions": [
                "java.lang.AssertionError",
                "java.lang.AssertionError",
                "java.lang.AssertionError",
                "java.lang.AssertionError: Expecting exception: UnsupportedOperationException",
                "java.lang.AssertionError: Expecting exception: UnsupportedOperationException",
                "java.lang.AssertionError: Expecting exception: UnsupportedOperationException",
                "java.lang.AssertionError",
                "java.lang.AssertionError",
                "java.lang.AssertionError",
                "java.lang.AssertionError: Expecting exception: UnsupportedOperationException",
                "java.lang.AssertionError"
            ],
            "failing_lines": [
                [
                    "com.google.javascript.jscomp.parsing.JsDocInfoParser_ESTest.test28(JsDocInfoParser_ESTest.java:372)"
                ],
                [
                    "com.google.javascript.jscomp.parsing.JsDocInfoParser_ESTest.test29(JsDocInfoParser_ESTest.java:387)"
                ],
                [
                    "com.google.javascript.jscomp.parsing.JsDocInfoParser_ESTest.test20(JsDocInfoParser_ESTest.java:239)"
                ],
                [
                    "com.google.javascript.jscomp.parsing.JsDocInfoParser_ESTest.test21(JsDocInfoParser_ESTest.java:254)"
                ],
                [
                    "com.google.javascript.jscomp.parsing.JsDocInfoParser_ESTest.test22(JsDocInfoParser_ESTest.java:276)"
                ],
                [
                    "com.google.javascript.jscomp.parsing.JsDocInfoParser_ESTest.test25(JsDocInfoParser_ESTest.java:320)"
                ],
                [
                    "com.google.javascript.jscomp.parsing.JsDocInfoParser_ESTest.test26(JsDocInfoParser_ESTest.java:342)"
                ],
                [
                    "com.google.javascript.jscomp.parsing.JsDocInfoParser_ESTest.test27(JsDocInfoParser_ESTest.java:357)"
                ],
                [
                    "com.google.javascript.jscomp.parsing.JsDocInfoParser_ESTest.test18(JsDocInfoParser_ESTest.java:214)"
                ],
                [
                    "com.google.javascript.jscomp.parsing.JsDocInfoParser_ESTest.test31(JsDocInfoParser_ESTest.java:410)"
                ],
                [
                    "com.google.javascript.jscomp.parsing.JsDocInfoParser_ESTest.test32(JsDocInfoParser_ESTest.java:431)"
                ]
            ]
        },
        {
            "patch": "/home/mmartinez/xTestCluster/Patches/Patches_Wang902/Patches_ICSE/Doverfitting/Kali/Closure/patch1-Closure-68-Kali-plausible.patch",
            "test": "test_from_WangICSE_patch1-Closure-68-Kali-plausible",
            "failing": 0,
            "testrun": 42,
            "failings": [],
            "status": "ok",
            "test_executed": [
                "com.google.javascript.jscomp.parsing.JsDocInfoParser_ESTest"
            ],
            "failing_assertions": [],
            "failing_lines": []
        },
        {
            "patch": "/home/mmartinez/xTestCluster/Patches/Patches_Wang902/Patches_ICSE/Doverfitting/Kali/Closure/patch1-Closure-68-Kali-plausible.patch",
            "test": "test_from_WangICSE_patch1-Closure-68-Arja-plausible",
            "failing": 18,
            "testrun": 46,
            "failings": [
                "test28(com.google.javascript.jscomp.parsing.JsDocInfoParser_ESTest)",
                "test29(com.google.javascript.jscomp.parsing.JsDocInfoParser_ESTest)",
                "test08(com.google.javascript.jscomp.parsing.JsDocInfoParser_ESTest)",
                "test09(com.google.javascript.jscomp.parsing.JsDocInfoParser_ESTest)",
                "test01(com.google.javascript.jscomp.parsing.JsDocInfoParser_ESTest)",
                "test24(com.google.javascript.jscomp.parsing.JsDocInfoParser_ESTest)",
                "test25(com.google.javascript.jscomp.parsing.JsDocInfoParser_ESTest)",
                "test26(com.google.javascript.jscomp.parsing.JsDocInfoParser_ESTest)",
                "test27(com.google.javascript.jscomp.parsing.JsDocInfoParser_ESTest)",
                "test31(com.google.javascript.jscomp.parsing.JsDocInfoParser_ESTest)",
                "test32(com.google.javascript.jscomp.parsing.JsDocInfoParser_ESTest)",
                "test33(com.google.javascript.jscomp.parsing.JsDocInfoParser_ESTest)",
                "test34(com.google.javascript.jscomp.parsing.JsDocInfoParser_ESTest)",
                "test35(com.google.javascript.jscomp.parsing.JsDocInfoParser_ESTest)",
                "test36(com.google.javascript.jscomp.parsing.JsDocInfoParser_ESTest)",
                "test37(com.google.javascript.jscomp.parsing.JsDocInfoParser_ESTest)",
                "test38(com.google.javascript.jscomp.parsing.JsDocInfoParser_ESTest)",
                "test30(com.google.javascript.jscomp.parsing.JsDocInfoParser_ESTest)"
            ],
            "status": "ok",
            "test_executed": [
                "com.google.javascript.jscomp.parsing.JsDocInfoParser_ESTest"
            ],
            "failing_assertions": [
                "java.lang.AssertionError",
                "java.lang.AssertionError",
                "java.lang.AssertionError",
                "java.lang.AssertionError",
                "java.lang.AssertionError",
                "java.lang.AssertionError",
                "java.lang.AssertionError",
                "java.lang.AssertionError",
                "java.lang.AssertionError",
                "java.lang.AssertionError",
                "java.lang.AssertionError",
                "java.lang.AssertionError",
                "java.lang.AssertionError",
                "java.lang.AssertionError",
                "java.lang.AssertionError",
                "java.lang.AssertionError",
                "java.lang.AssertionError",
                "java.lang.AssertionError"
            ],
            "failing_lines": [
                [
                    "com.google.javascript.jscomp.parsing.JsDocInfoParser_ESTest.test28(JsDocInfoParser_ESTest.java:351)"
                ],
                [
                    "com.google.javascript.jscomp.parsing.JsDocInfoParser_ESTest.test29(JsDocInfoParser_ESTest.java:365)"
                ],
                [
                    "com.google.javascript.jscomp.parsing.JsDocInfoParser_ESTest.test08(JsDocInfoParser_ESTest.java:169)"
                ],
                [
                    "com.google.javascript.jscomp.parsing.JsDocInfoParser_ESTest.test09(JsDocInfoParser_ESTest.java:182)"
                ],
                [
                    "com.google.javascript.jscomp.parsing.JsDocInfoParser_ESTest.test01(JsDocInfoParser_ESTest.java:58)"
                ],
                [
                    "com.google.javascript.jscomp.parsing.JsDocInfoParser_ESTest.test24(JsDocInfoParser_ESTest.java:296)"
                ],
                [
                    "com.google.javascript.jscomp.parsing.JsDocInfoParser_ESTest.test25(JsDocInfoParser_ESTest.java:310)"
                ],
                [
                    "com.google.javascript.jscomp.parsing.JsDocInfoParser_ESTest.test26(JsDocInfoParser_ESTest.java:323)"
                ],
                [
                    "com.google.javascript.jscomp.parsing.JsDocInfoParser_ESTest.test27(JsDocInfoParser_ESTest.java:336)"
                ],
                [
                    "com.google.javascript.jscomp.parsing.JsDocInfoParser_ESTest.test31(JsDocInfoParser_ESTest.java:392)"
                ],
                [
                    "com.google.javascript.jscomp.parsing.JsDocInfoParser_ESTest.test32(JsDocInfoParser_ESTest.java:403)"
                ],
                [
                    "com.google.javascript.jscomp.parsing.JsDocInfoParser_ESTest.test33(JsDocInfoParser_ESTest.java:415)"
                ],
                [
                    "com.google.javascript.jscomp.parsing.JsDocInfoParser_ESTest.test34(JsDocInfoParser_ESTest.java:428)"
                ],
                [
                    "com.google.javascript.jscomp.parsing.JsDocInfoParser_ESTest.test35(JsDocInfoParser_ESTest.java:441)"
                ],
                [
                    "com.google.javascript.jscomp.parsing.JsDocInfoParser_ESTest.test36(JsDocInfoParser_ESTest.java:454)"
                ],
                [
                    "com.google.javascript.jscomp.parsing.JsDocInfoParser_ESTest.test37(JsDocInfoParser_ESTest.java:465)"
                ],
                [
                    "com.google.javascript.jscomp.parsing.JsDocInfoParser_ESTest.test38(JsDocInfoParser_ESTest.java:478)"
                ],
                [
                    "com.google.javascript.jscomp.parsing.JsDocInfoParser_ESTest.test30(JsDocInfoParser_ESTest.java:379)"
                ]
            ]
        }
    ],
    "duration": 30.39
}