{
    "patch": "/home/mmartinez/xTestCluster/Patches/Patches_Wang902/Patches_ICSE/Doverfitting/Arja/Closure/patch1-Closure-133-Arja-plausible.patch",
    "project": "Closure",
    "bugid": "133",
    "dataset": "Patches_ICSE",
    "date": "2022-12-16T05:25:35.546921",
    "project_checked": "ok",
    "compiledProjectModified": "ok",
    "patchApplied": "ok",
    "arrive_end": "ok",
    "patched_project_pass_all_test": "no",
    "test_execution": [
        {
            "patch": "/home/mmartinez/xTestCluster/Patches/Patches_Wang902/Patches_ICSE/Doverfitting/Arja/Closure/patch1-Closure-133-Arja-plausible.patch",
            "test": "test_from_WangICSE_patch1-Closure-133-Arja-plausible",
            "failing": 0,
            "testrun": 28,
            "failings": [],
            "status": "ok",
            "test_executed": [
                "com.google.javascript.jscomp.parsing.JsDocInfoParser_ESTest"
            ],
            "failing_assertions": [],
            "failing_lines": []
        },
        {
            "patch": "/home/mmartinez/xTestCluster/Patches/Patches_Wang902/Patches_ICSE/Doverfitting/Arja/Closure/patch1-Closure-133-Arja-plausible.patch",
            "test": "test_from_WangICSE_patch1-Closure-133-TBar-plausible",
            "failing": 2,
            "testrun": 58,
            "failings": [
                "test32(com.google.javascript.jscomp.parsing.JsDocInfoParser_ESTest)",
                "test57(com.google.javascript.jscomp.parsing.JsDocInfoParser_ESTest)"
            ],
            "status": "ok",
            "test_executed": [
                "com.google.javascript.jscomp.parsing.JsDocInfoParser_ESTest"
            ],
            "failing_assertions": [
                "java.lang.AssertionError",
                "java.lang.AssertionError"
            ],
            "failing_lines": [
                [
                    "com.google.javascript.jscomp.parsing.JsDocInfoParser_ESTest.test32(JsDocInfoParser_ESTest.java:498)"
                ],
                [
                    "com.google.javascript.jscomp.parsing.JsDocInfoParser_ESTest.test57(JsDocInfoParser_ESTest.java:903)"
                ]
            ]
        }
    ],
    "duration": 44.73
}