{
    "patch": "/home/mmartinez/xTestCluster/Patches/Patches_Wang902/Patches_ICSE/Doverfitting/Kali/Chart/patch1-Chart-12-Kali-plausible.patch",
    "project": "Chart",
    "bugid": "12",
    "dataset": "Patches_ICSE",
    "date": "2023-02-04T10:07:07.123025",
    "project_checked": "ok",
    "compiledProjectModified": "ok",
    "patchApplied": "ok",
    "arrive_end": "ok",
    "patched_project_pass_all_test": "no",
    "test_execution": [
        {
            "patch": "/home/mmartinez/xTestCluster/Patches/Patches_Wang902/Patches_ICSE/Doverfitting/Kali/Chart/patch1-Chart-12-Kali-plausible.patch",
            "test": "test_from_WangICSE_patch1-Chart-12-RSRepair-plausible",
            "failing": 0,
            "testrun": 41,
            "failings": [],
            "status": "ok",
            "test_executed": [
                "org.jfree.chart.plot.MultiplePiePlot_ESTest"
            ],
            "failing_assertions": [],
            "failing_lines": []
        },
        {
            "patch": "/home/mmartinez/xTestCluster/Patches/Patches_Wang902/Patches_ICSE/Doverfitting/Kali/Chart/patch1-Chart-12-Kali-plausible.patch",
            "test": "test_from_WangICSE_patch1-Chart-12-SimFix-plausible",
            "failing": 0,
            "testrun": 38,
            "failings": [],
            "status": "ok",
            "test_executed": [
                "org.jfree.chart.plot.MultiplePiePlot_ESTest"
            ],
            "failing_assertions": [],
            "failing_lines": []
        },
        {
            "patch": "/home/mmartinez/xTestCluster/Patches/Patches_Wang902/Patches_ICSE/Doverfitting/Kali/Chart/patch1-Chart-12-Kali-plausible.patch",
            "test": "test_from_WangICSE_patch1-Chart-12-GenProg-plausible",
            "failing": 18,
            "testrun": 169,
            "failings": [
                "test07(org.jfree.chart.plot.MultiplePiePlot_ESTest)",
                "test20(org.jfree.chart.plot.MultiplePiePlot_ESTest)",
                "test00(org.jfree.chart.plot.MultiplePiePlot_ESTest)",
                "test18(org.jfree.chart.plot.MultiplePiePlot_ESTest)",
                "test17(org.jfree.chart.plot.MultiplePiePlot_ESTest)",
                "test19(org.jfree.chart.plot.MultiplePiePlot_ESTest)",
                "test32(org.jfree.chart.plot.MultiplePiePlot_ESTest)",
                "test052(org.jfree.chart.JFreeChart_ESTest)",
                "test129(org.jfree.chart.JFreeChart_ESTest)",
                "test127(org.jfree.chart.JFreeChart_ESTest)",
                "test128(org.jfree.chart.JFreeChart_ESTest)",
                "test125(org.jfree.chart.JFreeChart_ESTest)",
                "test126(org.jfree.chart.JFreeChart_ESTest)",
                "test123(org.jfree.chart.JFreeChart_ESTest)",
                "test124(org.jfree.chart.JFreeChart_ESTest)",
                "test094(org.jfree.chart.JFreeChart_ESTest)",
                "test121(org.jfree.chart.JFreeChart_ESTest)",
                "test122(org.jfree.chart.JFreeChart_ESTest)"
            ],
            "status": "ok",
            "test_executed": [
                "org.jfree.chart.plot.MultiplePiePlot_ESTest",
                "org.jfree.chart.JFreeChart_ESTest"
            ],
            "failing_assertions": [
                "java.lang.AssertionError: Expecting exception: NullPointerException",
                "java.lang.AssertionError: Expecting exception: NullPointerException",
                "java.lang.AssertionError: Expecting exception: NullPointerException",
                "java.lang.AssertionError: Expecting exception: NullPointerException",
                "java.lang.AssertionError: Expecting exception: IllegalArgumentException",
                "java.lang.AssertionError: Expecting exception: NullPointerException",
                "java.lang.AssertionError: expected null, but was:<java.awt.Color[r=192,g=192,b=192]>",
                "org.evosuite.runtime.mock.java.lang.MockIllegalArgumentException: Index out of range.",
                "java.lang.AssertionError: expected:<1> but was:<0>",
                "java.lang.AssertionError: expected:<1> but was:<0>",
                "java.lang.AssertionError: expected:<1> but was:<0>",
                "java.lang.AssertionError: expected:<1> but was:<0>",
                "java.lang.AssertionError: expected:<1> but was:<0>",
                "java.lang.AssertionError: expected:<1> but was:<0>",
                "java.lang.AssertionError: expected:<1> but was:<0>",
                "java.lang.AssertionError: expected:<1> but was:<0>",
                "org.evosuite.runtime.mock.java.lang.MockIllegalArgumentException: Null \\'subtitle\\' argument.",
                "java.lang.AssertionError"
            ],
            "failing_lines": [
                [
                    "org.jfree.chart.plot.MultiplePiePlot_ESTest.test07(MultiplePiePlot_ESTest.java:147)"
                ],
                [
                    "org.jfree.chart.plot.MultiplePiePlot_ESTest.test20(MultiplePiePlot_ESTest.java:351)"
                ],
                [
                    "org.jfree.chart.plot.MultiplePiePlot_ESTest.test00(MultiplePiePlot_ESTest.java:63)"
                ],
                [
                    "org.jfree.chart.plot.MultiplePiePlot_ESTest.test18(MultiplePiePlot_ESTest.java:306)"
                ],
                [
                    "org.jfree.chart.plot.MultiplePiePlot_ESTest.test17(MultiplePiePlot_ESTest.java:283)"
                ],
                [
                    "org.jfree.chart.plot.MultiplePiePlot_ESTest.test19(MultiplePiePlot_ESTest.java:329)"
                ],
                [
                    "org.jfree.chart.plot.MultiplePiePlot_ESTest.test32(MultiplePiePlot_ESTest.java:499)"
                ],
                [
                    "org.jfree.chart.JFreeChart_ESTest.test052(JFreeChart_ESTest.java:830)"
                ],
                [
                    "org.jfree.chart.JFreeChart_ESTest.test129(JFreeChart_ESTest.java:1778)"
                ],
                [
                    "org.jfree.chart.JFreeChart_ESTest.test127(JFreeChart_ESTest.java:1757)"
                ],
                [
                    "org.jfree.chart.JFreeChart_ESTest.test128(JFreeChart_ESTest.java:1767)"
                ],
                [
                    "org.jfree.chart.JFreeChart_ESTest.test125(JFreeChart_ESTest.java:1731)"
                ],
                [
                    "org.jfree.chart.JFreeChart_ESTest.test126(JFreeChart_ESTest.java:1742)"
                ],
                [
                    "org.jfree.chart.JFreeChart_ESTest.test123(JFreeChart_ESTest.java:1706)"
                ],
                [
                    "org.jfree.chart.JFreeChart_ESTest.test124(JFreeChart_ESTest.java:1718)"
                ],
                [
                    "org.jfree.chart.JFreeChart_ESTest.test094(JFreeChart_ESTest.java:1341)"
                ],
                [
                    "org.jfree.chart.JFreeChart_ESTest.test121(JFreeChart_ESTest.java:1681)"
                ],
                [
                    "org.jfree.chart.JFreeChart_ESTest.test122(JFreeChart_ESTest.java:1691)"
                ]
            ]
        },
        {
            "patch": "/home/mmartinez/xTestCluster/Patches/Patches_Wang902/Patches_ICSE/Doverfitting/Kali/Chart/patch1-Chart-12-Kali-plausible.patch",
            "test": "test_from_WangICSE_patch1-Chart-12-Kali-plausible",
            "failing": 0,
            "testrun": 14,
            "failings": [],
            "status": "ok",
            "test_executed": [
                "org.jfree.data.general.AbstractDataset_ESTest"
            ],
            "failing_assertions": [],
            "failing_lines": []
        },
        {
            "patch": "/home/mmartinez/xTestCluster/Patches/Patches_Wang902/Patches_ICSE/Doverfitting/Kali/Chart/patch1-Chart-12-Kali-plausible.patch",
            "test": "test_from_WangICSE_patch1-Chart-12-TBar-plausible",
            "failing": 0,
            "testrun": 14,
            "failings": [],
            "status": "ok",
            "test_executed": [
                "org.jfree.data.general.AbstractDataset_ESTest"
            ],
            "failing_assertions": [],
            "failing_lines": []
        },
        {
            "patch": "/home/mmartinez/xTestCluster/Patches/Patches_Wang902/Patches_ICSE/Doverfitting/Kali/Chart/patch1-Chart-12-Kali-plausible.patch",
            "test": "test_from_WangICSE_patch1-Chart-12-Arja",
            "failing": 0,
            "testrun": 41,
            "failings": [],
            "status": "ok",
            "test_executed": [
                "org.jfree.chart.plot.MultiplePiePlot_ESTest"
            ],
            "failing_assertions": [],
            "failing_lines": []
        }
    ],
    "duration": 34.64
}