{
    "patch": "/home/mmartinez/xTestCluster/Patches/Patches_Wang902/Patches_others/Dcorrect/CapGen/Chart/patch2-Chart-11-CapGen.patch",
    "project": "Chart",
    "bugid": "11",
    "dataset": "Patches_others",
    "date": "2022-12-16T07:11:24.204063",
    "project_checked": "ok",
    "compiledProjectModified": "ok",
    "patchApplied": "ok",
    "arrive_end": "ok",
    "patched_project_pass_all_test": "no",
    "test_execution": [
        {
            "patch": "/home/mmartinez/xTestCluster/Patches/Patches_Wang902/Patches_others/Dcorrect/CapGen/Chart/patch2-Chart-11-CapGen.patch",
            "test": "test_from_WangDRR_patch2-Chart-11-CapGen",
            "failing": 0,
            "testrun": 57,
            "failings": [],
            "status": "ok",
            "test_executed": [
                "org.jfree.chart.util.ShapeUtilities_ESTest"
            ],
            "failing_assertions": [],
            "failing_lines": []
        },
        {
            "patch": "/home/mmartinez/xTestCluster/Patches/Patches_Wang902/Patches_others/Dcorrect/CapGen/Chart/patch2-Chart-11-CapGen.patch",
            "test": "test_from_WangICSE_patch1-Chart-11-AVATAR",
            "failing": 0,
            "testrun": 0,
            "failings": [],
            "status": "ERROR",
            "test_executed": [],
            "failing_assertions": null,
            "failing_lines": null,
            "errorLog": "no test generated"
        },
        {
            "patch": "/home/mmartinez/xTestCluster/Patches/Patches_Wang902/Patches_others/Dcorrect/CapGen/Chart/patch2-Chart-11-CapGen.patch",
            "test": "test_from_WangDRR_patch1-Chart-11-CapGen",
            "failing": 0,
            "testrun": 59,
            "failings": [],
            "status": "ok",
            "test_executed": [
                "org.jfree.chart.util.ShapeUtilities_ESTest"
            ],
            "failing_assertions": [],
            "failing_lines": []
        }
    ],
    "duration": 30.93
}