{
    "patch": "/home/mmartinez/xTestCluster/Patches/Patches_Wang902/Patches_ICSE/Doverfitting/SimFix/Math/patch1-Math-84-SimFix-plausible.patch",
    "project": "Math",
    "bugid": "84",
    "dataset": "Patches_ICSE",
    "date": "2022-12-15T23:33:46.214671",
    "project_checked": "ok",
    "compiledProjectModified": "ok",
    "patchApplied": "ok",
    "arrive_end": "ok",
    "patched_project_pass_all_test": "no",
    "test_execution": [
        {
            "patch": "/home/mmartinez/xTestCluster/Patches/Patches_Wang902/Patches_ICSE/Doverfitting/SimFix/Math/patch1-Math-84-SimFix-plausible.patch",
            "test": "test_from_WangICSE_patch1-Math-84-SimFix-plausible",
            "failing": 0,
            "testrun": 10,
            "failings": [],
            "status": "ok",
            "test_executed": [
                "org.apache.commons.math.optimization.direct.MultiDirectional_ESTest"
            ],
            "failing_assertions": [],
            "failing_lines": []
        },
        {
            "patch": "/home/mmartinez/xTestCluster/Patches/Patches_Wang902/Patches_ICSE/Doverfitting/SimFix/Math/patch1-Math-84-SimFix-plausible.patch",
            "test": "test_from_WangICSE_patch1-Math-84-jGenProg-plausible",
            "failing": 0,
            "testrun": 11,
            "failings": [],
            "status": "ok",
            "test_executed": [
                "org.apache.commons.math.optimization.direct.MultiDirectional_ESTest"
            ],
            "failing_assertions": [],
            "failing_lines": []
        },
        {
            "patch": "/home/mmartinez/xTestCluster/Patches/Patches_Wang902/Patches_ICSE/Doverfitting/SimFix/Math/patch1-Math-84-SimFix-plausible.patch",
            "test": "test_from_WangICSE_patch1-Math-84-AVATAR-plausible",
            "failing": 0,
            "testrun": 9,
            "failings": [],
            "status": "ok",
            "test_executed": [
                "org.apache.commons.math.optimization.direct.MultiDirectional_ESTest"
            ],
            "failing_assertions": [],
            "failing_lines": []
        },
        {
            "patch": "/home/mmartinez/xTestCluster/Patches/Patches_Wang902/Patches_ICSE/Doverfitting/SimFix/Math/patch1-Math-84-SimFix-plausible.patch",
            "test": "test_from_WangICSE_patch1-Math-84-TBar-plausible",
            "failing": 1,
            "testrun": 8,
            "failings": [
                "test5(org.apache.commons.math.optimization.direct.MultiDirectional_ESTest)"
            ],
            "status": "ok",
            "test_executed": [
                "org.apache.commons.math.optimization.direct.MultiDirectional_ESTest"
            ],
            "failing_assertions": [
                "java.lang.AssertionError: expected:<2> but was:<1>"
            ],
            "failing_lines": [
                [
                    "org.apache.commons.math.optimization.direct.MultiDirectional_ESTest.test5(MultiDirectional_ESTest.java:152)"
                ]
            ]
        },
        {
            "patch": "/home/mmartinez/xTestCluster/Patches/Patches_Wang902/Patches_ICSE/Doverfitting/SimFix/Math/patch1-Math-84-SimFix-plausible.patch",
            "test": "test_from_WangICSE_patch1-Math-84-Kali-plausible",
            "failing": 0,
            "testrun": 10,
            "failings": [],
            "status": "ok",
            "test_executed": [
                "org.apache.commons.math.optimization.direct.MultiDirectional_ESTest"
            ],
            "failing_assertions": [],
            "failing_lines": []
        },
        {
            "patch": "/home/mmartinez/xTestCluster/Patches/Patches_Wang902/Patches_ICSE/Doverfitting/SimFix/Math/patch1-Math-84-SimFix-plausible.patch",
            "test": "test_from_WangICSE_patch1-Math-84-RSRepair-plausible",
            "failing": 0,
            "testrun": 11,
            "failings": [],
            "status": "ok",
            "test_executed": [
                "org.apache.commons.math.optimization.direct.MultiDirectional_ESTest"
            ],
            "failing_assertions": [],
            "failing_lines": []
        },
        {
            "patch": "/home/mmartinez/xTestCluster/Patches/Patches_Wang902/Patches_ICSE/Doverfitting/SimFix/Math/patch1-Math-84-SimFix-plausible.patch",
            "test": "test_from_WangICSE_patch1-Math-84-jMutRepair-plausible",
            "failing": 1,
            "testrun": 9,
            "failings": [
                "test6(org.apache.commons.math.optimization.direct.MultiDirectional_ESTest)"
            ],
            "status": "ok",
            "test_executed": [
                "org.apache.commons.math.optimization.direct.MultiDirectional_ESTest"
            ],
            "failing_assertions": [
                "java.lang.AssertionError: expected:<2> but was:<1>"
            ],
            "failing_lines": [
                [
                    "org.apache.commons.math.optimization.direct.MultiDirectional_ESTest.test6(MultiDirectional_ESTest.java:167)"
                ]
            ]
        },
        {
            "patch": "/home/mmartinez/xTestCluster/Patches/Patches_Wang902/Patches_ICSE/Doverfitting/SimFix/Math/patch1-Math-84-SimFix-plausible.patch",
            "test": "test_from_WangICSE_patch1-Math-84-Arja-plausible",
            "failing": 0,
            "testrun": 10,
            "failings": [],
            "status": "ok",
            "test_executed": [
                "org.apache.commons.math.optimization.direct.MultiDirectional_ESTest"
            ],
            "failing_assertions": [],
            "failing_lines": []
        }
    ],
    "duration": 35.59
}