{
    "patch": "/home/mmartinez/xTestCluster/Patches/Patches_Wang902/Patches_others/Doverfitting/Jaid/Chart/patch2-Chart-9-Jaid-plausible.patch",
    "project": "Chart",
    "bugid": "9",
    "dataset": "Patches_others",
    "date": "2022-12-27T21:29:57.335134",
    "project_checked": "ok",
    "compiledProjectModified": "ok",
    "patchApplied": "ok",
    "arrive_end": "ok",
    "patched_project_pass_all_test": "no",
    "test_execution": [
        {
            "patch": "/home/mmartinez/xTestCluster/Patches/Patches_Wang902/Patches_others/Doverfitting/Jaid/Chart/patch2-Chart-9-Jaid-plausible.patch",
            "test": "test_from_WangDRR_patch1-Chart-9-Jaid-plausible",
            "failing": 0,
            "testrun": 138,
            "failings": [],
            "status": "ok",
            "test_executed": [
                "org.jfree.data.time.TimeSeries_ESTest"
            ],
            "failing_assertions": [],
            "failing_lines": []
        },
        {
            "patch": "/home/mmartinez/xTestCluster/Patches/Patches_Wang902/Patches_others/Doverfitting/Jaid/Chart/patch2-Chart-9-Jaid-plausible.patch",
            "test": "test_from_WangDRR_patch3-Chart-9-Jaid-plausible",
            "failing": 0,
            "testrun": 135,
            "failings": [],
            "status": "ok",
            "test_executed": [
                "org.jfree.data.time.TimeSeries_ESTest"
            ],
            "failing_assertions": [],
            "failing_lines": []
        },
        {
            "patch": "/home/mmartinez/xTestCluster/Patches/Patches_Wang902/Patches_others/Doverfitting/Jaid/Chart/patch2-Chart-9-Jaid-plausible.patch",
            "test": "test_from_WangDRR_patch1-Chart-9-SketchFix",
            "failing": 1,
            "testrun": 138,
            "failings": [
                "test001(org.jfree.data.time.TimeSeries_ESTest)"
            ],
            "status": "ok",
            "test_executed": [
                "org.jfree.data.time.TimeSeries_ESTest"
            ],
            "failing_assertions": [
                "java.lang.AssertionError: expected:<0> but was:<1>"
            ],
            "failing_lines": [
                [
                    "org.jfree.data.time.TimeSeries_ESTest.test001(TimeSeries_ESTest.java:63)"
                ]
            ]
        },
        {
            "patch": "/home/mmartinez/xTestCluster/Patches/Patches_Wang902/Patches_others/Doverfitting/Jaid/Chart/patch2-Chart-9-Jaid-plausible.patch",
            "test": "test_from_WangDRR_patch2-Chart-9-Jaid",
            "failing": 0,
            "testrun": 137,
            "failings": [],
            "status": "ok",
            "test_executed": [
                "org.jfree.data.time.TimeSeries_ESTest"
            ],
            "failing_assertions": [],
            "failing_lines": []
        },
        {
            "patch": "/home/mmartinez/xTestCluster/Patches/Patches_Wang902/Patches_others/Doverfitting/Jaid/Chart/patch2-Chart-9-Jaid-plausible.patch",
            "test": "test_from_WangDRR_patch1-Chart-9-Jaid",
            "failing": 2,
            "testrun": 136,
            "failings": [
                "test000(org.jfree.data.time.TimeSeries_ESTest)",
                "test086(org.jfree.data.time.TimeSeries_ESTest)"
            ],
            "status": "ok",
            "test_executed": [
                "org.jfree.data.time.TimeSeries_ESTest"
            ],
            "failing_assertions": [
                "java.lang.AssertionError: expected:<0> but was:<2>",
                "java.lang.AssertionError: expected:<0> but was:<1>"
            ],
            "failing_lines": [
                [
                    "org.jfree.data.time.TimeSeries_ESTest.test000(TimeSeries_ESTest.java:47)"
                ],
                [
                    "org.jfree.data.time.TimeSeries_ESTest.test086(TimeSeries_ESTest.java:1264)"
                ]
            ]
        },
        {
            "patch": "/home/mmartinez/xTestCluster/Patches/Patches_Wang902/Patches_others/Doverfitting/Jaid/Chart/patch2-Chart-9-Jaid-plausible.patch",
            "test": "test_from_WangICSE_patch1-Chart-9-Nopol-plausible",
            "failing": 4,
            "testrun": 140,
            "failings": [
                "test003(org.jfree.data.time.TimeSeries_ESTest)",
                "test127(org.jfree.data.time.TimeSeries_ESTest)",
                "test041(org.jfree.data.time.TimeSeries_ESTest)",
                "test042(org.jfree.data.time.TimeSeries_ESTest)"
            ],
            "status": "ok",
            "test_executed": [
                "org.jfree.data.time.TimeSeries_ESTest"
            ],
            "failing_assertions": [
                "java.lang.AssertionError: expected:<1> but was:<2>",
                "java.lang.AssertionError",
                "org.evosuite.runtime.mock.java.lang.MockIllegalArgumentException: Requires start <= end.",
                "org.evosuite.runtime.mock.java.lang.MockIllegalArgumentException: Requires start <= end."
            ],
            "failing_lines": [
                [
                    "org.jfree.data.time.TimeSeries_ESTest.test003(TimeSeries_ESTest.java:90)"
                ],
                [
                    "org.jfree.data.time.TimeSeries_ESTest.test127(TimeSeries_ESTest.java:1871)"
                ],
                [
                    "org.jfree.data.time.TimeSeries_ESTest.test041(TimeSeries_ESTest.java:591)"
                ],
                [
                    "org.jfree.data.time.TimeSeries_ESTest.test042(TimeSeries_ESTest.java:602)"
                ]
            ]
        },
        {
            "patch": "/home/mmartinez/xTestCluster/Patches/Patches_Wang902/Patches_others/Doverfitting/Jaid/Chart/patch2-Chart-9-Jaid-plausible.patch",
            "test": "test_from_WangDRR_patch1-Chart-9-SequenceR",
            "failing": 0,
            "testrun": 134,
            "failings": [],
            "status": "ok",
            "test_executed": [
                "org.jfree.data.time.TimeSeries_ESTest"
            ],
            "failing_assertions": [],
            "failing_lines": []
        },
        {
            "patch": "/home/mmartinez/xTestCluster/Patches/Patches_Wang902/Patches_others/Doverfitting/Jaid/Chart/patch2-Chart-9-Jaid-plausible.patch",
            "test": "test_from_WangDRR_patch2-Chart-9-Jaid-plausible",
            "failing": 0,
            "testrun": 141,
            "failings": [],
            "status": "ok",
            "test_executed": [
                "org.jfree.data.time.TimeSeries_ESTest"
            ],
            "failing_assertions": [],
            "failing_lines": []
        },
        {
            "patch": "/home/mmartinez/xTestCluster/Patches/Patches_Wang902/Patches_others/Doverfitting/Jaid/Chart/patch2-Chart-9-Jaid-plausible.patch",
            "test": "test_from_WangICSE_patch1-Chart-9-TBar",
            "failing": 2,
            "testrun": 137,
            "failings": [
                "test004(org.jfree.data.time.TimeSeries_ESTest)",
                "test005(org.jfree.data.time.TimeSeries_ESTest)"
            ],
            "status": "ok",
            "test_executed": [
                "org.jfree.data.time.TimeSeries_ESTest"
            ],
            "failing_assertions": [
                "java.lang.AssertionError: expected:<0> but was:<1>",
                "java.lang.AssertionError: expected:<0> but was:<2>"
            ],
            "failing_lines": [
                [
                    "org.jfree.data.time.TimeSeries_ESTest.test004(TimeSeries_ESTest.java:88)"
                ],
                [
                    "org.jfree.data.time.TimeSeries_ESTest.test005(TimeSeries_ESTest.java:106)"
                ]
            ]
        }
    ],
    "duration": 38.7
}