{
    "patch": "/home/mmartinez/xTestCluster/Patches/Patches_Wang902/Patches_ICSE/Doverfitting/FixMiner/Math/patch1-Math-50-FixMiner-plausible.patch",
    "project": "Math",
    "bugid": "50",
    "dataset": "Patches_ICSE",
    "date": "2022-12-15T22:22:18.834069",
    "project_checked": "ok",
    "compiledProjectModified": "ok",
    "patchApplied": "ok",
    "arrive_end": "ok",
    "patched_project_pass_all_test": "no",
    "test_execution": [
        {
            "patch": "/home/mmartinez/xTestCluster/Patches/Patches_Wang902/Patches_ICSE/Doverfitting/FixMiner/Math/patch1-Math-50-FixMiner-plausible.patch",
            "test": "test_from_WangICSE_patch1-Math-50-FixMiner-plausible",
            "failing": 0,
            "testrun": 38,
            "failings": [],
            "status": "ok",
            "test_executed": [
                "org.apache.commons.math.analysis.solvers.BaseSecantSolver_ESTest"
            ],
            "failing_assertions": [],
            "failing_lines": []
        },
        {
            "patch": "/home/mmartinez/xTestCluster/Patches/Patches_Wang902/Patches_ICSE/Doverfitting/FixMiner/Math/patch1-Math-50-FixMiner-plausible.patch",
            "test": "test_from_WangDRR_patch1-Math-50-SketchFix",
            "failing": 0,
            "testrun": 36,
            "failings": [],
            "status": "ok",
            "test_executed": [
                "org.apache.commons.math.analysis.solvers.BaseSecantSolver_ESTest"
            ],
            "failing_assertions": [],
            "failing_lines": []
        },
        {
            "patch": "/home/mmartinez/xTestCluster/Patches/Patches_Wang902/Patches_ICSE/Doverfitting/FixMiner/Math/patch1-Math-50-FixMiner-plausible.patch",
            "test": "test_from_WangICSE_patch1-Math-50-jGenProg-plausible",
            "failing": 0,
            "testrun": 36,
            "failings": [],
            "status": "ok",
            "test_executed": [
                "org.apache.commons.math.analysis.solvers.BaseSecantSolver_ESTest"
            ],
            "failing_assertions": [],
            "failing_lines": []
        },
        {
            "patch": "/home/mmartinez/xTestCluster/Patches/Patches_Wang902/Patches_ICSE/Doverfitting/FixMiner/Math/patch1-Math-50-FixMiner-plausible.patch",
            "test": "test_from_WangICSE_patch1-Math-50-TBar-plausible",
            "failing": 0,
            "testrun": 36,
            "failings": [],
            "status": "ok",
            "test_executed": [
                "org.apache.commons.math.analysis.solvers.BaseSecantSolver_ESTest"
            ],
            "failing_assertions": [],
            "failing_lines": []
        },
        {
            "patch": "/home/mmartinez/xTestCluster/Patches/Patches_Wang902/Patches_ICSE/Doverfitting/FixMiner/Math/patch1-Math-50-FixMiner-plausible.patch",
            "test": "test_from_WangICSE_patch1-Math-50-jKali",
            "failing": 0,
            "testrun": 37,
            "failings": [],
            "status": "ok",
            "test_executed": [
                "org.apache.commons.math.analysis.solvers.BaseSecantSolver_ESTest"
            ],
            "failing_assertions": [],
            "failing_lines": []
        },
        {
            "patch": "/home/mmartinez/xTestCluster/Patches/Patches_Wang902/Patches_ICSE/Doverfitting/FixMiner/Math/patch1-Math-50-FixMiner-plausible.patch",
            "test": "test_from_WangICSE_patch1-Math-50-jMutRepair-plausible",
            "failing": 1,
            "testrun": 35,
            "failings": [
                "test29(org.apache.commons.math.analysis.solvers.BaseSecantSolver_ESTest)"
            ],
            "status": "ok",
            "test_executed": [
                "org.apache.commons.math.analysis.solvers.BaseSecantSolver_ESTest"
            ],
            "failing_assertions": [
                "java.lang.AssertionError: Expecting exception: IllegalStateException"
            ],
            "failing_lines": [
                [
                    "org.apache.commons.math.analysis.solvers.BaseSecantSolver_ESTest.test29(BaseSecantSolver_ESTest.java:411)"
                ]
            ]
        },
        {
            "patch": "/home/mmartinez/xTestCluster/Patches/Patches_Wang902/Patches_ICSE/Doverfitting/FixMiner/Math/patch1-Math-50-FixMiner-plausible.patch",
            "test": "test_from_WangDRR_patch1-Math-50-Jaid",
            "failing": 0,
            "testrun": 36,
            "failings": [],
            "status": "ok",
            "test_executed": [
                "org.apache.commons.math.analysis.solvers.BaseSecantSolver_ESTest"
            ],
            "failing_assertions": [],
            "failing_lines": []
        },
        {
            "patch": "/home/mmartinez/xTestCluster/Patches/Patches_Wang902/Patches_ICSE/Doverfitting/FixMiner/Math/patch1-Math-50-FixMiner-plausible.patch",
            "test": "test_from_WangDRR_patch3-Math-50-Jaid-plausible",
            "failing": 1,
            "testrun": 36,
            "failings": [
                "test35(org.apache.commons.math.analysis.solvers.BaseSecantSolver_ESTest)"
            ],
            "status": "ok",
            "test_executed": [
                "org.apache.commons.math.analysis.solvers.BaseSecantSolver_ESTest"
            ],
            "failing_assertions": [
                "java.lang.AssertionError: Expecting exception: IllegalStateException"
            ],
            "failing_lines": [
                [
                    "org.apache.commons.math.analysis.solvers.BaseSecantSolver_ESTest.test35(BaseSecantSolver_ESTest.java:478)"
                ]
            ]
        },
        {
            "patch": "/home/mmartinez/xTestCluster/Patches/Patches_Wang902/Patches_ICSE/Doverfitting/FixMiner/Math/patch1-Math-50-FixMiner-plausible.patch",
            "test": "test_from_WangICSE_patch1-Math-50-DynaMoth",
            "failing": 0,
            "testrun": 36,
            "failings": [],
            "status": "ok",
            "test_executed": [
                "org.apache.commons.math.analysis.solvers.BaseSecantSolver_ESTest"
            ],
            "failing_assertions": [],
            "failing_lines": []
        },
        {
            "patch": "/home/mmartinez/xTestCluster/Patches/Patches_Wang902/Patches_ICSE/Doverfitting/FixMiner/Math/patch1-Math-50-FixMiner-plausible.patch",
            "test": "test_from_WangICSE_patch1-Math-50-AVATAR-plausible",
            "failing": 0,
            "testrun": 36,
            "failings": [],
            "status": "ok",
            "test_executed": [
                "org.apache.commons.math.analysis.solvers.BaseSecantSolver_ESTest"
            ],
            "failing_assertions": [],
            "failing_lines": []
        },
        {
            "patch": "/home/mmartinez/xTestCluster/Patches/Patches_Wang902/Patches_ICSE/Doverfitting/FixMiner/Math/patch1-Math-50-FixMiner-plausible.patch",
            "test": "test_from_WangICSE_patch1-Math-50-SimFix-plausible",
            "failing": 0,
            "testrun": 36,
            "failings": [],
            "status": "ok",
            "test_executed": [
                "org.apache.commons.math.analysis.solvers.BaseSecantSolver_ESTest"
            ],
            "failing_assertions": [],
            "failing_lines": []
        },
        {
            "patch": "/home/mmartinez/xTestCluster/Patches/Patches_Wang902/Patches_ICSE/Doverfitting/FixMiner/Math/patch1-Math-50-FixMiner-plausible.patch",
            "test": "test_from_WangDRR_patch1-Math-50-Jaid-plausible",
            "failing": 0,
            "testrun": 37,
            "failings": [],
            "status": "ok",
            "test_executed": [
                "org.apache.commons.math.analysis.solvers.BaseSecantSolver_ESTest"
            ],
            "failing_assertions": [],
            "failing_lines": []
        },
        {
            "patch": "/home/mmartinez/xTestCluster/Patches/Patches_Wang902/Patches_ICSE/Doverfitting/FixMiner/Math/patch1-Math-50-FixMiner-plausible.patch",
            "test": "test_from_WangICSE_patch1-Math-50-Kali",
            "failing": 0,
            "testrun": 35,
            "failings": [],
            "status": "ok",
            "test_executed": [
                "org.apache.commons.math.analysis.solvers.BaseSecantSolver_ESTest"
            ],
            "failing_assertions": [],
            "failing_lines": []
        },
        {
            "patch": "/home/mmartinez/xTestCluster/Patches/Patches_Wang902/Patches_ICSE/Doverfitting/FixMiner/Math/patch1-Math-50-FixMiner-plausible.patch",
            "test": "test_from_WangICSE_patch1-Math-50-Arja",
            "failing": 0,
            "testrun": 89,
            "failings": [],
            "status": "ok",
            "test_executed": [
                "org.apache.commons.math.analysis.solvers.BaseSecantSolver_ESTest",
                "org.apache.commons.math.analysis.solvers.UnivariateRealSolverUtils_ESTest"
            ],
            "failing_assertions": [],
            "failing_lines": []
        },
        {
            "patch": "/home/mmartinez/xTestCluster/Patches/Patches_Wang902/Patches_ICSE/Doverfitting/FixMiner/Math/patch1-Math-50-FixMiner-plausible.patch",
            "test": "test_from_WangDRR_patch1-Math-50-SOFix",
            "failing": 0,
            "testrun": 37,
            "failings": [],
            "status": "ok",
            "test_executed": [
                "org.apache.commons.math.analysis.solvers.BaseSecantSolver_ESTest"
            ],
            "failing_assertions": [],
            "failing_lines": []
        }
    ],
    "duration": 57.33
}