{
    "patch": "/home/mmartinez/xTestCluster/Patches/Patches_Wang902/Patches_ICSE/Doverfitting/RSRepair/Closure/patch1-Closure-55-RSRepair-plausible.patch",
    "project": "Closure",
    "bugid": "55",
    "dataset": "Patches_ICSE",
    "date": "2022-12-16T04:00:07.787596",
    "project_checked": "ok",
    "compiledProjectModified": "ok",
    "patchApplied": "ok",
    "arrive_end": "ok",
    "patched_project_pass_all_test": "no",
    "test_execution": [
        {
            "patch": "/home/mmartinez/xTestCluster/Patches/Patches_Wang902/Patches_ICSE/Doverfitting/RSRepair/Closure/patch1-Closure-55-RSRepair-plausible.patch",
            "test": "test_from_WangICSE_patch1-Closure-55-Arja-plausible",
            "failing": 0,
            "testrun": 4,
            "failings": [],
            "status": "ok",
            "test_executed": [
                "com.google.javascript.jscomp.FunctionRewriter_ESTest"
            ],
            "failing_assertions": [],
            "failing_lines": []
        },
        {
            "patch": "/home/mmartinez/xTestCluster/Patches/Patches_Wang902/Patches_ICSE/Doverfitting/RSRepair/Closure/patch1-Closure-55-RSRepair-plausible.patch",
            "test": "test_from_WangICSE_patch1-Closure-55-Kali-plausible",
            "failing": 0,
            "testrun": 10,
            "failings": [],
            "status": "ok",
            "test_executed": [
                "com.google.javascript.jscomp.FunctionRewriter_ESTest"
            ],
            "failing_assertions": [],
            "failing_lines": []
        },
        {
            "patch": "/home/mmartinez/xTestCluster/Patches/Patches_Wang902/Patches_ICSE/Doverfitting/RSRepair/Closure/patch1-Closure-55-RSRepair-plausible.patch",
            "test": "test_from_WangICSE_patch1-Closure-55-GenProg-plausible",
            "failing": 1,
            "testrun": 2,
            "failings": [
                "test1(com.google.javascript.jscomp.FunctionRewriter_ESTest)"
            ],
            "status": "ok",
            "test_executed": [
                "com.google.javascript.jscomp.FunctionRewriter_ESTest"
            ],
            "failing_assertions": [
                "org.evosuite.runtime.mock.java.lang.MockRuntimeException: INTERNAL COMPILER ERROR."
            ],
            "failing_lines": [
                [
                    "com.google.javascript.jscomp.FunctionRewriter_ESTest.test1(FunctionRewriter_ESTest.java:42)"
                ]
            ]
        },
        {
            "patch": "/home/mmartinez/xTestCluster/Patches/Patches_Wang902/Patches_ICSE/Doverfitting/RSRepair/Closure/patch1-Closure-55-RSRepair-plausible.patch",
            "test": "test_from_WangICSE_patch1-Closure-55-RSRepair-plausible",
            "failing": 0,
            "testrun": 9,
            "failings": [],
            "status": "ok",
            "test_executed": [
                "com.google.javascript.jscomp.FunctionRewriter_ESTest"
            ],
            "failing_assertions": [],
            "failing_lines": []
        }
    ],
    "duration": 42.15
}