{
    "patch": "/home/mmartinez/xTestCluster/Patches/Patches_Wang902/Patches_ICSE/Doverfitting/kPAR/Lang/patch1-Lang-45-kPAR-plausible.patch",
    "project": "Lang",
    "bugid": "45",
    "dataset": "Patches_ICSE",
    "date": "2023-02-04T05:37:10.303311",
    "project_checked": "ok",
    "compiledProjectModified": "ok",
    "patchApplied": "ok",
    "arrive_end": "ok",
    "patched_project_pass_all_test": "no",
    "test_execution": [
        {
            "patch": "/home/mmartinez/xTestCluster/Patches/Patches_Wang902/Patches_ICSE/Doverfitting/kPAR/Lang/patch1-Lang-45-kPAR-plausible.patch",
            "test": "test_from_WangDRR_patch2-Lang-45-Jaid-plausible",
            "failing": 0,
            "testrun": 53,
            "failings": [],
            "status": "ok",
            "test_executed": [
                "org.apache.commons.lang.WordUtils_ESTest"
            ],
            "failing_assertions": [],
            "failing_lines": []
        },
        {
            "patch": "/home/mmartinez/xTestCluster/Patches/Patches_Wang902/Patches_ICSE/Doverfitting/kPAR/Lang/patch1-Lang-45-kPAR-plausible.patch",
            "test": "test_from_WangDRR_patch1-Lang-45-Jaid",
            "failing": 0,
            "testrun": 55,
            "failings": [],
            "status": "ok",
            "test_executed": [
                "org.apache.commons.lang.WordUtils_ESTest"
            ],
            "failing_assertions": [],
            "failing_lines": []
        },
        {
            "patch": "/home/mmartinez/xTestCluster/Patches/Patches_Wang902/Patches_ICSE/Doverfitting/kPAR/Lang/patch1-Lang-45-kPAR-plausible.patch",
            "test": "test_from_WangDRR_patch1-Lang-45-Jaid-plausible",
            "failing": 1,
            "testrun": 52,
            "failings": [
                "test27(org.apache.commons.lang.WordUtils_ESTest)"
            ],
            "status": "ok",
            "test_executed": [
                "org.apache.commons.lang.WordUtils_ESTest"
            ],
            "failing_assertions": [
                "java.lang.StringIndexOutOfBoundsException: String index out of range: 57"
            ],
            "failing_lines": [
                [
                    "org.apache.commons.lang.WordUtils_ESTest.test27(WordUtils_ESTest.java:195)"
                ]
            ]
        },
        {
            "patch": "/home/mmartinez/xTestCluster/Patches/Patches_Wang902/Patches_ICSE/Doverfitting/kPAR/Lang/patch1-Lang-45-kPAR-plausible.patch",
            "test": "test_from_WangICSE_patch1-Lang-45-kPAR-plausible",
            "failing": 0,
            "testrun": 55,
            "failings": [],
            "status": "ok",
            "test_executed": [
                "org.apache.commons.lang.WordUtils_ESTest"
            ],
            "failing_assertions": [],
            "failing_lines": []
        },
        {
            "patch": "/home/mmartinez/xTestCluster/Patches/Patches_Wang902/Patches_ICSE/Doverfitting/kPAR/Lang/patch1-Lang-45-kPAR-plausible.patch",
            "test": "test_from_WangICSE_patch1-Lang-45-SimFix-plausible",
            "failing": 1,
            "testrun": 54,
            "failings": [
                "test02(org.apache.commons.lang.WordUtils_ESTest)"
            ],
            "status": "ok",
            "test_executed": [
                "org.apache.commons.lang.WordUtils_ESTest"
            ],
            "failing_assertions": [
                "java.lang.AssertionError: Expecting exception: StringIndexOutOfBoundsException"
            ],
            "failing_lines": [
                [
                    "org.apache.commons.lang.WordUtils_ESTest.test02(WordUtils_ESTest.java:36)"
                ]
            ]
        },
        {
            "patch": "/home/mmartinez/xTestCluster/Patches/Patches_Wang902/Patches_ICSE/Doverfitting/kPAR/Lang/patch1-Lang-45-kPAR-plausible.patch",
            "test": "test_from_WangICSE_patch1-Lang-45-TBar-plausible",
            "failing": 0,
            "testrun": 54,
            "failings": [],
            "status": "ok",
            "test_executed": [
                "org.apache.commons.lang.WordUtils_ESTest"
            ],
            "failing_assertions": [],
            "failing_lines": []
        }
    ],
    "duration": 19.2
}