{
    "patch": "/home/mmartinez/xTestCluster/Patches/Patches_Wang902/Patches_ICSE/Doverfitting/SimFix/Lang/patch1-Lang-61-SimFix-plausible.patch",
    "project": "Lang",
    "bugid": "61",
    "dataset": "Patches_ICSE",
    "date": "2022-12-16T04:50:22.191006",
    "project_checked": "ok",
    "compiledProjectModified": "ok",
    "patchApplied": "ok",
    "arrive_end": "ok",
    "patched_project_pass_all_test": "no",
    "test_execution": [
        {
            "patch": "/home/mmartinez/xTestCluster/Patches/Patches_Wang902/Patches_ICSE/Doverfitting/SimFix/Lang/patch1-Lang-61-SimFix-plausible.patch",
            "test": "test_from_WangDRR_patch1-Lang-61-Jaid-plausible",
            "failing": 0,
            "testrun": 352,
            "failings": [],
            "status": "ok",
            "test_executed": [
                "org.apache.commons.lang.text.StrBuilder_ESTest"
            ],
            "failing_assertions": [],
            "failing_lines": []
        },
        {
            "patch": "/home/mmartinez/xTestCluster/Patches/Patches_Wang902/Patches_ICSE/Doverfitting/SimFix/Lang/patch1-Lang-61-SimFix-plausible.patch",
            "test": "test_from_WangDRR_patch2-Lang-61-Jaid-plausible",
            "failing": 0,
            "testrun": 357,
            "failings": [],
            "status": "ok",
            "test_executed": [
                "org.apache.commons.lang.text.StrBuilder_ESTest"
            ],
            "failing_assertions": [],
            "failing_lines": []
        },
        {
            "patch": "/home/mmartinez/xTestCluster/Patches/Patches_Wang902/Patches_ICSE/Doverfitting/SimFix/Lang/patch1-Lang-61-SimFix-plausible.patch",
            "test": "test_from_WangICSE_patch1-Lang-61-SimFix-plausible",
            "failing": 0,
            "testrun": 340,
            "failings": [],
            "status": "ok",
            "test_executed": [
                "org.apache.commons.lang.text.StrBuilder_ESTest"
            ],
            "failing_assertions": [],
            "failing_lines": []
        }
    ],
    "duration": 23.8
}