{
    "patch": "/home/mmartinez/xTestCluster/Patches/Patches_Wang902/Patches_ICSE/Doverfitting/SimFix/Lang/patch1-Lang-45-SimFix-plausible.patch",
    "project": "Lang",
    "bugid": "45",
    "dataset": "Patches_ICSE",
    "date": "2023-02-04T18:21:34.593942",
    "project_checked": "ok",
    "compiledProjectModified": "ok",
    "patchApplied": "ok",
    "arrive_end": "ok",
    "patched_project_pass_all_test": "no",
    "test_execution": [
        {
            "patch": "/home/mmartinez/xTestCluster/Patches/Patches_Wang902/Patches_ICSE/Doverfitting/SimFix/Lang/patch1-Lang-45-SimFix-plausible.patch",
            "test": "test_from_WangDRR_patch2-Lang-45-Jaid-plausible",
            "failing": 3,
            "testrun": 52,
            "failings": [
                "test03(org.apache.commons.lang.WordUtils_ESTest)",
                "test25(org.apache.commons.lang.WordUtils_ESTest)",
                "test26(org.apache.commons.lang.WordUtils_ESTest)"
            ],
            "status": "ok",
            "test_executed": [
                "org.apache.commons.lang.WordUtils_ESTest"
            ],
            "failing_assertions": [
                "org.junit.ComparisonFailure: expected:<[4]> but was:<[]>",
                "org.junit.ComparisonFailure: expected:<java.endorsed.di[]rs> but was:<java.endorsed.di[java.endorsed.di]rs>",
                "java.lang.StringIndexOutOfBoundsException: String index out of range: -1"
            ],
            "failing_lines": [
                [
                    "org.apache.commons.lang.WordUtils_ESTest.test03(WordUtils_ESTest.java:45)"
                ],
                [
                    "org.apache.commons.lang.WordUtils_ESTest.test25(WordUtils_ESTest.java:183)"
                ],
                [
                    "org.apache.commons.lang.WordUtils_ESTest.test26(WordUtils_ESTest.java:188)"
                ]
            ]
        },
        {
            "patch": "/home/mmartinez/xTestCluster/Patches/Patches_Wang902/Patches_ICSE/Doverfitting/SimFix/Lang/patch1-Lang-45-SimFix-plausible.patch",
            "test": "test_from_WangDRR_patch1-Lang-45-Jaid",
            "failing": 3,
            "testrun": 53,
            "failings": [
                "test02(org.apache.commons.lang.WordUtils_ESTest)",
                "test26(org.apache.commons.lang.WordUtils_ESTest)",
                "test23(org.apache.commons.lang.WordUtils_ESTest)"
            ],
            "status": "ok",
            "test_executed": [
                "org.apache.commons.lang.WordUtils_ESTest"
            ],
            "failing_assertions": [
                "org.junit.ComparisonFailure: expected:<[&]> but was:<[]>",
                "java.lang.StringIndexOutOfBoundsException: String index out of range: -1",
                "java.lang.StringIndexOutOfBoundsException: String index out of range: -1"
            ],
            "failing_lines": [
                [
                    "org.apache.commons.lang.WordUtils_ESTest.test02(WordUtils_ESTest.java:39)"
                ],
                [
                    "org.apache.commons.lang.WordUtils_ESTest.test26(WordUtils_ESTest.java:188)"
                ],
                [
                    "org.apache.commons.lang.WordUtils_ESTest.test23(WordUtils_ESTest.java:170)"
                ]
            ]
        },
        {
            "patch": "/home/mmartinez/xTestCluster/Patches/Patches_Wang902/Patches_ICSE/Doverfitting/SimFix/Lang/patch1-Lang-45-SimFix-plausible.patch",
            "test": "test_from_WangDRR_patch1-Lang-45-Jaid-plausible",
            "failing": 0,
            "testrun": 51,
            "failings": [],
            "status": "ok",
            "test_executed": [
                "org.apache.commons.lang.WordUtils_ESTest"
            ],
            "failing_assertions": [],
            "failing_lines": []
        },
        {
            "patch": "/home/mmartinez/xTestCluster/Patches/Patches_Wang902/Patches_ICSE/Doverfitting/SimFix/Lang/patch1-Lang-45-SimFix-plausible.patch",
            "test": "test_from_WangICSE_patch1-Lang-45-kPAR-plausible",
            "failing": 4,
            "testrun": 52,
            "failings": [
                "test02(org.apache.commons.lang.WordUtils_ESTest)",
                "test24(org.apache.commons.lang.WordUtils_ESTest)",
                "test20(org.apache.commons.lang.WordUtils_ESTest)",
                "test21(org.apache.commons.lang.WordUtils_ESTest)"
            ],
            "status": "ok",
            "test_executed": [
                "org.apache.commons.lang.WordUtils_ESTest"
            ],
            "failing_assertions": [
                "java.lang.StringIndexOutOfBoundsException: String index out of range: -1",
                "java.lang.StringIndexOutOfBoundsException: String index out of range: 13",
                "org.junit.ComparisonFailure: expected:<[4]> but was:<[]>",
                "java.lang.StringIndexOutOfBoundsException: String index out of range: -1531"
            ],
            "failing_lines": [
                [
                    "org.apache.commons.lang.WordUtils_ESTest.test02(WordUtils_ESTest.java:38)"
                ],
                [
                    "org.apache.commons.lang.WordUtils_ESTest.test24(WordUtils_ESTest.java:174)"
                ],
                [
                    "org.apache.commons.lang.WordUtils_ESTest.test20(WordUtils_ESTest.java:151)"
                ],
                [
                    "org.apache.commons.lang.WordUtils_ESTest.test21(WordUtils_ESTest.java:156)"
                ]
            ]
        },
        {
            "patch": "/home/mmartinez/xTestCluster/Patches/Patches_Wang902/Patches_ICSE/Doverfitting/SimFix/Lang/patch1-Lang-45-SimFix-plausible.patch",
            "test": "test_from_WangICSE_patch1-Lang-45-SimFix-plausible",
            "failing": 0,
            "testrun": 52,
            "failings": [],
            "status": "ok",
            "test_executed": [
                "org.apache.commons.lang.WordUtils_ESTest"
            ],
            "failing_assertions": [],
            "failing_lines": []
        },
        {
            "patch": "/home/mmartinez/xTestCluster/Patches/Patches_Wang902/Patches_ICSE/Doverfitting/SimFix/Lang/patch1-Lang-45-SimFix-plausible.patch",
            "test": "test_from_WangICSE_patch1-Lang-45-TBar-plausible",
            "failing": 0,
            "testrun": 0,
            "failings": [],
            "status": "ERROR",
            "test_executed": [],
            "failing_assertions": null,
            "failing_lines": null,
            "errorLog": "no test generated"
        }
    ],
    "duration": 17.67
}