{
    "patch": "/home/mmartinez/xTestCluster/Patches/Patches_Wang902/Patches_ICSE/Doverfitting/Nopol/Lang/patch1-Lang-44-Nopol-plausible.patch",
    "project": "Lang",
    "bugid": "44",
    "dataset": "Patches_ICSE",
    "date": "2022-12-16T06:12:57.872150",
    "project_checked": "ok",
    "compiledProjectModified": "ok",
    "patchApplied": "ok",
    "arrive_end": "ok",
    "patched_project_pass_all_test": "no",
    "test_execution": [
        {
            "patch": "/home/mmartinez/xTestCluster/Patches/Patches_Wang902/Patches_ICSE/Doverfitting/Nopol/Lang/patch1-Lang-44-Nopol-plausible.patch",
            "test": "test_from_WangICSE_patch1-Lang-44-TBar-plausible",
            "failing": 2,
            "testrun": 100,
            "failings": [
                "test94(org.apache.commons.lang.NumberUtils_ESTest)",
                "test83(org.apache.commons.lang.NumberUtils_ESTest)"
            ],
            "status": "ok",
            "test_executed": [
                "org.apache.commons.lang.NumberUtils_ESTest"
            ],
            "failing_assertions": [
                "java.lang.AssertionError: Exception was not thrown in java.lang.NumberFormatException but in org.apache.commons.lang.NumberUtils.createNumber(NumberUtils.java:206): java.lang.NumberFormatException: Strings must not be null is not a valid number.",
                "java.lang.AssertionError: Exception was not thrown in java.lang.NumberFormatException but in org.apache.commons.lang.NumberUtils.createNumber(NumberUtils.java:206): java.lang.NumberFormatException: NL is not a valid number."
            ],
            "failing_lines": [
                [
                    "org.apache.commons.lang.NumberUtils_ESTest.test94(NumberUtils_ESTest.java:787)"
                ],
                [
                    "org.apache.commons.lang.NumberUtils_ESTest.test83(NumberUtils_ESTest.java:657)"
                ]
            ]
        },
        {
            "patch": "/home/mmartinez/xTestCluster/Patches/Patches_Wang902/Patches_ICSE/Doverfitting/Nopol/Lang/patch1-Lang-44-Nopol-plausible.patch",
            "test": "test_from_WangICSE_patch1-Lang-44-Nopol-plausible",
            "failing": 0,
            "testrun": 103,
            "failings": [],
            "status": "ok",
            "test_executed": [
                "org.apache.commons.lang.NumberUtils_ESTest"
            ],
            "failing_assertions": [],
            "failing_lines": []
        },
        {
            "patch": "/home/mmartinez/xTestCluster/Patches/Patches_Wang902/Patches_ICSE/Doverfitting/Nopol/Lang/patch1-Lang-44-Nopol-plausible.patch",
            "test": "test_from_WangICSE_patch1-Lang-44-kPAR-plausible",
            "failing": 1,
            "testrun": 102,
            "failings": [
                "test086(org.apache.commons.lang.NumberUtils_ESTest)"
            ],
            "status": "ok",
            "test_executed": [
                "org.apache.commons.lang.NumberUtils_ESTest"
            ],
            "failing_assertions": [
                "java.lang.AssertionError: Exception was not thrown in java.lang.NumberFormatException but in org.apache.commons.lang.NumberUtils.createNumber(NumberUtils.java:206): java.lang.NumberFormatException: zlNDR,T^iSL is not a valid number."
            ],
            "failing_lines": [
                [
                    "org.apache.commons.lang.NumberUtils_ESTest.test086(NumberUtils_ESTest.java:667)"
                ]
            ]
        }
    ],
    "duration": 19.45
}