{
    "patch": "/home/mmartinez/xTestCluster/Patches/Patches_Wang902/Patches_ICSE/Doverfitting/RSRepair/Closure/patch1-Closure-75-RSRepair-plausible.patch",
    "project": "Closure",
    "bugid": "75",
    "dataset": "Patches_ICSE",
    "date": "2022-12-16T03:57:12.344618",
    "project_checked": "ok",
    "compiledProjectModified": "ok",
    "patchApplied": "ok",
    "arrive_end": "ok",
    "patched_project_pass_all_test": "no",
    "test_execution": [
        {
            "patch": "/home/mmartinez/xTestCluster/Patches/Patches_Wang902/Patches_ICSE/Doverfitting/RSRepair/Closure/patch1-Closure-75-RSRepair-plausible.patch",
            "test": "test_from_WangICSE_patch1-Closure-75-Arja-plausible",
            "failing": 6,
            "testrun": 424,
            "failings": [
                "Error",
                "Error",
                "Error",
                "Error",
                "Error",
                "Error",
                "Error",
                "Error",
                "Error",
                "test020(com.google.javascript.jscomp.NodeUtil_ESTest)",
                "test021(com.google.javascript.jscomp.NodeUtil_ESTest)",
                "test019(com.google.javascript.jscomp.NodeUtil_ESTest)",
                "test341(com.google.javascript.jscomp.NodeUtil_ESTest)",
                "test336(com.google.javascript.jscomp.NodeUtil_ESTest)",
                "test337(com.google.javascript.jscomp.NodeUtil_ESTest)"
            ],
            "status": "ok",
            "test_executed": [
                "com.google.javascript.jscomp.CodeGenerator_ESTest",
                "com.google.javascript.jscomp.NodeUtil_ESTest"
            ],
            "failing_assertions": [
                "03:57:37.114 [main] INFO org.evosuite.runtime.instrumentation.EvoClassLoader - Seeing class for first time: com.google.javascript.jscomp.mozilla.rhino.VMBridge_custom",
                "03:57:38.808 [main] INFO org.evosuite.runtime.instrumentation.EvoClassLoader - Seeing class for first time: com.google.javascript.jscomp.mozilla.rhino.VMBridge_custom",
                "03:57:39.049 [main] INFO org.evosuite.runtime.instrumentation.EvoClassLoader - Seeing class for first time: com.google.javascript.jscomp.mozilla.rhino.VMBridge_custom",
                "03:57:39.407 [main] INFO org.evosuite.runtime.instrumentation.EvoClassLoader - Seeing class for first time: com.google.javascript.jscomp.mozilla.rhino.VMBridge_custom",
                "03:57:39.486 [main] INFO org.evosuite.runtime.instrumentation.EvoClassLoader - Seeing class for first time: com.google.javascript.jscomp.mozilla.rhino.VMBridge_custom",
                "03:57:39.658 [main] INFO org.evosuite.runtime.instrumentation.EvoClassLoader - Seeing class for first time: com.google.javascript.jscomp.mozilla.rhino.VMBridge_custom",
                "03:57:39.691 [main] INFO org.evosuite.runtime.instrumentation.EvoClassLoader - Seeing class for first time: com.google.javascript.jscomp.mozilla.rhino.VMBridge_custom",
                "03:57:40.099 [main] INFO org.evosuite.runtime.instrumentation.EvoClassLoader - Seeing class for first time: com.google.javascript.jscomp.mozilla.rhino.VMBridge_custom",
                "03:57:40.197 [main] INFO org.evosuite.runtime.instrumentation.EvoClassLoader - Seeing class for first time: com.google.javascript.jscomp.mozilla.rhino.VMBridge_custom",
                "java.lang.AssertionError: expected null, but was:<NaN>",
                "java.lang.AssertionError: expected null, but was:<NaN>",
                "java.lang.AssertionError: expected null, but was:<NaN>",
                "java.lang.AssertionError: expected null, but was:<-0.0>",
                "java.lang.AssertionError: expected null, but was:<NaN>",
                "java.lang.AssertionError: expected null, but was:<NaN>"
            ],
            "failing_lines": [
                [
                    "com.google.javascript.jscomp.NodeUtil_ESTest.test020(NodeUtil_ESTest.java:281)"
                ],
                [
                    "com.google.javascript.jscomp.NodeUtil_ESTest.test021(NodeUtil_ESTest.java:287)"
                ],
                [
                    "com.google.javascript.jscomp.NodeUtil_ESTest.test019(NodeUtil_ESTest.java:275)"
                ],
                [
                    "com.google.javascript.jscomp.NodeUtil_ESTest.test341(NodeUtil_ESTest.java:3562)"
                ],
                [
                    "com.google.javascript.jscomp.NodeUtil_ESTest.test336(NodeUtil_ESTest.java:3532)"
                ],
                [
                    "com.google.javascript.jscomp.NodeUtil_ESTest.test337(NodeUtil_ESTest.java:3538)"
                ]
            ]
        },
        {
            "patch": "/home/mmartinez/xTestCluster/Patches/Patches_Wang902/Patches_ICSE/Doverfitting/RSRepair/Closure/patch1-Closure-75-RSRepair-plausible.patch",
            "test": "test_from_WangICSE_patch1-Closure-75-GenProg-plausible",
            "failing": 3,
            "testrun": 715,
            "failings": [
                "Error",
                "Error",
                "Error",
                "Error",
                "Error",
                "Error",
                "test274(com.google.javascript.jscomp.NodeUtil_ESTest)",
                "test056(com.google.javascript.jscomp.NodeUtil_ESTest)",
                "test271(com.google.javascript.rhino.Token_ESTest)"
            ],
            "status": "ok",
            "test_executed": [
                "com.google.javascript.jscomp.PeepholeFoldConstants_ESTest",
                "com.google.javascript.jscomp.NodeUtil_ESTest",
                "com.google.javascript.rhino.Token_ESTest"
            ],
            "failing_assertions": [
                "03:57:45.164 [main] INFO org.evosuite.runtime.instrumentation.EvoClassLoader - Seeing class for first time: com.google.javascript.jscomp.mozilla.rhino.VMBridge_custom",
                "03:57:45.417 [main] INFO org.evosuite.runtime.instrumentation.EvoClassLoader - Seeing class for first time: com.google.javascript.jscomp.mozilla.rhino.VMBridge_custom",
                "03:57:45.431 [main] INFO org.evosuite.runtime.instrumentation.EvoClassLoader - Seeing class for first time: com.google.javascript.jscomp.mozilla.rhino.VMBridge_custom",
                "03:57:47.652 [main] INFO org.evosuite.runtime.instrumentation.EvoClassLoader - Seeing class for first time: com.google.javascript.jscomp.mozilla.rhino.VMBridge_custom",
                "03:57:48.349 [main] INFO org.evosuite.runtime.instrumentation.EvoClassLoader - Seeing class for first time: com.google.javascript.jscomp.mozilla.rhino.VMBridge_custom",
                "03:57:48.697 [main] INFO org.evosuite.runtime.instrumentation.EvoClassLoader - Seeing class for first time: com.google.javascript.jscomp.mozilla.rhino.VMBridge_custom",
                "java.lang.AssertionError",
                "java.lang.NullPointerException",
                "org.junit.ComparisonFailure: expected:<[NEG]> but was:<[POS]>"
            ],
            "failing_lines": [
                [
                    "com.google.javascript.jscomp.NodeUtil_ESTest.test274(NodeUtil_ESTest.java:3042)"
                ],
                [
                    "com.google.javascript.jscomp.NodeUtil_ESTest.test056(NodeUtil_ESTest.java:573)"
                ],
                [
                    "com.google.javascript.rhino.Token_ESTest.test271(Token_ESTest.java:2900)"
                ]
            ]
        },
        {
            "patch": "/home/mmartinez/xTestCluster/Patches/Patches_Wang902/Patches_ICSE/Doverfitting/RSRepair/Closure/patch1-Closure-75-RSRepair-plausible.patch",
            "test": "test_from_WangICSE_patch1-Closure-75-Kali-plausible",
            "failing": 2,
            "testrun": 354,
            "failings": [
                "Error",
                "test318(com.google.javascript.jscomp.NodeUtil_ESTest)",
                "test021(com.google.javascript.jscomp.NodeUtil_ESTest)"
            ],
            "status": "ok",
            "test_executed": [
                "com.google.javascript.jscomp.NodeUtil_ESTest"
            ],
            "failing_assertions": [
                "03:57:55.898 [main] INFO org.evosuite.runtime.instrumentation.EvoClassLoader - Seeing class for first time: com.google.javascript.jscomp.mozilla.rhino.VMBridge_custom",
                "java.lang.AssertionError: expected null, but was:<NaN>",
                "java.lang.AssertionError: expected null, but was:<NaN>"
            ],
            "failing_lines": [
                [
                    "com.google.javascript.jscomp.NodeUtil_ESTest.test318(NodeUtil_ESTest.java:3391)"
                ],
                [
                    "com.google.javascript.jscomp.NodeUtil_ESTest.test021(NodeUtil_ESTest.java:263)"
                ]
            ]
        },
        {
            "patch": "/home/mmartinez/xTestCluster/Patches/Patches_Wang902/Patches_ICSE/Doverfitting/RSRepair/Closure/patch1-Closure-75-RSRepair-plausible.patch",
            "test": "test_from_WangICSE_patch1-Closure-75-RSRepair-plausible",
            "failing": 0,
            "testrun": 364,
            "failings": [
                "Error"
            ],
            "status": "ok",
            "test_executed": [
                "com.google.javascript.jscomp.NodeUtil_ESTest"
            ],
            "failing_assertions": [
                "03:58:02.159 [main] INFO org.evosuite.runtime.instrumentation.EvoClassLoader - Seeing class for first time: com.google.javascript.jscomp.mozilla.rhino.VMBridge_custom"
            ],
            "failing_lines": []
        }
    ],
    "duration": 50.43
}