{
    "patch": "/home/mmartinez/xTestCluster/Patches/Patches_Wang902/Patches_ICSE/Ddifferent/jKali/Lang/patch1-Lang-10-jKali.patch",
    "project": "Lang",
    "bugid": "10",
    "dataset": "Patches_ICSE",
    "date": "2023-02-03T22:30:32.600494",
    "project_checked": "ok",
    "compiledProjectModified": "ok",
    "patchApplied": "ok",
    "arrive_end": "ok",
    "patched_project_pass_all_test": "no",
    "test_execution": [
        {
            "patch": "/home/mmartinez/xTestCluster/Patches/Patches_Wang902/Patches_ICSE/Ddifferent/jKali/Lang/patch1-Lang-10-jKali.patch",
            "test": "test_from_WangICSE_patch1-Lang-10-TBar",
            "failing": 0,
            "testrun": 47,
            "failings": [],
            "status": "ok",
            "test_executed": [
                "org.apache.commons.lang3.time.FastDateParser_ESTest"
            ],
            "failing_assertions": [],
            "failing_lines": []
        },
        {
            "patch": "/home/mmartinez/xTestCluster/Patches/Patches_Wang902/Patches_ICSE/Ddifferent/jKali/Lang/patch1-Lang-10-jKali.patch",
            "test": "test_from_WangICSE_patch1-Lang-10-AVATAR",
            "failing": 0,
            "testrun": 46,
            "failings": [],
            "status": "ok",
            "test_executed": [
                "org.apache.commons.lang3.time.FastDateParser_ESTest"
            ],
            "failing_assertions": [],
            "failing_lines": []
        },
        {
            "patch": "/home/mmartinez/xTestCluster/Patches/Patches_Wang902/Patches_ICSE/Ddifferent/jKali/Lang/patch1-Lang-10-jKali.patch",
            "test": "test_from_WangICSE_patch1-Lang-10-jKali",
            "failing": 0,
            "testrun": 47,
            "failings": [],
            "status": "ok",
            "test_executed": [
                "org.apache.commons.lang3.time.FastDateParser_ESTest"
            ],
            "failing_assertions": [],
            "failing_lines": []
        },
        {
            "patch": "/home/mmartinez/xTestCluster/Patches/Patches_Wang902/Patches_ICSE/Ddifferent/jKali/Lang/patch1-Lang-10-jKali.patch",
            "test": "test_from_WangICSE_patch1-Lang-10-SimFix-plausible",
            "failing": 0,
            "testrun": 6,
            "failings": [],
            "status": "ok",
            "test_executed": [
                "org.apache.commons.lang3.event.EventListenerSupport_ESTest"
            ],
            "failing_assertions": [],
            "failing_lines": []
        },
        {
            "patch": "/home/mmartinez/xTestCluster/Patches/Patches_Wang902/Patches_ICSE/Ddifferent/jKali/Lang/patch1-Lang-10-jKali.patch",
            "test": "test_from_WangICSE_patch1-Lang-10-kPAR-plausible",
            "failing": 0,
            "testrun": 0,
            "failings": [],
            "status": "ERROR",
            "test_executed": [],
            "failing_assertions": null,
            "failing_lines": null,
            "errorLog": "no test generated"
        }
    ],
    "duration": 17.01
}