{
    "patch": "/home/mmartinez/xTestCluster/Patches/Patches_Wang902/Patches_ICSE/Doverfitting/FixMiner/Chart/patch1-Chart-3-FixMiner-plausible.patch",
    "project": "Chart",
    "bugid": "3",
    "dataset": "Patches_ICSE",
    "date": "2022-12-16T03:27:37.572063",
    "project_checked": "ok",
    "compiledProjectModified": "ok",
    "patchApplied": "ok",
    "arrive_end": "ok",
    "patched_project_pass_all_test": "no",
    "test_execution": [
        {
            "patch": "/home/mmartinez/xTestCluster/Patches/Patches_Wang902/Patches_ICSE/Doverfitting/FixMiner/Chart/patch1-Chart-3-FixMiner-plausible.patch",
            "test": "test_from_WangICSE_patch1-Chart-3-GenProg-plausible",
            "failing": 2,
            "testrun": 156,
            "failings": [
                "test067(org.jfree.data.time.TimeSeries_ESTest)",
                "test093(org.jfree.data.time.TimeSeries_ESTest)"
            ],
            "status": "ok",
            "test_executed": [
                "org.jfree.data.time.TimeSeries_ESTest"
            ],
            "failing_assertions": [
                "org.evosuite.runtime.mock.java.lang.MockIllegalArgumentException: Null \\'item\\' argument.",
                "org.evosuite.runtime.mock.java.lang.MockIllegalArgumentException: Null \\'item\\' argument."
            ],
            "failing_lines": [
                [
                    "org.jfree.data.time.TimeSeries_ESTest.test067(TimeSeries_ESTest.java:910)"
                ],
                [
                    "org.jfree.data.time.TimeSeries_ESTest.test093(TimeSeries_ESTest.java:1317)"
                ]
            ]
        },
        {
            "patch": "/home/mmartinez/xTestCluster/Patches/Patches_Wang902/Patches_ICSE/Doverfitting/FixMiner/Chart/patch1-Chart-3-FixMiner-plausible.patch",
            "test": "test_from_WangICSE_patch1-Chart-3-SimFix-plausible",
            "failing": 0,
            "testrun": 157,
            "failings": [],
            "status": "ok",
            "test_executed": [
                "org.jfree.data.time.TimeSeries_ESTest"
            ],
            "failing_assertions": [],
            "failing_lines": []
        },
        {
            "patch": "/home/mmartinez/xTestCluster/Patches/Patches_Wang902/Patches_ICSE/Doverfitting/FixMiner/Chart/patch1-Chart-3-FixMiner-plausible.patch",
            "test": "test_from_WangICSE_patch1-Chart-3-kPAR-plausible",
            "failing": 0,
            "testrun": 165,
            "failings": [],
            "status": "ok",
            "test_executed": [
                "org.jfree.data.time.TimeSeries_ESTest"
            ],
            "failing_assertions": [],
            "failing_lines": []
        },
        {
            "patch": "/home/mmartinez/xTestCluster/Patches/Patches_Wang902/Patches_ICSE/Doverfitting/FixMiner/Chart/patch1-Chart-3-FixMiner-plausible.patch",
            "test": "test_from_WangICSE_patch1-Chart-3-TBar-plausible",
            "failing": 1,
            "testrun": 163,
            "failings": [
                "test071(org.jfree.data.time.TimeSeries_ESTest)"
            ],
            "status": "ok",
            "test_executed": [
                "org.jfree.data.time.TimeSeries_ESTest"
            ],
            "failing_assertions": [
                "org.evosuite.runtime.mock.java.lang.MockIllegalArgumentException: Null \\'item\\' argument."
            ],
            "failing_lines": [
                [
                    "org.jfree.data.time.TimeSeries_ESTest.test071(TimeSeries_ESTest.java:1032)"
                ]
            ]
        },
        {
            "patch": "/home/mmartinez/xTestCluster/Patches/Patches_Wang902/Patches_ICSE/Doverfitting/FixMiner/Chart/patch1-Chart-3-FixMiner-plausible.patch",
            "test": "test_from_WangICSE_patch1-Chart-3-Arja-plusible",
            "failing": 0,
            "testrun": 159,
            "failings": [],
            "status": "ok",
            "test_executed": [
                "org.jfree.data.time.TimeSeries_ESTest"
            ],
            "failing_assertions": [],
            "failing_lines": []
        },
        {
            "patch": "/home/mmartinez/xTestCluster/Patches/Patches_Wang902/Patches_ICSE/Doverfitting/FixMiner/Chart/patch1-Chart-3-FixMiner-plausible.patch",
            "test": "test_from_WangICSE_patch1-Chart-3-jGenProg-plausible",
            "failing": 1,
            "testrun": 164,
            "failings": [
                "test101(org.jfree.data.time.TimeSeries_ESTest)"
            ],
            "status": "ok",
            "test_executed": [
                "org.jfree.data.time.TimeSeries_ESTest"
            ],
            "failing_assertions": [
                "org.evosuite.runtime.mock.java.lang.MockIllegalArgumentException: Null \\'item\\' argument."
            ],
            "failing_lines": [
                [
                    "org.jfree.data.time.TimeSeries_ESTest.test101(TimeSeries_ESTest.java:1464)"
                ]
            ]
        },
        {
            "patch": "/home/mmartinez/xTestCluster/Patches/Patches_Wang902/Patches_ICSE/Doverfitting/FixMiner/Chart/patch1-Chart-3-FixMiner-plausible.patch",
            "test": "test_from_WangICSE_patch1-Chart-3-FixMiner-plausible",
            "failing": 0,
            "testrun": 160,
            "failings": [],
            "status": "ok",
            "test_executed": [
                "org.jfree.data.time.TimeSeries_ESTest"
            ],
            "failing_assertions": [],
            "failing_lines": []
        }
    ],
    "duration": 56.36
}