{
    "patch": "/home/mmartinez/xTestCluster/Patches/Patches_Wang902/Patches_ICSE/Doverfitting/Cardumen/Math/patch1-Math-63-Cardumen-plausible.patch",
    "project": "Math",
    "bugid": "63",
    "dataset": "Patches_ICSE",
    "date": "2022-12-16T04:12:03.110995",
    "project_checked": "ok",
    "compiledProjectModified": "ok",
    "patchApplied": "ok",
    "arrive_end": "ok",
    "patched_project_pass_all_test": "no",
    "test_execution": [
        {
            "patch": "/home/mmartinez/xTestCluster/Patches/Patches_Wang902/Patches_ICSE/Doverfitting/Cardumen/Math/patch1-Math-63-Cardumen-plausible.patch",
            "test": "test_from_WangDRR_patch4-Math-63-CapGen-plausible",
            "failing": 0,
            "testrun": 256,
            "failings": [],
            "status": "ok",
            "test_executed": [
                "org.apache.commons.math.util.MathUtils_ESTest"
            ],
            "failing_assertions": [],
            "failing_lines": []
        },
        {
            "patch": "/home/mmartinez/xTestCluster/Patches/Patches_Wang902/Patches_ICSE/Doverfitting/Cardumen/Math/patch1-Math-63-Cardumen-plausible.patch",
            "test": "test_from_WangDRR_patch5-Math-63-CapGen-plausible",
            "failing": 2,
            "testrun": 269,
            "failings": [
                "test210(org.apache.commons.math.util.MathUtils_ESTest)",
                "test114(org.apache.commons.math.util.MathUtils_ESTest)"
            ],
            "status": "ok",
            "test_executed": [
                "org.apache.commons.math.util.MathUtils_ESTest"
            ],
            "failing_assertions": [
                "java.lang.AssertionError: expected:<326> but was:<652>",
                "java.lang.AssertionError: expected:<2> but was:<10>"
            ],
            "failing_lines": [
                [
                    "org.apache.commons.math.util.MathUtils_ESTest.test210(MathUtils_ESTest.java:2035)"
                ],
                [
                    "org.apache.commons.math.util.MathUtils_ESTest.test114(MathUtils_ESTest.java:1228)"
                ]
            ]
        },
        {
            "patch": "/home/mmartinez/xTestCluster/Patches/Patches_Wang902/Patches_ICSE/Doverfitting/Cardumen/Math/patch1-Math-63-Cardumen-plausible.patch",
            "test": "test_from_WangICSE_patch1-Math-63-TBar-plausible",
            "failing": 1,
            "testrun": 268,
            "failings": [
                "test187(org.apache.commons.math.util.MathUtils_ESTest)"
            ],
            "status": "ok",
            "test_executed": [
                "org.apache.commons.math.util.MathUtils_ESTest"
            ],
            "failing_assertions": [
                "java.lang.AssertionError: Exception was not thrown in org.apache.commons.math.MathRuntimeException but in org.apache.commons.math.util.MathUtils.mulAndCheck(MathUtils.java:928): org.evosuite.runtime.mock.java.lang.MockThrowable: overflow: mul"
            ],
            "failing_lines": [
                [
                    "org.apache.commons.math.util.MathUtils_ESTest.test187(MathUtils_ESTest.java:1970)"
                ]
            ]
        },
        {
            "patch": "/home/mmartinez/xTestCluster/Patches/Patches_Wang902/Patches_ICSE/Doverfitting/Cardumen/Math/patch1-Math-63-Cardumen-plausible.patch",
            "test": "test_from_WangDRR_patch1-Math-63-CapGen-plausible",
            "failing": 1,
            "testrun": 269,
            "failings": [
                "test114(org.apache.commons.math.util.MathUtils_ESTest)"
            ],
            "status": "ok",
            "test_executed": [
                "org.apache.commons.math.util.MathUtils_ESTest"
            ],
            "failing_assertions": [
                "java.lang.AssertionError: expected:<748> but was:<374>"
            ],
            "failing_lines": [
                [
                    "org.apache.commons.math.util.MathUtils_ESTest.test114(MathUtils_ESTest.java:1220)"
                ]
            ]
        },
        {
            "patch": "/home/mmartinez/xTestCluster/Patches/Patches_Wang902/Patches_ICSE/Doverfitting/Cardumen/Math/patch1-Math-63-Cardumen-plausible.patch",
            "test": "test_from_WangDRR_patch6-Math-63-CapGen-plausible",
            "failing": 2,
            "testrun": 269,
            "failings": [
                "test210(org.apache.commons.math.util.MathUtils_ESTest)",
                "test114(org.apache.commons.math.util.MathUtils_ESTest)"
            ],
            "status": "ok",
            "test_executed": [
                "org.apache.commons.math.util.MathUtils_ESTest"
            ],
            "failing_assertions": [
                "java.lang.AssertionError: expected:<326> but was:<652>",
                "java.lang.AssertionError: expected:<2> but was:<10>"
            ],
            "failing_lines": [
                [
                    "org.apache.commons.math.util.MathUtils_ESTest.test210(MathUtils_ESTest.java:2035)"
                ],
                [
                    "org.apache.commons.math.util.MathUtils_ESTest.test114(MathUtils_ESTest.java:1228)"
                ]
            ]
        },
        {
            "patch": "/home/mmartinez/xTestCluster/Patches/Patches_Wang902/Patches_ICSE/Doverfitting/Cardumen/Math/patch1-Math-63-Cardumen-plausible.patch",
            "test": "test_from_WangDRR_patch1-Math-63-SequenceR",
            "failing": 0,
            "testrun": 269,
            "failings": [],
            "status": "ok",
            "test_executed": [
                "org.apache.commons.math.util.MathUtils_ESTest"
            ],
            "failing_assertions": [],
            "failing_lines": []
        },
        {
            "patch": "/home/mmartinez/xTestCluster/Patches/Patches_Wang902/Patches_ICSE/Doverfitting/Cardumen/Math/patch1-Math-63-Cardumen-plausible.patch",
            "test": "test_from_WangICSE_patch1-Math-63-FixMiner-plausible",
            "failing": 0,
            "testrun": 255,
            "failings": [],
            "status": "ok",
            "test_executed": [
                "org.apache.commons.math.util.MathUtils_ESTest"
            ],
            "failing_assertions": [],
            "failing_lines": []
        },
        {
            "patch": "/home/mmartinez/xTestCluster/Patches/Patches_Wang902/Patches_ICSE/Doverfitting/Cardumen/Math/patch1-Math-63-Cardumen-plausible.patch",
            "test": "test_from_WangDRR_patch7-Math-63-CapGen-plausible",
            "failing": 1,
            "testrun": 277,
            "failings": [
                "test119(org.apache.commons.math.util.MathUtils_ESTest)"
            ],
            "status": "ok",
            "test_executed": [
                "org.apache.commons.math.util.MathUtils_ESTest"
            ],
            "failing_assertions": [
                "04:12:55.179 [main] INFO org.evosuite.runtime.instrumentation.EvoClassLoader - Seeing class for first time: META-INF/localization/LocalizedFormats"
            ],
            "failing_lines": [
                [
                    "org.apache.commons.math.util.MathUtils_ESTest.test119(MathUtils_ESTest.java:1246)"
                ]
            ]
        },
        {
            "patch": "/home/mmartinez/xTestCluster/Patches/Patches_Wang902/Patches_ICSE/Doverfitting/Cardumen/Math/patch1-Math-63-Cardumen-plausible.patch",
            "test": "test_from_WangDRR_patch8-Math-63-CapGen-plausible",
            "failing": 0,
            "testrun": 256,
            "failings": [],
            "status": "ok",
            "test_executed": [
                "org.apache.commons.math.util.MathUtils_ESTest"
            ],
            "failing_assertions": [],
            "failing_lines": []
        },
        {
            "patch": "/home/mmartinez/xTestCluster/Patches/Patches_Wang902/Patches_ICSE/Doverfitting/Cardumen/Math/patch1-Math-63-Cardumen-plausible.patch",
            "test": "test_from_WangICSE_patch1-Math-63-SimFix-plausible",
            "failing": 1,
            "testrun": 232,
            "failings": [
                "test094(org.apache.commons.math.util.MathUtils_ESTest)"
            ],
            "status": "ok",
            "test_executed": [
                "org.apache.commons.math.util.MathUtils_ESTest"
            ],
            "failing_assertions": [
                "java.lang.AssertionError: expected:<4> but was:<2>"
            ],
            "failing_lines": [
                [
                    "org.apache.commons.math.util.MathUtils_ESTest.test094(MathUtils_ESTest.java:891)"
                ]
            ]
        },
        {
            "patch": "/home/mmartinez/xTestCluster/Patches/Patches_Wang902/Patches_ICSE/Doverfitting/Cardumen/Math/patch1-Math-63-Cardumen-plausible.patch",
            "test": "test_from_WangDRR_patch3-Math-63-CapGen-plausible",
            "failing": 1,
            "testrun": 273,
            "failings": [
                "test216(org.apache.commons.math.util.MathUtils_ESTest)"
            ],
            "status": "ok",
            "test_executed": [
                "org.apache.commons.math.util.MathUtils_ESTest"
            ],
            "failing_assertions": [
                "04:13:08.220 [main] INFO org.evosuite.runtime.instrumentation.EvoClassLoader - Seeing class for first time: META-INF/localization/LocalizedFormats"
            ],
            "failing_lines": [
                [
                    "org.apache.commons.math.util.MathUtils_ESTest.test216(MathUtils_ESTest.java:2142)"
                ]
            ]
        },
        {
            "patch": "/home/mmartinez/xTestCluster/Patches/Patches_Wang902/Patches_ICSE/Doverfitting/Cardumen/Math/patch1-Math-63-Cardumen-plausible.patch",
            "test": "test_from_WangICSE_patch1-Math-63-Cardumen-plausible",
            "failing": 0,
            "testrun": 227,
            "failings": [],
            "status": "ok",
            "test_executed": [
                "org.apache.commons.math.util.MathUtils_ESTest"
            ],
            "failing_assertions": [],
            "failing_lines": []
        },
        {
            "patch": "/home/mmartinez/xTestCluster/Patches/Patches_Wang902/Patches_ICSE/Doverfitting/Cardumen/Math/patch1-Math-63-Cardumen-plausible.patch",
            "test": "test_from_WangDRR_patch1-Math-63-CapGen",
            "failing": 2,
            "testrun": 246,
            "failings": [
                "test097(org.apache.commons.math.util.MathUtils_ESTest)",
                "test191(org.apache.commons.math.util.MathUtils_ESTest)"
            ],
            "status": "ok",
            "test_executed": [
                "org.apache.commons.math.util.MathUtils_ESTest"
            ],
            "failing_assertions": [
                "java.lang.AssertionError: expected:<566> but was:<282>",
                "java.lang.AssertionError: expected:<2700> but was:<5400>"
            ],
            "failing_lines": [
                [
                    "org.apache.commons.math.util.MathUtils_ESTest.test097(MathUtils_ESTest.java:1025)"
                ],
                [
                    "org.apache.commons.math.util.MathUtils_ESTest.test191(MathUtils_ESTest.java:1870)"
                ]
            ]
        },
        {
            "patch": "/home/mmartinez/xTestCluster/Patches/Patches_Wang902/Patches_ICSE/Doverfitting/Cardumen/Math/patch1-Math-63-Cardumen-plausible.patch",
            "test": "test_from_WangDRR_patch2-Math-63-CapGen-plausible",
            "failing": 1,
            "testrun": 259,
            "failings": [
                "test108(org.apache.commons.math.util.MathUtils_ESTest)"
            ],
            "status": "ok",
            "test_executed": [
                "org.apache.commons.math.util.MathUtils_ESTest"
            ],
            "failing_assertions": [
                "java.lang.AssertionError: expected:<24> but was:<4>"
            ],
            "failing_lines": [
                [
                    "org.apache.commons.math.util.MathUtils_ESTest.test108(MathUtils_ESTest.java:1127)"
                ]
            ]
        }
    ],
    "duration": 78.07
}