{
    "patch": "/home/mmartinez/xTestCluster/Patches/Patches_Wang902/Patches_ICSE/Ddifferent/jKali/Lang/patch1-Lang-10-jKali.patch",
    "project": "Lang",
    "bugid": "10",
    "dataset": "Patches_ICSE",
    "date": "2023-02-16T23:58:38.542071",
    "project_checked": "ok",
    "compiledProjectModified": "ok",
    "patchApplied": "ok",
    "arrive_end": "ok",
    "patched_project_pass_all_test": "no",
    "test_execution": [
        {
            "patch": "/home/mmartinez/xTestCluster/Patches/Patches_Wang902/Patches_ICSE/Ddifferent/jKali/Lang/patch1-Lang-10-jKali.patch",
            "test": "test_from_WangICSE_patch1-Lang-10-TBar",
            "failing": 0,
            "testrun": 1,
            "failings": [],
            "status": "ok",
            "test_executed": [
                "RegressionTest0"
            ],
            "failing_assertions": [],
            "failing_lines": []
        },
        {
            "patch": "/home/mmartinez/xTestCluster/Patches/Patches_Wang902/Patches_ICSE/Ddifferent/jKali/Lang/patch1-Lang-10-jKali.patch",
            "test": "test_from_WangICSE_patch1-Lang-10-AVATAR",
            "failing": 0,
            "testrun": 1,
            "failings": [],
            "status": "ok",
            "test_executed": [
                "RegressionTest0"
            ],
            "failing_assertions": [],
            "failing_lines": []
        },
        {
            "patch": "/home/mmartinez/xTestCluster/Patches/Patches_Wang902/Patches_ICSE/Ddifferent/jKali/Lang/patch1-Lang-10-jKali.patch",
            "test": "test_from_WangICSE_patch1-Lang-10-jKali",
            "failing": 0,
            "testrun": 1,
            "failings": [],
            "status": "ok",
            "test_executed": [
                "RegressionTest0"
            ],
            "failing_assertions": [],
            "failing_lines": []
        },
        {
            "patch": "/home/mmartinez/xTestCluster/Patches/Patches_Wang902/Patches_ICSE/Ddifferent/jKali/Lang/patch1-Lang-10-jKali.patch",
            "test": "test_from_WangICSE_patch1-Lang-10-SimFix-plausible",
            "failing": 0,
            "testrun": 18,
            "failings": [],
            "status": "ok",
            "test_executed": [
                "RegressionTest0"
            ],
            "failing_assertions": [],
            "failing_lines": []
        },
        {
            "patch": "/home/mmartinez/xTestCluster/Patches/Patches_Wang902/Patches_ICSE/Ddifferent/jKali/Lang/patch1-Lang-10-jKali.patch",
            "test": "test_from_WangICSE_patch1-Lang-10-kPAR-plausible",
            "failing": 0,
            "testrun": 1,
            "failings": [],
            "status": "ok",
            "test_executed": [
                "RegressionTest0"
            ],
            "failing_assertions": [],
            "failing_lines": []
        }
    ],
    "duration": 14.33
}