{
    "patch": "/home/mmartinez/xTestCluster/Patches/Patches_Wang902/Patches_ICSE/Dsame/kPAR/Math/patch1-Math-70-kPAR.patch",
    "project": "Math",
    "bugid": "70",
    "dataset": "Patches_ICSE",
    "date": "2023-02-03T22:18:57.102180",
    "project_checked": "ok",
    "compiledProjectModified": "ok",
    "patchApplied": "ok",
    "arrive_end": "ok",
    "patched_project_pass_all_test": "no",
    "test_execution": [
        {
            "patch": "/home/mmartinez/xTestCluster/Patches/Patches_Wang902/Patches_ICSE/Dsame/kPAR/Math/patch1-Math-70-kPAR.patch",
            "test": "test_from_WangDRR_patch1-Math-70-SketchFix-plausible",
            "failing": 0,
            "testrun": 27,
            "failings": [],
            "status": "ok",
            "test_executed": [
                "org.apache.commons.math.analysis.solvers.BisectionSolver_ESTest"
            ],
            "failing_assertions": [],
            "failing_lines": []
        },
        {
            "patch": "/home/mmartinez/xTestCluster/Patches/Patches_Wang902/Patches_ICSE/Dsame/kPAR/Math/patch1-Math-70-kPAR.patch",
            "test": "test_from_WangDRR_patch1-Math-70-SOFix",
            "failing": 0,
            "testrun": 27,
            "failings": [],
            "status": "ok",
            "test_executed": [
                "org.apache.commons.math.analysis.solvers.BisectionSolver_ESTest"
            ],
            "failing_assertions": [],
            "failing_lines": []
        },
        {
            "patch": "/home/mmartinez/xTestCluster/Patches/Patches_Wang902/Patches_ICSE/Dsame/kPAR/Math/patch1-Math-70-kPAR.patch",
            "test": "test_from_WangICSE_patch1-Math-70-Cardumen",
            "failing": 0,
            "testrun": 26,
            "failings": [],
            "status": "ok",
            "test_executed": [
                "org.apache.commons.math.analysis.solvers.BisectionSolver_ESTest"
            ],
            "failing_assertions": [],
            "failing_lines": []
        },
        {
            "patch": "/home/mmartinez/xTestCluster/Patches/Patches_Wang902/Patches_ICSE/Dsame/kPAR/Math/patch1-Math-70-kPAR.patch",
            "test": "test_from_WangDRR_patch1-Math-70-CapGen",
            "failing": 0,
            "testrun": 25,
            "failings": [],
            "status": "ok",
            "test_executed": [
                "org.apache.commons.math.analysis.solvers.BisectionSolver_ESTest"
            ],
            "failing_assertions": [],
            "failing_lines": []
        },
        {
            "patch": "/home/mmartinez/xTestCluster/Patches/Patches_Wang902/Patches_ICSE/Dsame/kPAR/Math/patch1-Math-70-kPAR.patch",
            "test": "test_from_WangDRR_patch2-Math-70-SketchFix-plausible",
            "failing": 5,
            "testrun": 28,
            "failings": [
                "test26(org.apache.commons.math.analysis.solvers.BisectionSolver_ESTest)",
                "test25(org.apache.commons.math.analysis.solvers.BisectionSolver_ESTest)",
                "test02(org.apache.commons.math.analysis.solvers.BisectionSolver_ESTest)",
                "test01(org.apache.commons.math.analysis.solvers.BisectionSolver_ESTest)",
                "test00(org.apache.commons.math.analysis.solvers.BisectionSolver_ESTest)"
            ],
            "status": "ok",
            "test_executed": [
                "org.apache.commons.math.analysis.solvers.BisectionSolver_ESTest"
            ],
            "failing_assertions": [
                "java.lang.AssertionError: expected:<531.8430997095047> but was:<-715.8250797095045>",
                "java.lang.AssertionError: expected:<0.9999995231628418> but was:<4.76837158203125E-7>",
                "java.lang.AssertionError: expected:<-3.824907261878252E-7> but was:<-410.69628961750925>",
                "java.lang.AssertionError: expected:<934.8699997055096> but was:<-1594.7827391282804>",
                "java.lang.AssertionError: expected:<15> but was:<16>"
            ],
            "failing_lines": [
                [
                    "org.apache.commons.math.analysis.solvers.BisectionSolver_ESTest.test26(BisectionSolver_ESTest.java:425)"
                ],
                [
                    "org.apache.commons.math.analysis.solvers.BisectionSolver_ESTest.test25(BisectionSolver_ESTest.java:415)"
                ],
                [
                    "org.apache.commons.math.analysis.solvers.BisectionSolver_ESTest.test02(BisectionSolver_ESTest.java:51)"
                ],
                [
                    "org.apache.commons.math.analysis.solvers.BisectionSolver_ESTest.test01(BisectionSolver_ESTest.java:41)"
                ],
                [
                    "org.apache.commons.math.analysis.solvers.BisectionSolver_ESTest.test00(BisectionSolver_ESTest.java:30)"
                ]
            ]
        },
        {
            "patch": "/home/mmartinez/xTestCluster/Patches/Patches_Wang902/Patches_ICSE/Dsame/kPAR/Math/patch1-Math-70-kPAR.patch",
            "test": "test_from_WangICSE_patch1-Math-70-TBar",
            "failing": 0,
            "testrun": 28,
            "failings": [],
            "status": "ok",
            "test_executed": [
                "org.apache.commons.math.analysis.solvers.BisectionSolver_ESTest"
            ],
            "failing_assertions": [],
            "failing_lines": []
        },
        {
            "patch": "/home/mmartinez/xTestCluster/Patches/Patches_Wang902/Patches_ICSE/Dsame/kPAR/Math/patch1-Math-70-kPAR.patch",
            "test": "test_from_WangDRR_patch1-Math-70-SketchFix",
            "failing": 0,
            "testrun": 27,
            "failings": [],
            "status": "ok",
            "test_executed": [
                "org.apache.commons.math.analysis.solvers.BisectionSolver_ESTest"
            ],
            "failing_assertions": [],
            "failing_lines": []
        },
        {
            "patch": "/home/mmartinez/xTestCluster/Patches/Patches_Wang902/Patches_ICSE/Dsame/kPAR/Math/patch1-Math-70-kPAR.patch",
            "test": "test_from_WangICSE_patch1-Math-70-jGenProg",
            "failing": 0,
            "testrun": 27,
            "failings": [],
            "status": "ok",
            "test_executed": [
                "org.apache.commons.math.analysis.solvers.BisectionSolver_ESTest"
            ],
            "failing_assertions": [],
            "failing_lines": []
        },
        {
            "patch": "/home/mmartinez/xTestCluster/Patches/Patches_Wang902/Patches_ICSE/Dsame/kPAR/Math/patch1-Math-70-kPAR.patch",
            "test": "test_from_WangICSE_patch1-Math-70-FixMiner",
            "failing": 0,
            "testrun": 27,
            "failings": [],
            "status": "ok",
            "test_executed": [
                "org.apache.commons.math.analysis.solvers.BisectionSolver_ESTest"
            ],
            "failing_assertions": [],
            "failing_lines": []
        },
        {
            "patch": "/home/mmartinez/xTestCluster/Patches/Patches_Wang902/Patches_ICSE/Dsame/kPAR/Math/patch1-Math-70-kPAR.patch",
            "test": "test_from_WangICSE_patch1-Math-70-SimFix",
            "failing": 0,
            "testrun": 27,
            "failings": [],
            "status": "ok",
            "test_executed": [
                "org.apache.commons.math.analysis.solvers.BisectionSolver_ESTest"
            ],
            "failing_assertions": [],
            "failing_lines": []
        },
        {
            "patch": "/home/mmartinez/xTestCluster/Patches/Patches_Wang902/Patches_ICSE/Dsame/kPAR/Math/patch1-Math-70-kPAR.patch",
            "test": "test_from_WangICSE_patch1-Math-70-kPAR",
            "failing": 0,
            "testrun": 27,
            "failings": [],
            "status": "ok",
            "test_executed": [
                "org.apache.commons.math.analysis.solvers.BisectionSolver_ESTest"
            ],
            "failing_assertions": [],
            "failing_lines": []
        }
    ],
    "duration": 27.05
}