{
    "patch": "/home/mmartinez/xTestCluster/Patches/Patches_Wang902/Patches_ICSE/Doverfitting/TBar/Closure/patch1-Closure-107-TBar-plausible.patch",
    "project": "Closure",
    "bugid": "107",
    "dataset": "Patches_ICSE",
    "date": "2022-12-16T04:34:25.768386",
    "project_checked": "ok",
    "compiledProjectModified": "ok",
    "patchApplied": "ok",
    "arrive_end": "ok",
    "patched_project_pass_all_test": "no",
    "test_execution": [
        {
            "patch": "/home/mmartinez/xTestCluster/Patches/Patches_Wang902/Patches_ICSE/Doverfitting/TBar/Closure/patch1-Closure-107-TBar-plausible.patch",
            "test": "test_from_WangICSE_patch1-Closure-107-SimFix-plausible",
            "failing": 0,
            "testrun": 7,
            "failings": [],
            "status": "ok",
            "test_executed": [
                "com.google.javascript.jscomp.CommandLineRunner_ESTest"
            ],
            "failing_assertions": [],
            "failing_lines": []
        },
        {
            "patch": "/home/mmartinez/xTestCluster/Patches/Patches_Wang902/Patches_ICSE/Doverfitting/TBar/Closure/patch1-Closure-107-TBar-plausible.patch",
            "test": "test_from_WangICSE_patch1-Closure-107-TBar-plausible",
            "failing": 0,
            "testrun": 8,
            "failings": [],
            "status": "ok",
            "test_executed": [
                "com.google.javascript.jscomp.CommandLineRunner_ESTest"
            ],
            "failing_assertions": [],
            "failing_lines": []
        }
    ],
    "duration": 33.47
}