{
    "patch": "/home/mmartinez/xTestCluster/Patches/Patches_Wang902/Patches_ICSE/Doverfitting/TBar/Math/patch1-Math-82-TBar-plausible.patch",
    "project": "Math",
    "bugid": "82",
    "dataset": "Patches_ICSE",
    "date": "2022-12-27T20:18:40.595412",
    "project_checked": "ok",
    "compiledProjectModified": "ok",
    "patchApplied": "ok",
    "arrive_end": "ok",
    "patched_project_pass_all_test": "no",
    "test_execution": [
        {
            "patch": "/home/mmartinez/xTestCluster/Patches/Patches_Wang902/Patches_ICSE/Doverfitting/TBar/Math/patch1-Math-82-TBar-plausible.patch",
            "test": "test_from_WangDRR_patch2-Math-82-Jaid-plausible",
            "failing": 0,
            "testrun": 19,
            "failings": [],
            "status": "ok",
            "test_executed": [
                "org.apache.commons.math.optimization.linear.SimplexSolver_ESTest"
            ],
            "failing_assertions": [],
            "failing_lines": []
        },
        {
            "patch": "/home/mmartinez/xTestCluster/Patches/Patches_Wang902/Patches_ICSE/Doverfitting/TBar/Math/patch1-Math-82-TBar-plausible.patch",
            "test": "test_from_WangICSE_patch1-Math-82-kPAR-plausible",
            "failing": 0,
            "testrun": 18,
            "failings": [],
            "status": "ok",
            "test_executed": [
                "org.apache.commons.math.optimization.linear.SimplexSolver_ESTest"
            ],
            "failing_assertions": [],
            "failing_lines": []
        },
        {
            "patch": "/home/mmartinez/xTestCluster/Patches/Patches_Wang902/Patches_ICSE/Doverfitting/TBar/Math/patch1-Math-82-TBar-plausible.patch",
            "test": "test_from_WangDRR_patch2-Math-82-SequenceR",
            "failing": 0,
            "testrun": 20,
            "failings": [],
            "status": "ok",
            "test_executed": [
                "org.apache.commons.math.optimization.linear.SimplexSolver_ESTest"
            ],
            "failing_assertions": [],
            "failing_lines": []
        },
        {
            "patch": "/home/mmartinez/xTestCluster/Patches/Patches_Wang902/Patches_ICSE/Doverfitting/TBar/Math/patch1-Math-82-TBar-plausible.patch",
            "test": "test_from_WangDRR_patch1-Math-82-Jaid",
            "failing": 0,
            "testrun": 19,
            "failings": [],
            "status": "ok",
            "test_executed": [
                "org.apache.commons.math.optimization.linear.SimplexSolver_ESTest"
            ],
            "failing_assertions": [],
            "failing_lines": []
        },
        {
            "patch": "/home/mmartinez/xTestCluster/Patches/Patches_Wang902/Patches_ICSE/Doverfitting/TBar/Math/patch1-Math-82-TBar-plausible.patch",
            "test": "test_from_WangDRR_patch3-Math-82-SequenceR",
            "failing": 0,
            "testrun": 18,
            "failings": [],
            "status": "ok",
            "test_executed": [
                "org.apache.commons.math.optimization.linear.SimplexSolver_ESTest"
            ],
            "failing_assertions": [],
            "failing_lines": []
        },
        {
            "patch": "/home/mmartinez/xTestCluster/Patches/Patches_Wang902/Patches_ICSE/Doverfitting/TBar/Math/patch1-Math-82-TBar-plausible.patch",
            "test": "test_from_WangICSE_patch1-Math-82-Nopol-plausible",
            "failing": 0,
            "testrun": 19,
            "failings": [],
            "status": "ok",
            "test_executed": [
                "org.apache.commons.math.optimization.linear.SimplexSolver_ESTest"
            ],
            "failing_assertions": [],
            "failing_lines": []
        },
        {
            "patch": "/home/mmartinez/xTestCluster/Patches/Patches_Wang902/Patches_ICSE/Doverfitting/TBar/Math/patch1-Math-82-TBar-plausible.patch",
            "test": "test_from_WangICSE_patch1-Math-82-TBar-plausible",
            "failing": 0,
            "testrun": 18,
            "failings": [],
            "status": "ok",
            "test_executed": [
                "org.apache.commons.math.optimization.linear.SimplexSolver_ESTest"
            ],
            "failing_assertions": [],
            "failing_lines": []
        },
        {
            "patch": "/home/mmartinez/xTestCluster/Patches/Patches_Wang902/Patches_ICSE/Doverfitting/TBar/Math/patch1-Math-82-TBar-plausible.patch",
            "test": "test_from_WangICSE_patch1-Math-82-ACS",
            "failing": 0,
            "testrun": 20,
            "failings": [],
            "status": "ok",
            "test_executed": [
                "org.apache.commons.math.optimization.linear.SimplexSolver_ESTest"
            ],
            "failing_assertions": [],
            "failing_lines": []
        },
        {
            "patch": "/home/mmartinez/xTestCluster/Patches/Patches_Wang902/Patches_ICSE/Doverfitting/TBar/Math/patch1-Math-82-TBar-plausible.patch",
            "test": "test_from_WangDRR_patch1-Math-82-SequenceR",
            "failing": 0,
            "testrun": 18,
            "failings": [],
            "status": "ok",
            "test_executed": [
                "org.apache.commons.math.optimization.linear.SimplexSolver_ESTest"
            ],
            "failing_assertions": [],
            "failing_lines": []
        },
        {
            "patch": "/home/mmartinez/xTestCluster/Patches/Patches_Wang902/Patches_ICSE/Doverfitting/TBar/Math/patch1-Math-82-TBar-plausible.patch",
            "test": "test_from_WangDRR_patch4-Math-82-Jaid-plausible",
            "failing": 0,
            "testrun": 20,
            "failings": [],
            "status": "ok",
            "test_executed": [
                "org.apache.commons.math.optimization.linear.SimplexSolver_ESTest"
            ],
            "failing_assertions": [],
            "failing_lines": []
        },
        {
            "patch": "/home/mmartinez/xTestCluster/Patches/Patches_Wang902/Patches_ICSE/Doverfitting/TBar/Math/patch1-Math-82-TBar-plausible.patch",
            "test": "test_from_WangDRR_patch1-Math-82-SketchFix",
            "failing": 0,
            "testrun": 20,
            "failings": [],
            "status": "ok",
            "test_executed": [
                "org.apache.commons.math.optimization.linear.SimplexSolver_ESTest"
            ],
            "failing_assertions": [],
            "failing_lines": []
        },
        {
            "patch": "/home/mmartinez/xTestCluster/Patches/Patches_Wang902/Patches_ICSE/Doverfitting/TBar/Math/patch1-Math-82-TBar-plausible.patch",
            "test": "test_from_WangDRR_patch1-Math-82-SOFix",
            "failing": 0,
            "testrun": 18,
            "failings": [],
            "status": "ok",
            "test_executed": [
                "org.apache.commons.math.optimization.linear.SimplexSolver_ESTest"
            ],
            "failing_assertions": [],
            "failing_lines": []
        },
        {
            "patch": "/home/mmartinez/xTestCluster/Patches/Patches_Wang902/Patches_ICSE/Doverfitting/TBar/Math/patch1-Math-82-TBar-plausible.patch",
            "test": "test_from_WangDRR_patch2-Math-82-SketchFix-plausible",
            "failing": 1,
            "testrun": 23,
            "failings": [
                "test22(org.apache.commons.math.optimization.linear.SimplexSolver_ESTest)"
            ],
            "status": "ok",
            "test_executed": [
                "org.apache.commons.math.optimization.linear.SimplexSolver_ESTest"
            ],
            "failing_assertions": [
                "java.lang.AssertionError: Expecting exception: Exception"
            ],
            "failing_lines": [
                [
                    "org.apache.commons.math.optimization.linear.SimplexSolver_ESTest.test22(SimplexSolver_ESTest.java:465)"
                ]
            ]
        },
        {
            "patch": "/home/mmartinez/xTestCluster/Patches/Patches_Wang902/Patches_ICSE/Doverfitting/TBar/Math/patch1-Math-82-TBar-plausible.patch",
            "test": "test_from_WangICSE_patch1-Math-82-AVATAR-plausible",
            "failing": 0,
            "testrun": 18,
            "failings": [],
            "status": "ok",
            "test_executed": [
                "org.apache.commons.math.optimization.linear.SimplexSolver_ESTest"
            ],
            "failing_assertions": [],
            "failing_lines": []
        },
        {
            "patch": "/home/mmartinez/xTestCluster/Patches/Patches_Wang902/Patches_ICSE/Doverfitting/TBar/Math/patch1-Math-82-TBar-plausible.patch",
            "test": "test_from_WangICSE_patch1-Math-82-RSRepair-plausible",
            "failing": 0,
            "testrun": 19,
            "failings": [],
            "status": "ok",
            "test_executed": [
                "org.apache.commons.math.optimization.linear.SimplexSolver_ESTest"
            ],
            "failing_assertions": [],
            "failing_lines": []
        },
        {
            "patch": "/home/mmartinez/xTestCluster/Patches/Patches_Wang902/Patches_ICSE/Doverfitting/TBar/Math/patch1-Math-82-TBar-plausible.patch",
            "test": "test_from_WangDRR_patch1-Math-82-SketchFix-plausible",
            "failing": 0,
            "testrun": 19,
            "failings": [],
            "status": "ok",
            "test_executed": [
                "org.apache.commons.math.optimization.linear.SimplexSolver_ESTest"
            ],
            "failing_assertions": [],
            "failing_lines": []
        },
        {
            "patch": "/home/mmartinez/xTestCluster/Patches/Patches_Wang902/Patches_ICSE/Doverfitting/TBar/Math/patch1-Math-82-TBar-plausible.patch",
            "test": "test_from_WangICSE_patch1-Math-82-jMutRepair",
            "failing": 0,
            "testrun": 17,
            "failings": [],
            "status": "ok",
            "test_executed": [
                "org.apache.commons.math.optimization.linear.SimplexSolver_ESTest"
            ],
            "failing_assertions": [],
            "failing_lines": []
        },
        {
            "patch": "/home/mmartinez/xTestCluster/Patches/Patches_Wang902/Patches_ICSE/Doverfitting/TBar/Math/patch1-Math-82-TBar-plausible.patch",
            "test": "test_from_WangICSE_patch1-Math-82-GenProg-plausible",
            "failing": 0,
            "testrun": 20,
            "failings": [],
            "status": "ok",
            "test_executed": [
                "org.apache.commons.math.optimization.linear.SimplexSolver_ESTest"
            ],
            "failing_assertions": [],
            "failing_lines": []
        },
        {
            "patch": "/home/mmartinez/xTestCluster/Patches/Patches_Wang902/Patches_ICSE/Doverfitting/TBar/Math/patch1-Math-82-TBar-plausible.patch",
            "test": "test_from_WangDRR_patch3-Math-82-Jaid-plausible",
            "failing": 0,
            "testrun": 18,
            "failings": [],
            "status": "ok",
            "test_executed": [
                "org.apache.commons.math.optimization.linear.SimplexSolver_ESTest"
            ],
            "failing_assertions": [],
            "failing_lines": []
        },
        {
            "patch": "/home/mmartinez/xTestCluster/Patches/Patches_Wang902/Patches_ICSE/Doverfitting/TBar/Math/patch1-Math-82-TBar-plausible.patch",
            "test": "test_from_WangICSE_patch1-Math-82-DynaMoth-plausible",
            "failing": 0,
            "testrun": 20,
            "failings": [],
            "status": "ok",
            "test_executed": [
                "org.apache.commons.math.optimization.linear.SimplexSolver_ESTest"
            ],
            "failing_assertions": [],
            "failing_lines": []
        },
        {
            "patch": "/home/mmartinez/xTestCluster/Patches/Patches_Wang902/Patches_ICSE/Doverfitting/TBar/Math/patch1-Math-82-TBar-plausible.patch",
            "test": "test_from_WangDRR_patch1-Math-82-Jaid-plausible",
            "failing": 0,
            "testrun": 20,
            "failings": [],
            "status": "ok",
            "test_executed": [
                "org.apache.commons.math.optimization.linear.SimplexSolver_ESTest"
            ],
            "failing_assertions": [],
            "failing_lines": []
        },
        {
            "patch": "/home/mmartinez/xTestCluster/Patches/Patches_Wang902/Patches_ICSE/Doverfitting/TBar/Math/patch1-Math-82-TBar-plausible.patch",
            "test": "test_from_WangICSE_patch1-Math-82-SimFix-plausible",
            "failing": 0,
            "testrun": 18,
            "failings": [],
            "status": "ok",
            "test_executed": [
                "org.apache.commons.math.optimization.linear.SimplexSolver_ESTest"
            ],
            "failing_assertions": [],
            "failing_lines": []
        },
        {
            "patch": "/home/mmartinez/xTestCluster/Patches/Patches_Wang902/Patches_ICSE/Doverfitting/TBar/Math/patch1-Math-82-TBar-plausible.patch",
            "test": "test_from_WangICSE_patch1-Math-82-Arja-plausible",
            "failing": 1,
            "testrun": 93,
            "failings": [
                "test71(org.apache.commons.math.optimization.linear.SimplexTableau_ESTest)"
            ],
            "status": "ok",
            "test_executed": [
                "org.apache.commons.math.optimization.linear.SimplexSolver_ESTest",
                "org.apache.commons.math.optimization.linear.SimplexTableau_ESTest"
            ],
            "failing_assertions": [
                "java.lang.AssertionError: Expecting exception: NullPointerException"
            ],
            "failing_lines": [
                [
                    "org.apache.commons.math.optimization.linear.SimplexTableau_ESTest.test71(SimplexTableau_ESTest.java:1020)"
                ]
            ]
        }
    ],
    "duration": 47.79
}