{
    "patch": "/home/mmartinez/xTestCluster/Patches/Patches_Wang902/Patches_ICSE/Doverfitting/DynaMoth/Lang/patch1-Lang-51-DynaMoth-plausible.patch",
    "project": "Lang",
    "bugid": "51",
    "dataset": "Patches_ICSE",
    "date": "2022-12-27T20:32:10.081517",
    "project_checked": "ok",
    "compiledProjectModified": "ok",
    "patchApplied": "ok",
    "arrive_end": "ok",
    "patched_project_pass_all_test": "no",
    "test_execution": [
        {
            "patch": "/home/mmartinez/xTestCluster/Patches/Patches_Wang902/Patches_ICSE/Doverfitting/DynaMoth/Lang/patch1-Lang-51-DynaMoth-plausible.patch",
            "test": "test_from_WangICSE_patch1-Lang-51-TBar-plausible",
            "failing": 0,
            "testrun": 133,
            "failings": [],
            "status": "ok",
            "test_executed": [
                "org.apache.commons.lang.BooleanUtils_ESTest"
            ],
            "failing_assertions": [],
            "failing_lines": []
        },
        {
            "patch": "/home/mmartinez/xTestCluster/Patches/Patches_Wang902/Patches_ICSE/Doverfitting/DynaMoth/Lang/patch1-Lang-51-DynaMoth-plausible.patch",
            "test": "test_from_WangDRR_patch3-Lang-51-Jaid",
            "failing": 0,
            "testrun": 137,
            "failings": [],
            "status": "ok",
            "test_executed": [
                "org.apache.commons.lang.BooleanUtils_ESTest"
            ],
            "failing_assertions": [],
            "failing_lines": []
        },
        {
            "patch": "/home/mmartinez/xTestCluster/Patches/Patches_Wang902/Patches_ICSE/Doverfitting/DynaMoth/Lang/patch1-Lang-51-DynaMoth-plausible.patch",
            "test": "test_from_WangICSE_patch1-Lang-51-AVATAR-plausible",
            "failing": 0,
            "testrun": 137,
            "failings": [],
            "status": "ok",
            "test_executed": [
                "org.apache.commons.lang.BooleanUtils_ESTest"
            ],
            "failing_assertions": [],
            "failing_lines": []
        },
        {
            "patch": "/home/mmartinez/xTestCluster/Patches/Patches_Wang902/Patches_ICSE/Doverfitting/DynaMoth/Lang/patch1-Lang-51-DynaMoth-plausible.patch",
            "test": "test_from_WangDRR_patch5-Lang-51-Jaid",
            "failing": 0,
            "testrun": 141,
            "failings": [],
            "status": "ok",
            "test_executed": [
                "org.apache.commons.lang.BooleanUtils_ESTest"
            ],
            "failing_assertions": [],
            "failing_lines": []
        },
        {
            "patch": "/home/mmartinez/xTestCluster/Patches/Patches_Wang902/Patches_ICSE/Doverfitting/DynaMoth/Lang/patch1-Lang-51-DynaMoth-plausible.patch",
            "test": "test_from_WangDRR_patch1-Lang-51-Jaid-plausible",
            "failing": 1,
            "testrun": 136,
            "failings": [
                "test054(org.apache.commons.lang.BooleanUtils_ESTest)"
            ],
            "status": "ok",
            "test_executed": [
                "org.apache.commons.lang.BooleanUtils_ESTest"
            ],
            "failing_assertions": [
                "java.lang.AssertionError"
            ],
            "failing_lines": [
                [
                    "org.apache.commons.lang.BooleanUtils_ESTest.test054(BooleanUtils_ESTest.java:466)"
                ]
            ]
        },
        {
            "patch": "/home/mmartinez/xTestCluster/Patches/Patches_Wang902/Patches_ICSE/Doverfitting/DynaMoth/Lang/patch1-Lang-51-DynaMoth-plausible.patch",
            "test": "test_from_WangDRR_patch2-Lang-51-Jaid",
            "failing": 1,
            "testrun": 135,
            "failings": [
                "test060(org.apache.commons.lang.BooleanUtils_ESTest)"
            ],
            "status": "ok",
            "test_executed": [
                "org.apache.commons.lang.BooleanUtils_ESTest"
            ],
            "failing_assertions": [
                "java.lang.AssertionError"
            ],
            "failing_lines": [
                [
                    "org.apache.commons.lang.BooleanUtils_ESTest.test060(BooleanUtils_ESTest.java:509)"
                ]
            ]
        },
        {
            "patch": "/home/mmartinez/xTestCluster/Patches/Patches_Wang902/Patches_ICSE/Doverfitting/DynaMoth/Lang/patch1-Lang-51-DynaMoth-plausible.patch",
            "test": "test_from_WangDRR_patch1-Lang-51-SOFix",
            "failing": 0,
            "testrun": 139,
            "failings": [],
            "status": "ok",
            "test_executed": [
                "org.apache.commons.lang.BooleanUtils_ESTest"
            ],
            "failing_assertions": [],
            "failing_lines": []
        },
        {
            "patch": "/home/mmartinez/xTestCluster/Patches/Patches_Wang902/Patches_ICSE/Doverfitting/DynaMoth/Lang/patch1-Lang-51-DynaMoth-plausible.patch",
            "test": "test_from_WangDRR_patch3-Lang-51-Jaid-plausible",
            "failing": 1,
            "testrun": 137,
            "failings": [
                "test055(org.apache.commons.lang.BooleanUtils_ESTest)"
            ],
            "status": "ok",
            "test_executed": [
                "org.apache.commons.lang.BooleanUtils_ESTest"
            ],
            "failing_assertions": [
                "java.lang.AssertionError"
            ],
            "failing_lines": [
                [
                    "org.apache.commons.lang.BooleanUtils_ESTest.test055(BooleanUtils_ESTest.java:468)"
                ]
            ]
        },
        {
            "patch": "/home/mmartinez/xTestCluster/Patches/Patches_Wang902/Patches_ICSE/Doverfitting/DynaMoth/Lang/patch1-Lang-51-DynaMoth-plausible.patch",
            "test": "test_from_WangDRR_patch6-Lang-51-Jaid",
            "failing": 0,
            "testrun": 135,
            "failings": [],
            "status": "ok",
            "test_executed": [
                "org.apache.commons.lang.BooleanUtils_ESTest"
            ],
            "failing_assertions": [],
            "failing_lines": []
        },
        {
            "patch": "/home/mmartinez/xTestCluster/Patches/Patches_Wang902/Patches_ICSE/Doverfitting/DynaMoth/Lang/patch1-Lang-51-DynaMoth-plausible.patch",
            "test": "test_from_WangDRR_patch1-Lang-51-Jaid",
            "failing": 0,
            "testrun": 139,
            "failings": [],
            "status": "ok",
            "test_executed": [
                "org.apache.commons.lang.BooleanUtils_ESTest"
            ],
            "failing_assertions": [],
            "failing_lines": []
        },
        {
            "patch": "/home/mmartinez/xTestCluster/Patches/Patches_Wang902/Patches_ICSE/Doverfitting/DynaMoth/Lang/patch1-Lang-51-DynaMoth-plausible.patch",
            "test": "test_from_WangICSE_patch1-Lang-51-kPAR-plausible",
            "failing": 0,
            "testrun": 133,
            "failings": [],
            "status": "ok",
            "test_executed": [
                "org.apache.commons.lang.BooleanUtils_ESTest"
            ],
            "failing_assertions": [],
            "failing_lines": []
        },
        {
            "patch": "/home/mmartinez/xTestCluster/Patches/Patches_Wang902/Patches_ICSE/Doverfitting/DynaMoth/Lang/patch1-Lang-51-DynaMoth-plausible.patch",
            "test": "test_from_WangICSE_patch1-Lang-51-DynaMoth-plausible",
            "failing": 0,
            "testrun": 135,
            "failings": [],
            "status": "ok",
            "test_executed": [
                "org.apache.commons.lang.BooleanUtils_ESTest"
            ],
            "failing_assertions": [],
            "failing_lines": []
        },
        {
            "patch": "/home/mmartinez/xTestCluster/Patches/Patches_Wang902/Patches_ICSE/Doverfitting/DynaMoth/Lang/patch1-Lang-51-DynaMoth-plausible.patch",
            "test": "test_from_WangDRR_patch2-Lang-51-Jaid-plausible",
            "failing": 0,
            "testrun": 131,
            "failings": [],
            "status": "ok",
            "test_executed": [
                "org.apache.commons.lang.BooleanUtils_ESTest"
            ],
            "failing_assertions": [],
            "failing_lines": []
        },
        {
            "patch": "/home/mmartinez/xTestCluster/Patches/Patches_Wang902/Patches_ICSE/Doverfitting/DynaMoth/Lang/patch1-Lang-51-DynaMoth-plausible.patch",
            "test": "test_from_WangDRR_patch4-Lang-51-Jaid",
            "failing": 0,
            "testrun": 139,
            "failings": [],
            "status": "ok",
            "test_executed": [
                "org.apache.commons.lang.BooleanUtils_ESTest"
            ],
            "failing_assertions": [],
            "failing_lines": []
        },
        {
            "patch": "/home/mmartinez/xTestCluster/Patches/Patches_Wang902/Patches_ICSE/Doverfitting/DynaMoth/Lang/patch1-Lang-51-DynaMoth-plausible.patch",
            "test": "test_from_WangICSE_patch1-Lang-51-Nopol-plausible",
            "failing": 0,
            "testrun": 137,
            "failings": [],
            "status": "ok",
            "test_executed": [
                "org.apache.commons.lang.BooleanUtils_ESTest"
            ],
            "failing_assertions": [],
            "failing_lines": []
        }
    ],
    "duration": 33.18
}