{
    "patch": "/home/mmartinez/xTestCluster/Patches/Patches_Wang902/Patches_ICSE/Doverfitting/AVATAR/Lang/patch1-Lang-39-AVATAR-plausible.patch",
    "project": "Lang",
    "bugid": "39",
    "dataset": "Patches_ICSE",
    "date": "2023-02-06T02:04:00.352355",
    "project_checked": "ok",
    "compiledProjectModified": "ok",
    "patchApplied": "ok",
    "arrive_end": "ok",
    "patched_project_pass_all_test": "no",
    "test_execution": [
        {
            "patch": "/home/mmartinez/xTestCluster/Patches/Patches_Wang902/Patches_ICSE/Doverfitting/AVATAR/Lang/patch1-Lang-39-AVATAR-plausible.patch",
            "test": "test_from_WangICSE_patch1-Lang-39-jGenProg-plausible",
            "failing": 2,
            "testrun": 577,
            "failings": [
                "test333(org.apache.commons.lang3.StringUtils_ESTest)",
                "test335(org.apache.commons.lang3.StringUtils_ESTest)"
            ],
            "status": "ok",
            "test_executed": [
                "org.apache.commons.lang3.StringUtils_ESTest"
            ],
            "failing_assertions": [
                "java.lang.NullPointerException",
                "java.lang.NullPointerException"
            ],
            "failing_lines": [
                [
                    "org.apache.commons.lang3.StringUtils_ESTest.test333(StringUtils_ESTest.java:2697)"
                ],
                [
                    "org.apache.commons.lang3.StringUtils_ESTest.test335(StringUtils_ESTest.java:2725)"
                ]
            ]
        },
        {
            "patch": "/home/mmartinez/xTestCluster/Patches/Patches_Wang902/Patches_ICSE/Doverfitting/AVATAR/Lang/patch1-Lang-39-AVATAR-plausible.patch",
            "test": "test_from_WangICSE_patch1-Lang-39-SimFix",
            "failing": 3,
            "testrun": 582,
            "failings": [
                "test340(org.apache.commons.lang3.StringUtils_ESTest)",
                "test341(org.apache.commons.lang3.StringUtils_ESTest)",
                "test342(org.apache.commons.lang3.StringUtils_ESTest)"
            ],
            "status": "ok",
            "test_executed": [
                "org.apache.commons.lang3.StringUtils_ESTest"
            ],
            "failing_assertions": [
                "java.lang.NullPointerException",
                "java.lang.NullPointerException",
                "java.lang.NullPointerException"
            ],
            "failing_lines": [
                [
                    "org.apache.commons.lang3.StringUtils_ESTest.test340(StringUtils_ESTest.java:2718)"
                ],
                [
                    "org.apache.commons.lang3.StringUtils_ESTest.test341(StringUtils_ESTest.java:2736)"
                ],
                [
                    "org.apache.commons.lang3.StringUtils_ESTest.test342(StringUtils_ESTest.java:2754)"
                ]
            ]
        },
        {
            "patch": "/home/mmartinez/xTestCluster/Patches/Patches_Wang902/Patches_ICSE/Doverfitting/AVATAR/Lang/patch1-Lang-39-AVATAR-plausible.patch",
            "test": "test_from_WangICSE_patch1-Lang-39-AVATAR-plausible",
            "failing": 0,
            "testrun": 574,
            "failings": [],
            "status": "ok",
            "test_executed": [
                "org.apache.commons.lang3.StringUtils_ESTest"
            ],
            "failing_assertions": [],
            "failing_lines": []
        },
        {
            "patch": "/home/mmartinez/xTestCluster/Patches/Patches_Wang902/Patches_ICSE/Doverfitting/AVATAR/Lang/patch1-Lang-39-AVATAR-plausible.patch",
            "test": "test_from_WangICSE_patch1-Lang-39-TBar-plausible",
            "failing": 3,
            "testrun": 565,
            "failings": [
                "test326(org.apache.commons.lang3.StringUtils_ESTest)",
                "test327(org.apache.commons.lang3.StringUtils_ESTest)",
                "test328(org.apache.commons.lang3.StringUtils_ESTest)"
            ],
            "status": "ok",
            "test_executed": [
                "org.apache.commons.lang3.StringUtils_ESTest"
            ],
            "failing_assertions": [
                "java.lang.NullPointerException",
                "java.lang.NullPointerException",
                "java.lang.NullPointerException"
            ],
            "failing_lines": [
                [
                    "org.apache.commons.lang3.StringUtils_ESTest.test326(StringUtils_ESTest.java:2758)"
                ],
                [
                    "org.apache.commons.lang3.StringUtils_ESTest.test327(StringUtils_ESTest.java:2774)"
                ],
                [
                    "org.apache.commons.lang3.StringUtils_ESTest.test328(StringUtils_ESTest.java:2787)"
                ]
            ]
        }
    ],
    "duration": 24.66
}