{
    "patch": "/Users/matias/develop/git-xTestCluster/Patches/Patches_Wang902/Patches_ICSE/Doverfitting/kPAR/Closure/patch1-Closure-126-kPAR-plausible.patch",
    "project": "Closure",
    "bugid": "126",
    "dataset": "Patches_ICSE",
    "date": "2022-12-22T12:49:49.179810",
    "project_checked": "ok",
    "compiledProjectModified": "ok",
    "patchApplied": "ok",
    "arrive_end": "ok",
    "patched_project_pass_all_test": "no",
    "test_execution": [
        {
            "patch": "/Users/matias/develop/git-xTestCluster/Patches/Patches_Wang902/Patches_ICSE/Doverfitting/kPAR/Closure/patch1-Closure-126-kPAR-plausible.patch",
            "test": "test_from_WangICSE_patch1-Closure-126-kPAR-plausible",
            "failing": 11,
            "testrun": 17,
            "failings": [
                "test00(com.google.javascript.jscomp.MinimizeExitPoints_ESTest)",
                "test01(com.google.javascript.jscomp.MinimizeExitPoints_ESTest)",
                "test02(com.google.javascript.jscomp.MinimizeExitPoints_ESTest)",
                "test03(com.google.javascript.jscomp.MinimizeExitPoints_ESTest)",
                "test08(com.google.javascript.jscomp.MinimizeExitPoints_ESTest)",
                "test09(com.google.javascript.jscomp.MinimizeExitPoints_ESTest)",
                "test10(com.google.javascript.jscomp.MinimizeExitPoints_ESTest)",
                "test12(com.google.javascript.jscomp.MinimizeExitPoints_ESTest)",
                "test13(com.google.javascript.jscomp.MinimizeExitPoints_ESTest)",
                "test14(com.google.javascript.jscomp.MinimizeExitPoints_ESTest)",
                "test15(com.google.javascript.jscomp.MinimizeExitPoints_ESTest)"
            ],
            "status": "ok",
            "test_executed": [
                "com.google.javascript.jscomp.MinimizeExitPoints_ESTest"
            ],
            "failing_assertions": [
                "java.lang.NoClassDefFoundError: Could not initialize class com.google.javascript.jscomp.Compiler",
                "java.lang.NoClassDefFoundError: Could not initialize class com.google.javascript.jscomp.Compiler",
                "java.lang.NoClassDefFoundError: Could not initialize class com.google.javascript.jscomp.Compiler",
                "java.lang.NoClassDefFoundError: Could not initialize class com.google.javascript.jscomp.Compiler",
                "java.lang.NoClassDefFoundError: Could not initialize class com.google.javascript.jscomp.Compiler",
                "java.lang.NoClassDefFoundError: Could not initialize class com.google.javascript.jscomp.Compiler",
                "java.lang.NoClassDefFoundError: Could not initialize class com.google.javascript.jscomp.Compiler",
                "java.lang.NoClassDefFoundError: Could not initialize class com.google.javascript.jscomp.Compiler",
                "java.lang.NoClassDefFoundError: Could not initialize class com.google.javascript.jscomp.Compiler",
                "java.lang.NoClassDefFoundError: Could not initialize class com.google.javascript.jscomp.Compiler",
                "java.lang.NoClassDefFoundError: Could not initialize class com.google.javascript.jscomp.Compiler"
            ],
            "failing_lines": [
                [
                    "com.google.javascript.jscomp.MinimizeExitPoints_ESTest.test00(MinimizeExitPoints_ESTest.java:61)"
                ],
                [
                    "com.google.javascript.jscomp.MinimizeExitPoints_ESTest.test01(MinimizeExitPoints_ESTest.java:89)"
                ],
                [
                    "com.google.javascript.jscomp.MinimizeExitPoints_ESTest.test02(MinimizeExitPoints_ESTest.java:117)"
                ],
                [
                    "com.google.javascript.jscomp.MinimizeExitPoints_ESTest.test03(MinimizeExitPoints_ESTest.java:137)"
                ],
                [
                    "com.google.javascript.jscomp.MinimizeExitPoints_ESTest.test08(MinimizeExitPoints_ESTest.java:303)"
                ],
                [
                    "com.google.javascript.jscomp.MinimizeExitPoints_ESTest.test09(MinimizeExitPoints_ESTest.java:341)"
                ],
                [
                    "com.google.javascript.jscomp.MinimizeExitPoints_ESTest.test10(MinimizeExitPoints_ESTest.java:377)"
                ],
                [
                    "com.google.javascript.jscomp.MinimizeExitPoints_ESTest.test12(MinimizeExitPoints_ESTest.java:431)"
                ],
                [
                    "com.google.javascript.jscomp.MinimizeExitPoints_ESTest.test13(MinimizeExitPoints_ESTest.java:467)"
                ],
                [
                    "com.google.javascript.jscomp.MinimizeExitPoints_ESTest.test14(MinimizeExitPoints_ESTest.java:487)"
                ],
                [
                    "com.google.javascript.jscomp.MinimizeExitPoints_ESTest.test15(MinimizeExitPoints_ESTest.java:525)"
                ]
            ]
        }
    ],
    "duration": 37.42
}