{
    "patch": "/home/mmartinez/xTestCluster/Patches/Patches_Wang902/Patches_ICSE/Doverfitting/GenProg/Chart/patch1-Chart-12-GenProg-plausible.patch",
    "project": "Chart",
    "bugid": "12",
    "dataset": "Patches_ICSE",
    "date": "2022-12-27T20:41:26.684186",
    "project_checked": "ok",
    "compiledProjectModified": "ok",
    "patchApplied": "ok",
    "arrive_end": "ok",
    "patched_project_pass_all_test": "no",
    "test_execution": [
        {
            "patch": "/home/mmartinez/xTestCluster/Patches/Patches_Wang902/Patches_ICSE/Doverfitting/GenProg/Chart/patch1-Chart-12-GenProg-plausible.patch",
            "test": "test_from_WangICSE_patch1-Chart-12-RSRepair-plausible",
            "failing": 6,
            "testrun": 39,
            "failings": [
                "test23(org.jfree.chart.plot.MultiplePiePlot_ESTest)",
                "test22(org.jfree.chart.plot.MultiplePiePlot_ESTest)",
                "test24(org.jfree.chart.plot.MultiplePiePlot_ESTest)",
                "test13(org.jfree.chart.plot.MultiplePiePlot_ESTest)",
                "test16(org.jfree.chart.plot.MultiplePiePlot_ESTest)",
                "test38(org.jfree.chart.plot.MultiplePiePlot_ESTest)"
            ],
            "status": "ok",
            "test_executed": [
                "org.jfree.chart.plot.MultiplePiePlot_ESTest"
            ],
            "failing_assertions": [
                "java.lang.NullPointerException",
                "java.lang.NullPointerException",
                "java.lang.NullPointerException",
                "java.lang.NullPointerException",
                "java.lang.NullPointerException",
                "java.lang.NullPointerException"
            ],
            "failing_lines": [
                [
                    "org.jfree.chart.plot.MultiplePiePlot_ESTest.test23(MultiplePiePlot_ESTest.java:336)"
                ],
                [
                    "org.jfree.chart.plot.MultiplePiePlot_ESTest.test22(MultiplePiePlot_ESTest.java:315)"
                ],
                [
                    "org.jfree.chart.plot.MultiplePiePlot_ESTest.test24(MultiplePiePlot_ESTest.java:350)"
                ],
                [
                    "org.jfree.chart.plot.MultiplePiePlot_ESTest.test13(MultiplePiePlot_ESTest.java:205)"
                ],
                [
                    "org.jfree.chart.plot.MultiplePiePlot_ESTest.test16(MultiplePiePlot_ESTest.java:242)"
                ],
                [
                    "org.jfree.chart.plot.MultiplePiePlot_ESTest.test38(MultiplePiePlot_ESTest.java:511)"
                ]
            ]
        },
        {
            "patch": "/home/mmartinez/xTestCluster/Patches/Patches_Wang902/Patches_ICSE/Doverfitting/GenProg/Chart/patch1-Chart-12-GenProg-plausible.patch",
            "test": "test_from_WangICSE_patch1-Chart-12-SimFix-plausible",
            "failing": 4,
            "testrun": 34,
            "failings": [
                "test18(org.jfree.chart.plot.MultiplePiePlot_ESTest)",
                "test19(org.jfree.chart.plot.MultiplePiePlot_ESTest)",
                "test10(org.jfree.chart.plot.MultiplePiePlot_ESTest)",
                "test31(org.jfree.chart.plot.MultiplePiePlot_ESTest)"
            ],
            "status": "ok",
            "test_executed": [
                "org.jfree.chart.plot.MultiplePiePlot_ESTest"
            ],
            "failing_assertions": [
                "java.lang.NullPointerException",
                "java.lang.NullPointerException",
                "java.lang.NullPointerException",
                "java.lang.NullPointerException"
            ],
            "failing_lines": [
                [
                    "org.jfree.chart.plot.MultiplePiePlot_ESTest.test18(MultiplePiePlot_ESTest.java:245)"
                ],
                [
                    "org.jfree.chart.plot.MultiplePiePlot_ESTest.test19(MultiplePiePlot_ESTest.java:259)"
                ],
                [
                    "org.jfree.chart.plot.MultiplePiePlot_ESTest.test10(MultiplePiePlot_ESTest.java:161)"
                ],
                [
                    "org.jfree.chart.plot.MultiplePiePlot_ESTest.test31(MultiplePiePlot_ESTest.java:401)"
                ]
            ]
        },
        {
            "patch": "/home/mmartinez/xTestCluster/Patches/Patches_Wang902/Patches_ICSE/Doverfitting/GenProg/Chart/patch1-Chart-12-GenProg-plausible.patch",
            "test": "test_from_WangICSE_patch1-Chart-12-GenProg-plausible",
            "failing": 0,
            "testrun": 165,
            "failings": [],
            "status": "ok",
            "test_executed": [
                "org.jfree.chart.plot.MultiplePiePlot_ESTest",
                "org.jfree.chart.JFreeChart_ESTest"
            ],
            "failing_assertions": [],
            "failing_lines": []
        },
        {
            "patch": "/home/mmartinez/xTestCluster/Patches/Patches_Wang902/Patches_ICSE/Doverfitting/GenProg/Chart/patch1-Chart-12-GenProg-plausible.patch",
            "test": "test_from_WangICSE_patch1-Chart-12-Kali-plausible",
            "failing": 1,
            "testrun": 14,
            "failings": [
                "test12(org.jfree.data.general.AbstractDataset_ESTest)"
            ],
            "status": "ok",
            "test_executed": [
                "org.jfree.data.general.AbstractDataset_ESTest"
            ],
            "failing_assertions": [
                "java.lang.AssertionError"
            ],
            "failing_lines": [
                [
                    "org.jfree.data.general.AbstractDataset_ESTest.test12(AbstractDataset_ESTest.java:169)"
                ]
            ]
        },
        {
            "patch": "/home/mmartinez/xTestCluster/Patches/Patches_Wang902/Patches_ICSE/Doverfitting/GenProg/Chart/patch1-Chart-12-GenProg-plausible.patch",
            "test": "test_from_WangICSE_patch1-Chart-12-TBar-plausible",
            "failing": 1,
            "testrun": 12,
            "failings": [
                "test07(org.jfree.data.general.AbstractDataset_ESTest)"
            ],
            "status": "ok",
            "test_executed": [
                "org.jfree.data.general.AbstractDataset_ESTest"
            ],
            "failing_assertions": [
                "java.lang.AssertionError"
            ],
            "failing_lines": [
                [
                    "org.jfree.data.general.AbstractDataset_ESTest.test07(AbstractDataset_ESTest.java:102)"
                ]
            ]
        },
        {
            "patch": "/home/mmartinez/xTestCluster/Patches/Patches_Wang902/Patches_ICSE/Doverfitting/GenProg/Chart/patch1-Chart-12-GenProg-plausible.patch",
            "test": "test_from_WangICSE_patch1-Chart-12-Arja",
            "failing": 12,
            "testrun": 39,
            "failings": [
                "test09(org.jfree.chart.plot.MultiplePiePlot_ESTest)",
                "test01(org.jfree.chart.plot.MultiplePiePlot_ESTest)",
                "test23(org.jfree.chart.plot.MultiplePiePlot_ESTest)",
                "test00(org.jfree.chart.plot.MultiplePiePlot_ESTest)",
                "test25(org.jfree.chart.plot.MultiplePiePlot_ESTest)",
                "test24(org.jfree.chart.plot.MultiplePiePlot_ESTest)",
                "test26(org.jfree.chart.plot.MultiplePiePlot_ESTest)",
                "test30(org.jfree.chart.plot.MultiplePiePlot_ESTest)",
                "test18(org.jfree.chart.plot.MultiplePiePlot_ESTest)",
                "test12(org.jfree.chart.plot.MultiplePiePlot_ESTest)",
                "test13(org.jfree.chart.plot.MultiplePiePlot_ESTest)",
                "test38(org.jfree.chart.plot.MultiplePiePlot_ESTest)"
            ],
            "status": "ok",
            "test_executed": [
                "org.jfree.chart.plot.MultiplePiePlot_ESTest"
            ],
            "failing_assertions": [
                "java.lang.NullPointerException",
                "java.lang.NullPointerException",
                "java.lang.NullPointerException",
                "java.lang.AssertionError",
                "java.lang.NullPointerException",
                "java.lang.NullPointerException",
                "java.lang.NullPointerException",
                "java.lang.NullPointerException",
                "java.lang.NullPointerException",
                "java.lang.NullPointerException",
                "java.lang.NullPointerException",
                "java.lang.NullPointerException"
            ],
            "failing_lines": [
                [
                    "org.jfree.chart.plot.MultiplePiePlot_ESTest.test09(MultiplePiePlot_ESTest.java:150)"
                ],
                [
                    "org.jfree.chart.plot.MultiplePiePlot_ESTest.test01(MultiplePiePlot_ESTest.java:65)"
                ],
                [
                    "org.jfree.chart.plot.MultiplePiePlot_ESTest.test23(MultiplePiePlot_ESTest.java:311)"
                ],
                [
                    "org.jfree.chart.plot.MultiplePiePlot_ESTest.test00(MultiplePiePlot_ESTest.java:51)"
                ],
                [
                    "org.jfree.chart.plot.MultiplePiePlot_ESTest.test25(MultiplePiePlot_ESTest.java:335)"
                ],
                [
                    "org.jfree.chart.plot.MultiplePiePlot_ESTest.test24(MultiplePiePlot_ESTest.java:322)"
                ],
                [
                    "org.jfree.chart.plot.MultiplePiePlot_ESTest.test26(MultiplePiePlot_ESTest.java:347)"
                ],
                [
                    "org.jfree.chart.plot.MultiplePiePlot_ESTest.test30(MultiplePiePlot_ESTest.java:409)"
                ],
                [
                    "org.jfree.chart.plot.MultiplePiePlot_ESTest.test18(MultiplePiePlot_ESTest.java:255)"
                ],
                [
                    "org.jfree.chart.plot.MultiplePiePlot_ESTest.test12(MultiplePiePlot_ESTest.java:196)"
                ],
                [
                    "org.jfree.chart.plot.MultiplePiePlot_ESTest.test13(MultiplePiePlot_ESTest.java:209)"
                ],
                [
                    "org.jfree.chart.plot.MultiplePiePlot_ESTest.test38(MultiplePiePlot_ESTest.java:497)"
                ]
            ]
        }
    ],
    "duration": 34.49
}