{
    "patch": "/home/mmartinez/xTestCluster/Patches/Patches_Wang902/Patches_ICSE/Doverfitting/Arja/Closure/patch1-Closure-117-Arja-plausible.patch",
    "project": "Closure",
    "bugid": "117",
    "dataset": "Patches_ICSE",
    "date": "2022-12-16T05:00:03.303788",
    "project_checked": "ok",
    "compiledProjectModified": "ok",
    "patchApplied": "ok",
    "arrive_end": "ok",
    "patched_project_pass_all_test": "no",
    "test_execution": [
        {
            "patch": "/home/mmartinez/xTestCluster/Patches/Patches_Wang902/Patches_ICSE/Doverfitting/Arja/Closure/patch1-Closure-117-Arja-plausible.patch",
            "test": "test_from_WangICSE_patch1-Closure-117-Kali-plausible",
            "failing": 0,
            "testrun": 2,
            "failings": [],
            "status": "ok",
            "test_executed": [
                "com.google.javascript.jscomp.TypedScopeCreator_ESTest"
            ],
            "failing_assertions": [],
            "failing_lines": []
        },
        {
            "patch": "/home/mmartinez/xTestCluster/Patches/Patches_Wang902/Patches_ICSE/Doverfitting/Arja/Closure/patch1-Closure-117-Arja-plausible.patch",
            "test": "test_from_WangICSE_patch1-Closure-117-Arja-plausible",
            "failing": 0,
            "testrun": 2,
            "failings": [],
            "status": "ok",
            "test_executed": [
                "com.google.javascript.jscomp.TypeValidator_ESTest"
            ],
            "failing_assertions": [],
            "failing_lines": []
        }
    ],
    "duration": 32.92
}