{
    "patch": "/home/mmartinez/xTestCluster/Patches/Patches_Wang902/Patches_others/Doverfitting/Jaid/Lang/patch1-Lang-45-Jaid-plausible.patch",
    "project": "Lang",
    "bugid": "45",
    "dataset": "Patches_others",
    "date": "2023-02-03T23:17:14.851218",
    "project_checked": "ok",
    "compiledProjectModified": "ok",
    "patchApplied": "ok",
    "arrive_end": "ok",
    "patched_project_pass_all_test": "no",
    "test_execution": [
        {
            "patch": "/home/mmartinez/xTestCluster/Patches/Patches_Wang902/Patches_others/Doverfitting/Jaid/Lang/patch1-Lang-45-Jaid-plausible.patch",
            "test": "test_from_WangDRR_patch2-Lang-45-Jaid-plausible",
            "failing": 0,
            "testrun": 52,
            "failings": [],
            "status": "ok",
            "test_executed": [
                "org.apache.commons.lang.WordUtils_ESTest"
            ],
            "failing_assertions": [],
            "failing_lines": []
        },
        {
            "patch": "/home/mmartinez/xTestCluster/Patches/Patches_Wang902/Patches_others/Doverfitting/Jaid/Lang/patch1-Lang-45-Jaid-plausible.patch",
            "test": "test_from_WangDRR_patch1-Lang-45-Jaid",
            "failing": 0,
            "testrun": 54,
            "failings": [],
            "status": "ok",
            "test_executed": [
                "org.apache.commons.lang.WordUtils_ESTest"
            ],
            "failing_assertions": [],
            "failing_lines": []
        },
        {
            "patch": "/home/mmartinez/xTestCluster/Patches/Patches_Wang902/Patches_others/Doverfitting/Jaid/Lang/patch1-Lang-45-Jaid-plausible.patch",
            "test": "test_from_WangDRR_patch1-Lang-45-Jaid-plausible",
            "failing": 0,
            "testrun": 53,
            "failings": [],
            "status": "ok",
            "test_executed": [
                "org.apache.commons.lang.WordUtils_ESTest"
            ],
            "failing_assertions": [],
            "failing_lines": []
        },
        {
            "patch": "/home/mmartinez/xTestCluster/Patches/Patches_Wang902/Patches_others/Doverfitting/Jaid/Lang/patch1-Lang-45-Jaid-plausible.patch",
            "test": "test_from_WangICSE_patch1-Lang-45-kPAR-plausible",
            "failing": 1,
            "testrun": 56,
            "failings": [
                "test08(org.apache.commons.lang.WordUtils_ESTest)"
            ],
            "status": "ok",
            "test_executed": [
                "org.apache.commons.lang.WordUtils_ESTest"
            ],
            "failing_assertions": [
                "java.lang.AssertionError: Expecting exception: StringIndexOutOfBoundsException"
            ],
            "failing_lines": [
                [
                    "org.apache.commons.lang.WordUtils_ESTest.test08(WordUtils_ESTest.java:74)"
                ]
            ]
        },
        {
            "patch": "/home/mmartinez/xTestCluster/Patches/Patches_Wang902/Patches_others/Doverfitting/Jaid/Lang/patch1-Lang-45-Jaid-plausible.patch",
            "test": "test_from_WangICSE_patch1-Lang-45-SimFix-plausible",
            "failing": 1,
            "testrun": 54,
            "failings": [
                "test02(org.apache.commons.lang.WordUtils_ESTest)"
            ],
            "status": "ok",
            "test_executed": [
                "org.apache.commons.lang.WordUtils_ESTest"
            ],
            "failing_assertions": [
                "java.lang.AssertionError: Expecting exception: StringIndexOutOfBoundsException"
            ],
            "failing_lines": [
                [
                    "org.apache.commons.lang.WordUtils_ESTest.test02(WordUtils_ESTest.java:36)"
                ]
            ]
        },
        {
            "patch": "/home/mmartinez/xTestCluster/Patches/Patches_Wang902/Patches_others/Doverfitting/Jaid/Lang/patch1-Lang-45-Jaid-plausible.patch",
            "test": "test_from_WangICSE_patch1-Lang-45-TBar-plausible",
            "failing": 1,
            "testrun": 56,
            "failings": [
                "test07(org.apache.commons.lang.WordUtils_ESTest)"
            ],
            "status": "ok",
            "test_executed": [
                "org.apache.commons.lang.WordUtils_ESTest"
            ],
            "failing_assertions": [
                "java.lang.AssertionError: Expecting exception: StringIndexOutOfBoundsException"
            ],
            "failing_lines": [
                [
                    "org.apache.commons.lang.WordUtils_ESTest.test07(WordUtils_ESTest.java:66)"
                ]
            ]
        }
    ],
    "duration": 18.94
}