{
    "patch": "/home/mmartinez/xTestCluster/Patches/Patches_Wang902/Patches_others/Dcorrect/CapGen/Math/patch1-Math-57-CapGen.patch",
    "project": "Math",
    "bugid": "57",
    "dataset": "Patches_others",
    "date": "2023-02-17T00:12:00.958314",
    "project_checked": "ok",
    "compiledProjectModified": "ok",
    "patchApplied": "ok",
    "arrive_end": "ok",
    "patched_project_pass_all_test": "no",
    "test_execution": [
        {
            "patch": "/home/mmartinez/xTestCluster/Patches/Patches_Wang902/Patches_others/Dcorrect/CapGen/Math/patch1-Math-57-CapGen.patch",
            "test": "test_from_WangICSE_patch1-Math-57-TBar",
            "failing": 0,
            "testrun": 5,
            "failings": [],
            "status": "ok",
            "test_executed": [
                "RegressionTest0"
            ],
            "failing_assertions": [],
            "failing_lines": []
        },
        {
            "patch": "/home/mmartinez/xTestCluster/Patches/Patches_Wang902/Patches_others/Dcorrect/CapGen/Math/patch1-Math-57-CapGen.patch",
            "test": "test_from_WangICSE_patch1-Math-57-jMutRepair-plausible",
            "failing": 0,
            "testrun": 1368,
            "failings": [],
            "status": "ok",
            "test_executed": [
                "RegressionTest1",
                "RegressionTest2",
                "RegressionTest0"
            ],
            "failing_assertions": [],
            "failing_lines": []
        },
        {
            "patch": "/home/mmartinez/xTestCluster/Patches/Patches_Wang902/Patches_others/Dcorrect/CapGen/Math/patch1-Math-57-CapGen.patch",
            "test": "test_from_WangDRR_patch1-Math-57-CapGen",
            "failing": 0,
            "testrun": 5,
            "failings": [],
            "status": "ok",
            "test_executed": [
                "RegressionTest0"
            ],
            "failing_assertions": [],
            "failing_lines": []
        },
        {
            "patch": "/home/mmartinez/xTestCluster/Patches/Patches_Wang902/Patches_others/Dcorrect/CapGen/Math/patch1-Math-57-CapGen.patch",
            "test": "test_from_WangICSE_patch1-Math-57-SimFix",
            "failing": 0,
            "testrun": 5,
            "failings": [],
            "status": "ok",
            "test_executed": [
                "RegressionTest0"
            ],
            "failing_assertions": [],
            "failing_lines": []
        },
        {
            "patch": "/home/mmartinez/xTestCluster/Patches/Patches_Wang902/Patches_others/Dcorrect/CapGen/Math/patch1-Math-57-CapGen.patch",
            "test": "test_from_WangICSE_patch1-Math-57-FixMiner",
            "failing": 0,
            "testrun": 5,
            "failings": [],
            "status": "ok",
            "test_executed": [
                "RegressionTest0"
            ],
            "failing_assertions": [],
            "failing_lines": []
        },
        {
            "patch": "/home/mmartinez/xTestCluster/Patches/Patches_Wang902/Patches_others/Dcorrect/CapGen/Math/patch1-Math-57-CapGen.patch",
            "test": "test_from_WangDRR_patch1-Math-57-SequenceR",
            "failing": 0,
            "testrun": 5,
            "failings": [],
            "status": "ok",
            "test_executed": [
                "RegressionTest0"
            ],
            "failing_assertions": [],
            "failing_lines": []
        },
        {
            "patch": "/home/mmartinez/xTestCluster/Patches/Patches_Wang902/Patches_others/Dcorrect/CapGen/Math/patch1-Math-57-CapGen.patch",
            "test": "test_from_WangDRR_patch1-Math-57-SOFix",
            "failing": 0,
            "testrun": 5,
            "failings": [],
            "status": "ok",
            "test_executed": [
                "RegressionTest0"
            ],
            "failing_assertions": [],
            "failing_lines": []
        },
        {
            "patch": "/home/mmartinez/xTestCluster/Patches/Patches_Wang902/Patches_others/Dcorrect/CapGen/Math/patch1-Math-57-CapGen.patch",
            "test": "test_from_WangICSE_patch1-Math-57-AVATAR-plausible",
            "failing": 0,
            "testrun": 5,
            "failings": [],
            "status": "ok",
            "test_executed": [
                "RegressionTest0"
            ],
            "failing_assertions": [],
            "failing_lines": []
        }
    ],
    "duration": 23.41
}