{
    "patch": "/home/mmartinez/xTestCluster/Patches/Patches_Wang902/Patches_ICSE/Doverfitting/GenProg/Closure/patch1-Closure-75-GenProg-plausible.patch",
    "project": "Closure",
    "bugid": "75",
    "dataset": "Patches_ICSE",
    "date": "2022-12-16T03:54:40.795631",
    "project_checked": "ok",
    "compiledProjectModified": "ok",
    "patchApplied": "ok",
    "arrive_end": "ok",
    "patched_project_pass_all_test": "no",
    "test_execution": [
        {
            "patch": "/home/mmartinez/xTestCluster/Patches/Patches_Wang902/Patches_ICSE/Doverfitting/GenProg/Closure/patch1-Closure-75-GenProg-plausible.patch",
            "test": "test_from_WangICSE_patch1-Closure-75-Arja-plausible",
            "failing": 6,
            "testrun": 424,
            "failings": [
                "Error",
                "Error",
                "Error",
                "Error",
                "Error",
                "Error",
                "Error",
                "Error",
                "Error",
                "test020(com.google.javascript.jscomp.NodeUtil_ESTest)",
                "test021(com.google.javascript.jscomp.NodeUtil_ESTest)",
                "test019(com.google.javascript.jscomp.NodeUtil_ESTest)",
                "test341(com.google.javascript.jscomp.NodeUtil_ESTest)",
                "test336(com.google.javascript.jscomp.NodeUtil_ESTest)",
                "test337(com.google.javascript.jscomp.NodeUtil_ESTest)"
            ],
            "status": "ok",
            "test_executed": [
                "com.google.javascript.jscomp.CodeGenerator_ESTest",
                "com.google.javascript.jscomp.NodeUtil_ESTest"
            ],
            "failing_assertions": [
                "03:55:04.794 [main] INFO org.evosuite.runtime.instrumentation.EvoClassLoader - Seeing class for first time: com.google.javascript.jscomp.mozilla.rhino.VMBridge_custom",
                "03:55:06.403 [main] INFO org.evosuite.runtime.instrumentation.EvoClassLoader - Seeing class for first time: com.google.javascript.jscomp.mozilla.rhino.VMBridge_custom",
                "03:55:06.643 [main] INFO org.evosuite.runtime.instrumentation.EvoClassLoader - Seeing class for first time: com.google.javascript.jscomp.mozilla.rhino.VMBridge_custom",
                "03:55:07.009 [main] INFO org.evosuite.runtime.instrumentation.EvoClassLoader - Seeing class for first time: com.google.javascript.jscomp.mozilla.rhino.VMBridge_custom",
                "03:55:07.094 [main] INFO org.evosuite.runtime.instrumentation.EvoClassLoader - Seeing class for first time: com.google.javascript.jscomp.mozilla.rhino.VMBridge_custom",
                "03:55:07.265 [main] INFO org.evosuite.runtime.instrumentation.EvoClassLoader - Seeing class for first time: com.google.javascript.jscomp.mozilla.rhino.VMBridge_custom",
                "03:55:07.299 [main] INFO org.evosuite.runtime.instrumentation.EvoClassLoader - Seeing class for first time: com.google.javascript.jscomp.mozilla.rhino.VMBridge_custom",
                "03:55:07.742 [main] INFO org.evosuite.runtime.instrumentation.EvoClassLoader - Seeing class for first time: com.google.javascript.jscomp.mozilla.rhino.VMBridge_custom",
                "03:55:07.847 [main] INFO org.evosuite.runtime.instrumentation.EvoClassLoader - Seeing class for first time: com.google.javascript.jscomp.mozilla.rhino.VMBridge_custom",
                "java.lang.AssertionError: expected null, but was:<NaN>",
                "java.lang.AssertionError: expected null, but was:<NaN>",
                "java.lang.AssertionError: expected null, but was:<NaN>",
                "java.lang.AssertionError: expected null, but was:<-0.0>",
                "java.lang.AssertionError: expected null, but was:<NaN>",
                "java.lang.AssertionError: expected null, but was:<NaN>"
            ],
            "failing_lines": [
                [
                    "com.google.javascript.jscomp.NodeUtil_ESTest.test020(NodeUtil_ESTest.java:281)"
                ],
                [
                    "com.google.javascript.jscomp.NodeUtil_ESTest.test021(NodeUtil_ESTest.java:287)"
                ],
                [
                    "com.google.javascript.jscomp.NodeUtil_ESTest.test019(NodeUtil_ESTest.java:275)"
                ],
                [
                    "com.google.javascript.jscomp.NodeUtil_ESTest.test341(NodeUtil_ESTest.java:3562)"
                ],
                [
                    "com.google.javascript.jscomp.NodeUtil_ESTest.test336(NodeUtil_ESTest.java:3532)"
                ],
                [
                    "com.google.javascript.jscomp.NodeUtil_ESTest.test337(NodeUtil_ESTest.java:3538)"
                ]
            ]
        },
        {
            "patch": "/home/mmartinez/xTestCluster/Patches/Patches_Wang902/Patches_ICSE/Doverfitting/GenProg/Closure/patch1-Closure-75-GenProg-plausible.patch",
            "test": "test_from_WangICSE_patch1-Closure-75-GenProg-plausible",
            "failing": 0,
            "testrun": 715,
            "failings": [
                "Error",
                "Error",
                "Error",
                "Error",
                "Error",
                "Error"
            ],
            "status": "ok",
            "test_executed": [
                "com.google.javascript.jscomp.PeepholeFoldConstants_ESTest",
                "com.google.javascript.jscomp.NodeUtil_ESTest",
                "com.google.javascript.rhino.Token_ESTest"
            ],
            "failing_assertions": [
                "03:55:12.899 [main] INFO org.evosuite.runtime.instrumentation.EvoClassLoader - Seeing class for first time: com.google.javascript.jscomp.mozilla.rhino.VMBridge_custom",
                "03:55:13.143 [main] INFO org.evosuite.runtime.instrumentation.EvoClassLoader - Seeing class for first time: com.google.javascript.jscomp.mozilla.rhino.VMBridge_custom",
                "03:55:13.156 [main] INFO org.evosuite.runtime.instrumentation.EvoClassLoader - Seeing class for first time: com.google.javascript.jscomp.mozilla.rhino.VMBridge_custom",
                "03:55:15.377 [main] INFO org.evosuite.runtime.instrumentation.EvoClassLoader - Seeing class for first time: com.google.javascript.jscomp.mozilla.rhino.VMBridge_custom",
                "03:55:16.115 [main] INFO org.evosuite.runtime.instrumentation.EvoClassLoader - Seeing class for first time: com.google.javascript.jscomp.mozilla.rhino.VMBridge_custom",
                "03:55:16.487 [main] INFO org.evosuite.runtime.instrumentation.EvoClassLoader - Seeing class for first time: com.google.javascript.jscomp.mozilla.rhino.VMBridge_custom"
            ],
            "failing_lines": []
        },
        {
            "patch": "/home/mmartinez/xTestCluster/Patches/Patches_Wang902/Patches_ICSE/Doverfitting/GenProg/Closure/patch1-Closure-75-GenProg-plausible.patch",
            "test": "test_from_WangICSE_patch1-Closure-75-Kali-plausible",
            "failing": 3,
            "testrun": 354,
            "failings": [
                "Error",
                "test321(com.google.javascript.jscomp.NodeUtil_ESTest)",
                "test318(com.google.javascript.jscomp.NodeUtil_ESTest)",
                "test021(com.google.javascript.jscomp.NodeUtil_ESTest)"
            ],
            "status": "ok",
            "test_executed": [
                "com.google.javascript.jscomp.NodeUtil_ESTest"
            ],
            "failing_assertions": [
                "03:55:23.876 [main] INFO org.evosuite.runtime.instrumentation.EvoClassLoader - Seeing class for first time: com.google.javascript.jscomp.mozilla.rhino.VMBridge_custom",
                "java.lang.AssertionError: expected null, but was:<NaN>",
                "java.lang.AssertionError: expected null, but was:<NaN>",
                "java.lang.AssertionError: expected null, but was:<NaN>"
            ],
            "failing_lines": [
                [
                    "com.google.javascript.jscomp.NodeUtil_ESTest.test321(NodeUtil_ESTest.java:3416)"
                ],
                [
                    "com.google.javascript.jscomp.NodeUtil_ESTest.test318(NodeUtil_ESTest.java:3391)"
                ],
                [
                    "com.google.javascript.jscomp.NodeUtil_ESTest.test021(NodeUtil_ESTest.java:263)"
                ]
            ]
        },
        {
            "patch": "/home/mmartinez/xTestCluster/Patches/Patches_Wang902/Patches_ICSE/Doverfitting/GenProg/Closure/patch1-Closure-75-GenProg-plausible.patch",
            "test": "test_from_WangICSE_patch1-Closure-75-RSRepair-plausible",
            "failing": 0,
            "testrun": 364,
            "failings": [
                "Error"
            ],
            "status": "ok",
            "test_executed": [
                "com.google.javascript.jscomp.NodeUtil_ESTest"
            ],
            "failing_assertions": [
                "03:55:30.334 [main] INFO org.evosuite.runtime.instrumentation.EvoClassLoader - Seeing class for first time: com.google.javascript.jscomp.mozilla.rhino.VMBridge_custom"
            ],
            "failing_lines": []
        }
    ],
    "duration": 50.18
}