{
    "patch": "/home/mmartinez/xTestCluster/Patches/Patches_Wang902/Patches_ICSE/Doverfitting/Arja/Math/patch1-Math-40-Arja-plausible.patch",
    "project": "Math",
    "bugid": "40",
    "dataset": "Patches_ICSE",
    "date": "2022-12-16T03:22:06.313085",
    "project_checked": "ok",
    "compiledProjectModified": "ok",
    "patchApplied": "ok",
    "arrive_end": "ok",
    "patched_project_pass_all_test": "no",
    "test_execution": [
        {
            "patch": "/home/mmartinez/xTestCluster/Patches/Patches_Wang902/Patches_ICSE/Doverfitting/Arja/Math/patch1-Math-40-Arja-plausible.patch",
            "test": "test_from_WangICSE_patch1-Math-40-Arja-plausible",
            "failing": 0,
            "testrun": 31,
            "failings": [],
            "status": "ok",
            "test_executed": [
                "org.apache.commons.math.analysis.solvers.BracketingNthOrderBrentSolver_ESTest"
            ],
            "failing_assertions": [],
            "failing_lines": []
        },
        {
            "patch": "/home/mmartinez/xTestCluster/Patches/Patches_Wang902/Patches_ICSE/Doverfitting/Arja/Math/patch1-Math-40-Arja-plausible.patch",
            "test": "test_from_WangICSE_patch1-Math-40-kPAR-plausible",
            "failing": 2,
            "testrun": 33,
            "failings": [
                "test16(org.apache.commons.math.analysis.solvers.BracketingNthOrderBrentSolver_ESTest)",
                "test11(org.apache.commons.math.analysis.solvers.BracketingNthOrderBrentSolver_ESTest)"
            ],
            "status": "ok",
            "test_executed": [
                "org.apache.commons.math.analysis.solvers.BracketingNthOrderBrentSolver_ESTest"
            ],
            "failing_assertions": [
                "java.lang.AssertionError: expected:<147.654854718709> but was:<131.9468906663505>",
                "java.lang.AssertionError: Expecting exception: ArrayIndexOutOfBoundsException"
            ],
            "failing_lines": [
                [
                    "org.apache.commons.math.analysis.solvers.BracketingNthOrderBrentSolver_ESTest.test16(BracketingNthOrderBrentSolver_ESTest.java:259)"
                ],
                [
                    "org.apache.commons.math.analysis.solvers.BracketingNthOrderBrentSolver_ESTest.test11(BracketingNthOrderBrentSolver_ESTest.java:172)"
                ]
            ]
        },
        {
            "patch": "/home/mmartinez/xTestCluster/Patches/Patches_Wang902/Patches_ICSE/Doverfitting/Arja/Math/patch1-Math-40-Arja-plausible.patch",
            "test": "test_from_WangICSE_patch1-Math-40-GenProg-plausible",
            "failing": 1,
            "testrun": 69,
            "failings": [
                "test21(org.apache.commons.math.analysis.solvers.BracketingNthOrderBrentSolver_ESTest)"
            ],
            "status": "ok",
            "test_executed": [
                "org.apache.commons.math.analysis.solvers.BracketingNthOrderBrentSolver_ESTest",
                "org.apache.commons.math.analysis.solvers.BaseAbstractUnivariateRealSolver_ESTest"
            ],
            "failing_assertions": [
                "java.lang.AssertionError: expected:<-788.6008880582087> but was:<-921.9676392073756>"
            ],
            "failing_lines": [
                [
                    "org.apache.commons.math.analysis.solvers.BracketingNthOrderBrentSolver_ESTest.test21(BracketingNthOrderBrentSolver_ESTest.java:288)"
                ]
            ]
        },
        {
            "patch": "/home/mmartinez/xTestCluster/Patches/Patches_Wang902/Patches_ICSE/Doverfitting/Arja/Math/patch1-Math-40-Arja-plausible.patch",
            "test": "test_from_WangICSE_patch1-Math-40-RSRepair-plausible",
            "failing": 0,
            "testrun": 31,
            "failings": [],
            "status": "ok",
            "test_executed": [
                "org.apache.commons.math.analysis.solvers.BracketingNthOrderBrentSolver_ESTest"
            ],
            "failing_assertions": [],
            "failing_lines": []
        }
    ],
    "duration": 28.28
}