{
    "patch": "/home/mmartinez/xTestCluster/Patches/Patches_Wang902/Patches_ICSE/Doverfitting/Kali/Math/patch1-Math-2-Kali-plausible.patch",
    "project": "Math",
    "bugid": "2",
    "dataset": "Patches_ICSE",
    "date": "2022-12-15T22:50:34.547731",
    "project_checked": "ok",
    "compiledProjectModified": "ok",
    "patchApplied": "ok",
    "arrive_end": "ok",
    "patched_project_pass_all_test": "no",
    "test_execution": [
        {
            "patch": "/home/mmartinez/xTestCluster/Patches/Patches_Wang902/Patches_ICSE/Doverfitting/Kali/Math/patch1-Math-2-Kali-plausible.patch",
            "test": "test_from_WangICSE_patch1-Math-2-AVATAR-plausible",
            "failing": 1,
            "testrun": 25,
            "failings": [
                "test13(org.apache.commons.math3.distribution.AbstractIntegerDistribution_ESTest)"
            ],
            "status": "ok",
            "test_executed": [
                "org.apache.commons.math3.distribution.AbstractIntegerDistribution_ESTest"
            ],
            "failing_assertions": [
                "arrays first differed at element [0]; expected:<1> but was:<0>"
            ],
            "failing_lines": [
                [
                    "org.apache.commons.math3.distribution.AbstractIntegerDistribution_ESTest.test13(AbstractIntegerDistribution_ESTest.java:324)"
                ]
            ]
        },
        {
            "patch": "/home/mmartinez/xTestCluster/Patches/Patches_Wang902/Patches_ICSE/Doverfitting/Kali/Math/patch1-Math-2-Kali-plausible.patch",
            "test": "test_from_WangICSE_patch1-Math-2-jKali-plausible",
            "failing": 0,
            "testrun": 30,
            "failings": [],
            "status": "ok",
            "test_executed": [
                "org.apache.commons.math3.distribution.AbstractIntegerDistribution_ESTest"
            ],
            "failing_assertions": [],
            "failing_lines": []
        },
        {
            "patch": "/home/mmartinez/xTestCluster/Patches/Patches_Wang902/Patches_ICSE/Doverfitting/Kali/Math/patch1-Math-2-Kali-plausible.patch",
            "test": "test_from_WangICSE_patch1-Math-2-TBar-plausible",
            "failing": 0,
            "testrun": 37,
            "failings": [],
            "status": "ok",
            "test_executed": [
                "org.apache.commons.math3.distribution.HypergeometricDistribution_ESTest"
            ],
            "failing_assertions": [],
            "failing_lines": []
        },
        {
            "patch": "/home/mmartinez/xTestCluster/Patches/Patches_Wang902/Patches_ICSE/Doverfitting/Kali/Math/patch1-Math-2-Kali-plausible.patch",
            "test": "test_from_WangICSE_patch1-Math-2-GenProg-plausible",
            "failing": 0,
            "testrun": 63,
            "failings": [],
            "status": "ok",
            "test_executed": [
                "org.apache.commons.math3.distribution.AbstractIntegerDistribution_ESTest",
                "org.apache.commons.math3.ml.clustering.FuzzyKMeansClusterer_ESTest"
            ],
            "failing_assertions": [],
            "failing_lines": []
        },
        {
            "patch": "/home/mmartinez/xTestCluster/Patches/Patches_Wang902/Patches_ICSE/Doverfitting/Kali/Math/patch1-Math-2-Kali-plausible.patch",
            "test": "test_from_WangDRR_patch2-Math-2-SOFix-plausible",
            "failing": 0,
            "testrun": 28,
            "failings": [],
            "status": "ok",
            "test_executed": [
                "org.apache.commons.math3.distribution.AbstractIntegerDistribution_ESTest"
            ],
            "failing_assertions": [],
            "failing_lines": []
        },
        {
            "patch": "/home/mmartinez/xTestCluster/Patches/Patches_Wang902/Patches_ICSE/Doverfitting/Kali/Math/patch1-Math-2-Kali-plausible.patch",
            "test": "test_from_WangICSE_patch1-Math-2-Nopol-plausible",
            "failing": 0,
            "testrun": 29,
            "failings": [],
            "status": "ok",
            "test_executed": [
                "org.apache.commons.math3.distribution.AbstractIntegerDistribution_ESTest"
            ],
            "failing_assertions": [],
            "failing_lines": []
        },
        {
            "patch": "/home/mmartinez/xTestCluster/Patches/Patches_Wang902/Patches_ICSE/Doverfitting/Kali/Math/patch1-Math-2-Kali-plausible.patch",
            "test": "test_from_WangICSE_patch1-Math-2-Kali-plausible",
            "failing": 0,
            "testrun": 29,
            "failings": [],
            "status": "ok",
            "test_executed": [
                "org.apache.commons.math3.distribution.AbstractIntegerDistribution_ESTest"
            ],
            "failing_assertions": [],
            "failing_lines": []
        },
        {
            "patch": "/home/mmartinez/xTestCluster/Patches/Patches_Wang902/Patches_ICSE/Doverfitting/Kali/Math/patch1-Math-2-Kali-plausible.patch",
            "test": "test_from_WangICSE_patch1-Math-2-jMutRepair-plausible",
            "failing": 0,
            "testrun": 29,
            "failings": [],
            "status": "ok",
            "test_executed": [
                "org.apache.commons.math3.distribution.AbstractIntegerDistribution_ESTest"
            ],
            "failing_assertions": [],
            "failing_lines": []
        },
        {
            "patch": "/home/mmartinez/xTestCluster/Patches/Patches_Wang902/Patches_ICSE/Doverfitting/Kali/Math/patch1-Math-2-Kali-plausible.patch",
            "test": "test_from_WangICSE_patch1-Math-2-Arja-plausible",
            "failing": 0,
            "testrun": 29,
            "failings": [],
            "status": "ok",
            "test_executed": [
                "org.apache.commons.math3.distribution.AbstractIntegerDistribution_ESTest"
            ],
            "failing_assertions": [],
            "failing_lines": []
        },
        {
            "patch": "/home/mmartinez/xTestCluster/Patches/Patches_Wang902/Patches_ICSE/Doverfitting/Kali/Math/patch1-Math-2-Kali-plausible.patch",
            "test": "test_from_WangICSE_patch1-Math-2-kPAR-plausible",
            "failing": 0,
            "testrun": 26,
            "failings": [],
            "status": "ok",
            "test_executed": [
                "org.apache.commons.math3.distribution.AbstractIntegerDistribution_ESTest"
            ],
            "failing_assertions": [],
            "failing_lines": []
        }
    ],
    "duration": 43.11
}