{
    "patch": "/home/mmartinez/xTestCluster/Patches/Patches_Wang902/Patches_ICSE/Doverfitting/TBar/Lang/patch1-Lang-45-TBar-plausible.patch",
    "project": "Lang",
    "bugid": "45",
    "dataset": "Patches_ICSE",
    "date": "2023-02-06T02:16:32.141811",
    "project_checked": "ok",
    "compiledProjectModified": "ok",
    "patchApplied": "ok",
    "arrive_end": "ok",
    "patched_project_pass_all_test": "no",
    "test_execution": [
        {
            "patch": "/home/mmartinez/xTestCluster/Patches/Patches_Wang902/Patches_ICSE/Doverfitting/TBar/Lang/patch1-Lang-45-TBar-plausible.patch",
            "test": "test_from_WangDRR_patch2-Lang-45-Jaid-plausible",
            "failing": 0,
            "testrun": 56,
            "failings": [],
            "status": "ok",
            "test_executed": [
                "org.apache.commons.lang.WordUtils_ESTest"
            ],
            "failing_assertions": [],
            "failing_lines": []
        },
        {
            "patch": "/home/mmartinez/xTestCluster/Patches/Patches_Wang902/Patches_ICSE/Doverfitting/TBar/Lang/patch1-Lang-45-TBar-plausible.patch",
            "test": "test_from_WangDRR_patch1-Lang-45-Jaid",
            "failing": 0,
            "testrun": 55,
            "failings": [],
            "status": "ok",
            "test_executed": [
                "org.apache.commons.lang.WordUtils_ESTest"
            ],
            "failing_assertions": [],
            "failing_lines": []
        },
        {
            "patch": "/home/mmartinez/xTestCluster/Patches/Patches_Wang902/Patches_ICSE/Doverfitting/TBar/Lang/patch1-Lang-45-TBar-plausible.patch",
            "test": "test_from_WangDRR_patch1-Lang-45-Jaid-plausible",
            "failing": 0,
            "testrun": 55,
            "failings": [],
            "status": "ok",
            "test_executed": [
                "org.apache.commons.lang.WordUtils_ESTest"
            ],
            "failing_assertions": [],
            "failing_lines": []
        },
        {
            "patch": "/home/mmartinez/xTestCluster/Patches/Patches_Wang902/Patches_ICSE/Doverfitting/TBar/Lang/patch1-Lang-45-TBar-plausible.patch",
            "test": "test_from_WangICSE_patch1-Lang-45-kPAR-plausible",
            "failing": 0,
            "testrun": 53,
            "failings": [],
            "status": "ok",
            "test_executed": [
                "org.apache.commons.lang.WordUtils_ESTest"
            ],
            "failing_assertions": [],
            "failing_lines": []
        },
        {
            "patch": "/home/mmartinez/xTestCluster/Patches/Patches_Wang902/Patches_ICSE/Doverfitting/TBar/Lang/patch1-Lang-45-TBar-plausible.patch",
            "test": "test_from_WangICSE_patch1-Lang-45-SimFix-plausible",
            "failing": 0,
            "testrun": 54,
            "failings": [],
            "status": "ok",
            "test_executed": [
                "org.apache.commons.lang.WordUtils_ESTest"
            ],
            "failing_assertions": [],
            "failing_lines": []
        },
        {
            "patch": "/home/mmartinez/xTestCluster/Patches/Patches_Wang902/Patches_ICSE/Doverfitting/TBar/Lang/patch1-Lang-45-TBar-plausible.patch",
            "test": "test_from_WangICSE_patch1-Lang-45-TBar-plausible",
            "failing": 0,
            "testrun": 54,
            "failings": [],
            "status": "ok",
            "test_executed": [
                "org.apache.commons.lang.WordUtils_ESTest"
            ],
            "failing_assertions": [],
            "failing_lines": []
        }
    ],
    "duration": 18.88
}