{
    "patch": "/home/mmartinez/xTestCluster/Patches/Patches_Wang902/Patches_ICSE/Doverfitting/Arja/Closure/patch1-Closure-46-Arja-plausible.patch",
    "project": "Closure",
    "bugid": "46",
    "dataset": "Patches_ICSE",
    "date": "2023-02-01T20:29:09.201765",
    "project_checked": "ok",
    "compiledProjectModified": "ok",
    "patchApplied": "ok",
    "arrive_end": "ok",
    "patched_project_pass_all_test": "no",
    "test_execution": [
        {
            "patch": "/home/mmartinez/xTestCluster/Patches/Patches_Wang902/Patches_ICSE/Doverfitting/Arja/Closure/patch1-Closure-46-Arja-plausible.patch",
            "test": "test_from_WangICSE_patch1-Closure-46-Kali-plausible",
            "failing": 10,
            "testrun": 46,
            "failings": [
                "test43(com.google.javascript.rhino.jstype.RecordType_ESTest)",
                "test22(com.google.javascript.rhino.jstype.RecordType_ESTest)",
                "test44(com.google.javascript.rhino.jstype.RecordType_ESTest)",
                "test27(com.google.javascript.rhino.jstype.RecordType_ESTest)",
                "test40(com.google.javascript.rhino.jstype.RecordType_ESTest)",
                "test17(com.google.javascript.rhino.jstype.RecordType_ESTest)",
                "test19(com.google.javascript.rhino.jstype.RecordType_ESTest)",
                "test34(com.google.javascript.rhino.jstype.RecordType_ESTest)",
                "test38(com.google.javascript.rhino.jstype.RecordType_ESTest)",
                "test30(com.google.javascript.rhino.jstype.RecordType_ESTest)"
            ],
            "status": "ok",
            "test_executed": [
                "com.google.javascript.rhino.jstype.RecordType_ESTest"
            ],
            "failing_assertions": [
                "java.lang.AssertionError",
                "java.lang.ClassCastException: com.google.javascript.rhino.jstype.RecordType cannot be cast to com.google.javascript.rhino.jstype.InstanceObjectType",
                "java.lang.AssertionError",
                "java.lang.AssertionError",
                "java.lang.AssertionError",
                "java.lang.AssertionError: Exception was not thrown in com.google.javascript.rhino.jstype.JSType but in com.google.javascript.rhino.jstype.RecordType.getLeastSupertype(RecordType.java:142): java.lang.NullPointerException",
                "java.lang.ClassCastException: com.google.javascript.rhino.jstype.RecordType cannot be cast to com.google.javascript.rhino.jstype.InstanceObjectType",
                "java.lang.AssertionError",
                "java.lang.AssertionError",
                "java.lang.AssertionError"
            ],
            "failing_lines": [
                [
                    "com.google.javascript.rhino.jstype.RecordType_ESTest.test43(RecordType_ESTest.java:671)"
                ],
                [
                    "com.google.javascript.rhino.jstype.RecordType_ESTest.test22(RecordType_ESTest.java:374)"
                ],
                [
                    "com.google.javascript.rhino.jstype.RecordType_ESTest.test44(RecordType_ESTest.java:688)"
                ],
                [
                    "com.google.javascript.rhino.jstype.RecordType_ESTest.test27(RecordType_ESTest.java:450)"
                ],
                [
                    "com.google.javascript.rhino.jstype.RecordType_ESTest.test40(RecordType_ESTest.java:631)"
                ],
                [
                    "com.google.javascript.rhino.jstype.RecordType_ESTest.test17(RecordType_ESTest.java:291)"
                ],
                [
                    "com.google.javascript.rhino.jstype.RecordType_ESTest.test19(RecordType_ESTest.java:317)"
                ],
                [
                    "com.google.javascript.rhino.jstype.RecordType_ESTest.test34(RecordType_ESTest.java:552)"
                ],
                [
                    "com.google.javascript.rhino.jstype.RecordType_ESTest.test38(RecordType_ESTest.java:607)"
                ],
                [
                    "com.google.javascript.rhino.jstype.RecordType_ESTest.test30(RecordType_ESTest.java:490)"
                ]
            ]
        },
        {
            "patch": "/home/mmartinez/xTestCluster/Patches/Patches_Wang902/Patches_ICSE/Doverfitting/Arja/Closure/patch1-Closure-46-Arja-plausible.patch",
            "test": "test_from_WangICSE_patch1-Closure-46-Arja-plausible",
            "failing": 0,
            "testrun": 52,
            "failings": [],
            "status": "ok",
            "test_executed": [
                "com.google.javascript.rhino.jstype.RecordTypeBuilder_ESTest",
                "com.google.javascript.rhino.jstype.RecordType_ESTest"
            ],
            "failing_assertions": [],
            "failing_lines": []
        },
        {
            "patch": "/home/mmartinez/xTestCluster/Patches/Patches_Wang902/Patches_ICSE/Doverfitting/Arja/Closure/patch1-Closure-46-Arja-plausible.patch",
            "test": "test_from_WangICSE_patch1-Closure-46-AVATAR",
            "failing": 6,
            "testrun": 40,
            "failings": [
                "test07(com.google.javascript.rhino.jstype.RecordType_ESTest)",
                "test22(com.google.javascript.rhino.jstype.RecordType_ESTest)",
                "test24(com.google.javascript.rhino.jstype.RecordType_ESTest)",
                "test13(com.google.javascript.rhino.jstype.RecordType_ESTest)",
                "test36(com.google.javascript.rhino.jstype.RecordType_ESTest)",
                "test15(com.google.javascript.rhino.jstype.RecordType_ESTest)"
            ],
            "status": "ok",
            "test_executed": [
                "com.google.javascript.rhino.jstype.RecordType_ESTest"
            ],
            "failing_assertions": [
                "java.lang.ClassCastException: com.google.javascript.rhino.jstype.RecordType cannot be cast to com.google.javascript.rhino.jstype.InstanceObjectType",
                "java.lang.AssertionError",
                "java.lang.AssertionError",
                "java.lang.ClassCastException: com.google.javascript.rhino.jstype.RecordType cannot be cast to com.google.javascript.rhino.jstype.InstanceObjectType",
                "java.lang.AssertionError",
                "java.lang.ClassCastException: com.google.javascript.rhino.jstype.RecordType cannot be cast to com.google.javascript.rhino.jstype.InstanceObjectType"
            ],
            "failing_lines": [
                [
                    "com.google.javascript.rhino.jstype.RecordType_ESTest.test07(RecordType_ESTest.java:129)"
                ],
                [
                    "com.google.javascript.rhino.jstype.RecordType_ESTest.test22(RecordType_ESTest.java:375)"
                ],
                [
                    "com.google.javascript.rhino.jstype.RecordType_ESTest.test24(RecordType_ESTest.java:403)"
                ],
                [
                    "com.google.javascript.rhino.jstype.RecordType_ESTest.test13(RecordType_ESTest.java:232)"
                ],
                [
                    "com.google.javascript.rhino.jstype.RecordType_ESTest.test36(RecordType_ESTest.java:564)"
                ],
                [
                    "com.google.javascript.rhino.jstype.RecordType_ESTest.test15(RecordType_ESTest.java:267)"
                ]
            ]
        },
        {
            "patch": "/home/mmartinez/xTestCluster/Patches/Patches_Wang902/Patches_ICSE/Doverfitting/Arja/Closure/patch1-Closure-46-Arja-plausible.patch",
            "test": "test_from_WangICSE_patch1-Closure-46-kPAR-plausible",
            "failing": 13,
            "testrun": 48,
            "failings": [
                "test29(com.google.javascript.rhino.jstype.RecordType_ESTest)",
                "test42(com.google.javascript.rhino.jstype.RecordType_ESTest)",
                "test21(com.google.javascript.rhino.jstype.RecordType_ESTest)",
                "test43(com.google.javascript.rhino.jstype.RecordType_ESTest)",
                "test00(com.google.javascript.rhino.jstype.RecordType_ESTest)",
                "test23(com.google.javascript.rhino.jstype.RecordType_ESTest)",
                "test45(com.google.javascript.rhino.jstype.RecordType_ESTest)",
                "test25(com.google.javascript.rhino.jstype.RecordType_ESTest)",
                "test27(com.google.javascript.rhino.jstype.RecordType_ESTest)",
                "test32(com.google.javascript.rhino.jstype.RecordType_ESTest)",
                "test13(com.google.javascript.rhino.jstype.RecordType_ESTest)",
                "test37(com.google.javascript.rhino.jstype.RecordType_ESTest)",
                "test30(com.google.javascript.rhino.jstype.RecordType_ESTest)"
            ],
            "status": "ok",
            "test_executed": [
                "com.google.javascript.rhino.jstype.RecordType_ESTest"
            ],
            "failing_assertions": [
                "java.lang.AssertionError",
                "java.lang.AssertionError: Expecting exception: NullPointerException",
                "java.lang.ClassCastException: com.google.javascript.rhino.jstype.RecordType cannot be cast to com.google.javascript.rhino.jstype.InstanceObjectType",
                "java.lang.AssertionError",
                "java.lang.AssertionError",
                "java.lang.ClassCastException: com.google.javascript.rhino.jstype.RecordType cannot be cast to com.google.javascript.rhino.jstype.InstanceObjectType",
                "java.lang.AssertionError",
                "java.lang.AssertionError",
                "java.lang.AssertionError",
                "java.lang.AssertionError",
                "java.lang.ClassCastException: com.google.javascript.rhino.jstype.RecordType cannot be cast to com.google.javascript.rhino.jstype.InstanceObjectType",
                "java.lang.AssertionError",
                "java.lang.AssertionError"
            ],
            "failing_lines": [
                [
                    "com.google.javascript.rhino.jstype.RecordType_ESTest.test29(RecordType_ESTest.java:477)"
                ],
                [
                    "com.google.javascript.rhino.jstype.RecordType_ESTest.test42(RecordType_ESTest.java:655)"
                ],
                [
                    "com.google.javascript.rhino.jstype.RecordType_ESTest.test21(RecordType_ESTest.java:347)"
                ],
                [
                    "com.google.javascript.rhino.jstype.RecordType_ESTest.test43(RecordType_ESTest.java:674)"
                ],
                [
                    "com.google.javascript.rhino.jstype.RecordType_ESTest.test00(RecordType_ESTest.java:56)"
                ],
                [
                    "com.google.javascript.rhino.jstype.RecordType_ESTest.test23(RecordType_ESTest.java:383)"
                ],
                [
                    "com.google.javascript.rhino.jstype.RecordType_ESTest.test45(RecordType_ESTest.java:699)"
                ],
                [
                    "com.google.javascript.rhino.jstype.RecordType_ESTest.test25(RecordType_ESTest.java:423)"
                ],
                [
                    "com.google.javascript.rhino.jstype.RecordType_ESTest.test27(RecordType_ESTest.java:452)"
                ],
                [
                    "com.google.javascript.rhino.jstype.RecordType_ESTest.test32(RecordType_ESTest.java:513)"
                ],
                [
                    "com.google.javascript.rhino.jstype.RecordType_ESTest.test13(RecordType_ESTest.java:207)"
                ],
                [
                    "com.google.javascript.rhino.jstype.RecordType_ESTest.test37(RecordType_ESTest.java:589)"
                ],
                [
                    "com.google.javascript.rhino.jstype.RecordType_ESTest.test30(RecordType_ESTest.java:492)"
                ]
            ]
        },
        {
            "patch": "/home/mmartinez/xTestCluster/Patches/Patches_Wang902/Patches_ICSE/Doverfitting/Arja/Closure/patch1-Closure-46-Arja-plausible.patch",
            "test": "test_from_WangICSE_patch1-Closure-46-SimFix-plausible",
            "failing": 8,
            "testrun": 50,
            "failings": [
                "test28(com.google.javascript.rhino.jstype.RecordType_ESTest)",
                "test23(com.google.javascript.rhino.jstype.RecordType_ESTest)",
                "test25(com.google.javascript.rhino.jstype.RecordType_ESTest)",
                "test32(com.google.javascript.rhino.jstype.RecordType_ESTest)",
                "test45(com.google.javascript.rhino.jstype.RecordType_ESTest)",
                "test47(com.google.javascript.rhino.jstype.RecordType_ESTest)",
                "test48(com.google.javascript.rhino.jstype.RecordType_ESTest)",
                "test40(com.google.javascript.rhino.jstype.RecordType_ESTest)"
            ],
            "status": "ok",
            "test_executed": [
                "com.google.javascript.rhino.jstype.RecordType_ESTest"
            ],
            "failing_assertions": [
                "java.lang.AssertionError",
                "java.lang.ClassCastException: com.google.javascript.rhino.jstype.RecordType cannot be cast to com.google.javascript.rhino.jstype.InstanceObjectType",
                "java.lang.ClassCastException: com.google.javascript.rhino.jstype.RecordType cannot be cast to com.google.javascript.rhino.jstype.InstanceObjectType",
                "java.lang.AssertionError",
                "java.lang.AssertionError: expected same:<{}> was not:<{}>",
                "java.lang.AssertionError",
                "java.lang.AssertionError",
                "java.lang.AssertionError"
            ],
            "failing_lines": [
                [
                    "com.google.javascript.rhino.jstype.RecordType_ESTest.test28(RecordType_ESTest.java:470)"
                ],
                [
                    "com.google.javascript.rhino.jstype.RecordType_ESTest.test23(RecordType_ESTest.java:381)"
                ],
                [
                    "com.google.javascript.rhino.jstype.RecordType_ESTest.test25(RecordType_ESTest.java:417)"
                ],
                [
                    "com.google.javascript.rhino.jstype.RecordType_ESTest.test32(RecordType_ESTest.java:513)"
                ],
                [
                    "com.google.javascript.rhino.jstype.RecordType_ESTest.test45(RecordType_ESTest.java:703)"
                ],
                [
                    "com.google.javascript.rhino.jstype.RecordType_ESTest.test47(RecordType_ESTest.java:730)"
                ],
                [
                    "com.google.javascript.rhino.jstype.RecordType_ESTest.test48(RecordType_ESTest.java:743)"
                ],
                [
                    "com.google.javascript.rhino.jstype.RecordType_ESTest.test40(RecordType_ESTest.java:632)"
                ]
            ]
        },
        {
            "patch": "/home/mmartinez/xTestCluster/Patches/Patches_Wang902/Patches_ICSE/Doverfitting/Arja/Closure/patch1-Closure-46-Arja-plausible.patch",
            "test": "test_from_WangICSE_patch1-Closure-46-jKali-plausible",
            "failing": 11,
            "testrun": 45,
            "failings": [
                "test42(com.google.javascript.rhino.jstype.RecordType_ESTest)",
                "test21(com.google.javascript.rhino.jstype.RecordType_ESTest)",
                "test24(com.google.javascript.rhino.jstype.RecordType_ESTest)",
                "test39(com.google.javascript.rhino.jstype.RecordType_ESTest)",
                "test19(com.google.javascript.rhino.jstype.RecordType_ESTest)",
                "test32(com.google.javascript.rhino.jstype.RecordType_ESTest)",
                "test13(com.google.javascript.rhino.jstype.RecordType_ESTest)",
                "test36(com.google.javascript.rhino.jstype.RecordType_ESTest)",
                "test37(com.google.javascript.rhino.jstype.RecordType_ESTest)",
                "test38(com.google.javascript.rhino.jstype.RecordType_ESTest)",
                "test30(com.google.javascript.rhino.jstype.RecordType_ESTest)"
            ],
            "status": "ok",
            "test_executed": [
                "com.google.javascript.rhino.jstype.RecordType_ESTest"
            ],
            "failing_assertions": [
                "java.lang.AssertionError",
                "java.lang.ClassCastException: com.google.javascript.rhino.jstype.RecordType cannot be cast to com.google.javascript.rhino.jstype.InstanceObjectType",
                "java.lang.ClassCastException: com.google.javascript.rhino.jstype.RecordType cannot be cast to com.google.javascript.rhino.jstype.InstanceObjectType",
                "java.lang.AssertionError",
                "java.lang.AssertionError: Exception was not thrown in com.google.javascript.rhino.jstype.JSType but in com.google.javascript.rhino.jstype.RecordType.getLeastSupertype(RecordType.java:142): java.lang.NullPointerException",
                "java.lang.AssertionError",
                "java.lang.AssertionError",
                "java.lang.AssertionError",
                "java.lang.AssertionError",
                "java.lang.AssertionError",
                "java.lang.AssertionError"
            ],
            "failing_lines": [
                [
                    "com.google.javascript.rhino.jstype.RecordType_ESTest.test42(RecordType_ESTest.java:676)"
                ],
                [
                    "com.google.javascript.rhino.jstype.RecordType_ESTest.test21(RecordType_ESTest.java:352)"
                ],
                [
                    "com.google.javascript.rhino.jstype.RecordType_ESTest.test24(RecordType_ESTest.java:409)"
                ],
                [
                    "com.google.javascript.rhino.jstype.RecordType_ESTest.test39(RecordType_ESTest.java:638)"
                ],
                [
                    "com.google.javascript.rhino.jstype.RecordType_ESTest.test19(RecordType_ESTest.java:326)"
                ],
                [
                    "com.google.javascript.rhino.jstype.RecordType_ESTest.test32(RecordType_ESTest.java:529)"
                ],
                [
                    "com.google.javascript.rhino.jstype.RecordType_ESTest.test13(RecordType_ESTest.java:211)"
                ],
                [
                    "com.google.javascript.rhino.jstype.RecordType_ESTest.test36(RecordType_ESTest.java:594)"
                ],
                [
                    "com.google.javascript.rhino.jstype.RecordType_ESTest.test37(RecordType_ESTest.java:609)"
                ],
                [
                    "com.google.javascript.rhino.jstype.RecordType_ESTest.test38(RecordType_ESTest.java:625)"
                ],
                [
                    "com.google.javascript.rhino.jstype.RecordType_ESTest.test30(RecordType_ESTest.java:501)"
                ]
            ]
        }
    ],
    "duration": 32.09
}