{
    "patch": "/home/mmartinez/xTestCluster/Patches/Patches_Wang902/Patches_others/Dcorrect/SketchFix/Closure/patch1-Closure-126-SketchFix.patch",
    "project": "Closure",
    "bugid": "126",
    "dataset": "Patches_others",
    "date": "2023-02-04T21:31:06.492976",
    "project_checked": "ok",
    "compiledProjectModified": "ok",
    "patchApplied": "ok",
    "arrive_end": "ok",
    "patched_project_pass_all_test": "no",
    "test_execution": [
        {
            "patch": "/home/mmartinez/xTestCluster/Patches/Patches_Wang902/Patches_others/Dcorrect/SketchFix/Closure/patch1-Closure-126-SketchFix.patch",
            "test": "test_from_WangICSE_patch1-Closure-126-kPAR-plausible",
            "failing": 0,
            "testrun": 18,
            "failings": [
                "Error",
                "Error"
            ],
            "status": "ok",
            "test_executed": [
                "com.google.javascript.jscomp.MinimizeExitPoints_ESTest"
            ],
            "failing_assertions": [
                "21:31:28.593 [main] INFO org.evosuite.runtime.instrumentation.EvoClassLoader - Seeing class for first time: com.google.javascript.rhino.head.VMBridge_custom",
                "21:31:28.707 [main] INFO org.evosuite.runtime.instrumentation.EvoClassLoader - Seeing class for first time: com.google.javascript.rhino.head.VMBridge_custom"
            ],
            "failing_lines": []
        },
        {
            "patch": "/home/mmartinez/xTestCluster/Patches/Patches_Wang902/Patches_others/Dcorrect/SketchFix/Closure/patch1-Closure-126-SketchFix.patch",
            "test": "test_from_WangDRR_patch1-Closure-126-SketchFix",
            "failing": 0,
            "testrun": 16,
            "failings": [],
            "status": "ok",
            "test_executed": [
                "com.google.javascript.jscomp.MinimizeExitPoints_ESTest"
            ],
            "failing_assertions": [],
            "failing_lines": []
        },
        {
            "patch": "/home/mmartinez/xTestCluster/Patches/Patches_Wang902/Patches_others/Dcorrect/SketchFix/Closure/patch1-Closure-126-SketchFix.patch",
            "test": "test_from_WangICSE_patch1-Closure-126-jKali",
            "failing": 0,
            "testrun": 13,
            "failings": [],
            "status": "ok",
            "test_executed": [
                "com.google.javascript.jscomp.MinimizeExitPoints_ESTest"
            ],
            "failing_assertions": [],
            "failing_lines": []
        },
        {
            "patch": "/home/mmartinez/xTestCluster/Patches/Patches_Wang902/Patches_others/Dcorrect/SketchFix/Closure/patch1-Closure-126-SketchFix.patch",
            "test": "test_from_WangICSE_patch1-Closure-126-SimFix-plausible",
            "failing": 0,
            "testrun": 15,
            "failings": [
                "Error"
            ],
            "status": "ok",
            "test_executed": [
                "com.google.javascript.jscomp.MinimizeExitPoints_ESTest"
            ],
            "failing_assertions": [
                "21:31:37.483 [main] INFO org.evosuite.runtime.instrumentation.EvoClassLoader - Seeing class for first time: com.google.javascript.rhino.head.VMBridge_custom"
            ],
            "failing_lines": []
        },
        {
            "patch": "/home/mmartinez/xTestCluster/Patches/Patches_Wang902/Patches_others/Dcorrect/SketchFix/Closure/patch1-Closure-126-SketchFix.patch",
            "test": "test_from_WangICSE_patch1-Closure-126-GenProg",
            "failing": 0,
            "testrun": 10,
            "failings": [],
            "status": "ok",
            "test_executed": [
                "com.google.javascript.jscomp.MinimizeExitPoints_ESTest"
            ],
            "failing_assertions": [],
            "failing_lines": []
        },
        {
            "patch": "/home/mmartinez/xTestCluster/Patches/Patches_Wang902/Patches_others/Dcorrect/SketchFix/Closure/patch1-Closure-126-SketchFix.patch",
            "test": "test_from_WangICSE_patch1-Closure-126-TBar-plausible",
            "failing": 0,
            "testrun": 16,
            "failings": [],
            "status": "ok",
            "test_executed": [
                "com.google.javascript.jscomp.MinimizeExitPoints_ESTest"
            ],
            "failing_assertions": [],
            "failing_lines": []
        },
        {
            "patch": "/home/mmartinez/xTestCluster/Patches/Patches_Wang902/Patches_others/Dcorrect/SketchFix/Closure/patch1-Closure-126-SketchFix.patch",
            "test": "test_from_WangICSE_patch1-Closure-126-jMutRepair-plausible",
            "failing": 0,
            "testrun": 15,
            "failings": [
                "Error",
                "Error",
                "Error"
            ],
            "status": "ok",
            "test_executed": [
                "com.google.javascript.jscomp.MinimizeExitPoints_ESTest"
            ],
            "failing_assertions": [
                "21:31:45.772 [main] INFO org.evosuite.runtime.instrumentation.EvoClassLoader - Seeing class for first time: com.google.common.collect.ImmutableCollection$1",
                "21:31:46.201 [main] INFO org.evosuite.runtime.instrumentation.EvoClassLoader - Seeing class for first time: com.google.javascript.rhino.head.VMBridge_custom",
                "21:31:46.223 [main] INFO org.evosuite.runtime.instrumentation.EvoClassLoader - Seeing class for first time: com.google.javascript.rhino.head.VMBridge_custom"
            ],
            "failing_lines": []
        },
        {
            "patch": "/home/mmartinez/xTestCluster/Patches/Patches_Wang902/Patches_others/Dcorrect/SketchFix/Closure/patch1-Closure-126-SketchFix.patch",
            "test": "test_from_WangICSE_patch1-Closure-126-Arja",
            "failing": 0,
            "testrun": 21,
            "failings": [],
            "status": "ok",
            "test_executed": [
                "com.google.javascript.jscomp.MinimizeExitPoints_ESTest"
            ],
            "failing_assertions": [],
            "failing_lines": []
        },
        {
            "patch": "/home/mmartinez/xTestCluster/Patches/Patches_Wang902/Patches_others/Dcorrect/SketchFix/Closure/patch1-Closure-126-SketchFix.patch",
            "test": "test_from_WangICSE_patch1-Closure-126-AVATAR-plausible",
            "failing": 0,
            "testrun": 14,
            "failings": [
                "Error",
                "Error"
            ],
            "status": "ok",
            "test_executed": [
                "com.google.javascript.jscomp.MinimizeExitPoints_ESTest"
            ],
            "failing_assertions": [
                "21:31:52.117 [main] INFO org.evosuite.runtime.instrumentation.EvoClassLoader - Seeing class for first time: com.google.javascript.rhino.head.VMBridge_custom",
                "21:31:52.127 [main] INFO org.evosuite.runtime.instrumentation.EvoClassLoader - Seeing class for first time: com.google.javascript.rhino.head.VMBridge_custom"
            ],
            "failing_lines": []
        },
        {
            "patch": "/home/mmartinez/xTestCluster/Patches/Patches_Wang902/Patches_others/Dcorrect/SketchFix/Closure/patch1-Closure-126-SketchFix.patch",
            "test": "test_from_WangICSE_patch1-Closure-126-RSRepair",
            "failing": 0,
            "testrun": 18,
            "failings": [
                "Error",
                "Error"
            ],
            "status": "ok",
            "test_executed": [
                "com.google.javascript.jscomp.MinimizeExitPoints_ESTest"
            ],
            "failing_assertions": [
                "21:31:54.988 [main] INFO org.evosuite.runtime.instrumentation.EvoClassLoader - Seeing class for first time: com.google.javascript.rhino.head.VMBridge_custom",
                "21:31:55.163 [main] INFO org.evosuite.runtime.instrumentation.EvoClassLoader - Seeing class for first time: com.google.javascript.rhino.head.VMBridge_custom"
            ],
            "failing_lines": []
        },
        {
            "patch": "/home/mmartinez/xTestCluster/Patches/Patches_Wang902/Patches_others/Dcorrect/SketchFix/Closure/patch1-Closure-126-SketchFix.patch",
            "test": "test_from_WangDRR_patch1-Closure-126-Jaid",
            "failing": 0,
            "testrun": 13,
            "failings": [
                "Error",
                "Error",
                "Error",
                "Error",
                "Error"
            ],
            "status": "ok",
            "test_executed": [
                "com.google.javascript.jscomp.MinimizeExitPoints_ESTest"
            ],
            "failing_assertions": [
                "21:31:58.111 [main] INFO org.evosuite.runtime.instrumentation.EvoClassLoader - Seeing class for first time: com.google.javascript.rhino.head.VMBridge_custom",
                "21:31:58.131 [main] INFO org.evosuite.runtime.instrumentation.EvoClassLoader - Seeing class for first time: com.google.javascript.rhino.head.VMBridge_custom",
                "21:31:58.138 [main] INFO org.evosuite.runtime.instrumentation.EvoClassLoader - Seeing class for first time: com.google.javascript.rhino.head.VMBridge_custom",
                "21:31:58.155 [main] INFO org.evosuite.runtime.instrumentation.EvoClassLoader - Seeing class for first time: com.google.javascript.rhino.head.VMBridge_custom",
                "21:31:58.165 [main] INFO org.evosuite.runtime.instrumentation.EvoClassLoader - Seeing class for first time: com.google.javascript.rhino.head.VMBridge_custom"
            ],
            "failing_lines": []
        },
        {
            "patch": "/home/mmartinez/xTestCluster/Patches/Patches_Wang902/Patches_others/Dcorrect/SketchFix/Closure/patch1-Closure-126-SketchFix.patch",
            "test": "test_from_WangICSE_patch1-Closure-126-Kali",
            "failing": 0,
            "testrun": 18,
            "failings": [],
            "status": "ok",
            "test_executed": [
                "com.google.javascript.jscomp.MinimizeExitPoints_ESTest"
            ],
            "failing_assertions": [],
            "failing_lines": []
        }
    ],
    "duration": 54.95
}