{
    "patch": "/home/mmartinez/xTestCluster/Patches/Patches_Wang902/Patches_ICSE/Doverfitting/Arja/Closure/patch1-Closure-46-Arja-plausible.patch",
    "project": "Closure",
    "bugid": "46",
    "dataset": "Patches_ICSE",
    "date": "2023-02-05T12:01:35.590344",
    "project_checked": "ok",
    "compiledProjectModified": "ok",
    "patchApplied": "ok",
    "arrive_end": "ok",
    "patched_project_pass_all_test": "no",
    "test_execution": [
        {
            "patch": "/home/mmartinez/xTestCluster/Patches/Patches_Wang902/Patches_ICSE/Doverfitting/Arja/Closure/patch1-Closure-46-Arja-plausible.patch",
            "test": "test_from_WangICSE_patch1-Closure-46-Kali-plausible",
            "failing": 14,
            "testrun": 47,
            "failings": [
                "test28(com.google.javascript.rhino.jstype.RecordType_ESTest)",
                "test42(com.google.javascript.rhino.jstype.RecordType_ESTest)",
                "test21(com.google.javascript.rhino.jstype.RecordType_ESTest)",
                "test43(com.google.javascript.rhino.jstype.RecordType_ESTest)",
                "test00(com.google.javascript.rhino.jstype.RecordType_ESTest)",
                "test44(com.google.javascript.rhino.jstype.RecordType_ESTest)",
                "test26(com.google.javascript.rhino.jstype.RecordType_ESTest)",
                "test40(com.google.javascript.rhino.jstype.RecordType_ESTest)",
                "test19(com.google.javascript.rhino.jstype.RecordType_ESTest)",
                "test31(com.google.javascript.rhino.jstype.RecordType_ESTest)",
                "test32(com.google.javascript.rhino.jstype.RecordType_ESTest)",
                "test11(com.google.javascript.rhino.jstype.RecordType_ESTest)",
                "test14(com.google.javascript.rhino.jstype.RecordType_ESTest)",
                "test38(com.google.javascript.rhino.jstype.RecordType_ESTest)"
            ],
            "status": "ok",
            "test_executed": [
                "com.google.javascript.rhino.jstype.RecordType_ESTest"
            ],
            "failing_assertions": [
                "java.lang.AssertionError",
                "java.lang.AssertionError",
                "java.lang.ClassCastException: com.google.javascript.rhino.jstype.RecordType cannot be cast to com.google.javascript.rhino.jstype.InstanceObjectType",
                "java.lang.AssertionError",
                "java.lang.AssertionError",
                "java.lang.AssertionError",
                "java.lang.AssertionError",
                "java.lang.ClassCastException: com.google.javascript.rhino.jstype.RecordType cannot be cast to com.google.javascript.rhino.jstype.InstanceObjectType",
                "java.lang.AssertionError: Exception was not thrown in com.google.javascript.rhino.jstype.JSType but in com.google.javascript.rhino.jstype.RecordType.getLeastSupertype(RecordType.java:142): java.lang.NullPointerException",
                "java.lang.AssertionError",
                "java.lang.AssertionError",
                "java.lang.AssertionError",
                "java.lang.ClassCastException: com.google.javascript.rhino.jstype.RecordType cannot be cast to com.google.javascript.rhino.jstype.InstanceObjectType",
                "java.lang.AssertionError"
            ],
            "failing_lines": [
                [
                    "com.google.javascript.rhino.jstype.RecordType_ESTest.test28(RecordType_ESTest.java:476)"
                ],
                [
                    "com.google.javascript.rhino.jstype.RecordType_ESTest.test42(RecordType_ESTest.java:663)"
                ],
                [
                    "com.google.javascript.rhino.jstype.RecordType_ESTest.test21(RecordType_ESTest.java:366)"
                ],
                [
                    "com.google.javascript.rhino.jstype.RecordType_ESTest.test43(RecordType_ESTest.java:678)"
                ],
                [
                    "com.google.javascript.rhino.jstype.RecordType_ESTest.test00(RecordType_ESTest.java:55)"
                ],
                [
                    "com.google.javascript.rhino.jstype.RecordType_ESTest.test44(RecordType_ESTest.java:696)"
                ],
                [
                    "com.google.javascript.rhino.jstype.RecordType_ESTest.test26(RecordType_ESTest.java:451)"
                ],
                [
                    "com.google.javascript.rhino.jstype.RecordType_ESTest.test40(RecordType_ESTest.java:631)"
                ],
                [
                    "com.google.javascript.rhino.jstype.RecordType_ESTest.test19(RecordType_ESTest.java:338)"
                ],
                [
                    "com.google.javascript.rhino.jstype.RecordType_ESTest.test31(RecordType_ESTest.java:512)"
                ],
                [
                    "com.google.javascript.rhino.jstype.RecordType_ESTest.test32(RecordType_ESTest.java:526)"
                ],
                [
                    "com.google.javascript.rhino.jstype.RecordType_ESTest.test11(RecordType_ESTest.java:191)"
                ],
                [
                    "com.google.javascript.rhino.jstype.RecordType_ESTest.test14(RecordType_ESTest.java:244)"
                ],
                [
                    "com.google.javascript.rhino.jstype.RecordType_ESTest.test38(RecordType_ESTest.java:608)"
                ]
            ]
        },
        {
            "patch": "/home/mmartinez/xTestCluster/Patches/Patches_Wang902/Patches_ICSE/Doverfitting/Arja/Closure/patch1-Closure-46-Arja-plausible.patch",
            "test": "test_from_WangICSE_patch1-Closure-46-Arja-plausible",
            "failing": 0,
            "testrun": 139,
            "failings": [],
            "status": "ok",
            "test_executed": [
                "com.google.javascript.rhino.jstype.PrototypeObjectType_ESTest",
                "com.google.javascript.rhino.jstype.RecordTypeBuilder_ESTest",
                "com.google.javascript.rhino.jstype.RecordType_ESTest"
            ],
            "failing_assertions": [],
            "failing_lines": []
        },
        {
            "patch": "/home/mmartinez/xTestCluster/Patches/Patches_Wang902/Patches_ICSE/Doverfitting/Arja/Closure/patch1-Closure-46-Arja-plausible.patch",
            "test": "test_from_WangICSE_patch1-Closure-46-AVATAR",
            "failing": 5,
            "testrun": 40,
            "failings": [
                "test20(com.google.javascript.rhino.jstype.RecordType_ESTest)",
                "test39(com.google.javascript.rhino.jstype.RecordType_ESTest)",
                "test31(com.google.javascript.rhino.jstype.RecordType_ESTest)",
                "test16(com.google.javascript.rhino.jstype.RecordType_ESTest)",
                "test30(com.google.javascript.rhino.jstype.RecordType_ESTest)"
            ],
            "status": "ok",
            "test_executed": [
                "com.google.javascript.rhino.jstype.RecordType_ESTest"
            ],
            "failing_assertions": [
                "java.lang.AssertionError",
                "java.lang.ClassCastException: com.google.javascript.rhino.jstype.RecordType cannot be cast to com.google.javascript.rhino.jstype.InstanceObjectType",
                "java.lang.AssertionError",
                "java.lang.AssertionError",
                "java.lang.AssertionError"
            ],
            "failing_lines": [
                [
                    "com.google.javascript.rhino.jstype.RecordType_ESTest.test20(RecordType_ESTest.java:356)"
                ],
                [
                    "com.google.javascript.rhino.jstype.RecordType_ESTest.test39(RecordType_ESTest.java:632)"
                ],
                [
                    "com.google.javascript.rhino.jstype.RecordType_ESTest.test31(RecordType_ESTest.java:513)"
                ],
                [
                    "com.google.javascript.rhino.jstype.RecordType_ESTest.test16(RecordType_ESTest.java:302)"
                ],
                [
                    "com.google.javascript.rhino.jstype.RecordType_ESTest.test30(RecordType_ESTest.java:498)"
                ]
            ]
        },
        {
            "patch": "/home/mmartinez/xTestCluster/Patches/Patches_Wang902/Patches_ICSE/Doverfitting/Arja/Closure/patch1-Closure-46-Arja-plausible.patch",
            "test": "test_from_WangICSE_patch1-Closure-46-kPAR-plausible",
            "failing": 7,
            "testrun": 48,
            "failings": [
                "test06(com.google.javascript.rhino.jstype.RecordType_ESTest)",
                "test21(com.google.javascript.rhino.jstype.RecordType_ESTest)",
                "test43(com.google.javascript.rhino.jstype.RecordType_ESTest)",
                "test44(com.google.javascript.rhino.jstype.RecordType_ESTest)",
                "test41(com.google.javascript.rhino.jstype.RecordType_ESTest)",
                "test33(com.google.javascript.rhino.jstype.RecordType_ESTest)",
                "test14(com.google.javascript.rhino.jstype.RecordType_ESTest)"
            ],
            "status": "ok",
            "test_executed": [
                "com.google.javascript.rhino.jstype.RecordType_ESTest"
            ],
            "failing_assertions": [
                "java.lang.AssertionError",
                "java.lang.ClassCastException: com.google.javascript.rhino.jstype.RecordType cannot be cast to com.google.javascript.rhino.jstype.InstanceObjectType",
                "java.lang.AssertionError: Expecting exception: NullPointerException",
                "java.lang.AssertionError",
                "java.lang.AssertionError",
                "java.lang.AssertionError",
                "java.lang.ClassCastException: com.google.javascript.rhino.jstype.RecordType cannot be cast to com.google.javascript.rhino.jstype.InstanceObjectType"
            ],
            "failing_lines": [
                [
                    "com.google.javascript.rhino.jstype.RecordType_ESTest.test06(RecordType_ESTest.java:125)"
                ],
                [
                    "com.google.javascript.rhino.jstype.RecordType_ESTest.test21(RecordType_ESTest.java:329)"
                ],
                [
                    "com.google.javascript.rhino.jstype.RecordType_ESTest.test43(RecordType_ESTest.java:643)"
                ],
                [
                    "com.google.javascript.rhino.jstype.RecordType_ESTest.test44(RecordType_ESTest.java:661)"
                ],
                [
                    "com.google.javascript.rhino.jstype.RecordType_ESTest.test41(RecordType_ESTest.java:612)"
                ],
                [
                    "com.google.javascript.rhino.jstype.RecordType_ESTest.test33(RecordType_ESTest.java:501)"
                ],
                [
                    "com.google.javascript.rhino.jstype.RecordType_ESTest.test14(RecordType_ESTest.java:218)"
                ]
            ]
        },
        {
            "patch": "/home/mmartinez/xTestCluster/Patches/Patches_Wang902/Patches_ICSE/Doverfitting/Arja/Closure/patch1-Closure-46-Arja-plausible.patch",
            "test": "test_from_WangICSE_patch1-Closure-46-SimFix-plausible",
            "failing": 8,
            "testrun": 43,
            "failings": [
                "test20(com.google.javascript.rhino.jstype.RecordType_ESTest)",
                "test23(com.google.javascript.rhino.jstype.RecordType_ESTest)",
                "test02(com.google.javascript.rhino.jstype.RecordType_ESTest)",
                "test04(com.google.javascript.rhino.jstype.RecordType_ESTest)",
                "test27(com.google.javascript.rhino.jstype.RecordType_ESTest)",
                "test41(com.google.javascript.rhino.jstype.RecordType_ESTest)",
                "test18(com.google.javascript.rhino.jstype.RecordType_ESTest)",
                "test36(com.google.javascript.rhino.jstype.RecordType_ESTest)"
            ],
            "status": "ok",
            "test_executed": [
                "com.google.javascript.rhino.jstype.RecordType_ESTest"
            ],
            "failing_assertions": [
                "java.lang.ClassCastException: com.google.javascript.rhino.jstype.RecordType cannot be cast to com.google.javascript.rhino.jstype.InstanceObjectType",
                "java.lang.AssertionError",
                "java.lang.AssertionError",
                "java.lang.AssertionError",
                "java.lang.AssertionError",
                "java.lang.AssertionError: expected same:<{}> was not:<{}>",
                "java.lang.ClassCastException: com.google.javascript.rhino.jstype.RecordType cannot be cast to com.google.javascript.rhino.jstype.InstanceObjectType",
                "java.lang.AssertionError"
            ],
            "failing_lines": [
                [
                    "com.google.javascript.rhino.jstype.RecordType_ESTest.test20(RecordType_ESTest.java:356)"
                ],
                [
                    "com.google.javascript.rhino.jstype.RecordType_ESTest.test23(RecordType_ESTest.java:410)"
                ],
                [
                    "com.google.javascript.rhino.jstype.RecordType_ESTest.test02(RecordType_ESTest.java:76)"
                ],
                [
                    "com.google.javascript.rhino.jstype.RecordType_ESTest.test04(RecordType_ESTest.java:102)"
                ],
                [
                    "com.google.javascript.rhino.jstype.RecordType_ESTest.test27(RecordType_ESTest.java:462)"
                ],
                [
                    "com.google.javascript.rhino.jstype.RecordType_ESTest.test41(RecordType_ESTest.java:668)"
                ],
                [
                    "com.google.javascript.rhino.jstype.RecordType_ESTest.test18(RecordType_ESTest.java:320)"
                ],
                [
                    "com.google.javascript.rhino.jstype.RecordType_ESTest.test36(RecordType_ESTest.java:594)"
                ]
            ]
        },
        {
            "patch": "/home/mmartinez/xTestCluster/Patches/Patches_Wang902/Patches_ICSE/Doverfitting/Arja/Closure/patch1-Closure-46-Arja-plausible.patch",
            "test": "test_from_WangICSE_patch1-Closure-46-jKali-plausible",
            "failing": 15,
            "testrun": 45,
            "failings": [
                "test42(com.google.javascript.rhino.jstype.RecordType_ESTest)",
                "test22(com.google.javascript.rhino.jstype.RecordType_ESTest)",
                "test44(com.google.javascript.rhino.jstype.RecordType_ESTest)",
                "test25(com.google.javascript.rhino.jstype.RecordType_ESTest)",
                "test26(com.google.javascript.rhino.jstype.RecordType_ESTest)",
                "test27(com.google.javascript.rhino.jstype.RecordType_ESTest)",
                "test18(com.google.javascript.rhino.jstype.RecordType_ESTest)",
                "test32(com.google.javascript.rhino.jstype.RecordType_ESTest)",
                "test33(com.google.javascript.rhino.jstype.RecordType_ESTest)",
                "test34(com.google.javascript.rhino.jstype.RecordType_ESTest)",
                "test36(com.google.javascript.rhino.jstype.RecordType_ESTest)",
                "test37(com.google.javascript.rhino.jstype.RecordType_ESTest)",
                "test16(com.google.javascript.rhino.jstype.RecordType_ESTest)",
                "test38(com.google.javascript.rhino.jstype.RecordType_ESTest)",
                "test30(com.google.javascript.rhino.jstype.RecordType_ESTest)"
            ],
            "status": "ok",
            "test_executed": [
                "com.google.javascript.rhino.jstype.RecordType_ESTest"
            ],
            "failing_assertions": [
                "java.lang.AssertionError",
                "java.lang.AssertionError",
                "java.lang.AssertionError",
                "java.lang.AssertionError",
                "java.lang.AssertionError",
                "java.lang.AssertionError",
                "java.lang.ClassCastException: com.google.javascript.rhino.jstype.RecordType cannot be cast to com.google.javascript.rhino.jstype.InstanceObjectType",
                "java.lang.AssertionError",
                "java.lang.AssertionError",
                "java.lang.AssertionError",
                "java.lang.AssertionError",
                "java.lang.AssertionError",
                "java.lang.AssertionError: Exception was not thrown in com.google.javascript.rhino.jstype.JSType but in com.google.javascript.rhino.jstype.RecordType.getLeastSupertype(RecordType.java:142): java.lang.NullPointerException",
                "java.lang.AssertionError",
                "java.lang.ClassCastException: com.google.javascript.rhino.jstype.RecordType cannot be cast to com.google.javascript.rhino.jstype.InstanceObjectType"
            ],
            "failing_lines": [
                [
                    "com.google.javascript.rhino.jstype.RecordType_ESTest.test42(RecordType_ESTest.java:668)"
                ],
                [
                    "com.google.javascript.rhino.jstype.RecordType_ESTest.test22(RecordType_ESTest.java:384)"
                ],
                [
                    "com.google.javascript.rhino.jstype.RecordType_ESTest.test44(RecordType_ESTest.java:702)"
                ],
                [
                    "com.google.javascript.rhino.jstype.RecordType_ESTest.test25(RecordType_ESTest.java:427)"
                ],
                [
                    "com.google.javascript.rhino.jstype.RecordType_ESTest.test26(RecordType_ESTest.java:444)"
                ],
                [
                    "com.google.javascript.rhino.jstype.RecordType_ESTest.test27(RecordType_ESTest.java:458)"
                ],
                [
                    "com.google.javascript.rhino.jstype.RecordType_ESTest.test18(RecordType_ESTest.java:302)"
                ],
                [
                    "com.google.javascript.rhino.jstype.RecordType_ESTest.test32(RecordType_ESTest.java:524)"
                ],
                [
                    "com.google.javascript.rhino.jstype.RecordType_ESTest.test33(RecordType_ESTest.java:542)"
                ],
                [
                    "com.google.javascript.rhino.jstype.RecordType_ESTest.test34(RecordType_ESTest.java:556)"
                ],
                [
                    "com.google.javascript.rhino.jstype.RecordType_ESTest.test36(RecordType_ESTest.java:586)"
                ],
                [
                    "com.google.javascript.rhino.jstype.RecordType_ESTest.test37(RecordType_ESTest.java:600)"
                ],
                [
                    "com.google.javascript.rhino.jstype.RecordType_ESTest.test16(RecordType_ESTest.java:276)"
                ],
                [
                    "com.google.javascript.rhino.jstype.RecordType_ESTest.test38(RecordType_ESTest.java:614)"
                ],
                [
                    "com.google.javascript.rhino.jstype.RecordType_ESTest.test30(RecordType_ESTest.java:496)"
                ]
            ]
        }
    ],
    "duration": 32.51
}