{
    "patch": "/home/mmartinez/xTestCluster/Patches/Patches_Wang902/Patches_ICSE/Doverfitting/GenProg/Chart/patch1-Chart-3-GenProg-plausible.patch",
    "project": "Chart",
    "bugid": "3",
    "dataset": "Patches_ICSE",
    "date": "2022-12-16T03:24:14.753999",
    "project_checked": "ok",
    "compiledProjectModified": "ok",
    "patchApplied": "ok",
    "arrive_end": "ok",
    "patched_project_pass_all_test": "no",
    "test_execution": [
        {
            "patch": "/home/mmartinez/xTestCluster/Patches/Patches_Wang902/Patches_ICSE/Doverfitting/GenProg/Chart/patch1-Chart-3-GenProg-plausible.patch",
            "test": "test_from_WangICSE_patch1-Chart-3-GenProg-plausible",
            "failing": 0,
            "testrun": 156,
            "failings": [],
            "status": "ok",
            "test_executed": [
                "org.jfree.data.time.TimeSeries_ESTest"
            ],
            "failing_assertions": [],
            "failing_lines": []
        },
        {
            "patch": "/home/mmartinez/xTestCluster/Patches/Patches_Wang902/Patches_ICSE/Doverfitting/GenProg/Chart/patch1-Chart-3-GenProg-plausible.patch",
            "test": "test_from_WangICSE_patch1-Chart-3-SimFix-plausible",
            "failing": 2,
            "testrun": 157,
            "failings": [
                "test091(org.jfree.data.time.TimeSeries_ESTest)",
                "test131(org.jfree.data.time.TimeSeries_ESTest)"
            ],
            "status": "ok",
            "test_executed": [
                "org.jfree.data.time.TimeSeries_ESTest"
            ],
            "failing_assertions": [
                "java.lang.NullPointerException",
                "java.lang.NullPointerException"
            ],
            "failing_lines": [
                [
                    "org.jfree.data.time.TimeSeries_ESTest.test091(TimeSeries_ESTest.java:1328)"
                ],
                [
                    "org.jfree.data.time.TimeSeries_ESTest.test131(TimeSeries_ESTest.java:1871)"
                ]
            ]
        },
        {
            "patch": "/home/mmartinez/xTestCluster/Patches/Patches_Wang902/Patches_ICSE/Doverfitting/GenProg/Chart/patch1-Chart-3-GenProg-plausible.patch",
            "test": "test_from_WangICSE_patch1-Chart-3-kPAR-plausible",
            "failing": 2,
            "testrun": 165,
            "failings": [
                "test095(org.jfree.data.time.TimeSeries_ESTest)",
                "test141(org.jfree.data.time.TimeSeries_ESTest)"
            ],
            "status": "ok",
            "test_executed": [
                "org.jfree.data.time.TimeSeries_ESTest"
            ],
            "failing_assertions": [
                "java.lang.NullPointerException",
                "java.lang.NullPointerException"
            ],
            "failing_lines": [
                [
                    "org.jfree.data.time.TimeSeries_ESTest.test095(TimeSeries_ESTest.java:1364)"
                ],
                [
                    "org.jfree.data.time.TimeSeries_ESTest.test141(TimeSeries_ESTest.java:1965)"
                ]
            ]
        },
        {
            "patch": "/home/mmartinez/xTestCluster/Patches/Patches_Wang902/Patches_ICSE/Doverfitting/GenProg/Chart/patch1-Chart-3-GenProg-plausible.patch",
            "test": "test_from_WangICSE_patch1-Chart-3-TBar-plausible",
            "failing": 1,
            "testrun": 163,
            "failings": [
                "test139(org.jfree.data.time.TimeSeries_ESTest)"
            ],
            "status": "ok",
            "test_executed": [
                "org.jfree.data.time.TimeSeries_ESTest"
            ],
            "failing_assertions": [
                "java.lang.NullPointerException"
            ],
            "failing_lines": [
                [
                    "org.jfree.data.time.TimeSeries_ESTest.test139(TimeSeries_ESTest.java:1974)"
                ]
            ]
        },
        {
            "patch": "/home/mmartinez/xTestCluster/Patches/Patches_Wang902/Patches_ICSE/Doverfitting/GenProg/Chart/patch1-Chart-3-GenProg-plausible.patch",
            "test": "test_from_WangICSE_patch1-Chart-3-Arja-plusible",
            "failing": 2,
            "testrun": 159,
            "failings": [
                "test092(org.jfree.data.time.TimeSeries_ESTest)",
                "test135(org.jfree.data.time.TimeSeries_ESTest)"
            ],
            "status": "ok",
            "test_executed": [
                "org.jfree.data.time.TimeSeries_ESTest"
            ],
            "failing_assertions": [
                "java.lang.NullPointerException",
                "java.lang.NullPointerException"
            ],
            "failing_lines": [
                [
                    "org.jfree.data.time.TimeSeries_ESTest.test092(TimeSeries_ESTest.java:1268)"
                ],
                [
                    "org.jfree.data.time.TimeSeries_ESTest.test135(TimeSeries_ESTest.java:1819)"
                ]
            ]
        },
        {
            "patch": "/home/mmartinez/xTestCluster/Patches/Patches_Wang902/Patches_ICSE/Doverfitting/GenProg/Chart/patch1-Chart-3-GenProg-plausible.patch",
            "test": "test_from_WangICSE_patch1-Chart-3-jGenProg-plausible",
            "failing": 1,
            "testrun": 164,
            "failings": [
                "test143(org.jfree.data.time.TimeSeries_ESTest)"
            ],
            "status": "ok",
            "test_executed": [
                "org.jfree.data.time.TimeSeries_ESTest"
            ],
            "failing_assertions": [
                "java.lang.NullPointerException"
            ],
            "failing_lines": [
                [
                    "org.jfree.data.time.TimeSeries_ESTest.test143(TimeSeries_ESTest.java:2037)"
                ]
            ]
        },
        {
            "patch": "/home/mmartinez/xTestCluster/Patches/Patches_Wang902/Patches_ICSE/Doverfitting/GenProg/Chart/patch1-Chart-3-GenProg-plausible.patch",
            "test": "test_from_WangICSE_patch1-Chart-3-FixMiner-plausible",
            "failing": 2,
            "testrun": 160,
            "failings": [
                "test093(org.jfree.data.time.TimeSeries_ESTest)",
                "test136(org.jfree.data.time.TimeSeries_ESTest)"
            ],
            "status": "ok",
            "test_executed": [
                "org.jfree.data.time.TimeSeries_ESTest"
            ],
            "failing_assertions": [
                "java.lang.NullPointerException",
                "java.lang.NullPointerException"
            ],
            "failing_lines": [
                [
                    "org.jfree.data.time.TimeSeries_ESTest.test093(TimeSeries_ESTest.java:1332)"
                ],
                [
                    "org.jfree.data.time.TimeSeries_ESTest.test136(TimeSeries_ESTest.java:1911)"
                ]
            ]
        }
    ],
    "duration": 49.77
}