{
    "patch": "/home/mmartinez/xTestCluster/Patches/Patches_Wang902/Patches_others/Dcorrect/SequenceR/Chart/patch1-Chart-1-SequenceR.patch",
    "project": "Chart",
    "bugid": "1",
    "dataset": "Patches_others",
    "date": "2022-12-16T02:48:31.271364",
    "project_checked": "ok",
    "compiledProjectModified": "ok",
    "patchApplied": "ok",
    "arrive_end": "ok",
    "patched_project_pass_all_test": "no",
    "test_execution": [
        {
            "patch": "/home/mmartinez/xTestCluster/Patches/Patches_Wang902/Patches_others/Dcorrect/SequenceR/Chart/patch1-Chart-1-SequenceR.patch",
            "test": "test_from_WangICSE_patch1-Chart-1-AVATAR",
            "failing": 0,
            "testrun": 112,
            "failings": [],
            "status": "ok",
            "test_executed": [
                "org.jfree.chart.renderer.category.AbstractCategoryItemRenderer_ESTest"
            ],
            "failing_assertions": [],
            "failing_lines": []
        },
        {
            "patch": "/home/mmartinez/xTestCluster/Patches/Patches_Wang902/Patches_others/Dcorrect/SequenceR/Chart/patch1-Chart-1-SequenceR.patch",
            "test": "test_from_WangDRR_patch4-Chart-1-SequenceR",
            "failing": 0,
            "testrun": 97,
            "failings": [],
            "status": "ok",
            "test_executed": [
                "org.jfree.chart.renderer.category.AbstractCategoryItemRenderer_ESTest"
            ],
            "failing_assertions": [],
            "failing_lines": []
        },
        {
            "patch": "/home/mmartinez/xTestCluster/Patches/Patches_Wang902/Patches_others/Dcorrect/SequenceR/Chart/patch1-Chart-1-SequenceR.patch",
            "test": "test_from_WangDRR_patch2-Chart-1-Jaid-plausible",
            "failing": 0,
            "testrun": 122,
            "failings": [],
            "status": "ok",
            "test_executed": [
                "org.jfree.chart.renderer.category.AbstractCategoryItemRenderer_ESTest"
            ],
            "failing_assertions": [],
            "failing_lines": []
        },
        {
            "patch": "/home/mmartinez/xTestCluster/Patches/Patches_Wang902/Patches_others/Dcorrect/SequenceR/Chart/patch1-Chart-1-SequenceR.patch",
            "test": "test_from_WangDRR_patch3-Chart-1-SequenceR",
            "failing": 1,
            "testrun": 105,
            "failings": [
                "test059(org.jfree.chart.renderer.category.AbstractCategoryItemRenderer_ESTest)"
            ],
            "status": "ok",
            "test_executed": [
                "org.jfree.chart.renderer.category.AbstractCategoryItemRenderer_ESTest"
            ],
            "failing_assertions": [
                "java.lang.AssertionError: Expecting exception: NullPointerException"
            ],
            "failing_lines": [
                [
                    "org.jfree.chart.renderer.category.AbstractCategoryItemRenderer_ESTest.test059(AbstractCategoryItemRenderer_ESTest.java:919)"
                ]
            ]
        },
        {
            "patch": "/home/mmartinez/xTestCluster/Patches/Patches_Wang902/Patches_others/Dcorrect/SequenceR/Chart/patch1-Chart-1-SequenceR.patch",
            "test": "test_from_WangDRR_patch1-Chart-1-SequenceR",
            "failing": 0,
            "testrun": 119,
            "failings": [],
            "status": "ok",
            "test_executed": [
                "org.jfree.chart.renderer.category.AbstractCategoryItemRenderer_ESTest"
            ],
            "failing_assertions": [],
            "failing_lines": []
        },
        {
            "patch": "/home/mmartinez/xTestCluster/Patches/Patches_Wang902/Patches_others/Dcorrect/SequenceR/Chart/patch1-Chart-1-SequenceR.patch",
            "test": "test_from_WangDRR_patch2-Chart-1-SketchFix-plausible",
            "failing": 1,
            "testrun": 108,
            "failings": [
                "test051(org.jfree.chart.renderer.category.AbstractCategoryItemRenderer_ESTest)"
            ],
            "status": "ok",
            "test_executed": [
                "org.jfree.chart.renderer.category.AbstractCategoryItemRenderer_ESTest"
            ],
            "failing_assertions": [
                "java.lang.AssertionError: Expecting exception: NullPointerException"
            ],
            "failing_lines": [
                [
                    "org.jfree.chart.renderer.category.AbstractCategoryItemRenderer_ESTest.test051(AbstractCategoryItemRenderer_ESTest.java:803)"
                ]
            ]
        },
        {
            "patch": "/home/mmartinez/xTestCluster/Patches/Patches_Wang902/Patches_others/Dcorrect/SequenceR/Chart/patch1-Chart-1-SequenceR.patch",
            "test": "test_from_WangDRR_patch1-Chart-1-Jaid",
            "failing": 0,
            "testrun": 129,
            "failings": [],
            "status": "ok",
            "test_executed": [
                "org.jfree.chart.renderer.category.AbstractCategoryItemRenderer_ESTest"
            ],
            "failing_assertions": [],
            "failing_lines": []
        },
        {
            "patch": "/home/mmartinez/xTestCluster/Patches/Patches_Wang902/Patches_others/Dcorrect/SequenceR/Chart/patch1-Chart-1-SequenceR.patch",
            "test": "test_from_WangICSE_patch1-Chart-1-GenProg-plausible",
            "failing": 1,
            "testrun": 118,
            "failings": [
                "test065(org.jfree.chart.renderer.category.AbstractCategoryItemRenderer_ESTest)"
            ],
            "status": "ok",
            "test_executed": [
                "org.jfree.chart.renderer.category.AbstractCategoryItemRenderer_ESTest"
            ],
            "failing_assertions": [
                "java.lang.AssertionError: Expecting exception: NullPointerException"
            ],
            "failing_lines": [
                [
                    "org.jfree.chart.renderer.category.AbstractCategoryItemRenderer_ESTest.test065(AbstractCategoryItemRenderer_ESTest.java:1012)"
                ]
            ]
        },
        {
            "patch": "/home/mmartinez/xTestCluster/Patches/Patches_Wang902/Patches_others/Dcorrect/SequenceR/Chart/patch1-Chart-1-SequenceR.patch",
            "test": "test_from_WangDRR_patch3-Chart-1-Jaid-plausible",
            "failing": 0,
            "testrun": 116,
            "failings": [],
            "status": "ok",
            "test_executed": [
                "org.jfree.chart.renderer.category.AbstractCategoryItemRenderer_ESTest"
            ],
            "failing_assertions": [],
            "failing_lines": []
        },
        {
            "patch": "/home/mmartinez/xTestCluster/Patches/Patches_Wang902/Patches_others/Dcorrect/SequenceR/Chart/patch1-Chart-1-SequenceR.patch",
            "test": "test_from_WangDRR_patch2-Chart-1-SequenceR",
            "failing": 0,
            "testrun": 102,
            "failings": [],
            "status": "ok",
            "test_executed": [
                "org.jfree.chart.renderer.category.AbstractCategoryItemRenderer_ESTest"
            ],
            "failing_assertions": [],
            "failing_lines": []
        },
        {
            "patch": "/home/mmartinez/xTestCluster/Patches/Patches_Wang902/Patches_others/Dcorrect/SequenceR/Chart/patch1-Chart-1-SequenceR.patch",
            "test": "test_from_WangICSE_patch1-Chart-1-Kali-plausible",
            "failing": 1,
            "testrun": 102,
            "failings": [
                "test042(org.jfree.chart.renderer.category.AbstractCategoryItemRenderer_ESTest)"
            ],
            "status": "ok",
            "test_executed": [
                "org.jfree.chart.renderer.category.AbstractCategoryItemRenderer_ESTest"
            ],
            "failing_assertions": [
                "java.lang.AssertionError: Expecting exception: NullPointerException"
            ],
            "failing_lines": [
                [
                    "org.jfree.chart.renderer.category.AbstractCategoryItemRenderer_ESTest.test042(AbstractCategoryItemRenderer_ESTest.java:673)"
                ]
            ]
        },
        {
            "patch": "/home/mmartinez/xTestCluster/Patches/Patches_Wang902/Patches_others/Dcorrect/SequenceR/Chart/patch1-Chart-1-SequenceR.patch",
            "test": "test_from_WangICSE_patch1-Chart-1-jKali-plausible",
            "failing": 0,
            "testrun": 109,
            "failings": [],
            "status": "ok",
            "test_executed": [
                "org.jfree.chart.renderer.category.AbstractCategoryItemRenderer_ESTest"
            ],
            "failing_assertions": [],
            "failing_lines": []
        },
        {
            "patch": "/home/mmartinez/xTestCluster/Patches/Patches_Wang902/Patches_others/Dcorrect/SequenceR/Chart/patch1-Chart-1-SequenceR.patch",
            "test": "test_from_WangICSE_patch1-Chart-1-Arja-plusible",
            "failing": 0,
            "testrun": 112,
            "failings": [],
            "status": "ok",
            "test_executed": [
                "org.jfree.chart.renderer.category.AbstractCategoryItemRenderer_ESTest"
            ],
            "failing_assertions": [],
            "failing_lines": []
        },
        {
            "patch": "/home/mmartinez/xTestCluster/Patches/Patches_Wang902/Patches_others/Dcorrect/SequenceR/Chart/patch1-Chart-1-SequenceR.patch",
            "test": "test_from_WangDRR_patch1-Chart-1-Jaid-plausible",
            "failing": 0,
            "testrun": 123,
            "failings": [],
            "status": "ok",
            "test_executed": [
                "org.jfree.chart.renderer.category.AbstractCategoryItemRenderer_ESTest"
            ],
            "failing_assertions": [],
            "failing_lines": []
        },
        {
            "patch": "/home/mmartinez/xTestCluster/Patches/Patches_Wang902/Patches_others/Dcorrect/SequenceR/Chart/patch1-Chart-1-SequenceR.patch",
            "test": "test_from_WangICSE_patch1-Chart-1-DynaMoth-plausible",
            "failing": 0,
            "testrun": 124,
            "failings": [],
            "status": "ok",
            "test_executed": [
                "org.jfree.chart.renderer.category.AbstractCategoryItemRenderer_ESTest"
            ],
            "failing_assertions": [],
            "failing_lines": []
        },
        {
            "patch": "/home/mmartinez/xTestCluster/Patches/Patches_Wang902/Patches_others/Dcorrect/SequenceR/Chart/patch1-Chart-1-SequenceR.patch",
            "test": "test_from_WangDRR_patch1-Chart-1-SketchFix-plausible",
            "failing": 0,
            "testrun": 111,
            "failings": [],
            "status": "ok",
            "test_executed": [
                "org.jfree.chart.renderer.category.AbstractCategoryItemRenderer_ESTest"
            ],
            "failing_assertions": [],
            "failing_lines": []
        }
    ],
    "duration": 101.67
}