{
    "patch": "/home/mmartinez/xTestCluster/Patches/Patches_Wang902/Patches_ICSE/Doverfitting/Kali/Closure/patch1-Closure-31-Kali-plausible.patch",
    "project": "Closure",
    "bugid": "31",
    "dataset": "Patches_ICSE",
    "date": "2023-02-05T17:34:09.506090",
    "project_checked": "ok",
    "compiledProjectModified": "ok",
    "patchApplied": "ok",
    "arrive_end": "ok",
    "patched_project_pass_all_test": "no",
    "test_execution": [
        {
            "patch": "/home/mmartinez/xTestCluster/Patches/Patches_Wang902/Patches_ICSE/Doverfitting/Kali/Closure/patch1-Closure-31-Kali-plausible.patch",
            "test": "test_from_WangICSE_patch1-Closure-31-Kali-plausible",
            "failing": 0,
            "testrun": 411,
            "failings": [],
            "status": "ok",
            "test_executed": [
                "com.google.javascript.rhino.Node_ESTest"
            ],
            "failing_assertions": [],
            "failing_lines": []
        },
        {
            "patch": "/home/mmartinez/xTestCluster/Patches/Patches_Wang902/Patches_ICSE/Doverfitting/Kali/Closure/patch1-Closure-31-Kali-plausible.patch",
            "test": "test_from_WangDRR_patch1-Closure-31-Jaid",
            "failing": 0,
            "testrun": 200,
            "failings": [
                "Error",
                "Error",
                "Error"
            ],
            "status": "ok",
            "test_executed": [
                "com.google.javascript.jscomp.Compiler_ESTest"
            ],
            "failing_assertions": [
                "17:34:36.957 [main] INFO org.evosuite.runtime.instrumentation.EvoClassLoader - Seeing class for first time: com.google.javascript.rhino.head.VMBridge_custom",
                "17:34:36.974 [main] INFO org.evosuite.runtime.instrumentation.EvoClassLoader - Seeing class for first time: com.google.javascript.rhino.head.VMBridge_custom",
                "17:34:37.019 [main] INFO org.evosuite.runtime.instrumentation.EvoClassLoader - Seeing class for first time: com.google.javascript.rhino.head.VMBridge_custom"
            ],
            "failing_lines": []
        },
        {
            "patch": "/home/mmartinez/xTestCluster/Patches/Patches_Wang902/Patches_ICSE/Doverfitting/Kali/Closure/patch1-Closure-31-Kali-plausible.patch",
            "test": "test_from_WangICSE_patch1-Closure-31-RSRepair-plausible",
            "failing": 0,
            "testrun": 513,
            "failings": [],
            "status": "ok",
            "test_executed": [
                "com.google.javascript.rhino.Node_ESTest"
            ],
            "failing_assertions": [],
            "failing_lines": []
        }
    ],
    "duration": 39.37
}