{
    "patch": "/home/mmartinez/xTestCluster/Patches/Patches_Wang902/Patches_ICSE/Doverfitting/AVATAR/Lang/patch1-Lang-13-AVATAR-plausible.patch",
    "project": "Lang",
    "bugid": "13",
    "dataset": "Patches_ICSE",
    "date": "2022-12-16T06:38:49.365696",
    "project_checked": "ok",
    "compiledProjectModified": "ok",
    "patchApplied": "ok",
    "arrive_end": "ok",
    "patched_project_pass_all_test": "no",
    "test_execution": [
        {
            "patch": "/home/mmartinez/xTestCluster/Patches/Patches_Wang902/Patches_ICSE/Doverfitting/AVATAR/Lang/patch1-Lang-13-AVATAR-plausible.patch",
            "test": "test_from_WangICSE_patch1-Lang-13-AVATAR-plausible",
            "failing": 0,
            "testrun": 17,
            "failings": [],
            "status": "ok",
            "test_executed": [
                "org.apache.commons.lang3.SerializationUtils_ESTest"
            ],
            "failing_assertions": [],
            "failing_lines": []
        },
        {
            "patch": "/home/mmartinez/xTestCluster/Patches/Patches_Wang902/Patches_ICSE/Doverfitting/AVATAR/Lang/patch1-Lang-13-AVATAR-plausible.patch",
            "test": "test_from_WangICSE_patch1-Lang-13-RSRepair-plausible",
            "failing": 1,
            "testrun": 15,
            "failings": [
                "test06(org.apache.commons.lang3.SerializationUtils_ESTest)"
            ],
            "status": "ok",
            "test_executed": [
                "org.apache.commons.lang3.SerializationUtils_ESTest"
            ],
            "failing_assertions": [
                "java.lang.IllegalAccessError: tried to access method java.io.ObjectInputStream.resolveClass(Ljava/io/ObjectStreamClass;)Ljava/lang/Class; from class org.apache.commons.lang3.SerializationUtils_ESTest"
            ],
            "failing_lines": [
                [
                    "org.apache.commons.lang3.SerializationUtils_ESTest.test06(SerializationUtils_ESTest.java:92)"
                ]
            ]
        }
    ],
    "duration": 17.4
}