{
    "patch": "/home/mmartinez/xTestCluster/Patches/Patches_Wang902/Patches_ICSE/Doverfitting/SimFix/Chart/patch1-Chart-12-SimFix-plausible.patch",
    "project": "Chart",
    "bugid": "12",
    "dataset": "Patches_ICSE",
    "date": "2022-12-22T00:24:18.390569",
    "project_checked": "ok",
    "compiledProjectModified": "ok",
    "patchApplied": "ok",
    "arrive_end": "ok",
    "patched_project_pass_all_test": "no",
    "test_execution": [
        {
            "patch": "/home/mmartinez/xTestCluster/Patches/Patches_Wang902/Patches_ICSE/Doverfitting/SimFix/Chart/patch1-Chart-12-SimFix-plausible.patch",
            "test": "test_from_WangICSE_patch1-Chart-12-RSRepair-plausible",
            "failing": 0,
            "testrun": 37,
            "failings": [],
            "status": "ok",
            "test_executed": [
                "org.jfree.chart.plot.MultiplePiePlot_ESTest"
            ],
            "failing_assertions": [],
            "failing_lines": []
        },
        {
            "patch": "/home/mmartinez/xTestCluster/Patches/Patches_Wang902/Patches_ICSE/Doverfitting/SimFix/Chart/patch1-Chart-12-SimFix-plausible.patch",
            "test": "test_from_WangICSE_patch1-Chart-12-SimFix-plausible",
            "failing": 0,
            "testrun": 35,
            "failings": [],
            "status": "ok",
            "test_executed": [
                "org.jfree.chart.plot.MultiplePiePlot_ESTest"
            ],
            "failing_assertions": [],
            "failing_lines": []
        },
        {
            "patch": "/home/mmartinez/xTestCluster/Patches/Patches_Wang902/Patches_ICSE/Doverfitting/SimFix/Chart/patch1-Chart-12-SimFix-plausible.patch",
            "test": "test_from_WangICSE_patch1-Chart-12-GenProg-plausible",
            "failing": 13,
            "testrun": 147,
            "failings": [
                "test20(org.jfree.chart.plot.MultiplePiePlot_ESTest)",
                "test18(org.jfree.chart.plot.MultiplePiePlot_ESTest)",
                "test19(org.jfree.chart.plot.MultiplePiePlot_ESTest)",
                "test31(org.jfree.chart.plot.MultiplePiePlot_ESTest)",
                "test34(org.jfree.chart.plot.MultiplePiePlot_ESTest)",
                "test38(org.jfree.chart.plot.MultiplePiePlot_ESTest)",
                "test048(org.jfree.chart.JFreeChart_ESTest)",
                "test051(org.jfree.chart.JFreeChart_ESTest)",
                "test044(org.jfree.chart.JFreeChart_ESTest)",
                "test076(org.jfree.chart.JFreeChart_ESTest)",
                "test066(org.jfree.chart.JFreeChart_ESTest)",
                "test061(org.jfree.chart.JFreeChart_ESTest)",
                "test085(org.jfree.chart.JFreeChart_ESTest)"
            ],
            "status": "ok",
            "test_executed": [
                "org.jfree.chart.plot.MultiplePiePlot_ESTest",
                "org.jfree.chart.JFreeChart_ESTest"
            ],
            "failing_assertions": [
                "java.lang.AssertionError: Expecting exception: NullPointerException",
                "java.lang.AssertionError: Expecting exception: NullPointerException",
                "java.lang.AssertionError: Expecting exception: NullPointerException",
                "java.lang.AssertionError: expected null, but was:<java.awt.Color[r=192,g=192,b=192]>",
                "java.lang.AssertionError: Expecting exception: IllegalArgumentException",
                "java.lang.AssertionError: Expecting exception: NullPointerException",
                "java.lang.AssertionError: expected:<1> but was:<0>",
                "java.lang.AssertionError: expected:<1> but was:<0>",
                "java.lang.AssertionError: expected:<1> but was:<0>",
                "java.lang.AssertionError: expected:<1> but was:<0>",
                "java.lang.AssertionError: expected:<1> but was:<0>",
                "java.lang.AssertionError: expected:<1> but was:<0>",
                "java.lang.AssertionError: expected:<1> but was:<0>"
            ],
            "failing_lines": [
                [
                    "org.jfree.chart.plot.MultiplePiePlot_ESTest.test20(MultiplePiePlot_ESTest.java:302)"
                ],
                [
                    "org.jfree.chart.plot.MultiplePiePlot_ESTest.test18(MultiplePiePlot_ESTest.java:254)"
                ],
                [
                    "org.jfree.chart.plot.MultiplePiePlot_ESTest.test19(MultiplePiePlot_ESTest.java:278)"
                ],
                [
                    "org.jfree.chart.plot.MultiplePiePlot_ESTest.test31(MultiplePiePlot_ESTest.java:444)"
                ],
                [
                    "org.jfree.chart.plot.MultiplePiePlot_ESTest.test34(MultiplePiePlot_ESTest.java:471)"
                ],
                [
                    "org.jfree.chart.plot.MultiplePiePlot_ESTest.test38(MultiplePiePlot_ESTest.java:518)"
                ],
                [
                    "org.jfree.chart.JFreeChart_ESTest.test048(JFreeChart_ESTest.java:717)"
                ],
                [
                    "org.jfree.chart.JFreeChart_ESTest.test051(JFreeChart_ESTest.java:753)"
                ],
                [
                    "org.jfree.chart.JFreeChart_ESTest.test044(JFreeChart_ESTest.java:661)"
                ],
                [
                    "org.jfree.chart.JFreeChart_ESTest.test076(JFreeChart_ESTest.java:1078)"
                ],
                [
                    "org.jfree.chart.JFreeChart_ESTest.test066(JFreeChart_ESTest.java:937)"
                ],
                [
                    "org.jfree.chart.JFreeChart_ESTest.test061(JFreeChart_ESTest.java:882)"
                ],
                [
                    "org.jfree.chart.JFreeChart_ESTest.test085(JFreeChart_ESTest.java:1184)"
                ]
            ]
        },
        {
            "patch": "/home/mmartinez/xTestCluster/Patches/Patches_Wang902/Patches_ICSE/Doverfitting/SimFix/Chart/patch1-Chart-12-SimFix-plausible.patch",
            "test": "test_from_WangICSE_patch1-Chart-12-Kali-plausible",
            "failing": 1,
            "testrun": 13,
            "failings": [
                "test10(org.jfree.data.general.AbstractDataset_ESTest)"
            ],
            "status": "ok",
            "test_executed": [
                "org.jfree.data.general.AbstractDataset_ESTest"
            ],
            "failing_assertions": [
                "java.lang.AssertionError"
            ],
            "failing_lines": [
                [
                    "org.jfree.data.general.AbstractDataset_ESTest.test10(AbstractDataset_ESTest.java:151)"
                ]
            ]
        },
        {
            "patch": "/home/mmartinez/xTestCluster/Patches/Patches_Wang902/Patches_ICSE/Doverfitting/SimFix/Chart/patch1-Chart-12-SimFix-plausible.patch",
            "test": "test_from_WangICSE_patch1-Chart-12-TBar-plausible",
            "failing": 1,
            "testrun": 14,
            "failings": [
                "test11(org.jfree.data.general.AbstractDataset_ESTest)"
            ],
            "status": "ok",
            "test_executed": [
                "org.jfree.data.general.AbstractDataset_ESTest"
            ],
            "failing_assertions": [
                "java.lang.AssertionError"
            ],
            "failing_lines": [
                [
                    "org.jfree.data.general.AbstractDataset_ESTest.test11(AbstractDataset_ESTest.java:195)"
                ]
            ]
        },
        {
            "patch": "/home/mmartinez/xTestCluster/Patches/Patches_Wang902/Patches_ICSE/Doverfitting/SimFix/Chart/patch1-Chart-12-SimFix-plausible.patch",
            "test": "test_from_WangICSE_patch1-Chart-12-Arja",
            "failing": 0,
            "testrun": 37,
            "failings": [],
            "status": "ok",
            "test_executed": [
                "org.jfree.chart.plot.MultiplePiePlot_ESTest"
            ],
            "failing_assertions": [],
            "failing_lines": []
        }
    ],
    "duration": 45.46
}