{
    "patch": "/home/mmartinez/xTestCluster/Patches/Patches_Wang902/Patches_others/Doverfitting/Jaid/Chart/patch1-Chart-9-Jaid-plausible.patch",
    "project": "Chart",
    "bugid": "9",
    "dataset": "Patches_others",
    "date": "2022-12-16T06:09:55.478117",
    "project_checked": "ok",
    "compiledProjectModified": "ok",
    "patchApplied": "ok",
    "arrive_end": "ok",
    "patched_project_pass_all_test": "no",
    "test_execution": [
        {
            "patch": "/home/mmartinez/xTestCluster/Patches/Patches_Wang902/Patches_others/Doverfitting/Jaid/Chart/patch1-Chart-9-Jaid-plausible.patch",
            "test": "test_from_WangDRR_patch1-Chart-9-Jaid-plausible",
            "failing": 0,
            "testrun": 121,
            "failings": [],
            "status": "ok",
            "test_executed": [
                "org.jfree.data.time.TimeSeries_ESTest"
            ],
            "failing_assertions": [],
            "failing_lines": []
        },
        {
            "patch": "/home/mmartinez/xTestCluster/Patches/Patches_Wang902/Patches_others/Doverfitting/Jaid/Chart/patch1-Chart-9-Jaid-plausible.patch",
            "test": "test_from_WangDRR_patch3-Chart-9-Jaid-plausible",
            "failing": 1,
            "testrun": 139,
            "failings": [
                "test001(org.jfree.data.time.TimeSeries_ESTest)"
            ],
            "status": "ok",
            "test_executed": [
                "org.jfree.data.time.TimeSeries_ESTest"
            ],
            "failing_assertions": [
                "java.lang.AssertionError: expected:<0> but was:<1>"
            ],
            "failing_lines": [
                [
                    "org.jfree.data.time.TimeSeries_ESTest.test001(TimeSeries_ESTest.java:61)"
                ]
            ]
        },
        {
            "patch": "/home/mmartinez/xTestCluster/Patches/Patches_Wang902/Patches_others/Doverfitting/Jaid/Chart/patch1-Chart-9-Jaid-plausible.patch",
            "test": "test_from_WangDRR_patch1-Chart-9-SketchFix",
            "failing": 0,
            "testrun": 136,
            "failings": [],
            "status": "ok",
            "test_executed": [
                "org.jfree.data.time.TimeSeries_ESTest"
            ],
            "failing_assertions": [],
            "failing_lines": []
        },
        {
            "patch": "/home/mmartinez/xTestCluster/Patches/Patches_Wang902/Patches_others/Doverfitting/Jaid/Chart/patch1-Chart-9-Jaid-plausible.patch",
            "test": "test_from_WangDRR_patch2-Chart-9-Jaid",
            "failing": 0,
            "testrun": 132,
            "failings": [],
            "status": "ok",
            "test_executed": [
                "org.jfree.data.time.TimeSeries_ESTest"
            ],
            "failing_assertions": [],
            "failing_lines": []
        },
        {
            "patch": "/home/mmartinez/xTestCluster/Patches/Patches_Wang902/Patches_others/Doverfitting/Jaid/Chart/patch1-Chart-9-Jaid-plausible.patch",
            "test": "test_from_WangDRR_patch1-Chart-9-Jaid",
            "failing": 0,
            "testrun": 133,
            "failings": [],
            "status": "ok",
            "test_executed": [
                "org.jfree.data.time.TimeSeries_ESTest"
            ],
            "failing_assertions": [],
            "failing_lines": []
        },
        {
            "patch": "/home/mmartinez/xTestCluster/Patches/Patches_Wang902/Patches_others/Doverfitting/Jaid/Chart/patch1-Chart-9-Jaid-plausible.patch",
            "test": "test_from_WangICSE_patch1-Chart-9-Nopol-plausible",
            "failing": 3,
            "testrun": 127,
            "failings": [
                "test002(org.jfree.data.time.TimeSeries_ESTest)",
                "test118(org.jfree.data.time.TimeSeries_ESTest)",
                "test029(org.jfree.data.time.TimeSeries_ESTest)"
            ],
            "status": "ok",
            "test_executed": [
                "org.jfree.data.time.TimeSeries_ESTest"
            ],
            "failing_assertions": [
                "java.lang.AssertionError: expected:<0> but was:<1>",
                "org.evosuite.runtime.mock.java.lang.MockIllegalArgumentException: Requires start <= end.",
                "org.evosuite.runtime.mock.java.lang.MockIllegalArgumentException: Requires start <= end."
            ],
            "failing_lines": [
                [
                    "org.jfree.data.time.TimeSeries_ESTest.test002(TimeSeries_ESTest.java:69)"
                ],
                [
                    "org.jfree.data.time.TimeSeries_ESTest.test118(TimeSeries_ESTest.java:1647)"
                ],
                [
                    "org.jfree.data.time.TimeSeries_ESTest.test029(TimeSeries_ESTest.java:384)"
                ]
            ]
        },
        {
            "patch": "/home/mmartinez/xTestCluster/Patches/Patches_Wang902/Patches_others/Doverfitting/Jaid/Chart/patch1-Chart-9-Jaid-plausible.patch",
            "test": "test_from_WangDRR_patch1-Chart-9-SequenceR",
            "failing": 0,
            "testrun": 127,
            "failings": [],
            "status": "ok",
            "test_executed": [
                "org.jfree.data.time.TimeSeries_ESTest"
            ],
            "failing_assertions": [],
            "failing_lines": []
        },
        {
            "patch": "/home/mmartinez/xTestCluster/Patches/Patches_Wang902/Patches_others/Doverfitting/Jaid/Chart/patch1-Chart-9-Jaid-plausible.patch",
            "test": "test_from_WangDRR_patch2-Chart-9-Jaid-plausible",
            "failing": 0,
            "testrun": 126,
            "failings": [],
            "status": "ok",
            "test_executed": [
                "org.jfree.data.time.TimeSeries_ESTest"
            ],
            "failing_assertions": [],
            "failing_lines": []
        },
        {
            "patch": "/home/mmartinez/xTestCluster/Patches/Patches_Wang902/Patches_others/Doverfitting/Jaid/Chart/patch1-Chart-9-Jaid-plausible.patch",
            "test": "test_from_WangICSE_patch1-Chart-9-TBar",
            "failing": 0,
            "testrun": 123,
            "failings": [],
            "status": "ok",
            "test_executed": [
                "org.jfree.data.time.TimeSeries_ESTest"
            ],
            "failing_assertions": [],
            "failing_lines": []
        }
    ],
    "duration": 53.29
}