{
    "patch": "/home/mmartinez/xTestCluster/Patches/Patches_Wang902/Patches_ICSE/Dsame/AVATAR/Math/patch1-Math-4-AVATAR.patch",
    "project": "Math",
    "bugid": "4",
    "dataset": "Patches_ICSE",
    "date": "2022-12-27T21:23:19.928326",
    "project_checked": "ok",
    "compiledProjectModified": "ok",
    "patchApplied": "ok",
    "arrive_end": "ok",
    "patched_project_pass_all_test": "no",
    "test_execution": [
        {
            "patch": "/home/mmartinez/xTestCluster/Patches/Patches_Wang902/Patches_ICSE/Dsame/AVATAR/Math/patch1-Math-4-AVATAR.patch",
            "test": "test_from_WangICSE_patch1-Math-4-AVATAR",
            "failing": 0,
            "testrun": 52,
            "failings": [],
            "status": "ok",
            "test_executed": [
                "org.apache.commons.math3.geometry.euclidean.twod.SubLine_ESTest",
                "org.apache.commons.math3.geometry.euclidean.threed.SubLine_ESTest"
            ],
            "failing_assertions": [],
            "failing_lines": []
        },
        {
            "patch": "/home/mmartinez/xTestCluster/Patches/Patches_Wang902/Patches_ICSE/Dsame/AVATAR/Math/patch1-Math-4-AVATAR.patch",
            "test": "test_from_WangICSE_patch1-Math-4-ACS-plausible",
            "failing": 0,
            "testrun": 50,
            "failings": [],
            "status": "ok",
            "test_executed": [
                "org.apache.commons.math3.geometry.euclidean.twod.SubLine_ESTest",
                "org.apache.commons.math3.geometry.euclidean.threed.SubLine_ESTest"
            ],
            "failing_assertions": [],
            "failing_lines": []
        },
        {
            "patch": "/home/mmartinez/xTestCluster/Patches/Patches_Wang902/Patches_ICSE/Dsame/AVATAR/Math/patch1-Math-4-AVATAR.patch",
            "test": "test_from_WangICSE_patch1-Math-4-Nopol-plausible",
            "failing": 1,
            "testrun": 75,
            "failings": [
                "test58(org.apache.commons.math3.geometry.euclidean.twod.Line_ESTest)"
            ],
            "status": "ok",
            "test_executed": [
                "org.apache.commons.math3.geometry.euclidean.twod.Line_ESTest"
            ],
            "failing_assertions": [
                "java.lang.NullPointerException"
            ],
            "failing_lines": [
                [
                    "org.apache.commons.math3.geometry.euclidean.twod.Line_ESTest.test58(Line_ESTest.java:675)"
                ]
            ]
        }
    ],
    "duration": 20.54
}