{
    "patch": "/home/mmartinez/xTestCluster/Patches/Patches_Wang902/Patches_others/Dcorrect/Jaid/Lang/patch3-Lang-38-Jaid.patch",
    "project": "Lang",
    "bugid": "38",
    "dataset": "Patches_others",
    "date": "2022-12-16T07:19:35.312009",
    "project_checked": "ok",
    "compiledProjectModified": "ok",
    "patchApplied": "ok",
    "arrive_end": "ok",
    "patched_project_pass_all_test": "no",
    "test_execution": [
        {
            "patch": "/home/mmartinez/xTestCluster/Patches/Patches_Wang902/Patches_others/Dcorrect/Jaid/Lang/patch3-Lang-38-Jaid.patch",
            "test": "test_from_WangDRR_patch3-Lang-38-Jaid",
            "failing": 0,
            "testrun": 123,
            "failings": [],
            "status": "ok",
            "test_executed": [
                "org.apache.commons.lang3.time.FastDateFormat_ESTest"
            ],
            "failing_assertions": [],
            "failing_lines": []
        },
        {
            "patch": "/home/mmartinez/xTestCluster/Patches/Patches_Wang902/Patches_others/Dcorrect/Jaid/Lang/patch3-Lang-38-Jaid.patch",
            "test": "test_from_WangDRR_patch4-Lang-38-Jaid",
            "failing": 0,
            "testrun": 131,
            "failings": [],
            "status": "ok",
            "test_executed": [
                "org.apache.commons.lang3.time.FastDateFormat_ESTest"
            ],
            "failing_assertions": [],
            "failing_lines": []
        },
        {
            "patch": "/home/mmartinez/xTestCluster/Patches/Patches_Wang902/Patches_others/Dcorrect/Jaid/Lang/patch3-Lang-38-Jaid.patch",
            "test": "test_from_WangDRR_patch1-Lang-38-Jaid",
            "failing": 0,
            "testrun": 118,
            "failings": [],
            "status": "ok",
            "test_executed": [
                "org.apache.commons.lang3.time.FastDateFormat_ESTest"
            ],
            "failing_assertions": [],
            "failing_lines": []
        },
        {
            "patch": "/home/mmartinez/xTestCluster/Patches/Patches_Wang902/Patches_others/Dcorrect/Jaid/Lang/patch3-Lang-38-Jaid.patch",
            "test": "test_from_WangDRR_patch2-Lang-38-Jaid",
            "failing": 0,
            "testrun": 125,
            "failings": [],
            "status": "ok",
            "test_executed": [
                "org.apache.commons.lang3.time.FastDateFormat_ESTest"
            ],
            "failing_assertions": [],
            "failing_lines": []
        }
    ],
    "duration": 25.72
}