{
    "patch": "/home/mmartinez/xTestCluster/Patches/Patches_Wang902/Patches_others/Doverfitting/SequenceR/Closure/patch1-Closure-73-SequenceR-plausible.patch",
    "project": "Closure",
    "bugid": "73",
    "dataset": "Patches_others",
    "date": "2022-12-22T00:47:44.716655",
    "project_checked": "ok",
    "compiledProjectModified": "ok",
    "patchApplied": "ok",
    "arrive_end": "ok",
    "patched_project_pass_all_test": "no",
    "test_execution": [
        {
            "patch": "/home/mmartinez/xTestCluster/Patches/Patches_Wang902/Patches_others/Doverfitting/SequenceR/Closure/patch1-Closure-73-SequenceR-plausible.patch",
            "test": "test_from_WangDRR_patch1-Closure-73-SequenceR",
            "failing": 1,
            "testrun": 56,
            "failings": [
                "test32(com.google.javascript.jscomp.CodeGenerator_ESTest)"
            ],
            "status": "ok",
            "test_executed": [
                "com.google.javascript.jscomp.CodeGenerator_ESTest"
            ],
            "failing_assertions": [
                "org.junit.ComparisonFailure: expected:<...u0003 \\\\u0001(\\\\u000b2[\\\\u001f].google.protobuf.Ser...> but was:<...u0003 \\\\u0001(\\\\u000b2[\\x1f].google.protobuf.Ser...>"
            ],
            "failing_lines": [
                [
                    "com.google.javascript.jscomp.CodeGenerator_ESTest.test32(CodeGenerator_ESTest.java:432)"
                ]
            ]
        },
        {
            "patch": "/home/mmartinez/xTestCluster/Patches/Patches_Wang902/Patches_others/Doverfitting/SequenceR/Closure/patch1-Closure-73-SequenceR-plausible.patch",
            "test": "test_from_WangDRR_patch1-Closure-73-SequenceR-plausible",
            "failing": 0,
            "testrun": 54,
            "failings": [],
            "status": "ok",
            "test_executed": [
                "com.google.javascript.jscomp.CodeGenerator_ESTest"
            ],
            "failing_assertions": [],
            "failing_lines": []
        },
        {
            "patch": "/home/mmartinez/xTestCluster/Patches/Patches_Wang902/Patches_others/Doverfitting/SequenceR/Closure/patch1-Closure-73-SequenceR-plausible.patch",
            "test": "test_from_WangICSE_patch1-Closure-73-AVATAR",
            "failing": 0,
            "testrun": 56,
            "failings": [],
            "status": "ok",
            "test_executed": [
                "com.google.javascript.jscomp.CodeGenerator_ESTest"
            ],
            "failing_assertions": [],
            "failing_lines": []
        },
        {
            "patch": "/home/mmartinez/xTestCluster/Patches/Patches_Wang902/Patches_others/Doverfitting/SequenceR/Closure/patch1-Closure-73-SequenceR-plausible.patch",
            "test": "test_from_WangDRR_patch1-Closure-73-Jaid",
            "failing": 0,
            "testrun": 51,
            "failings": [],
            "status": "ok",
            "test_executed": [
                "com.google.javascript.jscomp.CodeGenerator_ESTest"
            ],
            "failing_assertions": [],
            "failing_lines": []
        },
        {
            "patch": "/home/mmartinez/xTestCluster/Patches/Patches_Wang902/Patches_others/Doverfitting/SequenceR/Closure/patch1-Closure-73-SequenceR-plausible.patch",
            "test": "test_from_WangDRR_patch2-Closure-73-SequenceR",
            "failing": 0,
            "testrun": 54,
            "failings": [],
            "status": "ok",
            "test_executed": [
                "com.google.javascript.jscomp.CodeGenerator_ESTest"
            ],
            "failing_assertions": [],
            "failing_lines": []
        }
    ],
    "duration": 42.16
}