{
    "patch": "/home/mmartinez/xTestCluster/Patches/Patches_Wang902/Patches_others/Dcorrect/Jaid/Chart/patch2-Chart-26-Jaid.patch",
    "project": "Chart",
    "bugid": "26",
    "dataset": "Patches_others",
    "date": "2022-12-22T00:02:42.143166",
    "project_checked": "ok",
    "compiledProjectModified": "ok",
    "patchApplied": "ok",
    "arrive_end": "ok",
    "patched_project_pass_all_test": "no",
    "test_execution": [
        {
            "patch": "/home/mmartinez/xTestCluster/Patches/Patches_Wang902/Patches_others/Dcorrect/Jaid/Chart/patch2-Chart-26-Jaid.patch",
            "test": "test_from_WangICSE_patch1-Chart-26-TBar-plausible",
            "failing": 0,
            "testrun": 221,
            "failings": [],
            "status": "ok",
            "test_executed": [
                "org.jfree.chart.plot.CategoryPlot_ESTest"
            ],
            "failing_assertions": [],
            "failing_lines": []
        },
        {
            "patch": "/home/mmartinez/xTestCluster/Patches/Patches_Wang902/Patches_others/Dcorrect/Jaid/Chart/patch2-Chart-26-Jaid.patch",
            "test": "test_from_WangDRR_patch1-Chart-26-Jaid-plausible",
            "failing": 0,
            "testrun": 103,
            "failings": [],
            "status": "ok",
            "test_executed": [
                "org.jfree.chart.axis.Axis_ESTest"
            ],
            "failing_assertions": [],
            "failing_lines": []
        },
        {
            "patch": "/home/mmartinez/xTestCluster/Patches/Patches_Wang902/Patches_others/Dcorrect/Jaid/Chart/patch2-Chart-26-Jaid.patch",
            "test": "test_from_WangDRR_patch2-Chart-26-Jaid-plausible",
            "failing": 0,
            "testrun": 87,
            "failings": [],
            "status": "ok",
            "test_executed": [
                "org.jfree.chart.axis.Axis_ESTest"
            ],
            "failing_assertions": [],
            "failing_lines": []
        },
        {
            "patch": "/home/mmartinez/xTestCluster/Patches/Patches_Wang902/Patches_others/Dcorrect/Jaid/Chart/patch2-Chart-26-Jaid.patch",
            "test": "test_from_WangICSE_patch1-Chart-26-AVATAR-plausible",
            "failing": 0,
            "testrun": 219,
            "failings": [],
            "status": "ok",
            "test_executed": [
                "org.jfree.chart.plot.CategoryPlot_ESTest"
            ],
            "failing_assertions": [],
            "failing_lines": []
        },
        {
            "patch": "/home/mmartinez/xTestCluster/Patches/Patches_Wang902/Patches_others/Dcorrect/Jaid/Chart/patch2-Chart-26-Jaid.patch",
            "test": "test_from_WangICSE_patch1-Chart-26-Kali-plausible",
            "failing": 0,
            "testrun": 223,
            "failings": [],
            "status": "ok",
            "test_executed": [
                "org.jfree.chart.plot.CategoryPlot_ESTest"
            ],
            "failing_assertions": [],
            "failing_lines": []
        },
        {
            "patch": "/home/mmartinez/xTestCluster/Patches/Patches_Wang902/Patches_others/Dcorrect/Jaid/Chart/patch2-Chart-26-Jaid.patch",
            "test": "test_from_WangDRR_patch1-Chart-26-Jaid",
            "failing": 0,
            "testrun": 98,
            "failings": [],
            "status": "ok",
            "test_executed": [
                "org.jfree.chart.axis.Axis_ESTest"
            ],
            "failing_assertions": [],
            "failing_lines": []
        },
        {
            "patch": "/home/mmartinez/xTestCluster/Patches/Patches_Wang902/Patches_others/Dcorrect/Jaid/Chart/patch2-Chart-26-Jaid.patch",
            "test": "test_from_WangDRR_patch2-Chart-26-Jaid",
            "failing": 0,
            "testrun": 87,
            "failings": [],
            "status": "ok",
            "test_executed": [
                "org.jfree.chart.axis.Axis_ESTest"
            ],
            "failing_assertions": [],
            "failing_lines": []
        },
        {
            "patch": "/home/mmartinez/xTestCluster/Patches/Patches_Wang902/Patches_others/Dcorrect/Jaid/Chart/patch2-Chart-26-Jaid.patch",
            "test": "test_from_WangDRR_patch1-Chart-26-SOFix",
            "failing": 2,
            "testrun": 81,
            "failings": [
                "test40(org.jfree.chart.axis.Axis_ESTest)",
                "test26(org.jfree.chart.axis.Axis_ESTest)"
            ],
            "status": "ok",
            "test_executed": [
                "org.jfree.chart.axis.Axis_ESTest"
            ],
            "failing_assertions": [
                "java.lang.AssertionError: expected:<11.43359375> but was:<11.515625>",
                "java.lang.AssertionError: expected:<-1.56640625> but was:<-1.984375>"
            ],
            "failing_lines": [
                [
                    "org.jfree.chart.axis.Axis_ESTest.test40(Axis_ESTest.java:662)"
                ],
                [
                    "org.jfree.chart.axis.Axis_ESTest.test26(Axis_ESTest.java:434)"
                ]
            ]
        },
        {
            "patch": "/home/mmartinez/xTestCluster/Patches/Patches_Wang902/Patches_others/Dcorrect/Jaid/Chart/patch2-Chart-26-Jaid.patch",
            "test": "test_from_WangDRR_patch3-Chart-26-Jaid",
            "failing": 0,
            "testrun": 84,
            "failings": [],
            "status": "ok",
            "test_executed": [
                "org.jfree.chart.axis.Axis_ESTest"
            ],
            "failing_assertions": [],
            "failing_lines": []
        },
        {
            "patch": "/home/mmartinez/xTestCluster/Patches/Patches_Wang902/Patches_others/Dcorrect/Jaid/Chart/patch2-Chart-26-Jaid.patch",
            "test": "test_from_WangICSE_patch1-Chart-26-jMutRepair-plausible",
            "failing": 0,
            "testrun": 243,
            "failings": [],
            "status": "ok",
            "test_executed": [
                "org.jfree.chart.plot.CategoryPlot_ESTest"
            ],
            "failing_assertions": [],
            "failing_lines": []
        },
        {
            "patch": "/home/mmartinez/xTestCluster/Patches/Patches_Wang902/Patches_others/Dcorrect/Jaid/Chart/patch2-Chart-26-Jaid.patch",
            "test": "test_from_WangICSE_patch1-Chart-26-FixMiner-plausible",
            "failing": 0,
            "testrun": 372,
            "failings": [],
            "status": "ok",
            "test_executed": [
                "org.jfree.chart.plot.CategoryPlot_ESTest"
            ],
            "failing_assertions": [],
            "failing_lines": []
        }
    ],
    "duration": 82.13
}