{
    "patch": "/home/mmartinez/xTestCluster/Patches/Patches_Wang902/Patches_ICSE/Doverfitting/Nopol/Math/patch1-Math-73-Nopol-plausible.patch",
    "project": "Math",
    "bugid": "73",
    "dataset": "Patches_ICSE",
    "date": "2022-12-16T04:31:02.020252",
    "project_checked": "ok",
    "compiledProjectModified": "ok",
    "patchApplied": "ok",
    "arrive_end": "ok",
    "patched_project_pass_all_test": "no",
    "test_execution": [
        {
            "patch": "/home/mmartinez/xTestCluster/Patches/Patches_Wang902/Patches_ICSE/Doverfitting/Nopol/Math/patch1-Math-73-Nopol-plausible.patch",
            "test": "test_from_WangICSE_patch1-Math-73-ACS-plausible",
            "failing": 2,
            "testrun": 42,
            "failings": [
                "test13(org.apache.commons.math.analysis.solvers.BrentSolver_ESTest)",
                "test27(org.apache.commons.math.analysis.solvers.BrentSolver_ESTest)"
            ],
            "status": "ok",
            "test_executed": [
                "org.apache.commons.math.analysis.solvers.BrentSolver_ESTest"
            ],
            "failing_assertions": [
                "java.lang.AssertionError: Expecting exception: IllegalArgumentException",
                "java.lang.AssertionError: Expecting exception: IllegalArgumentException"
            ],
            "failing_lines": [
                [
                    "org.apache.commons.math.analysis.solvers.BrentSolver_ESTest.test13(BrentSolver_ESTest.java:213)"
                ],
                [
                    "org.apache.commons.math.analysis.solvers.BrentSolver_ESTest.test27(BrentSolver_ESTest.java:410)"
                ]
            ]
        },
        {
            "patch": "/home/mmartinez/xTestCluster/Patches/Patches_Wang902/Patches_ICSE/Doverfitting/Nopol/Math/patch1-Math-73-Nopol-plausible.patch",
            "test": "test_from_WangICSE_patch1-Math-73-Nopol-plausible",
            "failing": 0,
            "testrun": 39,
            "failings": [],
            "status": "ok",
            "test_executed": [
                "org.apache.commons.math.analysis.solvers.UnivariateRealSolverImpl_ESTest"
            ],
            "failing_assertions": [],
            "failing_lines": []
        },
        {
            "patch": "/home/mmartinez/xTestCluster/Patches/Patches_Wang902/Patches_ICSE/Doverfitting/Nopol/Math/patch1-Math-73-Nopol-plausible.patch",
            "test": "test_from_WangICSE_patch1-Math-73-jGenProg-plausible",
            "failing": 2,
            "testrun": 37,
            "failings": [
                "test10(org.apache.commons.math.analysis.solvers.BrentSolver_ESTest)",
                "test03(org.apache.commons.math.analysis.solvers.BrentSolver_ESTest)"
            ],
            "status": "ok",
            "test_executed": [
                "org.apache.commons.math.analysis.solvers.BrentSolver_ESTest"
            ],
            "failing_assertions": [
                "04:31:23.718 [main] INFO org.evosuite.runtime.instrumentation.EvoClassLoader - Seeing class for first time: org.apache.commons.math.MessagesResources",
                "java.lang.AssertionError: Expecting exception: IllegalArgumentException"
            ],
            "failing_lines": [
                [
                    "org.apache.commons.math.analysis.solvers.BrentSolver_ESTest.test10(BrentSolver_ESTest.java:171)"
                ],
                [
                    "org.apache.commons.math.analysis.solvers.BrentSolver_ESTest.test03(BrentSolver_ESTest.java:78)"
                ]
            ]
        },
        {
            "patch": "/home/mmartinez/xTestCluster/Patches/Patches_Wang902/Patches_ICSE/Doverfitting/Nopol/Math/patch1-Math-73-Nopol-plausible.patch",
            "test": "test_from_WangICSE_patch1-Math-73-Cardumen-plausible",
            "failing": 2,
            "testrun": 43,
            "failings": [
                "test39(org.apache.commons.math.analysis.solvers.BrentSolver_ESTest)",
                "test12(org.apache.commons.math.analysis.solvers.BrentSolver_ESTest)"
            ],
            "status": "ok",
            "test_executed": [
                "org.apache.commons.math.analysis.solvers.BrentSolver_ESTest"
            ],
            "failing_assertions": [
                "java.lang.AssertionError: Expecting exception: IllegalArgumentException",
                "java.lang.AssertionError: Expecting exception: IllegalArgumentException"
            ],
            "failing_lines": [
                [
                    "org.apache.commons.math.analysis.solvers.BrentSolver_ESTest.test39(BrentSolver_ESTest.java:1023)"
                ],
                [
                    "org.apache.commons.math.analysis.solvers.BrentSolver_ESTest.test12(BrentSolver_ESTest.java:484)"
                ]
            ]
        },
        {
            "patch": "/home/mmartinez/xTestCluster/Patches/Patches_Wang902/Patches_ICSE/Doverfitting/Nopol/Math/patch1-Math-73-Nopol-plausible.patch",
            "test": "test_from_WangICSE_patch1-Math-73-SimFix-plausible",
            "failing": 1,
            "testrun": 38,
            "failings": [
                "test04(org.apache.commons.math.analysis.solvers.BrentSolver_ESTest)"
            ],
            "status": "ok",
            "test_executed": [
                "org.apache.commons.math.analysis.solvers.BrentSolver_ESTest"
            ],
            "failing_assertions": [
                "java.lang.AssertionError: Expecting exception: IllegalArgumentException"
            ],
            "failing_lines": [
                [
                    "org.apache.commons.math.analysis.solvers.BrentSolver_ESTest.test04(BrentSolver_ESTest.java:94)"
                ]
            ]
        }
    ],
    "duration": 25.55
}