{
    "patch": "/home/mmartinez/xTestCluster/Patches/Patches_Wang902/Patches_ICSE/Doverfitting/TBar/Lang/patch1-Lang-44-TBar-plausible.patch",
    "project": "Lang",
    "bugid": "44",
    "dataset": "Patches_ICSE",
    "date": "2022-12-16T06:13:37.665613",
    "project_checked": "ok",
    "compiledProjectModified": "ok",
    "patchApplied": "ok",
    "arrive_end": "ok",
    "patched_project_pass_all_test": "no",
    "test_execution": [
        {
            "patch": "/home/mmartinez/xTestCluster/Patches/Patches_Wang902/Patches_ICSE/Doverfitting/TBar/Lang/patch1-Lang-44-TBar-plausible.patch",
            "test": "test_from_WangICSE_patch1-Lang-44-TBar-plausible",
            "failing": 0,
            "testrun": 100,
            "failings": [],
            "status": "ok",
            "test_executed": [
                "org.apache.commons.lang.NumberUtils_ESTest"
            ],
            "failing_assertions": [],
            "failing_lines": []
        },
        {
            "patch": "/home/mmartinez/xTestCluster/Patches/Patches_Wang902/Patches_ICSE/Doverfitting/TBar/Lang/patch1-Lang-44-TBar-plausible.patch",
            "test": "test_from_WangICSE_patch1-Lang-44-Nopol-plausible",
            "failing": 4,
            "testrun": 103,
            "failings": [
                "test088(org.apache.commons.lang.NumberUtils_ESTest)",
                "test083(org.apache.commons.lang.NumberUtils_ESTest)",
                "test082(org.apache.commons.lang.NumberUtils_ESTest)",
                "test085(org.apache.commons.lang.NumberUtils_ESTest)"
            ],
            "status": "ok",
            "test_executed": [
                "org.apache.commons.lang.NumberUtils_ESTest"
            ],
            "failing_assertions": [
                "java.lang.AssertionError: Exception was not thrown in org.apache.commons.lang.NumberUtils but in java.lang.NumberFormatException.forInputString(NumberFormatException.java:65): java.lang.NumberFormatException: For input string: \".vmz\\'j\"",
                "java.lang.AssertionError: Exception was not thrown in org.apache.commons.lang.NumberUtils but in java.lang.NumberFormatException.forInputString(NumberFormatException.java:65): java.lang.NumberFormatException: For input string: \"q3MGS\\'^\"",
                "java.lang.AssertionError: Exception was not thrown in org.apache.commons.lang.NumberUtils but in java.lang.NumberFormatException.forInputString(NumberFormatException.java:65): java.lang.NumberFormatException: For input string: \"$N%A>MY\"",
                "java.lang.AssertionError: Exception was not thrown in org.apache.commons.lang.NumberUtils but in java.math.BigInteger.<init>(BigInteger.java:420): java.lang.NumberFormatException: Zero length BigInteger"
            ],
            "failing_lines": [
                [
                    "org.apache.commons.lang.NumberUtils_ESTest.test088(NumberUtils_ESTest.java:712)"
                ],
                [
                    "org.apache.commons.lang.NumberUtils_ESTest.test083(NumberUtils_ESTest.java:658)"
                ],
                [
                    "org.apache.commons.lang.NumberUtils_ESTest.test082(NumberUtils_ESTest.java:644)"
                ],
                [
                    "org.apache.commons.lang.NumberUtils_ESTest.test085(NumberUtils_ESTest.java:678)"
                ]
            ]
        },
        {
            "patch": "/home/mmartinez/xTestCluster/Patches/Patches_Wang902/Patches_ICSE/Doverfitting/TBar/Lang/patch1-Lang-44-TBar-plausible.patch",
            "test": "test_from_WangICSE_patch1-Lang-44-kPAR-plausible",
            "failing": 2,
            "testrun": 102,
            "failings": [
                "test083(org.apache.commons.lang.NumberUtils_ESTest)",
                "test084(org.apache.commons.lang.NumberUtils_ESTest)"
            ],
            "status": "ok",
            "test_executed": [
                "org.apache.commons.lang.NumberUtils_ESTest"
            ],
            "failing_assertions": [
                "java.lang.AssertionError: Exception was not thrown in org.apache.commons.lang.NumberUtils but in java.lang.NumberFormatException.forInputString(NumberFormatException.java:65): java.lang.NumberFormatException: For input string: \"$>U\"",
                "java.lang.AssertionError: Exception was not thrown in org.apache.commons.lang.NumberUtils but in java.lang.NumberFormatException.forInputString(NumberFormatException.java:65): java.lang.NumberFormatException: For input string: \"Strin\""
            ],
            "failing_lines": [
                [
                    "org.apache.commons.lang.NumberUtils_ESTest.test083(NumberUtils_ESTest.java:633)"
                ],
                [
                    "org.apache.commons.lang.NumberUtils_ESTest.test084(NumberUtils_ESTest.java:647)"
                ]
            ]
        }
    ],
    "duration": 20.21
}