{
    "patch": "/home/mmartinez/xTestCluster/Patches/Patches_Wang902/Patches_ICSE/Doverfitting/Cardumen/Math/patch1-Math-95-Cardumen-plausible.patch",
    "project": "Math",
    "bugid": "95",
    "dataset": "Patches_ICSE",
    "date": "2022-12-16T03:19:43.566584",
    "project_checked": "ok",
    "compiledProjectModified": "ok",
    "patchApplied": "ok",
    "arrive_end": "ok",
    "patched_project_pass_all_test": "no",
    "test_execution": [
        {
            "patch": "/home/mmartinez/xTestCluster/Patches/Patches_Wang902/Patches_ICSE/Doverfitting/Cardumen/Math/patch1-Math-95-Cardumen-plausible.patch",
            "test": "test_from_WangICSE_patch1-Math-95-Arja-plausible",
            "failing": 2,
            "testrun": 20,
            "failings": [
                "test08(org.apache.commons.math.distribution.FDistributionImpl_ESTest)",
                "test03(org.apache.commons.math.distribution.FDistributionImpl_ESTest)"
            ],
            "status": "ok",
            "test_executed": [
                "org.apache.commons.math.distribution.FDistributionImpl_ESTest"
            ],
            "failing_assertions": [
                "java.lang.AssertionError: Expecting exception: Exception",
                "java.lang.AssertionError: expected:<0.0> but was:<-0.1809513434488015>"
            ],
            "failing_lines": [
                [
                    "org.apache.commons.math.distribution.FDistributionImpl_ESTest.test08(FDistributionImpl_ESTest.java:111)"
                ],
                [
                    "org.apache.commons.math.distribution.FDistributionImpl_ESTest.test03(FDistributionImpl_ESTest.java:70)"
                ]
            ]
        },
        {
            "patch": "/home/mmartinez/xTestCluster/Patches/Patches_Wang902/Patches_ICSE/Doverfitting/Cardumen/Math/patch1-Math-95-Cardumen-plausible.patch",
            "test": "test_from_WangICSE_patch1-Math-95-TBar-plausible",
            "failing": 2,
            "testrun": 20,
            "failings": [
                "test01(org.apache.commons.math.distribution.FDistributionImpl_ESTest)",
                "test03(org.apache.commons.math.distribution.FDistributionImpl_ESTest)"
            ],
            "status": "ok",
            "test_executed": [
                "org.apache.commons.math.distribution.FDistributionImpl_ESTest"
            ],
            "failing_assertions": [
                "java.lang.AssertionError: expected:<2.0> but was:<1.499995750632638>",
                "java.lang.AssertionError: expected:<0.08346355789588344> but was:<0.47614794438944846>"
            ],
            "failing_lines": [
                [
                    "org.apache.commons.math.distribution.FDistributionImpl_ESTest.test01(FDistributionImpl_ESTest.java:40)"
                ],
                [
                    "org.apache.commons.math.distribution.FDistributionImpl_ESTest.test03(FDistributionImpl_ESTest.java:65)"
                ]
            ]
        },
        {
            "patch": "/home/mmartinez/xTestCluster/Patches/Patches_Wang902/Patches_ICSE/Doverfitting/Cardumen/Math/patch1-Math-95-Cardumen-plausible.patch",
            "test": "test_from_WangICSE_patch1-Math-95-AVATAR-plausible",
            "failing": 2,
            "testrun": 20,
            "failings": [
                "test08(org.apache.commons.math.distribution.FDistributionImpl_ESTest)",
                "test03(org.apache.commons.math.distribution.FDistributionImpl_ESTest)"
            ],
            "status": "ok",
            "test_executed": [
                "org.apache.commons.math.distribution.FDistributionImpl_ESTest"
            ],
            "failing_assertions": [
                "java.lang.AssertionError: Expecting exception: Exception",
                "java.lang.AssertionError: expected:<1.0E-8> but was:<0.4999998749999688>"
            ],
            "failing_lines": [
                [
                    "org.apache.commons.math.distribution.FDistributionImpl_ESTest.test08(FDistributionImpl_ESTest.java:113)"
                ],
                [
                    "org.apache.commons.math.distribution.FDistributionImpl_ESTest.test03(FDistributionImpl_ESTest.java:70)"
                ]
            ]
        },
        {
            "patch": "/home/mmartinez/xTestCluster/Patches/Patches_Wang902/Patches_ICSE/Doverfitting/Cardumen/Math/patch1-Math-95-Cardumen-plausible.patch",
            "test": "test_from_WangICSE_patch1-Math-95-Cardumen-plausible",
            "failing": 0,
            "testrun": 22,
            "failings": [],
            "status": "ok",
            "test_executed": [
                "org.apache.commons.math.distribution.FDistributionImpl_ESTest"
            ],
            "failing_assertions": [],
            "failing_lines": []
        },
        {
            "patch": "/home/mmartinez/xTestCluster/Patches/Patches_Wang902/Patches_ICSE/Doverfitting/Cardumen/Math/patch1-Math-95-Cardumen-plausible.patch",
            "test": "test_from_WangICSE_patch1-Math-95-RSRepair-plausible",
            "failing": 0,
            "testrun": 20,
            "failings": [],
            "status": "ok",
            "test_executed": [
                "org.apache.commons.math.distribution.FDistributionImpl_ESTest"
            ],
            "failing_assertions": [],
            "failing_lines": []
        },
        {
            "patch": "/home/mmartinez/xTestCluster/Patches/Patches_Wang902/Patches_ICSE/Doverfitting/Cardumen/Math/patch1-Math-95-Cardumen-plausible.patch",
            "test": "test_from_WangICSE_patch1-Math-95-GenProg-plausible",
            "failing": 3,
            "testrun": 60,
            "failings": [
                "test03(org.apache.commons.math.distribution.FDistributionImpl_ESTest)",
                "test05(org.apache.commons.math.distribution.FDistributionImpl_ESTest)",
                "test04(org.apache.commons.math.distribution.FDistributionImpl_ESTest)"
            ],
            "status": "ok",
            "test_executed": [
                "org.apache.commons.math.analysis.UnivariateRealSolverUtils_ESTest",
                "org.apache.commons.math.distribution.FDistributionImpl_ESTest"
            ],
            "failing_assertions": [
                "java.lang.AssertionError: expected:<0.0> but was:<0.5>",
                "java.lang.AssertionError: expected:<-1905.1841510628992> but was:<0.9989524321166785>",
                "java.lang.AssertionError: expected:<2464.30011543> but was:<1.0008129089566988>"
            ],
            "failing_lines": [
                [
                    "org.apache.commons.math.distribution.FDistributionImpl_ESTest.test03(FDistributionImpl_ESTest.java:72)"
                ],
                [
                    "org.apache.commons.math.distribution.FDistributionImpl_ESTest.test05(FDistributionImpl_ESTest.java:88)"
                ],
                [
                    "org.apache.commons.math.distribution.FDistributionImpl_ESTest.test04(FDistributionImpl_ESTest.java:80)"
                ]
            ]
        },
        {
            "patch": "/home/mmartinez/xTestCluster/Patches/Patches_Wang902/Patches_ICSE/Doverfitting/Cardumen/Math/patch1-Math-95-Cardumen-plausible.patch",
            "test": "test_from_WangICSE_patch1-Math-95-Kali-plausible",
            "failing": 2,
            "testrun": 21,
            "failings": [
                "test07(org.apache.commons.math.distribution.FDistributionImpl_ESTest)",
                "test02(org.apache.commons.math.distribution.FDistributionImpl_ESTest)"
            ],
            "status": "ok",
            "test_executed": [
                "org.apache.commons.math.distribution.FDistributionImpl_ESTest"
            ],
            "failing_assertions": [
                "java.lang.AssertionError: Expecting exception: Exception",
                "java.lang.AssertionError: expected:<0.0> but was:<1.0018120244794364>"
            ],
            "failing_lines": [
                [
                    "org.apache.commons.math.distribution.FDistributionImpl_ESTest.test07(FDistributionImpl_ESTest.java:99)"
                ],
                [
                    "org.apache.commons.math.distribution.FDistributionImpl_ESTest.test02(FDistributionImpl_ESTest.java:55)"
                ]
            ]
        },
        {
            "patch": "/home/mmartinez/xTestCluster/Patches/Patches_Wang902/Patches_ICSE/Doverfitting/Cardumen/Math/patch1-Math-95-Cardumen-plausible.patch",
            "test": "test_from_WangICSE_patch1-Math-95-jGenProg-plausible",
            "failing": 2,
            "testrun": 18,
            "failings": [
                "test08(org.apache.commons.math.distribution.FDistributionImpl_ESTest)",
                "test03(org.apache.commons.math.distribution.FDistributionImpl_ESTest)"
            ],
            "status": "ok",
            "test_executed": [
                "org.apache.commons.math.distribution.FDistributionImpl_ESTest"
            ],
            "failing_assertions": [
                "java.lang.AssertionError: Expecting exception: Exception",
                "java.lang.AssertionError: expected:<0.0> but was:<3.694736842105263>"
            ],
            "failing_lines": [
                [
                    "org.apache.commons.math.distribution.FDistributionImpl_ESTest.test08(FDistributionImpl_ESTest.java:115)"
                ],
                [
                    "org.apache.commons.math.distribution.FDistributionImpl_ESTest.test03(FDistributionImpl_ESTest.java:70)"
                ]
            ]
        }
    ],
    "duration": 28.46
}