{
    "patch": "/home/mmartinez/xTestCluster/Patches/Patches_Wang902/Patches_ICSE/Ddifferent/TBar/Lang/patch1-Lang-33-TBar.patch",
    "project": "Lang",
    "bugid": "33",
    "dataset": "Patches_ICSE",
    "date": "2022-12-16T07:02:32.906689",
    "project_checked": "ok",
    "compiledProjectModified": "ok",
    "patchApplied": "ok",
    "arrive_end": "ok",
    "patched_project_pass_all_test": "no",
    "test_execution": [
        {
            "patch": "/home/mmartinez/xTestCluster/Patches/Patches_Wang902/Patches_ICSE/Ddifferent/TBar/Lang/patch1-Lang-33-TBar.patch",
            "test": "test_from_WangDRR_patch1-Lang-33-Jaid",
            "failing": 0,
            "testrun": 118,
            "failings": [],
            "status": "ok",
            "test_executed": [
                "org.apache.commons.lang3.ClassUtils_ESTest"
            ],
            "failing_assertions": [],
            "failing_lines": []
        },
        {
            "patch": "/home/mmartinez/xTestCluster/Patches/Patches_Wang902/Patches_ICSE/Ddifferent/TBar/Lang/patch1-Lang-33-TBar.patch",
            "test": "test_from_WangICSE_patch1-Lang-33-SimFix",
            "failing": 0,
            "testrun": 118,
            "failings": [],
            "status": "ok",
            "test_executed": [
                "org.apache.commons.lang3.ClassUtils_ESTest"
            ],
            "failing_assertions": [],
            "failing_lines": []
        },
        {
            "patch": "/home/mmartinez/xTestCluster/Patches/Patches_Wang902/Patches_ICSE/Ddifferent/TBar/Lang/patch1-Lang-33-TBar.patch",
            "test": "test_from_WangDRR_patch2-Lang-33-Jaid",
            "failing": 0,
            "testrun": 125,
            "failings": [],
            "status": "ok",
            "test_executed": [
                "org.apache.commons.lang3.ClassUtils_ESTest"
            ],
            "failing_assertions": [],
            "failing_lines": []
        },
        {
            "patch": "/home/mmartinez/xTestCluster/Patches/Patches_Wang902/Patches_ICSE/Ddifferent/TBar/Lang/patch1-Lang-33-TBar.patch",
            "test": "test_from_WangICSE_patch1-Lang-33-TBar",
            "failing": 0,
            "testrun": 120,
            "failings": [],
            "status": "ok",
            "test_executed": [
                "org.apache.commons.lang3.ClassUtils_ESTest"
            ],
            "failing_assertions": [],
            "failing_lines": []
        }
    ],
    "duration": 23.1
}