{
    "patch": "/home/mmartinez/xTestCluster/Patches/Patches_Wang902/Patches_ICSE/Doverfitting/GenProg/Chart/patch1-Chart-12-GenProg-plausible.patch",
    "project": "Chart",
    "bugid": "12",
    "dataset": "Patches_ICSE",
    "date": "2023-02-04T03:41:33.932873",
    "project_checked": "ok",
    "compiledProjectModified": "ok",
    "patchApplied": "ok",
    "arrive_end": "ok",
    "patched_project_pass_all_test": "no",
    "test_execution": [
        {
            "patch": "/home/mmartinez/xTestCluster/Patches/Patches_Wang902/Patches_ICSE/Doverfitting/GenProg/Chart/patch1-Chart-12-GenProg-plausible.patch",
            "test": "test_from_WangICSE_patch1-Chart-12-RSRepair-plausible",
            "failing": 9,
            "testrun": 39,
            "failings": [
                "test21(org.jfree.chart.plot.MultiplePiePlot_ESTest)",
                "test20(org.jfree.chart.plot.MultiplePiePlot_ESTest)",
                "test23(org.jfree.chart.plot.MultiplePiePlot_ESTest)",
                "test22(org.jfree.chart.plot.MultiplePiePlot_ESTest)",
                "test19(org.jfree.chart.plot.MultiplePiePlot_ESTest)",
                "test11(org.jfree.chart.plot.MultiplePiePlot_ESTest)",
                "test14(org.jfree.chart.plot.MultiplePiePlot_ESTest)",
                "test13(org.jfree.chart.plot.MultiplePiePlot_ESTest)",
                "test38(org.jfree.chart.plot.MultiplePiePlot_ESTest)"
            ],
            "status": "ok",
            "test_executed": [
                "org.jfree.chart.plot.MultiplePiePlot_ESTest"
            ],
            "failing_assertions": [
                "java.lang.NullPointerException",
                "java.lang.NullPointerException",
                "java.lang.NullPointerException",
                "java.lang.NullPointerException",
                "java.lang.NullPointerException",
                "java.lang.NullPointerException",
                "java.lang.NullPointerException",
                "java.lang.NullPointerException",
                "java.lang.NullPointerException"
            ],
            "failing_lines": [
                [
                    "org.jfree.chart.plot.MultiplePiePlot_ESTest.test21(MultiplePiePlot_ESTest.java:293)"
                ],
                [
                    "org.jfree.chart.plot.MultiplePiePlot_ESTest.test20(MultiplePiePlot_ESTest.java:281)"
                ],
                [
                    "org.jfree.chart.plot.MultiplePiePlot_ESTest.test23(MultiplePiePlot_ESTest.java:317)"
                ],
                [
                    "org.jfree.chart.plot.MultiplePiePlot_ESTest.test22(MultiplePiePlot_ESTest.java:304)"
                ],
                [
                    "org.jfree.chart.plot.MultiplePiePlot_ESTest.test19(MultiplePiePlot_ESTest.java:269)"
                ],
                [
                    "org.jfree.chart.plot.MultiplePiePlot_ESTest.test11(MultiplePiePlot_ESTest.java:177)"
                ],
                [
                    "org.jfree.chart.plot.MultiplePiePlot_ESTest.test14(MultiplePiePlot_ESTest.java:211)"
                ],
                [
                    "org.jfree.chart.plot.MultiplePiePlot_ESTest.test13(MultiplePiePlot_ESTest.java:199)"
                ],
                [
                    "org.jfree.chart.plot.MultiplePiePlot_ESTest.test38(MultiplePiePlot_ESTest.java:488)"
                ]
            ]
        },
        {
            "patch": "/home/mmartinez/xTestCluster/Patches/Patches_Wang902/Patches_ICSE/Doverfitting/GenProg/Chart/patch1-Chart-12-GenProg-plausible.patch",
            "test": "test_from_WangICSE_patch1-Chart-12-SimFix-plausible",
            "failing": 7,
            "testrun": 30,
            "failings": [
                "test06(org.jfree.chart.plot.MultiplePiePlot_ESTest)",
                "test25(org.jfree.chart.plot.MultiplePiePlot_ESTest)",
                "test24(org.jfree.chart.plot.MultiplePiePlot_ESTest)",
                "test12(org.jfree.chart.plot.MultiplePiePlot_ESTest)",
                "test11(org.jfree.chart.plot.MultiplePiePlot_ESTest)",
                "test14(org.jfree.chart.plot.MultiplePiePlot_ESTest)",
                "test13(org.jfree.chart.plot.MultiplePiePlot_ESTest)"
            ],
            "status": "ok",
            "test_executed": [
                "org.jfree.chart.plot.MultiplePiePlot_ESTest"
            ],
            "failing_assertions": [
                "java.lang.NullPointerException",
                "java.lang.NullPointerException",
                "java.lang.NullPointerException",
                "java.lang.NullPointerException",
                "java.lang.NullPointerException",
                "java.lang.NullPointerException",
                "java.lang.NullPointerException"
            ],
            "failing_lines": [
                [
                    "org.jfree.chart.plot.MultiplePiePlot_ESTest.test06(MultiplePiePlot_ESTest.java:121)"
                ],
                [
                    "org.jfree.chart.plot.MultiplePiePlot_ESTest.test25(MultiplePiePlot_ESTest.java:357)"
                ],
                [
                    "org.jfree.chart.plot.MultiplePiePlot_ESTest.test24(MultiplePiePlot_ESTest.java:346)"
                ],
                [
                    "org.jfree.chart.plot.MultiplePiePlot_ESTest.test12(MultiplePiePlot_ESTest.java:188)"
                ],
                [
                    "org.jfree.chart.plot.MultiplePiePlot_ESTest.test11(MultiplePiePlot_ESTest.java:176)"
                ],
                [
                    "org.jfree.chart.plot.MultiplePiePlot_ESTest.test14(MultiplePiePlot_ESTest.java:214)"
                ],
                [
                    "org.jfree.chart.plot.MultiplePiePlot_ESTest.test13(MultiplePiePlot_ESTest.java:201)"
                ]
            ]
        },
        {
            "patch": "/home/mmartinez/xTestCluster/Patches/Patches_Wang902/Patches_ICSE/Doverfitting/GenProg/Chart/patch1-Chart-12-GenProg-plausible.patch",
            "test": "test_from_WangICSE_patch1-Chart-12-GenProg-plausible",
            "failing": 0,
            "testrun": 160,
            "failings": [],
            "status": "ok",
            "test_executed": [
                "org.jfree.chart.plot.MultiplePiePlot_ESTest",
                "org.jfree.chart.JFreeChart_ESTest"
            ],
            "failing_assertions": [],
            "failing_lines": []
        },
        {
            "patch": "/home/mmartinez/xTestCluster/Patches/Patches_Wang902/Patches_ICSE/Doverfitting/GenProg/Chart/patch1-Chart-12-GenProg-plausible.patch",
            "test": "test_from_WangICSE_patch1-Chart-12-Kali-plausible",
            "failing": 1,
            "testrun": 14,
            "failings": [
                "test12(org.jfree.data.general.AbstractDataset_ESTest)"
            ],
            "status": "ok",
            "test_executed": [
                "org.jfree.data.general.AbstractDataset_ESTest"
            ],
            "failing_assertions": [
                "java.lang.AssertionError"
            ],
            "failing_lines": [
                [
                    "org.jfree.data.general.AbstractDataset_ESTest.test12(AbstractDataset_ESTest.java:185)"
                ]
            ]
        },
        {
            "patch": "/home/mmartinez/xTestCluster/Patches/Patches_Wang902/Patches_ICSE/Doverfitting/GenProg/Chart/patch1-Chart-12-GenProg-plausible.patch",
            "test": "test_from_WangICSE_patch1-Chart-12-TBar-plausible",
            "failing": 1,
            "testrun": 10,
            "failings": [
                "test4(org.jfree.data.general.AbstractDataset_ESTest)"
            ],
            "status": "ok",
            "test_executed": [
                "org.jfree.data.general.AbstractDataset_ESTest"
            ],
            "failing_assertions": [
                "java.lang.AssertionError"
            ],
            "failing_lines": [
                [
                    "org.jfree.data.general.AbstractDataset_ESTest.test4(AbstractDataset_ESTest.java:73)"
                ]
            ]
        },
        {
            "patch": "/home/mmartinez/xTestCluster/Patches/Patches_Wang902/Patches_ICSE/Doverfitting/GenProg/Chart/patch1-Chart-12-GenProg-plausible.patch",
            "test": "test_from_WangICSE_patch1-Chart-12-Arja",
            "failing": 9,
            "testrun": 40,
            "failings": [
                "test09(org.jfree.chart.plot.MultiplePiePlot_ESTest)",
                "test21(org.jfree.chart.plot.MultiplePiePlot_ESTest)",
                "test20(org.jfree.chart.plot.MultiplePiePlot_ESTest)",
                "test23(org.jfree.chart.plot.MultiplePiePlot_ESTest)",
                "test22(org.jfree.chart.plot.MultiplePiePlot_ESTest)",
                "test24(org.jfree.chart.plot.MultiplePiePlot_ESTest)",
                "test26(org.jfree.chart.plot.MultiplePiePlot_ESTest)",
                "test10(org.jfree.chart.plot.MultiplePiePlot_ESTest)",
                "test36(org.jfree.chart.plot.MultiplePiePlot_ESTest)"
            ],
            "status": "ok",
            "test_executed": [
                "org.jfree.chart.plot.MultiplePiePlot_ESTest"
            ],
            "failing_assertions": [
                "java.lang.NullPointerException",
                "java.lang.NullPointerException",
                "org.evosuite.runtime.mock.java.lang.MockIllegalArgumentException: Null \\'fillPaint\\' argument.",
                "java.lang.NullPointerException",
                "java.lang.NullPointerException",
                "java.lang.NullPointerException",
                "java.lang.NullPointerException",
                "java.lang.NullPointerException",
                "java.lang.NullPointerException"
            ],
            "failing_lines": [
                [
                    "org.jfree.chart.plot.MultiplePiePlot_ESTest.test09(MultiplePiePlot_ESTest.java:160)"
                ],
                [
                    "org.jfree.chart.plot.MultiplePiePlot_ESTest.test21(MultiplePiePlot_ESTest.java:287)"
                ],
                [
                    "org.jfree.chart.plot.MultiplePiePlot_ESTest.test20(MultiplePiePlot_ESTest.java:272)"
                ],
                [
                    "org.jfree.chart.plot.MultiplePiePlot_ESTest.test23(MultiplePiePlot_ESTest.java:314)"
                ],
                [
                    "org.jfree.chart.plot.MultiplePiePlot_ESTest.test22(MultiplePiePlot_ESTest.java:301)"
                ],
                [
                    "org.jfree.chart.plot.MultiplePiePlot_ESTest.test24(MultiplePiePlot_ESTest.java:335)"
                ],
                [
                    "org.jfree.chart.plot.MultiplePiePlot_ESTest.test26(MultiplePiePlot_ESTest.java:366)"
                ],
                [
                    "org.jfree.chart.plot.MultiplePiePlot_ESTest.test10(MultiplePiePlot_ESTest.java:173)"
                ],
                [
                    "org.jfree.chart.plot.MultiplePiePlot_ESTest.test36(MultiplePiePlot_ESTest.java:494)"
                ]
            ]
        }
    ],
    "duration": 34.7
}