{
    "patch": "/home/mmartinez/xTestCluster/Patches/Patches_Wang902/Patches_ICSE/Doverfitting/AVATAR/Math/patch1-Math-88-AVATAR-plausible.patch",
    "project": "Math",
    "bugid": "88",
    "dataset": "Patches_ICSE",
    "date": "2022-12-15T22:34:36.766269",
    "project_checked": "ok",
    "compiledProjectModified": "ok",
    "patchApplied": "ok",
    "arrive_end": "ok",
    "patched_project_pass_all_test": "no",
    "test_execution": [
        {
            "patch": "/home/mmartinez/xTestCluster/Patches/Patches_Wang902/Patches_ICSE/Doverfitting/AVATAR/Math/patch1-Math-88-AVATAR-plausible.patch",
            "test": "test_from_WangICSE_patch1-Math-88-AVATAR-plausible",
            "failing": 0,
            "testrun": 75,
            "failings": [],
            "status": "ok",
            "test_executed": [
                "org.apache.commons.math.optimization.linear.SimplexTableau_ESTest"
            ],
            "failing_assertions": [],
            "failing_lines": []
        },
        {
            "patch": "/home/mmartinez/xTestCluster/Patches/Patches_Wang902/Patches_ICSE/Doverfitting/AVATAR/Math/patch1-Math-88-AVATAR-plausible.patch",
            "test": "test_from_WangICSE_patch1-Math-88-jMutRepair-plausible",
            "failing": 0,
            "testrun": 18,
            "failings": [],
            "status": "ok",
            "test_executed": [
                "org.apache.commons.math.optimization.linear.SimplexSolver_ESTest"
            ],
            "failing_assertions": [],
            "failing_lines": []
        },
        {
            "patch": "/home/mmartinez/xTestCluster/Patches/Patches_Wang902/Patches_ICSE/Doverfitting/AVATAR/Math/patch1-Math-88-AVATAR-plausible.patch",
            "test": "test_from_WangICSE_patch1-Math-88-TBar-plausible",
            "failing": 0,
            "testrun": 71,
            "failings": [],
            "status": "ok",
            "test_executed": [
                "org.apache.commons.math.optimization.linear.SimplexTableau_ESTest"
            ],
            "failing_assertions": [],
            "failing_lines": []
        },
        {
            "patch": "/home/mmartinez/xTestCluster/Patches/Patches_Wang902/Patches_ICSE/Doverfitting/AVATAR/Math/patch1-Math-88-AVATAR-plausible.patch",
            "test": "test_from_WangICSE_patch1-Math-88-SimFix-plausible",
            "failing": 0,
            "testrun": 19,
            "failings": [],
            "status": "ok",
            "test_executed": [
                "org.apache.commons.math.optimization.linear.SimplexSolver_ESTest"
            ],
            "failing_assertions": [],
            "failing_lines": []
        }
    ],
    "duration": 25.05
}