{
    "patch": "/home/mmartinez/xTestCluster/Patches/Patches_Wang902/Patches_ICSE/Doverfitting/kPAR/Lang/patch1-Lang-20-kPAR-plausible.patch",
    "project": "Lang",
    "bugid": "20",
    "dataset": "Patches_ICSE",
    "date": "2022-12-16T05:28:15.967776",
    "project_checked": "ok",
    "compiledProjectModified": "ok",
    "patchApplied": "ok",
    "arrive_end": "ok",
    "patched_project_pass_all_test": "no",
    "test_execution": [
        {
            "patch": "/home/mmartinez/xTestCluster/Patches/Patches_Wang902/Patches_ICSE/Doverfitting/kPAR/Lang/patch1-Lang-20-kPAR-plausible.patch",
            "test": "test_from_WangICSE_patch1-Lang-20-AVATAR-plausible",
            "failing": 0,
            "testrun": 645,
            "failings": [],
            "status": "ok",
            "test_executed": [
                "org.apache.commons.lang3.StringUtils_ESTest"
            ],
            "failing_assertions": [],
            "failing_lines": []
        },
        {
            "patch": "/home/mmartinez/xTestCluster/Patches/Patches_Wang902/Patches_ICSE/Doverfitting/kPAR/Lang/patch1-Lang-20-kPAR-plausible.patch",
            "test": "test_from_WangICSE_patch1-Lang-20-TBar-plausible",
            "failing": 0,
            "testrun": 585,
            "failings": [],
            "status": "ok",
            "test_executed": [
                "org.apache.commons.lang3.StringUtils_ESTest"
            ],
            "failing_assertions": [],
            "failing_lines": []
        },
        {
            "patch": "/home/mmartinez/xTestCluster/Patches/Patches_Wang902/Patches_ICSE/Doverfitting/kPAR/Lang/patch1-Lang-20-kPAR-plausible.patch",
            "test": "test_from_WangICSE_patch1-Lang-20-Arja-plausible",
            "failing": 0,
            "testrun": 626,
            "failings": [],
            "status": "ok",
            "test_executed": [
                "org.apache.commons.lang3.StringUtils_ESTest"
            ],
            "failing_assertions": [],
            "failing_lines": []
        },
        {
            "patch": "/home/mmartinez/xTestCluster/Patches/Patches_Wang902/Patches_ICSE/Doverfitting/kPAR/Lang/patch1-Lang-20-kPAR-plausible.patch",
            "test": "test_from_WangICSE_patch1-Lang-20-kPAR-plausible",
            "failing": 0,
            "testrun": 574,
            "failings": [],
            "status": "ok",
            "test_executed": [
                "org.apache.commons.lang3.StringUtils_ESTest"
            ],
            "failing_assertions": [],
            "failing_lines": []
        }
    ],
    "duration": 40.94
}