{
    "patch": "/home/mmartinez/xTestCluster/Patches/Patches_Wang902/Patches_ICSE/Dsame/ACS/Chart/patch1-Chart-14-ACS.patch",
    "project": "Chart",
    "bugid": "14",
    "dataset": "Patches_ICSE",
    "date": "2022-12-16T05:24:27.978951",
    "project_checked": "ok",
    "compiledProjectModified": "ok",
    "patchApplied": "ok",
    "arrive_end": "ok",
    "patched_project_pass_all_test": "no",
    "test_execution": [
        {
            "patch": "/home/mmartinez/xTestCluster/Patches/Patches_Wang902/Patches_ICSE/Dsame/ACS/Chart/patch1-Chart-14-ACS.patch",
            "test": "test_from_WangICSE_patch1-Chart-14-TBar-plausible",
            "failing": 5,
            "testrun": 295,
            "failings": [
                "test270(org.jfree.chart.plot.XYPlot_ESTest)",
                "test162(org.jfree.chart.plot.XYPlot_ESTest)",
                "test067(org.jfree.chart.plot.XYPlot_ESTest)",
                "test068(org.jfree.chart.plot.XYPlot_ESTest)",
                "test094(org.jfree.chart.plot.XYPlot_ESTest)"
            ],
            "status": "ok",
            "test_executed": [
                "org.jfree.chart.plot.XYPlot_ESTest"
            ],
            "failing_assertions": [
                "java.lang.AssertionError: Expecting exception: NullPointerException",
                "java.lang.AssertionError: Expecting exception: NullPointerException",
                "java.lang.AssertionError: Expecting exception: NullPointerException",
                "java.lang.AssertionError: Expecting exception: NullPointerException",
                "java.lang.AssertionError: Expecting exception: NullPointerException"
            ],
            "failing_lines": [
                [
                    "org.jfree.chart.plot.XYPlot_ESTest.test270(XYPlot_ESTest.java:25243)"
                ],
                [
                    "org.jfree.chart.plot.XYPlot_ESTest.test162(XYPlot_ESTest.java:20870)"
                ],
                [
                    "org.jfree.chart.plot.XYPlot_ESTest.test067(XYPlot_ESTest.java:8325)"
                ],
                [
                    "org.jfree.chart.plot.XYPlot_ESTest.test068(XYPlot_ESTest.java:8383)"
                ],
                [
                    "org.jfree.chart.plot.XYPlot_ESTest.test094(XYPlot_ESTest.java:11616)"
                ]
            ]
        },
        {
            "patch": "/home/mmartinez/xTestCluster/Patches/Patches_Wang902/Patches_ICSE/Dsame/ACS/Chart/patch1-Chart-14-ACS.patch",
            "test": "test_from_WangICSE_patch1-Chart-14-FixMiner-plausible",
            "failing": 5,
            "testrun": 287,
            "failings": [
                "test262(org.jfree.chart.plot.XYPlot_ESTest)",
                "test160(org.jfree.chart.plot.XYPlot_ESTest)",
                "test047(org.jfree.chart.plot.XYPlot_ESTest)",
                "test048(org.jfree.chart.plot.XYPlot_ESTest)",
                "test070(org.jfree.chart.plot.XYPlot_ESTest)"
            ],
            "status": "ok",
            "test_executed": [
                "org.jfree.chart.plot.XYPlot_ESTest"
            ],
            "failing_assertions": [
                "java.lang.AssertionError: Expecting exception: NullPointerException",
                "java.lang.AssertionError: Expecting exception: NullPointerException",
                "java.lang.AssertionError: Expecting exception: NullPointerException",
                "java.lang.AssertionError: Expecting exception: NullPointerException",
                "java.lang.AssertionError: Expecting exception: NullPointerException"
            ],
            "failing_lines": [
                [
                    "org.jfree.chart.plot.XYPlot_ESTest.test262(XYPlot_ESTest.java:25253)"
                ],
                [
                    "org.jfree.chart.plot.XYPlot_ESTest.test160(XYPlot_ESTest.java:21764)"
                ],
                [
                    "org.jfree.chart.plot.XYPlot_ESTest.test047(XYPlot_ESTest.java:6216)"
                ],
                [
                    "org.jfree.chart.plot.XYPlot_ESTest.test048(XYPlot_ESTest.java:6268)"
                ],
                [
                    "org.jfree.chart.plot.XYPlot_ESTest.test070(XYPlot_ESTest.java:8787)"
                ]
            ]
        },
        {
            "patch": "/home/mmartinez/xTestCluster/Patches/Patches_Wang902/Patches_ICSE/Dsame/ACS/Chart/patch1-Chart-14-ACS.patch",
            "test": "test_from_WangICSE_patch1-Chart-14-AVATAR-plausible",
            "failing": 5,
            "testrun": 283,
            "failings": [
                "test258(org.jfree.chart.plot.XYPlot_ESTest)",
                "test156(org.jfree.chart.plot.XYPlot_ESTest)",
                "test036(org.jfree.chart.plot.XYPlot_ESTest)",
                "test057(org.jfree.chart.plot.XYPlot_ESTest)",
                "test084(org.jfree.chart.plot.XYPlot_ESTest)"
            ],
            "status": "ok",
            "test_executed": [
                "org.jfree.chart.plot.XYPlot_ESTest"
            ],
            "failing_assertions": [
                "java.lang.AssertionError: Expecting exception: NullPointerException",
                "java.lang.AssertionError: Expecting exception: NullPointerException",
                "java.lang.AssertionError: Expecting exception: NullPointerException",
                "java.lang.AssertionError: Expecting exception: NullPointerException",
                "java.lang.AssertionError: Expecting exception: NullPointerException"
            ],
            "failing_lines": [
                [
                    "org.jfree.chart.plot.XYPlot_ESTest.test258(XYPlot_ESTest.java:26971)"
                ],
                [
                    "org.jfree.chart.plot.XYPlot_ESTest.test156(XYPlot_ESTest.java:23270)"
                ],
                [
                    "org.jfree.chart.plot.XYPlot_ESTest.test036(XYPlot_ESTest.java:4176)"
                ],
                [
                    "org.jfree.chart.plot.XYPlot_ESTest.test057(XYPlot_ESTest.java:7204)"
                ],
                [
                    "org.jfree.chart.plot.XYPlot_ESTest.test084(XYPlot_ESTest.java:10503)"
                ]
            ]
        },
        {
            "patch": "/home/mmartinez/xTestCluster/Patches/Patches_Wang902/Patches_ICSE/Dsame/ACS/Chart/patch1-Chart-14-ACS.patch",
            "test": "test_from_WangICSE_patch1-Chart-14-Arja-plusible",
            "failing": 12,
            "testrun": 540,
            "failings": [
                "test140(org.jfree.chart.plot.XYPlot_ESTest)",
                "test047(org.jfree.chart.plot.XYPlot_ESTest)",
                "test048(org.jfree.chart.plot.XYPlot_ESTest)",
                "test133(org.jfree.chart.plot.XYPlot_ESTest)",
                "test065(org.jfree.chart.plot.CategoryPlot_ESTest)",
                "test064(org.jfree.chart.plot.CategoryPlot_ESTest)",
                "test277(org.jfree.chart.plot.CategoryPlot_ESTest)",
                "test041(org.jfree.chart.plot.CategoryPlot_ESTest)",
                "test166(org.jfree.chart.plot.CategoryPlot_ESTest)",
                "test043(org.jfree.chart.plot.CategoryPlot_ESTest)",
                "test236(org.jfree.chart.plot.CategoryPlot_ESTest)",
                "test123(org.jfree.chart.plot.CategoryPlot_ESTest)"
            ],
            "status": "ok",
            "test_executed": [
                "org.jfree.chart.plot.XYPlot_ESTest",
                "org.jfree.chart.plot.CategoryPlot_ESTest"
            ],
            "failing_assertions": [
                "java.lang.AssertionError: Expecting exception: NullPointerException",
                "java.lang.AssertionError: Expecting exception: NullPointerException",
                "java.lang.AssertionError: Expecting exception: NullPointerException",
                "java.lang.AssertionError: Expecting exception: NullPointerException",
                "java.lang.AssertionError: Expecting exception: NullPointerException",
                "java.lang.AssertionError: Expecting exception: NullPointerException",
                "org.evosuite.runtime.mock.java.lang.MockIllegalArgumentException: Null \\'marker\\' argument.",
                "java.lang.AssertionError: Expecting exception: NullPointerException",
                "java.lang.AssertionError: Expecting exception: NullPointerException",
                "java.lang.AssertionError: Expecting exception: NullPointerException",
                "java.lang.AssertionError: Expecting exception: NullPointerException",
                "java.lang.AssertionError: Expecting exception: NullPointerException"
            ],
            "failing_lines": [
                [
                    "org.jfree.chart.plot.XYPlot_ESTest.test140(XYPlot_ESTest.java:22075)"
                ],
                [
                    "org.jfree.chart.plot.XYPlot_ESTest.test047(XYPlot_ESTest.java:7986)"
                ],
                [
                    "org.jfree.chart.plot.XYPlot_ESTest.test048(XYPlot_ESTest.java:8043)"
                ],
                [
                    "org.jfree.chart.plot.XYPlot_ESTest.test133(XYPlot_ESTest.java:21270)"
                ],
                [
                    "org.jfree.chart.plot.CategoryPlot_ESTest.test065(CategoryPlot_ESTest.java:872)"
                ],
                [
                    "org.jfree.chart.plot.CategoryPlot_ESTest.test064(CategoryPlot_ESTest.java:852)"
                ],
                [
                    "org.jfree.chart.plot.CategoryPlot_ESTest.test277(CategoryPlot_ESTest.java:2834)"
                ],
                [
                    "org.jfree.chart.plot.CategoryPlot_ESTest.test041(CategoryPlot_ESTest.java:539)"
                ],
                [
                    "org.jfree.chart.plot.CategoryPlot_ESTest.test166(CategoryPlot_ESTest.java:1839)"
                ],
                [
                    "org.jfree.chart.plot.CategoryPlot_ESTest.test043(CategoryPlot_ESTest.java:574)"
                ],
                [
                    "org.jfree.chart.plot.CategoryPlot_ESTest.test236(CategoryPlot_ESTest.java:2509)"
                ],
                [
                    "org.jfree.chart.plot.CategoryPlot_ESTest.test123(CategoryPlot_ESTest.java:1392)"
                ]
            ]
        },
        {
            "patch": "/home/mmartinez/xTestCluster/Patches/Patches_Wang902/Patches_ICSE/Dsame/ACS/Chart/patch1-Chart-14-ACS.patch",
            "test": "test_from_WangICSE_patch1-Chart-14-ACS",
            "failing": 0,
            "testrun": 278,
            "failings": [],
            "status": "ok",
            "test_executed": [
                "org.jfree.chart.plot.CategoryPlot_ESTest"
            ],
            "failing_assertions": [],
            "failing_lines": []
        }
    ],
    "duration": 67.56
}