{
    "patch": "/home/mmartinez/xTestCluster/Patches/Patches_Wang902/Patches_ICSE/Doverfitting/GenProg/Closure/patch1-Closure-124-GenProg-plausible.patch",
    "project": "Closure",
    "bugid": "124",
    "dataset": "Patches_ICSE",
    "date": "2022-12-16T03:45:03.079970",
    "project_checked": "ok",
    "compiledProjectModified": "ok",
    "patchApplied": "ok",
    "arrive_end": "ok",
    "patched_project_pass_all_test": "no",
    "test_execution": [
        {
            "patch": "/home/mmartinez/xTestCluster/Patches/Patches_Wang902/Patches_ICSE/Doverfitting/GenProg/Closure/patch1-Closure-124-GenProg-plausible.patch",
            "test": "test_from_WangICSE_patch1-Closure-124-Kali-plausible",
            "failing": 0,
            "testrun": 25,
            "failings": [],
            "status": "ok",
            "test_executed": [
                "com.google.javascript.jscomp.ExploitAssigns_ESTest"
            ],
            "failing_assertions": [],
            "failing_lines": []
        },
        {
            "patch": "/home/mmartinez/xTestCluster/Patches/Patches_Wang902/Patches_ICSE/Doverfitting/GenProg/Closure/patch1-Closure-124-GenProg-plausible.patch",
            "test": "test_from_WangICSE_patch1-Closure-124-RSRepair-plausible",
            "failing": 0,
            "testrun": 33,
            "failings": [],
            "status": "ok",
            "test_executed": [
                "com.google.javascript.jscomp.ExploitAssigns_ESTest"
            ],
            "failing_assertions": [],
            "failing_lines": []
        },
        {
            "patch": "/home/mmartinez/xTestCluster/Patches/Patches_Wang902/Patches_ICSE/Doverfitting/GenProg/Closure/patch1-Closure-124-GenProg-plausible.patch",
            "test": "test_from_WangICSE_patch1-Closure-124-GenProg-plausible",
            "failing": 0,
            "testrun": 18,
            "failings": [],
            "status": "ok",
            "test_executed": [
                "com.google.javascript.jscomp.ExploitAssigns_ESTest"
            ],
            "failing_assertions": [],
            "failing_lines": []
        },
        {
            "patch": "/home/mmartinez/xTestCluster/Patches/Patches_Wang902/Patches_ICSE/Doverfitting/GenProg/Closure/patch1-Closure-124-GenProg-plausible.patch",
            "test": "test_from_WangICSE_patch1-Closure-124-Arja-plausible",
            "failing": 0,
            "testrun": 24,
            "failings": [],
            "status": "ok",
            "test_executed": [
                "com.google.javascript.jscomp.ExploitAssigns_ESTest"
            ],
            "failing_assertions": [],
            "failing_lines": []
        }
    ],
    "duration": 42.8
}