{
    "patch": "/home/mmartinez/xTestCluster/Patches/Patches_Wang902/Patches_ICSE/Doverfitting/RSRepair/Closure/patch1-Closure-78-RSRepair-plausible.patch",
    "project": "Closure",
    "bugid": "78",
    "dataset": "Patches_ICSE",
    "date": "2022-12-16T03:41:46.392130",
    "project_checked": "ok",
    "compiledProjectModified": "ok",
    "patchApplied": "ok",
    "arrive_end": "ok",
    "patched_project_pass_all_test": "no",
    "test_execution": [
        {
            "patch": "/home/mmartinez/xTestCluster/Patches/Patches_Wang902/Patches_ICSE/Doverfitting/RSRepair/Closure/patch1-Closure-78-RSRepair-plausible.patch",
            "test": "test_from_WangICSE_patch1-Closure-78-GenProg-plausible",
            "failing": 0,
            "testrun": 20,
            "failings": [],
            "status": "ok",
            "test_executed": [
                "com.google.javascript.jscomp.AbstractPeepholeOptimization_ESTest"
            ],
            "failing_assertions": [],
            "failing_lines": []
        },
        {
            "patch": "/home/mmartinez/xTestCluster/Patches/Patches_Wang902/Patches_ICSE/Doverfitting/RSRepair/Closure/patch1-Closure-78-RSRepair-plausible.patch",
            "test": "test_from_WangICSE_patch1-Closure-78-RSRepair-plausible",
            "failing": 0,
            "testrun": 20,
            "failings": [
                "Error"
            ],
            "status": "ok",
            "test_executed": [
                "com.google.javascript.jscomp.AbstractPeepholeOptimization_ESTest"
            ],
            "failing_assertions": [
                "03:42:15.001 [main] INFO org.evosuite.runtime.instrumentation.EvoClassLoader - Seeing class for first time: com.google.javascript.jscomp.mozilla.rhino.VMBridge_custom"
            ],
            "failing_lines": []
        },
        {
            "patch": "/home/mmartinez/xTestCluster/Patches/Patches_Wang902/Patches_ICSE/Doverfitting/RSRepair/Closure/patch1-Closure-78-RSRepair-plausible.patch",
            "test": "test_from_WangICSE_patch1-Closure-78-Kali-plausible",
            "failing": 0,
            "testrun": 22,
            "failings": [],
            "status": "ok",
            "test_executed": [
                "com.google.javascript.jscomp.AbstractPeepholeOptimization_ESTest"
            ],
            "failing_assertions": [],
            "failing_lines": []
        },
        {
            "patch": "/home/mmartinez/xTestCluster/Patches/Patches_Wang902/Patches_ICSE/Doverfitting/RSRepair/Closure/patch1-Closure-78-RSRepair-plausible.patch",
            "test": "test_from_WangICSE_patch1-Closure-78-Arja-plausible",
            "failing": 0,
            "testrun": 128,
            "failings": [
                "Error",
                "Error"
            ],
            "status": "ok",
            "test_executed": [
                "com.google.javascript.jscomp.AbstractPeepholeOptimization_ESTest",
                "com.google.javascript.jscomp.PeepholeFoldConstants_ESTest"
            ],
            "failing_assertions": [
                "03:42:25.154 [main] INFO org.evosuite.runtime.instrumentation.EvoClassLoader - Seeing class for first time: com.google.javascript.jscomp.mozilla.rhino.VMBridge_custom",
                "03:42:25.210 [main] INFO org.evosuite.runtime.instrumentation.EvoClassLoader - Seeing class for first time: com.google.javascript.jscomp.mozilla.rhino.VMBridge_custom"
            ],
            "failing_lines": []
        }
    ],
    "duration": 41.93
}