{
    "patch": "/home/mmartinez/xTestCluster/Patches/Patches_Wang902/Patches_ICSE/Doverfitting/Cardumen/Math/patch1-Math-63-Cardumen-plausible.patch",
    "project": "Math",
    "bugid": "63",
    "dataset": "Patches_ICSE",
    "date": "2022-12-27T20:49:42.164735",
    "project_checked": "ok",
    "compiledProjectModified": "ok",
    "patchApplied": "ok",
    "arrive_end": "ok",
    "patched_project_pass_all_test": "no",
    "test_execution": [
        {
            "patch": "/home/mmartinez/xTestCluster/Patches/Patches_Wang902/Patches_ICSE/Doverfitting/Cardumen/Math/patch1-Math-63-Cardumen-plausible.patch",
            "test": "test_from_WangDRR_patch4-Math-63-CapGen-plausible",
            "failing": 2,
            "testrun": 267,
            "failings": [
                "test111(org.apache.commons.math.util.MathUtils_ESTest)",
                "test213(org.apache.commons.math.util.MathUtils_ESTest)"
            ],
            "status": "ok",
            "test_executed": [
                "org.apache.commons.math.util.MathUtils_ESTest"
            ],
            "failing_assertions": [
                "java.lang.AssertionError: expected:<2147481926> but was:<1073740962>",
                "java.lang.AssertionError: expected:<14> but was:<28>"
            ],
            "failing_lines": [
                [
                    "org.apache.commons.math.util.MathUtils_ESTest.test111(MathUtils_ESTest.java:1286)"
                ],
                [
                    "org.apache.commons.math.util.MathUtils_ESTest.test213(MathUtils_ESTest.java:2184)"
                ]
            ]
        },
        {
            "patch": "/home/mmartinez/xTestCluster/Patches/Patches_Wang902/Patches_ICSE/Doverfitting/Cardumen/Math/patch1-Math-63-Cardumen-plausible.patch",
            "test": "test_from_WangDRR_patch5-Math-63-CapGen-plausible",
            "failing": 2,
            "testrun": 288,
            "failings": [
                "test121(org.apache.commons.math.util.MathUtils_ESTest)",
                "test224(org.apache.commons.math.util.MathUtils_ESTest)"
            ],
            "status": "ok",
            "test_executed": [
                "org.apache.commons.math.util.MathUtils_ESTest"
            ],
            "failing_assertions": [
                "java.lang.AssertionError: expected:<194> but was:<24>",
                "java.lang.AssertionError: expected:<14> but was:<28>"
            ],
            "failing_lines": [
                [
                    "org.apache.commons.math.util.MathUtils_ESTest.test121(MathUtils_ESTest.java:1251)"
                ],
                [
                    "org.apache.commons.math.util.MathUtils_ESTest.test224(MathUtils_ESTest.java:2187)"
                ]
            ]
        },
        {
            "patch": "/home/mmartinez/xTestCluster/Patches/Patches_Wang902/Patches_ICSE/Doverfitting/Cardumen/Math/patch1-Math-63-Cardumen-plausible.patch",
            "test": "test_from_WangICSE_patch1-Math-63-TBar-plausible",
            "failing": 1,
            "testrun": 253,
            "failings": [
                "test197(org.apache.commons.math.util.MathUtils_ESTest)"
            ],
            "status": "ok",
            "test_executed": [
                "org.apache.commons.math.util.MathUtils_ESTest"
            ],
            "failing_assertions": [
                "java.lang.AssertionError: expected:<912> but was:<228>"
            ],
            "failing_lines": [
                [
                    "org.apache.commons.math.util.MathUtils_ESTest.test197(MathUtils_ESTest.java:1940)"
                ]
            ]
        },
        {
            "patch": "/home/mmartinez/xTestCluster/Patches/Patches_Wang902/Patches_ICSE/Doverfitting/Cardumen/Math/patch1-Math-63-Cardumen-plausible.patch",
            "test": "test_from_WangDRR_patch1-Math-63-CapGen-plausible",
            "failing": 3,
            "testrun": 278,
            "failings": [
                "test113(org.apache.commons.math.util.MathUtils_ESTest)",
                "test114(org.apache.commons.math.util.MathUtils_ESTest)",
                "test215(org.apache.commons.math.util.MathUtils_ESTest)"
            ],
            "status": "ok",
            "test_executed": [
                "org.apache.commons.math.util.MathUtils_ESTest"
            ],
            "failing_assertions": [
                "java.lang.AssertionError: expected:<4> but was:<2>",
                "java.lang.AssertionError: expected:<1376> but was:<168>",
                "java.lang.AssertionError: expected:<174> but was:<348>"
            ],
            "failing_lines": [
                [
                    "org.apache.commons.math.util.MathUtils_ESTest.test113(MathUtils_ESTest.java:1236)"
                ],
                [
                    "org.apache.commons.math.util.MathUtils_ESTest.test114(MathUtils_ESTest.java:1242)"
                ],
                [
                    "org.apache.commons.math.util.MathUtils_ESTest.test215(MathUtils_ESTest.java:2135)"
                ]
            ]
        },
        {
            "patch": "/home/mmartinez/xTestCluster/Patches/Patches_Wang902/Patches_ICSE/Doverfitting/Cardumen/Math/patch1-Math-63-Cardumen-plausible.patch",
            "test": "test_from_WangDRR_patch6-Math-63-CapGen-plausible",
            "failing": 1,
            "testrun": 287,
            "failings": [
                "test120(org.apache.commons.math.util.MathUtils_ESTest)"
            ],
            "status": "ok",
            "test_executed": [
                "org.apache.commons.math.util.MathUtils_ESTest"
            ],
            "failing_assertions": [
                "java.lang.AssertionError: expected:<192> but was:<24>"
            ],
            "failing_lines": [
                [
                    "org.apache.commons.math.util.MathUtils_ESTest.test120(MathUtils_ESTest.java:1302)"
                ]
            ]
        },
        {
            "patch": "/home/mmartinez/xTestCluster/Patches/Patches_Wang902/Patches_ICSE/Doverfitting/Cardumen/Math/patch1-Math-63-Cardumen-plausible.patch",
            "test": "test_from_WangDRR_patch1-Math-63-SequenceR",
            "failing": 0,
            "testrun": 0,
            "failings": [],
            "status": "ERROR",
            "test_executed": [],
            "failing_assertions": null,
            "failing_lines": null,
            "errorLog": "no test generated"
        },
        {
            "patch": "/home/mmartinez/xTestCluster/Patches/Patches_Wang902/Patches_ICSE/Doverfitting/Cardumen/Math/patch1-Math-63-Cardumen-plausible.patch",
            "test": "test_from_WangICSE_patch1-Math-63-FixMiner-plausible",
            "failing": 0,
            "testrun": 0,
            "failings": [],
            "status": "ERROR",
            "test_executed": [],
            "failing_assertions": null,
            "failing_lines": null,
            "errorLog": "no test generated"
        },
        {
            "patch": "/home/mmartinez/xTestCluster/Patches/Patches_Wang902/Patches_ICSE/Doverfitting/Cardumen/Math/patch1-Math-63-Cardumen-plausible.patch",
            "test": "test_from_WangDRR_patch7-Math-63-CapGen-plausible",
            "failing": 1,
            "testrun": 244,
            "failings": [
                "test190(org.apache.commons.math.util.MathUtils_ESTest)"
            ],
            "status": "ok",
            "test_executed": [
                "org.apache.commons.math.util.MathUtils_ESTest"
            ],
            "failing_assertions": [
                "20:50:13.883 [main] INFO org.evosuite.runtime.instrumentation.EvoClassLoader - Seeing class for first time: META-INF/localization/LocalizedFormats"
            ],
            "failing_lines": [
                [
                    "org.apache.commons.math.util.MathUtils_ESTest.test190(MathUtils_ESTest.java:1834)"
                ]
            ]
        },
        {
            "patch": "/home/mmartinez/xTestCluster/Patches/Patches_Wang902/Patches_ICSE/Doverfitting/Cardumen/Math/patch1-Math-63-Cardumen-plausible.patch",
            "test": "test_from_WangDRR_patch8-Math-63-CapGen-plausible",
            "failing": 1,
            "testrun": 260,
            "failings": [
                "test109(org.apache.commons.math.util.MathUtils_ESTest)"
            ],
            "status": "ok",
            "test_executed": [
                "org.apache.commons.math.util.MathUtils_ESTest"
            ],
            "failing_assertions": [
                "java.lang.AssertionError: expected:<776> but was:<48>"
            ],
            "failing_lines": [
                [
                    "org.apache.commons.math.util.MathUtils_ESTest.test109(MathUtils_ESTest.java:1142)"
                ]
            ]
        },
        {
            "patch": "/home/mmartinez/xTestCluster/Patches/Patches_Wang902/Patches_ICSE/Doverfitting/Cardumen/Math/patch1-Math-63-Cardumen-plausible.patch",
            "test": "test_from_WangICSE_patch1-Math-63-SimFix-plausible",
            "failing": 1,
            "testrun": 249,
            "failings": [
                "test196(org.apache.commons.math.util.MathUtils_ESTest)"
            ],
            "status": "ok",
            "test_executed": [
                "org.apache.commons.math.util.MathUtils_ESTest"
            ],
            "failing_assertions": [
                "org.evosuite.runtime.mock.java.lang.MockArithmeticException: overflow: mul"
            ],
            "failing_lines": [
                [
                    "org.apache.commons.math.util.MathUtils_ESTest.test196(MathUtils_ESTest.java:1951)"
                ]
            ]
        },
        {
            "patch": "/home/mmartinez/xTestCluster/Patches/Patches_Wang902/Patches_ICSE/Doverfitting/Cardumen/Math/patch1-Math-63-Cardumen-plausible.patch",
            "test": "test_from_WangDRR_patch3-Math-63-CapGen-plausible",
            "failing": 2,
            "testrun": 270,
            "failings": [
                "test239(org.apache.commons.math.util.MathUtils_ESTest)",
                "test106(org.apache.commons.math.util.MathUtils_ESTest)"
            ],
            "status": "ok",
            "test_executed": [
                "org.apache.commons.math.util.MathUtils_ESTest"
            ],
            "failing_assertions": [
                "java.lang.AssertionError",
                "java.lang.AssertionError: expected:<92> but was:<46>"
            ],
            "failing_lines": [
                [
                    "org.apache.commons.math.util.MathUtils_ESTest.test239(MathUtils_ESTest.java:2354)"
                ],
                [
                    "org.apache.commons.math.util.MathUtils_ESTest.test106(MathUtils_ESTest.java:1158)"
                ]
            ]
        },
        {
            "patch": "/home/mmartinez/xTestCluster/Patches/Patches_Wang902/Patches_ICSE/Doverfitting/Cardumen/Math/patch1-Math-63-Cardumen-plausible.patch",
            "test": "test_from_WangICSE_patch1-Math-63-Cardumen-plausible",
            "failing": 0,
            "testrun": 268,
            "failings": [],
            "status": "ok",
            "test_executed": [
                "org.apache.commons.math.util.MathUtils_ESTest"
            ],
            "failing_assertions": [],
            "failing_lines": []
        },
        {
            "patch": "/home/mmartinez/xTestCluster/Patches/Patches_Wang902/Patches_ICSE/Doverfitting/Cardumen/Math/patch1-Math-63-Cardumen-plausible.patch",
            "test": "test_from_WangICSE_patch1-Math-63-kPAR-plausible",
            "failing": 2,
            "testrun": 262,
            "failings": [
                "test018(org.apache.commons.math.util.MathUtils_ESTest)",
                "test116(org.apache.commons.math.util.MathUtils_ESTest)"
            ],
            "status": "ok",
            "test_executed": [
                "org.apache.commons.math.util.MathUtils_ESTest"
            ],
            "failing_assertions": [
                "java.lang.AssertionError: expected:<880> but was:<1760>",
                "java.lang.AssertionError: expected:<192> but was:<24>"
            ],
            "failing_lines": [
                [
                    "org.apache.commons.math.util.MathUtils_ESTest.test018(MathUtils_ESTest.java:207)"
                ],
                [
                    "org.apache.commons.math.util.MathUtils_ESTest.test116(MathUtils_ESTest.java:1211)"
                ]
            ]
        },
        {
            "patch": "/home/mmartinez/xTestCluster/Patches/Patches_Wang902/Patches_ICSE/Doverfitting/Cardumen/Math/patch1-Math-63-Cardumen-plausible.patch",
            "test": "test_from_WangDRR_patch1-Math-63-CapGen",
            "failing": 2,
            "testrun": 263,
            "failings": [
                "test018(org.apache.commons.math.util.MathUtils_ESTest)",
                "test103(org.apache.commons.math.util.MathUtils_ESTest)"
            ],
            "status": "ok",
            "test_executed": [
                "org.apache.commons.math.util.MathUtils_ESTest"
            ],
            "failing_assertions": [
                "java.lang.AssertionError: expected:<1788> but was:<3576>",
                "java.lang.AssertionError: expected:<192> but was:<24>"
            ],
            "failing_lines": [
                [
                    "org.apache.commons.math.util.MathUtils_ESTest.test018(MathUtils_ESTest.java:206)"
                ],
                [
                    "org.apache.commons.math.util.MathUtils_ESTest.test103(MathUtils_ESTest.java:1114)"
                ]
            ]
        },
        {
            "patch": "/home/mmartinez/xTestCluster/Patches/Patches_Wang902/Patches_ICSE/Doverfitting/Cardumen/Math/patch1-Math-63-Cardumen-plausible.patch",
            "test": "test_from_WangDRR_patch2-Math-63-CapGen-plausible",
            "failing": 0,
            "testrun": 258,
            "failings": [],
            "status": "ok",
            "test_executed": [
                "org.apache.commons.math.util.MathUtils_ESTest"
            ],
            "failing_assertions": [],
            "failing_lines": []
        }
    ],
    "duration": 54.65
}