{
    "patch": "/home/mmartinez/xTestCluster/Patches/Patches_Wang902/Patches_ICSE/Doverfitting/AVATAR/Lang/patch1-Lang-39-AVATAR-plausible.patch",
    "project": "Lang",
    "bugid": "39",
    "dataset": "Patches_ICSE",
    "date": "2023-02-04T05:25:49.602177",
    "project_checked": "ok",
    "compiledProjectModified": "ok",
    "patchApplied": "ok",
    "arrive_end": "ok",
    "patched_project_pass_all_test": "no",
    "test_execution": [
        {
            "patch": "/home/mmartinez/xTestCluster/Patches/Patches_Wang902/Patches_ICSE/Doverfitting/AVATAR/Lang/patch1-Lang-39-AVATAR-plausible.patch",
            "test": "test_from_WangICSE_patch1-Lang-39-jGenProg-plausible",
            "failing": 2,
            "testrun": 572,
            "failings": [
                "test341(org.apache.commons.lang3.StringUtils_ESTest)",
                "test337(org.apache.commons.lang3.StringUtils_ESTest)"
            ],
            "status": "ok",
            "test_executed": [
                "org.apache.commons.lang3.StringUtils_ESTest"
            ],
            "failing_assertions": [
                "java.lang.NullPointerException",
                "java.lang.NullPointerException"
            ],
            "failing_lines": [
                [
                    "org.apache.commons.lang3.StringUtils_ESTest.test341(StringUtils_ESTest.java:2224)"
                ],
                [
                    "org.apache.commons.lang3.StringUtils_ESTest.test337(StringUtils_ESTest.java:2182)"
                ]
            ]
        },
        {
            "patch": "/home/mmartinez/xTestCluster/Patches/Patches_Wang902/Patches_ICSE/Doverfitting/AVATAR/Lang/patch1-Lang-39-AVATAR-plausible.patch",
            "test": "test_from_WangICSE_patch1-Lang-39-SimFix",
            "failing": 6,
            "testrun": 586,
            "failings": [
                "test336(org.apache.commons.lang3.StringUtils_ESTest)",
                "test337(org.apache.commons.lang3.StringUtils_ESTest)",
                "test338(org.apache.commons.lang3.StringUtils_ESTest)",
                "test333(org.apache.commons.lang3.StringUtils_ESTest)",
                "test334(org.apache.commons.lang3.StringUtils_ESTest)",
                "test335(org.apache.commons.lang3.StringUtils_ESTest)"
            ],
            "status": "ok",
            "test_executed": [
                "org.apache.commons.lang3.StringUtils_ESTest"
            ],
            "failing_assertions": [
                "java.lang.NullPointerException",
                "java.lang.NullPointerException",
                "java.lang.NullPointerException",
                "java.lang.NullPointerException",
                "java.lang.NullPointerException",
                "java.lang.NullPointerException"
            ],
            "failing_lines": [
                [
                    "org.apache.commons.lang3.StringUtils_ESTest.test336(StringUtils_ESTest.java:2704)"
                ],
                [
                    "org.apache.commons.lang3.StringUtils_ESTest.test337(StringUtils_ESTest.java:2722)"
                ],
                [
                    "org.apache.commons.lang3.StringUtils_ESTest.test338(StringUtils_ESTest.java:2740)"
                ],
                [
                    "org.apache.commons.lang3.StringUtils_ESTest.test333(StringUtils_ESTest.java:2658)"
                ],
                [
                    "org.apache.commons.lang3.StringUtils_ESTest.test334(StringUtils_ESTest.java:2669)"
                ],
                [
                    "org.apache.commons.lang3.StringUtils_ESTest.test335(StringUtils_ESTest.java:2687)"
                ]
            ]
        },
        {
            "patch": "/home/mmartinez/xTestCluster/Patches/Patches_Wang902/Patches_ICSE/Doverfitting/AVATAR/Lang/patch1-Lang-39-AVATAR-plausible.patch",
            "test": "test_from_WangICSE_patch1-Lang-39-AVATAR-plausible",
            "failing": 0,
            "testrun": 570,
            "failings": [],
            "status": "ok",
            "test_executed": [
                "org.apache.commons.lang3.StringUtils_ESTest"
            ],
            "failing_assertions": [],
            "failing_lines": []
        },
        {
            "patch": "/home/mmartinez/xTestCluster/Patches/Patches_Wang902/Patches_ICSE/Doverfitting/AVATAR/Lang/patch1-Lang-39-AVATAR-plausible.patch",
            "test": "test_from_WangICSE_patch1-Lang-39-TBar-plausible",
            "failing": 2,
            "testrun": 576,
            "failings": [
                "test330(org.apache.commons.lang3.StringUtils_ESTest)",
                "test329(org.apache.commons.lang3.StringUtils_ESTest)"
            ],
            "status": "ok",
            "test_executed": [
                "org.apache.commons.lang3.StringUtils_ESTest"
            ],
            "failing_assertions": [
                "java.lang.NullPointerException",
                "java.lang.NullPointerException"
            ],
            "failing_lines": [
                [
                    "org.apache.commons.lang3.StringUtils_ESTest.test330(StringUtils_ESTest.java:2566)"
                ],
                [
                    "org.apache.commons.lang3.StringUtils_ESTest.test329(StringUtils_ESTest.java:2554)"
                ]
            ]
        }
    ],
    "duration": 23.41
}