{
    "patch": "/home/mmartinez/xTestCluster/Patches/Patches_Wang902/Patches_ICSE/Doverfitting/AVATAR/Lang/patch1-Lang-22-AVATAR-plausible.patch",
    "project": "Lang",
    "bugid": "22",
    "dataset": "Patches_ICSE",
    "date": "2022-12-16T00:47:05.324616",
    "project_checked": "ok",
    "compiledProjectModified": "ok",
    "patchApplied": "ok",
    "arrive_end": "ok",
    "patched_project_pass_all_test": "no",
    "test_execution": [
        {
            "patch": "/home/mmartinez/xTestCluster/Patches/Patches_Wang902/Patches_ICSE/Doverfitting/AVATAR/Lang/patch1-Lang-22-AVATAR-plausible.patch",
            "test": "test_from_WangICSE_patch1-Lang-22-TBar-plausible",
            "failing": 0,
            "testrun": 121,
            "failings": [],
            "status": "ok",
            "test_executed": [
                "org.apache.commons.lang3.math.Fraction_ESTest"
            ],
            "failing_assertions": [],
            "failing_lines": []
        },
        {
            "patch": "/home/mmartinez/xTestCluster/Patches/Patches_Wang902/Patches_ICSE/Doverfitting/AVATAR/Lang/patch1-Lang-22-AVATAR-plausible.patch",
            "test": "test_from_WangICSE_patch1-Lang-22-jKali-plausible",
            "failing": 0,
            "testrun": 117,
            "failings": [],
            "status": "ok",
            "test_executed": [
                "org.apache.commons.lang3.math.Fraction_ESTest"
            ],
            "failing_assertions": [],
            "failing_lines": []
        },
        {
            "patch": "/home/mmartinez/xTestCluster/Patches/Patches_Wang902/Patches_ICSE/Doverfitting/AVATAR/Lang/patch1-Lang-22-AVATAR-plausible.patch",
            "test": "test_from_WangICSE_patch1-Lang-22-jMutRepair-plausible",
            "failing": 0,
            "testrun": 125,
            "failings": [],
            "status": "ok",
            "test_executed": [
                "org.apache.commons.lang3.math.Fraction_ESTest"
            ],
            "failing_assertions": [],
            "failing_lines": []
        },
        {
            "patch": "/home/mmartinez/xTestCluster/Patches/Patches_Wang902/Patches_ICSE/Doverfitting/AVATAR/Lang/patch1-Lang-22-AVATAR-plausible.patch",
            "test": "test_from_WangICSE_patch1-Lang-22-AVATAR-plausible",
            "failing": 0,
            "testrun": 121,
            "failings": [],
            "status": "ok",
            "test_executed": [
                "org.apache.commons.lang3.math.Fraction_ESTest"
            ],
            "failing_assertions": [],
            "failing_lines": []
        }
    ],
    "duration": 22.62
}