{
    "patch": "/home/mmartinez/xTestCluster/Patches/Patches_Wang902/Patches_ICSE/Doverfitting/AVATAR/Chart/patch1-Chart-13-AVATAR-plausible.patch",
    "project": "Chart",
    "bugid": "13",
    "dataset": "Patches_ICSE",
    "date": "2022-12-16T02:33:47.864240",
    "project_checked": "ok",
    "compiledProjectModified": "ok",
    "patchApplied": "ok",
    "arrive_end": "ok",
    "patched_project_pass_all_test": "no",
    "test_execution": [
        {
            "patch": "/home/mmartinez/xTestCluster/Patches/Patches_Wang902/Patches_ICSE/Doverfitting/AVATAR/Chart/patch1-Chart-13-AVATAR-plausible.patch",
            "test": "test_from_WangICSE_patch1-Chart-13-DynaMoth-plausible",
            "failing": 4,
            "testrun": 46,
            "failings": [
                "test14(org.jfree.chart.block.BorderArrangement_ESTest)",
                "test13(org.jfree.chart.block.BorderArrangement_ESTest)",
                "test23(org.jfree.chart.block.BorderArrangement_ESTest)",
                "test27(org.jfree.chart.block.BorderArrangement_ESTest)"
            ],
            "status": "ok",
            "test_executed": [
                "org.jfree.chart.block.BorderArrangement_ESTest"
            ],
            "failing_assertions": [
                "java.lang.AssertionError: Expecting exception: IllegalArgumentException",
                "java.lang.NullPointerException",
                "java.lang.AssertionError: Expecting exception: IllegalArgumentException",
                "org.evosuite.runtime.mock.java.lang.MockRuntimeException: Not implemented."
            ],
            "failing_lines": [
                [
                    "org.jfree.chart.block.BorderArrangement_ESTest.test14(BorderArrangement_ESTest.java:227)"
                ],
                [
                    "org.jfree.chart.block.BorderArrangement_ESTest.test13(BorderArrangement_ESTest.java:209)"
                ],
                [
                    "org.jfree.chart.block.BorderArrangement_ESTest.test23(BorderArrangement_ESTest.java:369)"
                ],
                [
                    "org.jfree.chart.block.BorderArrangement_ESTest.test27(BorderArrangement_ESTest.java:411)"
                ]
            ]
        },
        {
            "patch": "/home/mmartinez/xTestCluster/Patches/Patches_Wang902/Patches_ICSE/Doverfitting/AVATAR/Chart/patch1-Chart-13-AVATAR-plausible.patch",
            "test": "test_from_WangICSE_patch1-Chart-13-jKali-plausible",
            "failing": 3,
            "testrun": 61,
            "failings": [
                "test30(org.jfree.chart.block.BorderArrangement_ESTest)",
                "test29(org.jfree.chart.block.BorderArrangement_ESTest)",
                "test54(org.jfree.chart.block.BorderArrangement_ESTest)"
            ],
            "status": "ok",
            "test_executed": [
                "org.jfree.chart.block.BorderArrangement_ESTest"
            ],
            "failing_assertions": [
                "java.lang.NullPointerException",
                "java.lang.NullPointerException",
                "java.lang.AssertionError: Expecting exception: IllegalArgumentException"
            ],
            "failing_lines": [
                [
                    "org.jfree.chart.block.BorderArrangement_ESTest.test30(BorderArrangement_ESTest.java:660)"
                ],
                [
                    "org.jfree.chart.block.BorderArrangement_ESTest.test29(BorderArrangement_ESTest.java:640)"
                ],
                [
                    "org.jfree.chart.block.BorderArrangement_ESTest.test54(BorderArrangement_ESTest.java:1076)"
                ]
            ]
        },
        {
            "patch": "/home/mmartinez/xTestCluster/Patches/Patches_Wang902/Patches_ICSE/Doverfitting/AVATAR/Chart/patch1-Chart-13-AVATAR-plausible.patch",
            "test": "test_from_WangICSE_patch1-Chart-13-Nopol-plausible",
            "failing": 5,
            "testrun": 50,
            "failings": [
                "test32(org.jfree.chart.block.BorderArrangement_ESTest)",
                "test31(org.jfree.chart.block.BorderArrangement_ESTest)",
                "test25(org.jfree.chart.block.BorderArrangement_ESTest)",
                "test17(org.jfree.chart.block.BorderArrangement_ESTest)",
                "test15(org.jfree.chart.block.BorderArrangement_ESTest)"
            ],
            "status": "ok",
            "test_executed": [
                "org.jfree.chart.block.BorderArrangement_ESTest"
            ],
            "failing_assertions": [
                "java.lang.NullPointerException",
                "java.lang.AssertionError: Expecting exception: IllegalArgumentException",
                "org.evosuite.runtime.mock.java.lang.MockRuntimeException: Not implemented.",
                "java.lang.AssertionError: Expecting exception: IllegalArgumentException",
                "java.lang.AssertionError: Expecting exception: IllegalArgumentException"
            ],
            "failing_lines": [
                [
                    "org.jfree.chart.block.BorderArrangement_ESTest.test32(BorderArrangement_ESTest.java:600)"
                ],
                [
                    "org.jfree.chart.block.BorderArrangement_ESTest.test31(BorderArrangement_ESTest.java:577)"
                ],
                [
                    "org.jfree.chart.block.BorderArrangement_ESTest.test25(BorderArrangement_ESTest.java:462)"
                ],
                [
                    "org.jfree.chart.block.BorderArrangement_ESTest.test17(BorderArrangement_ESTest.java:354)"
                ],
                [
                    "org.jfree.chart.block.BorderArrangement_ESTest.test15(BorderArrangement_ESTest.java:321)"
                ]
            ]
        },
        {
            "patch": "/home/mmartinez/xTestCluster/Patches/Patches_Wang902/Patches_ICSE/Doverfitting/AVATAR/Chart/patch1-Chart-13-AVATAR-plausible.patch",
            "test": "test_from_WangICSE_patch1-Chart-13-TBar-plausible",
            "failing": 0,
            "testrun": 55,
            "failings": [],
            "status": "ok",
            "test_executed": [
                "org.jfree.data.Range_ESTest"
            ],
            "failing_assertions": [],
            "failing_lines": []
        },
        {
            "patch": "/home/mmartinez/xTestCluster/Patches/Patches_Wang902/Patches_ICSE/Doverfitting/AVATAR/Chart/patch1-Chart-13-AVATAR-plausible.patch",
            "test": "test_from_WangICSE_patch1-Chart-13-FixMiner-plausible",
            "failing": 3,
            "testrun": 62,
            "failings": [
                "test23(org.jfree.chart.block.BorderArrangement_ESTest)",
                "test21(org.jfree.chart.block.BorderArrangement_ESTest)",
                "test19(org.jfree.chart.block.BorderArrangement_ESTest)"
            ],
            "status": "ok",
            "test_executed": [
                "org.jfree.chart.block.BorderArrangement_ESTest"
            ],
            "failing_assertions": [
                "org.evosuite.runtime.mock.java.lang.MockRuntimeException: Not implemented.",
                "java.lang.AssertionError: Expecting exception: IllegalArgumentException",
                "java.lang.NullPointerException"
            ],
            "failing_lines": [
                [
                    "org.jfree.chart.block.BorderArrangement_ESTest.test23(BorderArrangement_ESTest.java:405)"
                ],
                [
                    "org.jfree.chart.block.BorderArrangement_ESTest.test21(BorderArrangement_ESTest.java:369)"
                ],
                [
                    "org.jfree.chart.block.BorderArrangement_ESTest.test19(BorderArrangement_ESTest.java:335)"
                ]
            ]
        },
        {
            "patch": "/home/mmartinez/xTestCluster/Patches/Patches_Wang902/Patches_ICSE/Doverfitting/AVATAR/Chart/patch1-Chart-13-AVATAR-plausible.patch",
            "test": "test_from_WangICSE_patch1-Chart-13-jGenProg-plausible",
            "failing": 2,
            "testrun": 35,
            "failings": [
                "test11(org.jfree.chart.block.BorderArrangement_ESTest)",
                "test28(org.jfree.chart.block.BorderArrangement_ESTest)"
            ],
            "status": "ok",
            "test_executed": [
                "org.jfree.chart.block.BorderArrangement_ESTest"
            ],
            "failing_assertions": [
                "java.lang.AssertionError: Expecting exception: IllegalArgumentException",
                "org.evosuite.runtime.mock.java.lang.MockRuntimeException: Not implemented."
            ],
            "failing_lines": [
                [
                    "org.jfree.chart.block.BorderArrangement_ESTest.test11(BorderArrangement_ESTest.java:184)"
                ],
                [
                    "org.jfree.chart.block.BorderArrangement_ESTest.test28(BorderArrangement_ESTest.java:415)"
                ]
            ]
        },
        {
            "patch": "/home/mmartinez/xTestCluster/Patches/Patches_Wang902/Patches_ICSE/Doverfitting/AVATAR/Chart/patch1-Chart-13-AVATAR-plausible.patch",
            "test": "test_from_WangICSE_patch1-Chart-13-AVATAR-plausible",
            "failing": 0,
            "testrun": 57,
            "failings": [],
            "status": "ok",
            "test_executed": [
                "org.jfree.data.Range_ESTest"
            ],
            "failing_assertions": [],
            "failing_lines": []
        },
        {
            "patch": "/home/mmartinez/xTestCluster/Patches/Patches_Wang902/Patches_ICSE/Doverfitting/AVATAR/Chart/patch1-Chart-13-AVATAR-plausible.patch",
            "test": "test_from_WangICSE_patch1-Chart-13-Arja-plusible",
            "failing": 4,
            "testrun": 55,
            "failings": [
                "test28(org.jfree.chart.block.BorderArrangement_ESTest)",
                "test19(org.jfree.chart.block.BorderArrangement_ESTest)",
                "test16(org.jfree.chart.block.BorderArrangement_ESTest)",
                "test44(org.jfree.chart.block.BorderArrangement_ESTest)"
            ],
            "status": "ok",
            "test_executed": [
                "org.jfree.chart.block.BorderArrangement_ESTest"
            ],
            "failing_assertions": [
                "java.lang.AssertionError: Expecting exception: IllegalArgumentException",
                "org.evosuite.runtime.mock.java.lang.MockRuntimeException: Not implemented.",
                "java.lang.NullPointerException",
                "java.lang.AssertionError: Expecting exception: IllegalArgumentException"
            ],
            "failing_lines": [
                [
                    "org.jfree.chart.block.BorderArrangement_ESTest.test28(BorderArrangement_ESTest.java:434)"
                ],
                [
                    "org.jfree.chart.block.BorderArrangement_ESTest.test19(BorderArrangement_ESTest.java:276)"
                ],
                [
                    "org.jfree.chart.block.BorderArrangement_ESTest.test16(BorderArrangement_ESTest.java:221)"
                ],
                [
                    "org.jfree.chart.block.BorderArrangement_ESTest.test44(BorderArrangement_ESTest.java:649)"
                ]
            ]
        },
        {
            "patch": "/home/mmartinez/xTestCluster/Patches/Patches_Wang902/Patches_ICSE/Doverfitting/AVATAR/Chart/patch1-Chart-13-AVATAR-plausible.patch",
            "test": "test_from_WangICSE_patch1-Chart-13-Cardumen-plausible",
            "failing": 4,
            "testrun": 55,
            "failings": [
                "test29(org.jfree.chart.block.BorderArrangement_ESTest)",
                "test17(org.jfree.chart.block.BorderArrangement_ESTest)",
                "test15(org.jfree.chart.block.BorderArrangement_ESTest)",
                "test13(org.jfree.chart.block.BorderArrangement_ESTest)"
            ],
            "status": "ok",
            "test_executed": [
                "org.jfree.chart.block.BorderArrangement_ESTest"
            ],
            "failing_assertions": [
                "java.lang.AssertionError: Expecting exception: IllegalArgumentException",
                "java.lang.AssertionError: Expecting exception: IllegalArgumentException",
                "java.lang.AssertionError: Expecting exception: IllegalArgumentException",
                "org.evosuite.runtime.mock.java.lang.MockRuntimeException: Not implemented."
            ],
            "failing_lines": [
                [
                    "org.jfree.chart.block.BorderArrangement_ESTest.test29(BorderArrangement_ESTest.java:475)"
                ],
                [
                    "org.jfree.chart.block.BorderArrangement_ESTest.test17(BorderArrangement_ESTest.java:285)"
                ],
                [
                    "org.jfree.chart.block.BorderArrangement_ESTest.test15(BorderArrangement_ESTest.java:246)"
                ],
                [
                    "org.jfree.chart.block.BorderArrangement_ESTest.test13(BorderArrangement_ESTest.java:212)"
                ]
            ]
        },
        {
            "patch": "/home/mmartinez/xTestCluster/Patches/Patches_Wang902/Patches_ICSE/Doverfitting/AVATAR/Chart/patch1-Chart-13-AVATAR-plausible.patch",
            "test": "test_from_WangICSE_patch1-Chart-13-RSRepair-plausible",
            "failing": 0,
            "testrun": 167,
            "failings": [],
            "status": "ok",
            "test_executed": [
                "org.jfree.chart.block.BorderArrangement_ESTest",
                "org.jfree.data.Range_ESTest"
            ],
            "failing_assertions": [],
            "failing_lines": []
        },
        {
            "patch": "/home/mmartinez/xTestCluster/Patches/Patches_Wang902/Patches_ICSE/Doverfitting/AVATAR/Chart/patch1-Chart-13-AVATAR-plausible.patch",
            "test": "test_from_WangICSE_patch1-Chart-13-GenProg-plausible",
            "failing": 3,
            "testrun": 38,
            "failings": [
                "test18(org.jfree.chart.block.BorderArrangement_ESTest)",
                "test15(org.jfree.chart.block.BorderArrangement_ESTest)",
                "test13(org.jfree.chart.block.BorderArrangement_ESTest)"
            ],
            "status": "ok",
            "test_executed": [
                "org.jfree.chart.block.BorderArrangement_ESTest"
            ],
            "failing_assertions": [
                "java.lang.AssertionError: Expecting exception: IllegalArgumentException",
                "java.lang.AssertionError: Expecting exception: IllegalArgumentException",
                "java.lang.AssertionError: Expecting exception: IllegalArgumentException"
            ],
            "failing_lines": [
                [
                    "org.jfree.chart.block.BorderArrangement_ESTest.test18(BorderArrangement_ESTest.java:274)"
                ],
                [
                    "org.jfree.chart.block.BorderArrangement_ESTest.test15(BorderArrangement_ESTest.java:222)"
                ],
                [
                    "org.jfree.chart.block.BorderArrangement_ESTest.test13(BorderArrangement_ESTest.java:190)"
                ]
            ]
        }
    ],
    "duration": 57.01
}