{
    "patch": "/home/mmartinez/xTestCluster/Patches/Patches_Wang902/Patches_ICSE/Doverfitting/GenProg/Closure/patch1-Closure-114-GenProg-plausible.patch",
    "project": "Closure",
    "bugid": "114",
    "dataset": "Patches_ICSE",
    "date": "2022-12-16T04:00:49.942233",
    "project_checked": "ok",
    "compiledProjectModified": "ok",
    "patchApplied": "ok",
    "arrive_end": "ok",
    "patched_project_pass_all_test": "no",
    "test_execution": [
        {
            "patch": "/home/mmartinez/xTestCluster/Patches/Patches_Wang902/Patches_ICSE/Doverfitting/GenProg/Closure/patch1-Closure-114-GenProg-plausible.patch",
            "test": "test_from_WangICSE_patch1-Closure-114-Arja-plausible",
            "failing": 0,
            "testrun": 9,
            "failings": [
                "Error",
                "Error",
                "Error"
            ],
            "status": "ok",
            "test_executed": [
                "com.google.javascript.jscomp.NameAnalyzer_ESTest"
            ],
            "failing_assertions": [
                "04:01:18.910 [main] INFO org.evosuite.runtime.instrumentation.EvoClassLoader - Seeing class for first time: com.google.javascript.rhino.head.VMBridge_custom",
                "04:01:18.941 [main] INFO org.evosuite.runtime.instrumentation.EvoClassLoader - Seeing class for first time: com.google.javascript.rhino.head.VMBridge_custom",
                "04:01:18.956 [main] INFO org.evosuite.runtime.instrumentation.EvoClassLoader - Seeing class for first time: com.google.javascript.rhino.head.VMBridge_custom"
            ],
            "failing_lines": []
        },
        {
            "patch": "/home/mmartinez/xTestCluster/Patches/Patches_Wang902/Patches_ICSE/Doverfitting/GenProg/Closure/patch1-Closure-114-GenProg-plausible.patch",
            "test": "test_from_WangICSE_patch1-Closure-114-RSRepair-plausible",
            "failing": 0,
            "testrun": 28,
            "failings": [],
            "status": "ok",
            "test_executed": [
                "com.google.javascript.jscomp.NameAnalyzer_ESTest",
                "com.google.javascript.jscomp.AstChangeProxy_ESTest"
            ],
            "failing_assertions": [],
            "failing_lines": []
        },
        {
            "patch": "/home/mmartinez/xTestCluster/Patches/Patches_Wang902/Patches_ICSE/Doverfitting/GenProg/Closure/patch1-Closure-114-GenProg-plausible.patch",
            "test": "test_from_WangICSE_patch1-Closure-114-GenProg-plausible",
            "failing": 0,
            "testrun": 22,
            "failings": [],
            "status": "ok",
            "test_executed": [
                "com.google.javascript.jscomp.NameAnalyzer_ESTest",
                "com.google.javascript.jscomp.AstChangeProxy_ESTest"
            ],
            "failing_assertions": [],
            "failing_lines": []
        },
        {
            "patch": "/home/mmartinez/xTestCluster/Patches/Patches_Wang902/Patches_ICSE/Doverfitting/GenProg/Closure/patch1-Closure-114-GenProg-plausible.patch",
            "test": "test_from_WangICSE_patch1-Closure-114-Kali-plausible",
            "failing": 0,
            "testrun": 312,
            "failings": [],
            "status": "ok",
            "test_executed": [
                "com.google.javascript.rhino.Node_ESTest"
            ],
            "failing_assertions": [],
            "failing_lines": []
        }
    ],
    "duration": 44.48
}