{
    "patch": "/home/mmartinez/xTestCluster/Patches/Patches_Wang902/Patches_ICSE/Ddifferent/GenProg/Closure/patch1-Closure-126-GenProg.patch",
    "project": "Closure",
    "bugid": "126",
    "dataset": "Patches_ICSE",
    "date": "2023-02-06T05:15:42.965947",
    "project_checked": "ok",
    "compiledProjectModified": "ok",
    "patchApplied": "ok",
    "arrive_end": "ok",
    "patched_project_pass_all_test": "no",
    "test_execution": [
        {
            "patch": "/home/mmartinez/xTestCluster/Patches/Patches_Wang902/Patches_ICSE/Ddifferent/GenProg/Closure/patch1-Closure-126-GenProg.patch",
            "test": "test_from_WangICSE_patch1-Closure-126-kPAR-plausible",
            "failing": 0,
            "testrun": 17,
            "failings": [
                "Error"
            ],
            "status": "ok",
            "test_executed": [
                "com.google.javascript.jscomp.MinimizeExitPoints_ESTest"
            ],
            "failing_assertions": [
                "05:16:05.474 [main] INFO org.evosuite.runtime.instrumentation.EvoClassLoader - Seeing class for first time: com.google.javascript.rhino.head.VMBridge_custom"
            ],
            "failing_lines": []
        },
        {
            "patch": "/home/mmartinez/xTestCluster/Patches/Patches_Wang902/Patches_ICSE/Ddifferent/GenProg/Closure/patch1-Closure-126-GenProg.patch",
            "test": "test_from_WangDRR_patch1-Closure-126-SketchFix",
            "failing": 0,
            "testrun": 18,
            "failings": [
                "Error",
                "Error",
                "Error",
                "Error",
                "Error",
                "Error",
                "Error"
            ],
            "status": "ok",
            "test_executed": [
                "com.google.javascript.jscomp.MinimizeExitPoints_ESTest"
            ],
            "failing_assertions": [
                "05:16:08.307 [main] INFO org.evosuite.runtime.instrumentation.EvoClassLoader - Seeing class for first time: com.google.javascript.rhino.head.VMBridge_custom",
                "05:16:08.317 [main] INFO org.evosuite.runtime.instrumentation.EvoClassLoader - Seeing class for first time: com.google.javascript.rhino.head.VMBridge_custom",
                "05:16:08.351 [main] INFO org.evosuite.runtime.instrumentation.EvoClassLoader - Seeing class for first time: com.google.javascript.rhino.head.VMBridge_custom",
                "05:16:08.360 [main] INFO org.evosuite.runtime.instrumentation.EvoClassLoader - Seeing class for first time: com.google.javascript.rhino.head.VMBridge_custom",
                "05:16:08.379 [main] INFO org.evosuite.runtime.instrumentation.EvoClassLoader - Seeing class for first time: com.google.javascript.rhino.head.VMBridge_custom",
                "05:16:08.389 [main] INFO org.evosuite.runtime.instrumentation.EvoClassLoader - Seeing class for first time: com.google.javascript.rhino.head.VMBridge_custom",
                "05:16:08.422 [main] INFO org.evosuite.runtime.instrumentation.EvoClassLoader - Seeing class for first time: com.google.javascript.rhino.head.VMBridge_custom"
            ],
            "failing_lines": []
        },
        {
            "patch": "/home/mmartinez/xTestCluster/Patches/Patches_Wang902/Patches_ICSE/Ddifferent/GenProg/Closure/patch1-Closure-126-GenProg.patch",
            "test": "test_from_WangICSE_patch1-Closure-126-jKali",
            "failing": 0,
            "testrun": 15,
            "failings": [
                "Error"
            ],
            "status": "ok",
            "test_executed": [
                "com.google.javascript.jscomp.MinimizeExitPoints_ESTest"
            ],
            "failing_assertions": [
                "05:16:11.395 [main] INFO org.evosuite.runtime.instrumentation.EvoClassLoader - Seeing class for first time: com.google.javascript.rhino.head.VMBridge_custom"
            ],
            "failing_lines": []
        },
        {
            "patch": "/home/mmartinez/xTestCluster/Patches/Patches_Wang902/Patches_ICSE/Ddifferent/GenProg/Closure/patch1-Closure-126-GenProg.patch",
            "test": "test_from_WangICSE_patch1-Closure-126-SimFix-plausible",
            "failing": 0,
            "testrun": 12,
            "failings": [
                "Error"
            ],
            "status": "ok",
            "test_executed": [
                "com.google.javascript.jscomp.MinimizeExitPoints_ESTest"
            ],
            "failing_assertions": [
                "05:16:14.232 [main] INFO org.evosuite.runtime.instrumentation.EvoClassLoader - Seeing class for first time: com.google.javascript.rhino.head.VMBridge_custom"
            ],
            "failing_lines": []
        },
        {
            "patch": "/home/mmartinez/xTestCluster/Patches/Patches_Wang902/Patches_ICSE/Ddifferent/GenProg/Closure/patch1-Closure-126-GenProg.patch",
            "test": "test_from_WangICSE_patch1-Closure-126-GenProg",
            "failing": 0,
            "testrun": 15,
            "failings": [
                "Error"
            ],
            "status": "ok",
            "test_executed": [
                "com.google.javascript.jscomp.MinimizeExitPoints_ESTest"
            ],
            "failing_assertions": [
                "05:16:16.799 [main] INFO org.evosuite.runtime.instrumentation.EvoClassLoader - Seeing class for first time: com.google.common.collect.ImmutableCollection$1"
            ],
            "failing_lines": []
        },
        {
            "patch": "/home/mmartinez/xTestCluster/Patches/Patches_Wang902/Patches_ICSE/Ddifferent/GenProg/Closure/patch1-Closure-126-GenProg.patch",
            "test": "test_from_WangICSE_patch1-Closure-126-TBar-plausible",
            "failing": 0,
            "testrun": 13,
            "failings": [
                "Error",
                "Error"
            ],
            "status": "ok",
            "test_executed": [
                "com.google.javascript.jscomp.MinimizeExitPoints_ESTest"
            ],
            "failing_assertions": [
                "05:16:20.118 [main] INFO org.evosuite.runtime.instrumentation.EvoClassLoader - Seeing class for first time: com.google.javascript.rhino.head.VMBridge_custom",
                "05:16:20.169 [main] INFO org.evosuite.runtime.instrumentation.EvoClassLoader - Seeing class for first time: com.google.javascript.rhino.head.VMBridge_custom"
            ],
            "failing_lines": []
        },
        {
            "patch": "/home/mmartinez/xTestCluster/Patches/Patches_Wang902/Patches_ICSE/Ddifferent/GenProg/Closure/patch1-Closure-126-GenProg.patch",
            "test": "test_from_WangICSE_patch1-Closure-126-jMutRepair-plausible",
            "failing": 0,
            "testrun": 14,
            "failings": [
                "Error",
                "Error",
                "Error"
            ],
            "status": "ok",
            "test_executed": [
                "com.google.javascript.jscomp.MinimizeExitPoints_ESTest"
            ],
            "failing_assertions": [
                "05:16:23.015 [main] INFO org.evosuite.runtime.instrumentation.EvoClassLoader - Seeing class for first time: com.google.javascript.rhino.head.VMBridge_custom",
                "05:16:23.059 [main] INFO org.evosuite.runtime.instrumentation.EvoClassLoader - Seeing class for first time: com.google.javascript.rhino.head.VMBridge_custom",
                "05:16:23.088 [main] INFO org.evosuite.runtime.instrumentation.EvoClassLoader - Seeing class for first time: com.google.javascript.rhino.head.VMBridge_custom"
            ],
            "failing_lines": []
        },
        {
            "patch": "/home/mmartinez/xTestCluster/Patches/Patches_Wang902/Patches_ICSE/Ddifferent/GenProg/Closure/patch1-Closure-126-GenProg.patch",
            "test": "test_from_WangICSE_patch1-Closure-126-Arja",
            "failing": 0,
            "testrun": 12,
            "failings": [],
            "status": "ok",
            "test_executed": [
                "com.google.javascript.jscomp.MinimizeExitPoints_ESTest"
            ],
            "failing_assertions": [],
            "failing_lines": []
        },
        {
            "patch": "/home/mmartinez/xTestCluster/Patches/Patches_Wang902/Patches_ICSE/Ddifferent/GenProg/Closure/patch1-Closure-126-GenProg.patch",
            "test": "test_from_WangICSE_patch1-Closure-126-AVATAR-plausible",
            "failing": 0,
            "testrun": 11,
            "failings": [
                "Error"
            ],
            "status": "ok",
            "test_executed": [
                "com.google.javascript.jscomp.MinimizeExitPoints_ESTest"
            ],
            "failing_assertions": [
                "05:16:28.910 [main] INFO org.evosuite.runtime.instrumentation.EvoClassLoader - Seeing class for first time: com.google.javascript.rhino.head.VMBridge_custom"
            ],
            "failing_lines": []
        },
        {
            "patch": "/home/mmartinez/xTestCluster/Patches/Patches_Wang902/Patches_ICSE/Ddifferent/GenProg/Closure/patch1-Closure-126-GenProg.patch",
            "test": "test_from_WangICSE_patch1-Closure-126-RSRepair",
            "failing": 0,
            "testrun": 16,
            "failings": [
                "Error",
                "Error"
            ],
            "status": "ok",
            "test_executed": [
                "com.google.javascript.jscomp.MinimizeExitPoints_ESTest"
            ],
            "failing_assertions": [
                "05:16:31.720 [main] INFO org.evosuite.runtime.instrumentation.EvoClassLoader - Seeing class for first time: com.google.javascript.rhino.head.VMBridge_custom",
                "05:16:31.791 [main] INFO org.evosuite.runtime.instrumentation.EvoClassLoader - Seeing class for first time: com.google.javascript.rhino.head.VMBridge_custom"
            ],
            "failing_lines": []
        },
        {
            "patch": "/home/mmartinez/xTestCluster/Patches/Patches_Wang902/Patches_ICSE/Ddifferent/GenProg/Closure/patch1-Closure-126-GenProg.patch",
            "test": "test_from_WangDRR_patch1-Closure-126-Jaid",
            "failing": 0,
            "testrun": 13,
            "failings": [
                "Error"
            ],
            "status": "ok",
            "test_executed": [
                "com.google.javascript.jscomp.MinimizeExitPoints_ESTest"
            ],
            "failing_assertions": [
                "05:16:34.794 [main] INFO org.evosuite.runtime.instrumentation.EvoClassLoader - Seeing class for first time: com.google.javascript.rhino.head.VMBridge_custom"
            ],
            "failing_lines": []
        },
        {
            "patch": "/home/mmartinez/xTestCluster/Patches/Patches_Wang902/Patches_ICSE/Ddifferent/GenProg/Closure/patch1-Closure-126-GenProg.patch",
            "test": "test_from_WangICSE_patch1-Closure-126-Kali",
            "failing": 0,
            "testrun": 15,
            "failings": [
                "Error"
            ],
            "status": "ok",
            "test_executed": [
                "com.google.javascript.jscomp.MinimizeExitPoints_ESTest"
            ],
            "failing_assertions": [
                "05:16:37.659 [main] INFO org.evosuite.runtime.instrumentation.EvoClassLoader - Seeing class for first time: com.google.javascript.rhino.head.VMBridge_custom"
            ],
            "failing_lines": []
        }
    ],
    "duration": 54.82
}