{
    "patch": "/home/mmartinez/xTestCluster/Patches/Patches_Wang902/Patches_ICSE/Doverfitting/jGenProg/Lang/patch1-Lang-39-jGenProg-plausible.patch",
    "project": "Lang",
    "bugid": "39",
    "dataset": "Patches_ICSE",
    "date": "2023-02-04T05:25:26.144580",
    "project_checked": "ok",
    "compiledProjectModified": "ok",
    "patchApplied": "ok",
    "arrive_end": "ok",
    "patched_project_pass_all_test": "no",
    "test_execution": [
        {
            "patch": "/home/mmartinez/xTestCluster/Patches/Patches_Wang902/Patches_ICSE/Doverfitting/jGenProg/Lang/patch1-Lang-39-jGenProg-plausible.patch",
            "test": "test_from_WangICSE_patch1-Lang-39-jGenProg-plausible",
            "failing": 0,
            "testrun": 572,
            "failings": [],
            "status": "ok",
            "test_executed": [
                "org.apache.commons.lang3.StringUtils_ESTest"
            ],
            "failing_assertions": [],
            "failing_lines": []
        },
        {
            "patch": "/home/mmartinez/xTestCluster/Patches/Patches_Wang902/Patches_ICSE/Doverfitting/jGenProg/Lang/patch1-Lang-39-jGenProg-plausible.patch",
            "test": "test_from_WangICSE_patch1-Lang-39-SimFix",
            "failing": 0,
            "testrun": 586,
            "failings": [],
            "status": "ok",
            "test_executed": [
                "org.apache.commons.lang3.StringUtils_ESTest"
            ],
            "failing_assertions": [],
            "failing_lines": []
        },
        {
            "patch": "/home/mmartinez/xTestCluster/Patches/Patches_Wang902/Patches_ICSE/Doverfitting/jGenProg/Lang/patch1-Lang-39-jGenProg-plausible.patch",
            "test": "test_from_WangICSE_patch1-Lang-39-AVATAR-plausible",
            "failing": 2,
            "testrun": 570,
            "failings": [
                "test344(org.apache.commons.lang3.StringUtils_ESTest)",
                "test345(org.apache.commons.lang3.StringUtils_ESTest)"
            ],
            "status": "ok",
            "test_executed": [
                "org.apache.commons.lang3.StringUtils_ESTest"
            ],
            "failing_assertions": [
                "java.lang.AssertionError: Expecting exception: NullPointerException",
                "java.lang.AssertionError: Expecting exception: NullPointerException"
            ],
            "failing_lines": [
                [
                    "org.apache.commons.lang3.StringUtils_ESTest.test344(StringUtils_ESTest.java:2700)"
                ],
                [
                    "org.apache.commons.lang3.StringUtils_ESTest.test345(StringUtils_ESTest.java:2718)"
                ]
            ]
        },
        {
            "patch": "/home/mmartinez/xTestCluster/Patches/Patches_Wang902/Patches_ICSE/Doverfitting/jGenProg/Lang/patch1-Lang-39-jGenProg-plausible.patch",
            "test": "test_from_WangICSE_patch1-Lang-39-TBar-plausible",
            "failing": 0,
            "testrun": 576,
            "failings": [],
            "status": "ok",
            "test_executed": [
                "org.apache.commons.lang3.StringUtils_ESTest"
            ],
            "failing_assertions": [],
            "failing_lines": []
        }
    ],
    "duration": 23.46
}