{
    "patch": "/home/mmartinez/xTestCluster/Patches/Patches_Wang902/Patches_ICSE/Doverfitting/Kali/Closure/patch1-Closure-130-Kali-plausible.patch",
    "project": "Closure",
    "bugid": "130",
    "dataset": "Patches_ICSE",
    "date": "2022-12-16T03:48:30.926999",
    "project_checked": "ok",
    "compiledProjectModified": "ok",
    "patchApplied": "ok",
    "arrive_end": "ok",
    "patched_project_pass_all_test": "no",
    "test_execution": [
        {
            "patch": "/home/mmartinez/xTestCluster/Patches/Patches_Wang902/Patches_ICSE/Doverfitting/Kali/Closure/patch1-Closure-130-Kali-plausible.patch",
            "test": "test_from_WangICSE_patch1-Closure-130-Arja-plausible",
            "failing": 0,
            "testrun": 5,
            "failings": [],
            "status": "ok",
            "test_executed": [
                "com.google.javascript.jscomp.CollapseProperties_ESTest"
            ],
            "failing_assertions": [],
            "failing_lines": []
        },
        {
            "patch": "/home/mmartinez/xTestCluster/Patches/Patches_Wang902/Patches_ICSE/Doverfitting/Kali/Closure/patch1-Closure-130-Kali-plausible.patch",
            "test": "test_from_WangICSE_patch1-Closure-130-Kali-plausible",
            "failing": 0,
            "testrun": 32,
            "failings": [
                "Error",
                "Error",
                "Error",
                "Error"
            ],
            "status": "ok",
            "test_executed": [
                "com.google.javascript.jscomp.ReferenceCollectingCallback_ESTest"
            ],
            "failing_assertions": [
                "03:49:05.142 [main] INFO org.evosuite.runtime.instrumentation.EvoClassLoader - Seeing class for first time: com.google.javascript.rhino.head.VMBridge_custom",
                "03:49:05.183 [main] INFO org.evosuite.runtime.instrumentation.EvoClassLoader - Seeing class for first time: com.google.javascript.rhino.head.VMBridge_custom",
                "03:49:05.225 [main] INFO org.evosuite.runtime.instrumentation.EvoClassLoader - Seeing class for first time: com.google.javascript.rhino.head.VMBridge_custom",
                "03:49:05.264 [main] INFO org.evosuite.runtime.instrumentation.EvoClassLoader - Seeing class for first time: com.google.javascript.rhino.head.VMBridge_custom"
            ],
            "failing_lines": []
        }
    ],
    "duration": 34.62
}