{
    "patch": "/home/mmartinez/xTestCluster/Patches/Patches_Wang902/Patches_ICSE/Doverfitting/GenProg/Chart/patch1-Chart-12-GenProg-plausible.patch",
    "project": "Chart",
    "bugid": "12",
    "dataset": "Patches_ICSE",
    "date": "2023-02-04T22:47:38.782153",
    "project_checked": "ok",
    "compiledProjectModified": "ok",
    "patchApplied": "ok",
    "arrive_end": "ok",
    "patched_project_pass_all_test": "no",
    "test_execution": [
        {
            "patch": "/home/mmartinez/xTestCluster/Patches/Patches_Wang902/Patches_ICSE/Doverfitting/GenProg/Chart/patch1-Chart-12-GenProg-plausible.patch",
            "test": "test_from_WangICSE_patch1-Chart-12-RSRepair-plausible",
            "failing": 6,
            "testrun": 39,
            "failings": [
                "test21(org.jfree.chart.plot.MultiplePiePlot_ESTest)",
                "test23(org.jfree.chart.plot.MultiplePiePlot_ESTest)",
                "test22(org.jfree.chart.plot.MultiplePiePlot_ESTest)",
                "test25(org.jfree.chart.plot.MultiplePiePlot_ESTest)",
                "test24(org.jfree.chart.plot.MultiplePiePlot_ESTest)",
                "test36(org.jfree.chart.plot.MultiplePiePlot_ESTest)"
            ],
            "status": "ok",
            "test_executed": [
                "org.jfree.chart.plot.MultiplePiePlot_ESTest"
            ],
            "failing_assertions": [
                "java.lang.NullPointerException",
                "java.lang.NullPointerException",
                "java.lang.NullPointerException",
                "java.lang.NullPointerException",
                "java.lang.NullPointerException",
                "java.lang.NullPointerException"
            ],
            "failing_lines": [
                [
                    "org.jfree.chart.plot.MultiplePiePlot_ESTest.test21(MultiplePiePlot_ESTest.java:305)"
                ],
                [
                    "org.jfree.chart.plot.MultiplePiePlot_ESTest.test23(MultiplePiePlot_ESTest.java:340)"
                ],
                [
                    "org.jfree.chart.plot.MultiplePiePlot_ESTest.test22(MultiplePiePlot_ESTest.java:324)"
                ],
                [
                    "org.jfree.chart.plot.MultiplePiePlot_ESTest.test25(MultiplePiePlot_ESTest.java:376)"
                ],
                [
                    "org.jfree.chart.plot.MultiplePiePlot_ESTest.test24(MultiplePiePlot_ESTest.java:357)"
                ],
                [
                    "org.jfree.chart.plot.MultiplePiePlot_ESTest.test36(MultiplePiePlot_ESTest.java:508)"
                ]
            ]
        },
        {
            "patch": "/home/mmartinez/xTestCluster/Patches/Patches_Wang902/Patches_ICSE/Doverfitting/GenProg/Chart/patch1-Chart-12-GenProg-plausible.patch",
            "test": "test_from_WangICSE_patch1-Chart-12-SimFix-plausible",
            "failing": 6,
            "testrun": 38,
            "failings": [
                "test21(org.jfree.chart.plot.MultiplePiePlot_ESTest)",
                "test20(org.jfree.chart.plot.MultiplePiePlot_ESTest)",
                "test22(org.jfree.chart.plot.MultiplePiePlot_ESTest)",
                "test27(org.jfree.chart.plot.MultiplePiePlot_ESTest)",
                "test11(org.jfree.chart.plot.MultiplePiePlot_ESTest)",
                "test35(org.jfree.chart.plot.MultiplePiePlot_ESTest)"
            ],
            "status": "ok",
            "test_executed": [
                "org.jfree.chart.plot.MultiplePiePlot_ESTest"
            ],
            "failing_assertions": [
                "java.lang.NullPointerException",
                "java.lang.NullPointerException",
                "java.lang.NullPointerException",
                "java.lang.NullPointerException",
                "java.lang.NullPointerException",
                "java.lang.NullPointerException"
            ],
            "failing_lines": [
                [
                    "org.jfree.chart.plot.MultiplePiePlot_ESTest.test21(MultiplePiePlot_ESTest.java:307)"
                ],
                [
                    "org.jfree.chart.plot.MultiplePiePlot_ESTest.test20(MultiplePiePlot_ESTest.java:292)"
                ],
                [
                    "org.jfree.chart.plot.MultiplePiePlot_ESTest.test22(MultiplePiePlot_ESTest.java:323)"
                ],
                [
                    "org.jfree.chart.plot.MultiplePiePlot_ESTest.test27(MultiplePiePlot_ESTest.java:394)"
                ],
                [
                    "org.jfree.chart.plot.MultiplePiePlot_ESTest.test11(MultiplePiePlot_ESTest.java:188)"
                ],
                [
                    "org.jfree.chart.plot.MultiplePiePlot_ESTest.test35(MultiplePiePlot_ESTest.java:479)"
                ]
            ]
        },
        {
            "patch": "/home/mmartinez/xTestCluster/Patches/Patches_Wang902/Patches_ICSE/Doverfitting/GenProg/Chart/patch1-Chart-12-GenProg-plausible.patch",
            "test": "test_from_WangICSE_patch1-Chart-12-GenProg-plausible",
            "failing": 0,
            "testrun": 163,
            "failings": [],
            "status": "ok",
            "test_executed": [
                "org.jfree.chart.plot.MultiplePiePlot_ESTest",
                "org.jfree.chart.JFreeChart_ESTest"
            ],
            "failing_assertions": [],
            "failing_lines": []
        },
        {
            "patch": "/home/mmartinez/xTestCluster/Patches/Patches_Wang902/Patches_ICSE/Doverfitting/GenProg/Chart/patch1-Chart-12-GenProg-plausible.patch",
            "test": "test_from_WangICSE_patch1-Chart-12-Kali-plausible",
            "failing": 1,
            "testrun": 14,
            "failings": [
                "test11(org.jfree.data.general.AbstractDataset_ESTest)"
            ],
            "status": "ok",
            "test_executed": [
                "org.jfree.data.general.AbstractDataset_ESTest"
            ],
            "failing_assertions": [
                "java.lang.AssertionError"
            ],
            "failing_lines": [
                [
                    "org.jfree.data.general.AbstractDataset_ESTest.test11(AbstractDataset_ESTest.java:172)"
                ]
            ]
        },
        {
            "patch": "/home/mmartinez/xTestCluster/Patches/Patches_Wang902/Patches_ICSE/Doverfitting/GenProg/Chart/patch1-Chart-12-GenProg-plausible.patch",
            "test": "test_from_WangICSE_patch1-Chart-12-TBar-plausible",
            "failing": 1,
            "testrun": 10,
            "failings": [
                "test5(org.jfree.data.general.AbstractDataset_ESTest)"
            ],
            "status": "ok",
            "test_executed": [
                "org.jfree.data.general.AbstractDataset_ESTest"
            ],
            "failing_assertions": [
                "java.lang.AssertionError"
            ],
            "failing_lines": [
                [
                    "org.jfree.data.general.AbstractDataset_ESTest.test5(AbstractDataset_ESTest.java:80)"
                ]
            ]
        },
        {
            "patch": "/home/mmartinez/xTestCluster/Patches/Patches_Wang902/Patches_ICSE/Doverfitting/GenProg/Chart/patch1-Chart-12-GenProg-plausible.patch",
            "test": "test_from_WangICSE_patch1-Chart-12-Arja",
            "failing": 6,
            "testrun": 40,
            "failings": [
                "test28(org.jfree.chart.plot.MultiplePiePlot_ESTest)",
                "test27(org.jfree.chart.plot.MultiplePiePlot_ESTest)",
                "test26(org.jfree.chart.plot.MultiplePiePlot_ESTest)",
                "test18(org.jfree.chart.plot.MultiplePiePlot_ESTest)",
                "test12(org.jfree.chart.plot.MultiplePiePlot_ESTest)",
                "test13(org.jfree.chart.plot.MultiplePiePlot_ESTest)"
            ],
            "status": "ok",
            "test_executed": [
                "org.jfree.chart.plot.MultiplePiePlot_ESTest"
            ],
            "failing_assertions": [
                "java.lang.NullPointerException",
                "java.lang.NullPointerException",
                "java.lang.NullPointerException",
                "java.lang.NullPointerException",
                "java.lang.NullPointerException",
                "java.lang.NullPointerException"
            ],
            "failing_lines": [
                [
                    "org.jfree.chart.plot.MultiplePiePlot_ESTest.test28(MultiplePiePlot_ESTest.java:375)"
                ],
                [
                    "org.jfree.chart.plot.MultiplePiePlot_ESTest.test27(MultiplePiePlot_ESTest.java:364)"
                ],
                [
                    "org.jfree.chart.plot.MultiplePiePlot_ESTest.test26(MultiplePiePlot_ESTest.java:346)"
                ],
                [
                    "org.jfree.chart.plot.MultiplePiePlot_ESTest.test18(MultiplePiePlot_ESTest.java:255)"
                ],
                [
                    "org.jfree.chart.plot.MultiplePiePlot_ESTest.test12(MultiplePiePlot_ESTest.java:189)"
                ],
                [
                    "org.jfree.chart.plot.MultiplePiePlot_ESTest.test13(MultiplePiePlot_ESTest.java:201)"
                ]
            ]
        }
    ],
    "duration": 35.09
}