{
    "patch": "/home/mmartinez/xTestCluster/Patches/Patches_Wang902/Patches_ICSE/Doverfitting/Nopol/Math/patch1-Math-4-Nopol-plausible.patch",
    "project": "Math",
    "bugid": "4",
    "dataset": "Patches_ICSE",
    "date": "2023-02-04T05:53:54.201067",
    "project_checked": "ok",
    "compiledProjectModified": "ok",
    "patchApplied": "ok",
    "arrive_end": "ok",
    "patched_project_pass_all_test": "no",
    "test_execution": [
        {
            "patch": "/home/mmartinez/xTestCluster/Patches/Patches_Wang902/Patches_ICSE/Doverfitting/Nopol/Math/patch1-Math-4-Nopol-plausible.patch",
            "test": "test_from_WangICSE_patch1-Math-4-AVATAR",
            "failing": 2,
            "testrun": 49,
            "failings": [
                "test29(org.apache.commons.math3.geometry.euclidean.twod.SubLine_ESTest)",
                "test13(org.apache.commons.math3.geometry.euclidean.threed.SubLine_ESTest)"
            ],
            "status": "ok",
            "test_executed": [
                "org.apache.commons.math3.geometry.euclidean.twod.SubLine_ESTest",
                "org.apache.commons.math3.geometry.euclidean.threed.SubLine_ESTest"
            ],
            "failing_assertions": [
                "java.lang.NullPointerException",
                "java.lang.NullPointerException"
            ],
            "failing_lines": [
                [
                    "org.apache.commons.math3.geometry.euclidean.twod.SubLine_ESTest.test29(SubLine_ESTest.java:428)"
                ],
                [
                    "org.apache.commons.math3.geometry.euclidean.threed.SubLine_ESTest.test13(SubLine_ESTest.java:227)"
                ]
            ]
        },
        {
            "patch": "/home/mmartinez/xTestCluster/Patches/Patches_Wang902/Patches_ICSE/Doverfitting/Nopol/Math/patch1-Math-4-Nopol-plausible.patch",
            "test": "test_from_WangICSE_patch1-Math-4-ACS-plausible",
            "failing": 2,
            "testrun": 51,
            "failings": [
                "test27(org.apache.commons.math3.geometry.euclidean.twod.SubLine_ESTest)",
                "test15(org.apache.commons.math3.geometry.euclidean.threed.SubLine_ESTest)"
            ],
            "status": "ok",
            "test_executed": [
                "org.apache.commons.math3.geometry.euclidean.twod.SubLine_ESTest",
                "org.apache.commons.math3.geometry.euclidean.threed.SubLine_ESTest"
            ],
            "failing_assertions": [
                "java.lang.NullPointerException",
                "java.lang.NullPointerException"
            ],
            "failing_lines": [
                [
                    "org.apache.commons.math3.geometry.euclidean.twod.SubLine_ESTest.test27(SubLine_ESTest.java:412)"
                ],
                [
                    "org.apache.commons.math3.geometry.euclidean.threed.SubLine_ESTest.test15(SubLine_ESTest.java:234)"
                ]
            ]
        },
        {
            "patch": "/home/mmartinez/xTestCluster/Patches/Patches_Wang902/Patches_ICSE/Doverfitting/Nopol/Math/patch1-Math-4-Nopol-plausible.patch",
            "test": "test_from_WangICSE_patch1-Math-4-Nopol-plausible",
            "failing": 0,
            "testrun": 70,
            "failings": [],
            "status": "ok",
            "test_executed": [
                "org.apache.commons.math3.geometry.euclidean.twod.Line_ESTest"
            ],
            "failing_assertions": [],
            "failing_lines": []
        }
    ],
    "duration": 20.3
}