{
    "patch": "/home/mmartinez/xTestCluster/Patches/Patches_Wang902/Patches_ICSE/Doverfitting/AVATAR/Lang/patch1-Lang-58-AVATAR-plausible.patch",
    "project": "Lang",
    "bugid": "58",
    "dataset": "Patches_ICSE",
    "date": "2022-12-16T06:11:14.001619",
    "project_checked": "ok",
    "compiledProjectModified": "ok",
    "patchApplied": "ok",
    "arrive_end": "ok",
    "patched_project_pass_all_test": "no",
    "test_execution": [
        {
            "patch": "/home/mmartinez/xTestCluster/Patches/Patches_Wang902/Patches_ICSE/Doverfitting/AVATAR/Lang/patch1-Lang-58-AVATAR-plausible.patch",
            "test": "test_from_WangICSE_patch1-Lang-58-Nopol-plausible",
            "failing": 1,
            "testrun": 261,
            "failings": [
                "test231(org.apache.commons.lang.math.NumberUtils_ESTest)"
            ],
            "status": "ok",
            "test_executed": [
                "org.apache.commons.lang.math.NumberUtils_ESTest"
            ],
            "failing_assertions": [
                "java.lang.AssertionError: expected:<1.0> but was:<1>"
            ],
            "failing_lines": [
                [
                    "org.apache.commons.lang.math.NumberUtils_ESTest.test231(NumberUtils_ESTest.java:1900)"
                ]
            ]
        },
        {
            "patch": "/home/mmartinez/xTestCluster/Patches/Patches_Wang902/Patches_ICSE/Doverfitting/AVATAR/Lang/patch1-Lang-58-AVATAR-plausible.patch",
            "test": "test_from_WangICSE_patch1-Lang-58-kPAR-plausible",
            "failing": 1,
            "testrun": 261,
            "failings": [
                "test235(org.apache.commons.lang.math.NumberUtils_ESTest)"
            ],
            "status": "ok",
            "test_executed": [
                "org.apache.commons.lang.math.NumberUtils_ESTest"
            ],
            "failing_assertions": [
                "java.lang.AssertionError: Exception was not thrown in java.lang.NumberFormatException but in org.apache.commons.lang.math.NumberUtils.createNumber(NumberUtils.java:463): java.lang.NumberFormatException: h&L is not a valid number."
            ],
            "failing_lines": [
                [
                    "org.apache.commons.lang.math.NumberUtils_ESTest.test235(NumberUtils_ESTest.java:1950)"
                ]
            ]
        },
        {
            "patch": "/home/mmartinez/xTestCluster/Patches/Patches_Wang902/Patches_ICSE/Doverfitting/AVATAR/Lang/patch1-Lang-58-AVATAR-plausible.patch",
            "test": "test_from_WangICSE_patch1-Lang-58-AVATAR-plausible",
            "failing": 0,
            "testrun": 260,
            "failings": [],
            "status": "ok",
            "test_executed": [
                "org.apache.commons.lang.math.NumberUtils_ESTest"
            ],
            "failing_assertions": [],
            "failing_lines": []
        },
        {
            "patch": "/home/mmartinez/xTestCluster/Patches/Patches_Wang902/Patches_ICSE/Doverfitting/AVATAR/Lang/patch1-Lang-58-AVATAR-plausible.patch",
            "test": "test_from_WangICSE_patch1-Lang-58-SimFix",
            "failing": 0,
            "testrun": 258,
            "failings": [],
            "status": "ok",
            "test_executed": [
                "org.apache.commons.lang.math.NumberUtils_ESTest"
            ],
            "failing_assertions": [],
            "failing_lines": []
        },
        {
            "patch": "/home/mmartinez/xTestCluster/Patches/Patches_Wang902/Patches_ICSE/Doverfitting/AVATAR/Lang/patch1-Lang-58-AVATAR-plausible.patch",
            "test": "test_from_WangICSE_patch1-Lang-58-TBar-plausible",
            "failing": 1,
            "testrun": 253,
            "failings": [
                "test232(org.apache.commons.lang.math.NumberUtils_ESTest)"
            ],
            "status": "ok",
            "test_executed": [
                "org.apache.commons.lang.math.NumberUtils_ESTest"
            ],
            "failing_assertions": [
                "java.lang.AssertionError: Exception was not thrown in java.lang.NumberFormatException but in org.apache.commons.lang.math.NumberUtils.createNumber(NumberUtils.java:463): java.lang.NumberFormatException: The Array must not be null is not a valid number."
            ],
            "failing_lines": [
                [
                    "org.apache.commons.lang.math.NumberUtils_ESTest.test232(NumberUtils_ESTest.java:1955)"
                ]
            ]
        }
    ],
    "duration": 25.8
}