{
    "patch": "/home/mmartinez/xTestCluster/Patches/Patches_Wang902/Patches_ICSE/Doverfitting/Kali/Chart/patch1-Chart-12-Kali-plausible.patch",
    "project": "Chart",
    "bugid": "12",
    "dataset": "Patches_ICSE",
    "date": "2023-02-02T02:41:01.058418",
    "project_checked": "ok",
    "compiledProjectModified": "ok",
    "patchApplied": "ok",
    "arrive_end": "ok",
    "patched_project_pass_all_test": "no",
    "test_execution": [
        {
            "patch": "/home/mmartinez/xTestCluster/Patches/Patches_Wang902/Patches_ICSE/Doverfitting/Kali/Chart/patch1-Chart-12-Kali-plausible.patch",
            "test": "test_from_WangICSE_patch1-Chart-12-RSRepair-plausible",
            "failing": 0,
            "testrun": 41,
            "failings": [],
            "status": "ok",
            "test_executed": [
                "org.jfree.chart.plot.MultiplePiePlot_ESTest"
            ],
            "failing_assertions": [],
            "failing_lines": []
        },
        {
            "patch": "/home/mmartinez/xTestCluster/Patches/Patches_Wang902/Patches_ICSE/Doverfitting/Kali/Chart/patch1-Chart-12-Kali-plausible.patch",
            "test": "test_from_WangICSE_patch1-Chart-12-SimFix-plausible",
            "failing": 0,
            "testrun": 38,
            "failings": [],
            "status": "ok",
            "test_executed": [
                "org.jfree.chart.plot.MultiplePiePlot_ESTest"
            ],
            "failing_assertions": [],
            "failing_lines": []
        },
        {
            "patch": "/home/mmartinez/xTestCluster/Patches/Patches_Wang902/Patches_ICSE/Doverfitting/Kali/Chart/patch1-Chart-12-Kali-plausible.patch",
            "test": "test_from_WangICSE_patch1-Chart-12-GenProg-plausible",
            "failing": 10,
            "testrun": 164,
            "failings": [
                "test27(org.jfree.chart.plot.MultiplePiePlot_ESTest)",
                "test04(org.jfree.chart.plot.MultiplePiePlot_ESTest)",
                "test30(org.jfree.chart.plot.MultiplePiePlot_ESTest)",
                "test14(org.jfree.chart.plot.MultiplePiePlot_ESTest)",
                "test16(org.jfree.chart.plot.MultiplePiePlot_ESTest)",
                "test15(org.jfree.chart.plot.MultiplePiePlot_ESTest)",
                "test066(org.jfree.chart.JFreeChart_ESTest)",
                "test006(org.jfree.chart.JFreeChart_ESTest)",
                "test127(org.jfree.chart.JFreeChart_ESTest)",
                "test126(org.jfree.chart.JFreeChart_ESTest)"
            ],
            "status": "ok",
            "test_executed": [
                "org.jfree.chart.plot.MultiplePiePlot_ESTest",
                "org.jfree.chart.JFreeChart_ESTest"
            ],
            "failing_assertions": [
                "java.lang.AssertionError: expected null, but was:<java.awt.Color[r=192,g=192,b=192]>",
                "java.lang.AssertionError: Expecting exception: NullPointerException",
                "java.lang.AssertionError: Expecting exception: IllegalArgumentException",
                "java.lang.AssertionError: Expecting exception: NullPointerException",
                "java.lang.AssertionError: Expecting exception: NullPointerException",
                "java.lang.AssertionError: Expecting exception: NullPointerException",
                "java.lang.AssertionError: expected:<1> but was:<0>",
                "org.evosuite.runtime.mock.java.lang.MockIllegalArgumentException: The \\'index\\' argument is out of range.",
                "java.lang.AssertionError: expected:<1> but was:<0>",
                "java.lang.AssertionError"
            ],
            "failing_lines": [
                [
                    "org.jfree.chart.plot.MultiplePiePlot_ESTest.test27(MultiplePiePlot_ESTest.java:405)"
                ],
                [
                    "org.jfree.chart.plot.MultiplePiePlot_ESTest.test04(MultiplePiePlot_ESTest.java:93)"
                ],
                [
                    "org.jfree.chart.plot.MultiplePiePlot_ESTest.test30(MultiplePiePlot_ESTest.java:430)"
                ],
                [
                    "org.jfree.chart.plot.MultiplePiePlot_ESTest.test14(MultiplePiePlot_ESTest.java:216)"
                ],
                [
                    "org.jfree.chart.plot.MultiplePiePlot_ESTest.test16(MultiplePiePlot_ESTest.java:259)"
                ],
                [
                    "org.jfree.chart.plot.MultiplePiePlot_ESTest.test15(MultiplePiePlot_ESTest.java:237)"
                ],
                [
                    "org.jfree.chart.JFreeChart_ESTest.test066(JFreeChart_ESTest.java:948)"
                ],
                [
                    "org.jfree.chart.JFreeChart_ESTest.test006(JFreeChart_ESTest.java:148)"
                ],
                [
                    "org.jfree.chart.JFreeChart_ESTest.test127(JFreeChart_ESTest.java:1710)"
                ],
                [
                    "org.jfree.chart.JFreeChart_ESTest.test126(JFreeChart_ESTest.java:1696)"
                ]
            ]
        },
        {
            "patch": "/home/mmartinez/xTestCluster/Patches/Patches_Wang902/Patches_ICSE/Doverfitting/Kali/Chart/patch1-Chart-12-Kali-plausible.patch",
            "test": "test_from_WangICSE_patch1-Chart-12-Kali-plausible",
            "failing": 0,
            "testrun": 12,
            "failings": [],
            "status": "ok",
            "test_executed": [
                "org.jfree.data.general.AbstractDataset_ESTest"
            ],
            "failing_assertions": [],
            "failing_lines": []
        },
        {
            "patch": "/home/mmartinez/xTestCluster/Patches/Patches_Wang902/Patches_ICSE/Doverfitting/Kali/Chart/patch1-Chart-12-Kali-plausible.patch",
            "test": "test_from_WangICSE_patch1-Chart-12-TBar-plausible",
            "failing": 0,
            "testrun": 11,
            "failings": [],
            "status": "ok",
            "test_executed": [
                "org.jfree.data.general.AbstractDataset_ESTest"
            ],
            "failing_assertions": [],
            "failing_lines": []
        },
        {
            "patch": "/home/mmartinez/xTestCluster/Patches/Patches_Wang902/Patches_ICSE/Doverfitting/Kali/Chart/patch1-Chart-12-Kali-plausible.patch",
            "test": "test_from_WangICSE_patch1-Chart-12-Arja",
            "failing": 0,
            "testrun": 41,
            "failings": [],
            "status": "ok",
            "test_executed": [
                "org.jfree.chart.plot.MultiplePiePlot_ESTest"
            ],
            "failing_assertions": [],
            "failing_lines": []
        }
    ],
    "duration": 35.37
}