{
    "patch": "/home/mmartinez/xTestCluster/Patches/Patches_Wang902/Patches_ICSE/Doverfitting/SimFix/Lang/patch1-Lang-41-SimFix-plausible.patch",
    "project": "Lang",
    "bugid": "41",
    "dataset": "Patches_ICSE",
    "date": "2022-12-16T04:48:15.453920",
    "project_checked": "ok",
    "compiledProjectModified": "ok",
    "patchApplied": "ok",
    "arrive_end": "ok",
    "patched_project_pass_all_test": "no",
    "test_execution": [
        {
            "patch": "/home/mmartinez/xTestCluster/Patches/Patches_Wang902/Patches_ICSE/Doverfitting/SimFix/Lang/patch1-Lang-41-SimFix-plausible.patch",
            "test": "test_from_WangICSE_patch1-Lang-41-TBar-plausible",
            "failing": 0,
            "testrun": 115,
            "failings": [],
            "status": "ok",
            "test_executed": [
                "org.apache.commons.lang.ClassUtils_ESTest"
            ],
            "failing_assertions": [],
            "failing_lines": []
        },
        {
            "patch": "/home/mmartinez/xTestCluster/Patches/Patches_Wang902/Patches_ICSE/Doverfitting/SimFix/Lang/patch1-Lang-41-SimFix-plausible.patch",
            "test": "test_from_WangICSE_patch1-Lang-41-SimFix-plausible",
            "failing": 0,
            "testrun": 105,
            "failings": [],
            "status": "ok",
            "test_executed": [
                "org.apache.commons.lang.ClassUtils_ESTest"
            ],
            "failing_assertions": [],
            "failing_lines": []
        }
    ],
    "duration": 17.51
}