{
    "patch": "/home/mmartinez/xTestCluster/Patches/Patches_Wang902/Patches_others/Dcorrect/CapGen/Math/patch1-Math-59-CapGen.patch",
    "project": "Math",
    "bugid": "59",
    "dataset": "Patches_others",
    "date": "2023-02-04T02:54:14.935920",
    "project_checked": "ok",
    "compiledProjectModified": "ok",
    "patchApplied": "ok",
    "arrive_end": "ok",
    "patched_project_pass_all_test": "no",
    "test_execution": [
        {
            "patch": "/home/mmartinez/xTestCluster/Patches/Patches_Wang902/Patches_others/Dcorrect/CapGen/Math/patch1-Math-59-CapGen.patch",
            "test": "test_from_WangICSE_patch1-Math-59-AVATAR",
            "failing": 0,
            "testrun": 269,
            "failings": [],
            "status": "ok",
            "test_executed": [
                "org.apache.commons.math.util.FastMath_ESTest"
            ],
            "failing_assertions": [],
            "failing_lines": []
        },
        {
            "patch": "/home/mmartinez/xTestCluster/Patches/Patches_Wang902/Patches_others/Dcorrect/CapGen/Math/patch1-Math-59-CapGen.patch",
            "test": "test_from_WangDRR_patch1-Math-59-SketchFix",
            "failing": 0,
            "testrun": 267,
            "failings": [],
            "status": "ok",
            "test_executed": [
                "org.apache.commons.math.util.FastMath_ESTest"
            ],
            "failing_assertions": [],
            "failing_lines": []
        },
        {
            "patch": "/home/mmartinez/xTestCluster/Patches/Patches_Wang902/Patches_others/Dcorrect/CapGen/Math/patch1-Math-59-CapGen.patch",
            "test": "test_from_WangICSE_patch1-Math-59-SimFix",
            "failing": 0,
            "testrun": 271,
            "failings": [],
            "status": "ok",
            "test_executed": [
                "org.apache.commons.math.util.FastMath_ESTest"
            ],
            "failing_assertions": [],
            "failing_lines": []
        },
        {
            "patch": "/home/mmartinez/xTestCluster/Patches/Patches_Wang902/Patches_others/Dcorrect/CapGen/Math/patch1-Math-59-CapGen.patch",
            "test": "test_from_WangDRR_patch1-Math-59-SequenceR",
            "failing": 0,
            "testrun": 270,
            "failings": [],
            "status": "ok",
            "test_executed": [
                "org.apache.commons.math.util.FastMath_ESTest"
            ],
            "failing_assertions": [],
            "failing_lines": []
        },
        {
            "patch": "/home/mmartinez/xTestCluster/Patches/Patches_Wang902/Patches_others/Dcorrect/CapGen/Math/patch1-Math-59-CapGen.patch",
            "test": "test_from_WangDRR_patch1-Math-59-SOFix",
            "failing": 0,
            "testrun": 264,
            "failings": [],
            "status": "ok",
            "test_executed": [
                "org.apache.commons.math.util.FastMath_ESTest"
            ],
            "failing_assertions": [],
            "failing_lines": []
        },
        {
            "patch": "/home/mmartinez/xTestCluster/Patches/Patches_Wang902/Patches_others/Dcorrect/CapGen/Math/patch1-Math-59-CapGen.patch",
            "test": "test_from_WangDRR_patch1-Math-59-CapGen",
            "failing": 0,
            "testrun": 270,
            "failings": [],
            "status": "ok",
            "test_executed": [
                "org.apache.commons.math.util.FastMath_ESTest"
            ],
            "failing_assertions": [],
            "failing_lines": []
        }
    ],
    "duration": 31.17
}