{
    "patch": "/home/mmartinez/xTestCluster/Patches/Patches_Wang902/Patches_ICSE/Doverfitting/Arja/Closure/patch1-Closure-67-Arja-plausible.patch",
    "project": "Closure",
    "bugid": "67",
    "dataset": "Patches_ICSE",
    "date": "2022-12-16T04:05:04.439600",
    "project_checked": "ok",
    "compiledProjectModified": "ok",
    "patchApplied": "ok",
    "arrive_end": "ok",
    "patched_project_pass_all_test": "no",
    "test_execution": [
        {
            "patch": "/home/mmartinez/xTestCluster/Patches/Patches_Wang902/Patches_ICSE/Doverfitting/Arja/Closure/patch1-Closure-67-Arja-plausible.patch",
            "test": "test_from_WangICSE_patch1-Closure-67-Kali-plausible",
            "failing": 0,
            "testrun": 5,
            "failings": [],
            "status": "ok",
            "test_executed": [
                "com.google.javascript.jscomp.RemoveUnusedPrototypeProperties_ESTest"
            ],
            "failing_assertions": [],
            "failing_lines": []
        },
        {
            "patch": "/home/mmartinez/xTestCluster/Patches/Patches_Wang902/Patches_ICSE/Doverfitting/Arja/Closure/patch1-Closure-67-Arja-plausible.patch",
            "test": "test_from_WangICSE_patch1-Closure-67-GenProg-plausible",
            "failing": 0,
            "testrun": 5,
            "failings": [],
            "status": "ok",
            "test_executed": [
                "com.google.javascript.jscomp.RemoveUnusedPrototypeProperties_ESTest"
            ],
            "failing_assertions": [],
            "failing_lines": []
        },
        {
            "patch": "/home/mmartinez/xTestCluster/Patches/Patches_Wang902/Patches_ICSE/Doverfitting/Arja/Closure/patch1-Closure-67-Arja-plausible.patch",
            "test": "test_from_WangICSE_patch1-Closure-67-Arja-plausible",
            "failing": 0,
            "testrun": 5,
            "failings": [
                "Error"
            ],
            "status": "ok",
            "test_executed": [
                "com.google.javascript.jscomp.RemoveUnusedPrototypeProperties_ESTest"
            ],
            "failing_assertions": [
                "04:05:36.408 [main] INFO org.evosuite.runtime.instrumentation.EvoClassLoader - Seeing class for first time: com.google.common.collect.ImmutableCollection$1"
            ],
            "failing_lines": []
        },
        {
            "patch": "/home/mmartinez/xTestCluster/Patches/Patches_Wang902/Patches_ICSE/Doverfitting/Arja/Closure/patch1-Closure-67-Arja-plausible.patch",
            "test": "test_from_WangICSE_patch1-Closure-67-RSRepair-plausible",
            "failing": 0,
            "testrun": 5,
            "failings": [],
            "status": "ok",
            "test_executed": [
                "com.google.javascript.jscomp.RemoveUnusedPrototypeProperties_ESTest"
            ],
            "failing_assertions": [],
            "failing_lines": []
        }
    ],
    "duration": 36.77
}