{
    "patch": "/home/mmartinez/xTestCluster/Patches/Patches_Wang902/Patches_ICSE/Doverfitting/Nopol/Chart/patch1-Chart-9-Nopol-plausible.patch",
    "project": "Chart",
    "bugid": "9",
    "dataset": "Patches_ICSE",
    "date": "2022-12-27T21:26:03.282776",
    "project_checked": "ok",
    "compiledProjectModified": "ok",
    "patchApplied": "ok",
    "arrive_end": "ok",
    "patched_project_pass_all_test": "no",
    "test_execution": [
        {
            "patch": "/home/mmartinez/xTestCluster/Patches/Patches_Wang902/Patches_ICSE/Doverfitting/Nopol/Chart/patch1-Chart-9-Nopol-plausible.patch",
            "test": "test_from_WangDRR_patch1-Chart-9-Jaid-plausible",
            "failing": 2,
            "testrun": 138,
            "failings": [
                "test091(org.jfree.data.time.TimeSeries_ESTest)",
                "test086(org.jfree.data.time.TimeSeries_ESTest)"
            ],
            "status": "ok",
            "test_executed": [
                "org.jfree.data.time.TimeSeries_ESTest"
            ],
            "failing_assertions": [
                "java.lang.AssertionError: Expecting exception: IllegalArgumentException",
                "java.lang.AssertionError: expected:<1> but was:<0>"
            ],
            "failing_lines": [
                [
                    "org.jfree.data.time.TimeSeries_ESTest.test091(TimeSeries_ESTest.java:1385)"
                ],
                [
                    "org.jfree.data.time.TimeSeries_ESTest.test086(TimeSeries_ESTest.java:1312)"
                ]
            ]
        },
        {
            "patch": "/home/mmartinez/xTestCluster/Patches/Patches_Wang902/Patches_ICSE/Doverfitting/Nopol/Chart/patch1-Chart-9-Nopol-plausible.patch",
            "test": "test_from_WangDRR_patch3-Chart-9-Jaid-plausible",
            "failing": 1,
            "testrun": 135,
            "failings": [
                "test096(org.jfree.data.time.TimeSeries_ESTest)"
            ],
            "status": "ok",
            "test_executed": [
                "org.jfree.data.time.TimeSeries_ESTest"
            ],
            "failing_assertions": [
                "java.lang.AssertionError: Expecting exception: IllegalArgumentException"
            ],
            "failing_lines": [
                [
                    "org.jfree.data.time.TimeSeries_ESTest.test096(TimeSeries_ESTest.java:1362)"
                ]
            ]
        },
        {
            "patch": "/home/mmartinez/xTestCluster/Patches/Patches_Wang902/Patches_ICSE/Doverfitting/Nopol/Chart/patch1-Chart-9-Nopol-plausible.patch",
            "test": "test_from_WangDRR_patch1-Chart-9-SketchFix",
            "failing": 1,
            "testrun": 138,
            "failings": [
                "test099(org.jfree.data.time.TimeSeries_ESTest)"
            ],
            "status": "ok",
            "test_executed": [
                "org.jfree.data.time.TimeSeries_ESTest"
            ],
            "failing_assertions": [
                "java.lang.AssertionError: Expecting exception: IllegalArgumentException"
            ],
            "failing_lines": [
                [
                    "org.jfree.data.time.TimeSeries_ESTest.test099(TimeSeries_ESTest.java:1440)"
                ]
            ]
        },
        {
            "patch": "/home/mmartinez/xTestCluster/Patches/Patches_Wang902/Patches_ICSE/Doverfitting/Nopol/Chart/patch1-Chart-9-Nopol-plausible.patch",
            "test": "test_from_WangDRR_patch2-Chart-9-Jaid",
            "failing": 1,
            "testrun": 137,
            "failings": [
                "test096(org.jfree.data.time.TimeSeries_ESTest)"
            ],
            "status": "ok",
            "test_executed": [
                "org.jfree.data.time.TimeSeries_ESTest"
            ],
            "failing_assertions": [
                "java.lang.AssertionError: Expecting exception: IllegalArgumentException"
            ],
            "failing_lines": [
                [
                    "org.jfree.data.time.TimeSeries_ESTest.test096(TimeSeries_ESTest.java:1444)"
                ]
            ]
        },
        {
            "patch": "/home/mmartinez/xTestCluster/Patches/Patches_Wang902/Patches_ICSE/Doverfitting/Nopol/Chart/patch1-Chart-9-Nopol-plausible.patch",
            "test": "test_from_WangDRR_patch1-Chart-9-Jaid",
            "failing": 1,
            "testrun": 136,
            "failings": [
                "test092(org.jfree.data.time.TimeSeries_ESTest)"
            ],
            "status": "ok",
            "test_executed": [
                "org.jfree.data.time.TimeSeries_ESTest"
            ],
            "failing_assertions": [
                "java.lang.AssertionError: Expecting exception: IllegalArgumentException"
            ],
            "failing_lines": [
                [
                    "org.jfree.data.time.TimeSeries_ESTest.test092(TimeSeries_ESTest.java:1353)"
                ]
            ]
        },
        {
            "patch": "/home/mmartinez/xTestCluster/Patches/Patches_Wang902/Patches_ICSE/Doverfitting/Nopol/Chart/patch1-Chart-9-Nopol-plausible.patch",
            "test": "test_from_WangICSE_patch1-Chart-9-Nopol-plausible",
            "failing": 0,
            "testrun": 140,
            "failings": [],
            "status": "ok",
            "test_executed": [
                "org.jfree.data.time.TimeSeries_ESTest"
            ],
            "failing_assertions": [],
            "failing_lines": []
        },
        {
            "patch": "/home/mmartinez/xTestCluster/Patches/Patches_Wang902/Patches_ICSE/Doverfitting/Nopol/Chart/patch1-Chart-9-Nopol-plausible.patch",
            "test": "test_from_WangDRR_patch1-Chart-9-SequenceR",
            "failing": 1,
            "testrun": 134,
            "failings": [
                "test100(org.jfree.data.time.TimeSeries_ESTest)"
            ],
            "status": "ok",
            "test_executed": [
                "org.jfree.data.time.TimeSeries_ESTest"
            ],
            "failing_assertions": [
                "java.lang.AssertionError: Expecting exception: IllegalArgumentException"
            ],
            "failing_lines": [
                [
                    "org.jfree.data.time.TimeSeries_ESTest.test100(TimeSeries_ESTest.java:1448)"
                ]
            ]
        },
        {
            "patch": "/home/mmartinez/xTestCluster/Patches/Patches_Wang902/Patches_ICSE/Doverfitting/Nopol/Chart/patch1-Chart-9-Nopol-plausible.patch",
            "test": "test_from_WangDRR_patch2-Chart-9-Jaid-plausible",
            "failing": 2,
            "testrun": 141,
            "failings": [
                "test103(org.jfree.data.time.TimeSeries_ESTest)",
                "test099(org.jfree.data.time.TimeSeries_ESTest)"
            ],
            "status": "ok",
            "test_executed": [
                "org.jfree.data.time.TimeSeries_ESTest"
            ],
            "failing_assertions": [
                "java.lang.AssertionError: Expecting exception: IllegalArgumentException",
                "java.lang.AssertionError: expected:<1> but was:<0>"
            ],
            "failing_lines": [
                [
                    "org.jfree.data.time.TimeSeries_ESTest.test103(TimeSeries_ESTest.java:1495)"
                ],
                [
                    "org.jfree.data.time.TimeSeries_ESTest.test099(TimeSeries_ESTest.java:1425)"
                ]
            ]
        },
        {
            "patch": "/home/mmartinez/xTestCluster/Patches/Patches_Wang902/Patches_ICSE/Doverfitting/Nopol/Chart/patch1-Chart-9-Nopol-plausible.patch",
            "test": "test_from_WangICSE_patch1-Chart-9-TBar",
            "failing": 1,
            "testrun": 137,
            "failings": [
                "test097(org.jfree.data.time.TimeSeries_ESTest)"
            ],
            "status": "ok",
            "test_executed": [
                "org.jfree.data.time.TimeSeries_ESTest"
            ],
            "failing_assertions": [
                "java.lang.AssertionError: Expecting exception: IllegalArgumentException"
            ],
            "failing_lines": [
                [
                    "org.jfree.data.time.TimeSeries_ESTest.test097(TimeSeries_ESTest.java:1399)"
                ]
            ]
        }
    ],
    "duration": 39.55
}