{
    "patch": "/home/mmartinez/xTestCluster/Patches/Patches_Wang902/Patches_ICSE/Doverfitting/SimFix/Lang/patch1-Lang-27-SimFix-plausible.patch",
    "project": "Lang",
    "bugid": "27",
    "dataset": "Patches_ICSE",
    "date": "2022-12-16T00:43:20.378418",
    "project_checked": "ok",
    "compiledProjectModified": "ok",
    "patchApplied": "ok",
    "arrive_end": "ok",
    "patched_project_pass_all_test": "no",
    "test_execution": [
        {
            "patch": "/home/mmartinez/xTestCluster/Patches/Patches_Wang902/Patches_ICSE/Doverfitting/SimFix/Lang/patch1-Lang-27-SimFix-plausible.patch",
            "test": "test_from_WangICSE_patch1-Lang-27-kPAR-plausible",
            "failing": 1,
            "testrun": 214,
            "failings": [
                "test181(org.apache.commons.lang3.math.NumberUtils_ESTest)"
            ],
            "status": "ok",
            "test_executed": [
                "org.apache.commons.lang3.math.NumberUtils_ESTest"
            ],
            "failing_assertions": [
                "java.lang.AssertionError: Exception was not thrown in java.math.BigInteger but in java.math.BigDecimal.<init>(BigDecimal.java:550): java.lang.NumberFormatException"
            ],
            "failing_lines": [
                [
                    "org.apache.commons.lang3.math.NumberUtils_ESTest.test181(NumberUtils_ESTest.java:1531)"
                ]
            ]
        },
        {
            "patch": "/home/mmartinez/xTestCluster/Patches/Patches_Wang902/Patches_ICSE/Doverfitting/SimFix/Lang/patch1-Lang-27-SimFix-plausible.patch",
            "test": "test_from_WangICSE_patch1-Lang-27-TBar-plausible",
            "failing": 2,
            "testrun": 214,
            "failings": [
                "test194(org.apache.commons.lang3.math.NumberUtils_ESTest)",
                "test182(org.apache.commons.lang3.math.NumberUtils_ESTest)"
            ],
            "status": "ok",
            "test_executed": [
                "org.apache.commons.lang3.math.NumberUtils_ESTest"
            ],
            "failing_assertions": [
                "java.lang.NumberFormatException: {.=ugiexxrya&e  is not a valid number.",
                "java.lang.AssertionError: Exception was not thrown in java.lang.NumberFormatException but in java.math.BigDecimal.parseExp(BigDecimal.java:647): java.lang.NumberFormatException"
            ],
            "failing_lines": [
                [
                    "org.apache.commons.lang3.math.NumberUtils_ESTest.test194(NumberUtils_ESTest.java:1671)"
                ],
                [
                    "org.apache.commons.lang3.math.NumberUtils_ESTest.test182(NumberUtils_ESTest.java:1525)"
                ]
            ]
        },
        {
            "patch": "/home/mmartinez/xTestCluster/Patches/Patches_Wang902/Patches_ICSE/Doverfitting/SimFix/Lang/patch1-Lang-27-SimFix-plausible.patch",
            "test": "test_from_WangICSE_patch1-Lang-27-AVATAR-plausible",
            "failing": 2,
            "testrun": 219,
            "failings": [
                "test195(org.apache.commons.lang3.math.NumberUtils_ESTest)",
                "test197(org.apache.commons.lang3.math.NumberUtils_ESTest)"
            ],
            "status": "ok",
            "test_executed": [
                "org.apache.commons.lang3.math.NumberUtils_ESTest"
            ],
            "failing_assertions": [
                "java.lang.AssertionError: Exception was not thrown in java.lang.NumberFormatException but in java.math.BigDecimal.parseExp(BigDecimal.java:647): java.lang.NumberFormatException",
                "java.lang.NumberFormatException: {.=ugiexxrya&e  is not a valid number."
            ],
            "failing_lines": [
                [
                    "org.apache.commons.lang3.math.NumberUtils_ESTest.test195(NumberUtils_ESTest.java:1666)"
                ],
                [
                    "org.apache.commons.lang3.math.NumberUtils_ESTest.test197(NumberUtils_ESTest.java:1688)"
                ]
            ]
        },
        {
            "patch": "/home/mmartinez/xTestCluster/Patches/Patches_Wang902/Patches_ICSE/Doverfitting/SimFix/Lang/patch1-Lang-27-SimFix-plausible.patch",
            "test": "test_from_WangICSE_patch1-Lang-27-SimFix-plausible",
            "failing": 0,
            "testrun": 215,
            "failings": [],
            "status": "ok",
            "test_executed": [
                "org.apache.commons.lang3.math.NumberUtils_ESTest"
            ],
            "failing_assertions": [],
            "failing_lines": []
        },
        {
            "patch": "/home/mmartinez/xTestCluster/Patches/Patches_Wang902/Patches_ICSE/Doverfitting/SimFix/Lang/patch1-Lang-27-SimFix-plausible.patch",
            "test": "test_from_WangICSE_patch1-Lang-27-jGenProg-plausible",
            "failing": 0,
            "testrun": 223,
            "failings": [],
            "status": "ok",
            "test_executed": [
                "org.apache.commons.lang3.math.NumberUtils_ESTest"
            ],
            "failing_assertions": [],
            "failing_lines": []
        },
        {
            "patch": "/home/mmartinez/xTestCluster/Patches/Patches_Wang902/Patches_ICSE/Doverfitting/SimFix/Lang/patch1-Lang-27-SimFix-plausible.patch",
            "test": "test_from_WangICSE_patch1-Lang-27-jMutRepair-plausible",
            "failing": 2,
            "testrun": 218,
            "failings": [
                "test199(org.apache.commons.lang3.math.NumberUtils_ESTest)",
                "test196(org.apache.commons.lang3.math.NumberUtils_ESTest)"
            ],
            "status": "ok",
            "test_executed": [
                "org.apache.commons.lang3.math.NumberUtils_ESTest"
            ],
            "failing_assertions": [
                "java.lang.NumberFormatException: {.=ugiexxrya&e  is not a valid number.",
                "java.lang.AssertionError: Exception was not thrown in java.lang.NumberFormatException but in java.math.BigDecimal.parseExp(BigDecimal.java:647): java.lang.NumberFormatException"
            ],
            "failing_lines": [
                [
                    "org.apache.commons.lang3.math.NumberUtils_ESTest.test199(NumberUtils_ESTest.java:1707)"
                ],
                [
                    "org.apache.commons.lang3.math.NumberUtils_ESTest.test196(NumberUtils_ESTest.java:1671)"
                ]
            ]
        },
        {
            "patch": "/home/mmartinez/xTestCluster/Patches/Patches_Wang902/Patches_ICSE/Doverfitting/SimFix/Lang/patch1-Lang-27-SimFix-plausible.patch",
            "test": "test_from_WangICSE_patch1-Lang-27-jKali-plausible",
            "failing": 1,
            "testrun": 221,
            "failings": [
                "test189(org.apache.commons.lang3.math.NumberUtils_ESTest)"
            ],
            "status": "ok",
            "test_executed": [
                "org.apache.commons.lang3.math.NumberUtils_ESTest"
            ],
            "failing_assertions": [
                "java.lang.AssertionError: Exception was not thrown in java.lang.NumberFormatException but in java.math.BigDecimal.<init>(BigDecimal.java:494): java.lang.NumberFormatException"
            ],
            "failing_lines": [
                [
                    "org.apache.commons.lang3.math.NumberUtils_ESTest.test189(NumberUtils_ESTest.java:1577)"
                ]
            ]
        }
    ],
    "duration": 30.42
}