{
    "patch": "/home/mmartinez/xTestCluster/Patches/Patches_Wang902/Patches_others/Dcorrect/SketchFix/Math/patch1-Math-70-SketchFix.patch",
    "project": "Math",
    "bugid": "70",
    "dataset": "Patches_others",
    "date": "2023-02-02T03:41:21.235856",
    "project_checked": "ok",
    "compiledProjectModified": "ok",
    "patchApplied": "ok",
    "arrive_end": "ok",
    "patched_project_pass_all_test": "no",
    "test_execution": [
        {
            "patch": "/home/mmartinez/xTestCluster/Patches/Patches_Wang902/Patches_others/Dcorrect/SketchFix/Math/patch1-Math-70-SketchFix.patch",
            "test": "test_from_WangDRR_patch1-Math-70-SketchFix-plausible",
            "failing": 0,
            "testrun": 29,
            "failings": [],
            "status": "ok",
            "test_executed": [
                "org.apache.commons.math.analysis.solvers.BisectionSolver_ESTest"
            ],
            "failing_assertions": [],
            "failing_lines": []
        },
        {
            "patch": "/home/mmartinez/xTestCluster/Patches/Patches_Wang902/Patches_others/Dcorrect/SketchFix/Math/patch1-Math-70-SketchFix.patch",
            "test": "test_from_WangDRR_patch1-Math-70-SOFix",
            "failing": 0,
            "testrun": 30,
            "failings": [],
            "status": "ok",
            "test_executed": [
                "org.apache.commons.math.analysis.solvers.BisectionSolver_ESTest"
            ],
            "failing_assertions": [],
            "failing_lines": []
        },
        {
            "patch": "/home/mmartinez/xTestCluster/Patches/Patches_Wang902/Patches_others/Dcorrect/SketchFix/Math/patch1-Math-70-SketchFix.patch",
            "test": "test_from_WangICSE_patch1-Math-70-Cardumen",
            "failing": 0,
            "testrun": 31,
            "failings": [],
            "status": "ok",
            "test_executed": [
                "org.apache.commons.math.analysis.solvers.BisectionSolver_ESTest"
            ],
            "failing_assertions": [],
            "failing_lines": []
        },
        {
            "patch": "/home/mmartinez/xTestCluster/Patches/Patches_Wang902/Patches_others/Dcorrect/SketchFix/Math/patch1-Math-70-SketchFix.patch",
            "test": "test_from_WangDRR_patch1-Math-70-CapGen",
            "failing": 0,
            "testrun": 30,
            "failings": [],
            "status": "ok",
            "test_executed": [
                "org.apache.commons.math.analysis.solvers.BisectionSolver_ESTest"
            ],
            "failing_assertions": [],
            "failing_lines": []
        },
        {
            "patch": "/home/mmartinez/xTestCluster/Patches/Patches_Wang902/Patches_others/Dcorrect/SketchFix/Math/patch1-Math-70-SketchFix.patch",
            "test": "test_from_WangDRR_patch2-Math-70-SketchFix-plausible",
            "failing": 6,
            "testrun": 28,
            "failings": [
                "test04(org.apache.commons.math.analysis.solvers.BisectionSolver_ESTest)",
                "test03(org.apache.commons.math.analysis.solvers.BisectionSolver_ESTest)",
                "test25(org.apache.commons.math.analysis.solvers.BisectionSolver_ESTest)",
                "test02(org.apache.commons.math.analysis.solvers.BisectionSolver_ESTest)",
                "test01(org.apache.commons.math.analysis.solvers.BisectionSolver_ESTest)",
                "test22(org.apache.commons.math.analysis.solvers.BisectionSolver_ESTest)"
            ],
            "status": "ok",
            "test_executed": [
                "org.apache.commons.math.analysis.solvers.BisectionSolver_ESTest"
            ],
            "failing_assertions": [
                "java.lang.AssertionError: expected:<-4.585999235759729E-7> but was:<-1969.6716732483033>",
                "java.lang.AssertionError: expected:<1719.00500752394> but was:<696.6740068757756>",
                "java.lang.AssertionError: expected:<1048.415271812259> but was:<1.000000487740744>",
                "java.lang.AssertionError: expected:<-1.126307145614347> but was:<-1959.1635943441088>",
                "java.lang.AssertionError: expected:<798.5124391662719> but was:<1.0909070835021289E-4>",
                "java.lang.AssertionError: Expecting exception: Exception"
            ],
            "failing_lines": [
                [
                    "org.apache.commons.math.analysis.solvers.BisectionSolver_ESTest.test04(BisectionSolver_ESTest.java:70)"
                ],
                [
                    "org.apache.commons.math.analysis.solvers.BisectionSolver_ESTest.test03(BisectionSolver_ESTest.java:60)"
                ],
                [
                    "org.apache.commons.math.analysis.solvers.BisectionSolver_ESTest.test25(BisectionSolver_ESTest.java:392)"
                ],
                [
                    "org.apache.commons.math.analysis.solvers.BisectionSolver_ESTest.test02(BisectionSolver_ESTest.java:50)"
                ],
                [
                    "org.apache.commons.math.analysis.solvers.BisectionSolver_ESTest.test01(BisectionSolver_ESTest.java:40)"
                ],
                [
                    "org.apache.commons.math.analysis.solvers.BisectionSolver_ESTest.test22(BisectionSolver_ESTest.java:347)"
                ]
            ]
        },
        {
            "patch": "/home/mmartinez/xTestCluster/Patches/Patches_Wang902/Patches_others/Dcorrect/SketchFix/Math/patch1-Math-70-SketchFix.patch",
            "test": "test_from_WangICSE_patch1-Math-70-TBar",
            "failing": 0,
            "testrun": 28,
            "failings": [],
            "status": "ok",
            "test_executed": [
                "org.apache.commons.math.analysis.solvers.BisectionSolver_ESTest"
            ],
            "failing_assertions": [],
            "failing_lines": []
        },
        {
            "patch": "/home/mmartinez/xTestCluster/Patches/Patches_Wang902/Patches_others/Dcorrect/SketchFix/Math/patch1-Math-70-SketchFix.patch",
            "test": "test_from_WangDRR_patch1-Math-70-SketchFix",
            "failing": 0,
            "testrun": 27,
            "failings": [],
            "status": "ok",
            "test_executed": [
                "org.apache.commons.math.analysis.solvers.BisectionSolver_ESTest"
            ],
            "failing_assertions": [],
            "failing_lines": []
        },
        {
            "patch": "/home/mmartinez/xTestCluster/Patches/Patches_Wang902/Patches_others/Dcorrect/SketchFix/Math/patch1-Math-70-SketchFix.patch",
            "test": "test_from_WangICSE_patch1-Math-70-jGenProg",
            "failing": 0,
            "testrun": 28,
            "failings": [],
            "status": "ok",
            "test_executed": [
                "org.apache.commons.math.analysis.solvers.BisectionSolver_ESTest"
            ],
            "failing_assertions": [],
            "failing_lines": []
        },
        {
            "patch": "/home/mmartinez/xTestCluster/Patches/Patches_Wang902/Patches_others/Dcorrect/SketchFix/Math/patch1-Math-70-SketchFix.patch",
            "test": "test_from_WangICSE_patch1-Math-70-FixMiner",
            "failing": 0,
            "testrun": 30,
            "failings": [],
            "status": "ok",
            "test_executed": [
                "org.apache.commons.math.analysis.solvers.BisectionSolver_ESTest"
            ],
            "failing_assertions": [],
            "failing_lines": []
        },
        {
            "patch": "/home/mmartinez/xTestCluster/Patches/Patches_Wang902/Patches_others/Dcorrect/SketchFix/Math/patch1-Math-70-SketchFix.patch",
            "test": "test_from_WangICSE_patch1-Math-70-SimFix",
            "failing": 0,
            "testrun": 29,
            "failings": [],
            "status": "ok",
            "test_executed": [
                "org.apache.commons.math.analysis.solvers.BisectionSolver_ESTest"
            ],
            "failing_assertions": [],
            "failing_lines": []
        },
        {
            "patch": "/home/mmartinez/xTestCluster/Patches/Patches_Wang902/Patches_others/Dcorrect/SketchFix/Math/patch1-Math-70-SketchFix.patch",
            "test": "test_from_WangICSE_patch1-Math-70-kPAR",
            "failing": 0,
            "testrun": 30,
            "failings": [],
            "status": "ok",
            "test_executed": [
                "org.apache.commons.math.analysis.solvers.BisectionSolver_ESTest"
            ],
            "failing_assertions": [],
            "failing_lines": []
        }
    ],
    "duration": 27.06
}